brand,channel,month,month_idx,roas_sudden_z,roas_gradual_z,roas_alert_score,flagged,iroas_z,rroi_z,spend_z,ctr_z,cpc_z,picr_z,impr_share_z,roas_iroas_divergence,roas_rroi_divergence,cpc_z_signed_good,shape_sudden,mix_share_z,brand_spend_z,spend_vs_brand,brand_coincidence,market_coincidence
Aster Wellness,audio,2023-01,0,,,,False,,,,,,,,,,,0,,,,0.0,0.0
Ridgeway Grocery,retail_media,2023-01,0,,,,False,,,,,,,,,,,0,,,,0.0,0.0
Crestline Beverages,audio,2023-01,0,,,,False,,,,,,,,,,,0,,,,0.0,0.0
Ridgeway Grocery,tv,2023-01,0,,,,False,,,,,,,,,,,0,,,,0.0,0.0
Solstice Foods,affiliate,2023-01,0,,,,False,,,,,,,,,,,0,,,,0.0,0.0
Crestline Beverages,affiliate,2023-01,0,,,,False,,,,,,,,,,,0,,,,0.0,0.0
Solstice Foods,digital_video,2023-01,0,,,,False,,,,,,,,,,,0,,,,0.0,0.0
Solstice Foods,display,2023-01,0,,,,False,,,,,,,,,,,0,,,,0.0,0.0
Aster Wellness,social,2023-01,0,,,,False,,,,,,,,,,,0,,,,0.0,0.0
Solstice Foods,paid_search,2023-01,0,,,,False,,,,,,,,,,,0,,,,0.0,0.0
Solstice Foods,retail_media,2023-01,0,,,,False,,,,,,,,,,,0,,,,0.0,0.0
Aster Wellness,retail_media,2023-01,0,,,,False,,,,,,,,,,,0,,,,0.0,0.0
Solstice Foods,social,2023-01,0,,,,False,,,,,,,,,,,0,,,,0.0,0.0
Solstice Foods,tv,2023-01,0,,,,False,,,,,,,,,,,0,,,,0.0,0.0
Aster Wellness,paid_search,2023-01,0,,,,False,,,,,,,,,,,0,,,,0.0,0.0
Verdant Snacks,affiliate,2023-01,0,,,,False,,,,,,,,,,,0,,,,0.0,0.0
Verdant Snacks,digital_video,2023-01,0,,,,False,,,,,,,,,,,0,,,,0.0,0.0
Aster Wellness,display,2023-01,0,,,,False,,,,,,,,,,,0,,,,0.0,0.0
Crestline Beverages,digital_video,2023-01,0,,,,False,,,,,,,,,,,0,,,,0.0,0.0
Verdant Snacks,display,2023-01,0,,,,False,,,,,,,,,,,0,,,,0.0,0.0
Ridgeway Grocery,paid_search,2023-01,0,,,,False,,,,,,,,,,,0,,,,0.0,0.0
Crestline Beverages,ooh,2023-01,0,,,,False,,,,,,,,,,,0,,,,0.0,0.0
Halcyon Personal Care,display,2023-01,0,,,,False,,,,,,,,,,,0,,,,0.0,0.0
Halcyon Personal Care,affiliate,2023-01,0,,,,False,,,,,,,,,,,0,,,,0.0,0.0
Halcyon Personal Care,paid_search,2023-01,0,,,,False,,,,,,,,,,,0,,,,0.0,0.0
Halcyon Personal Care,retail_media,2023-01,0,,,,False,,,,,,,,,,,0,,,,0.0,0.0
Crestline Beverages,tv,2023-01,0,,,,False,,,,,,,,,,,0,,,,0.0,0.0
Halcyon Personal Care,social,2023-01,0,,,,False,,,,,,,,,,,0,,,,0.0,0.0
Nimbus Home,audio,2023-01,0,,,,False,,,,,,,,,,,0,,,,0.0,0.0
Crestline Beverages,social,2023-01,0,,,,False,,,,,,,,,,,0,,,,0.0,0.0
Nimbus Home,digital_video,2023-01,0,,,,False,,,,,,,,,,,0,,,,0.0,0.0
Nimbus Home,display,2023-01,0,,,,False,,,,,,,,,,,0,,,,0.0,0.0
Crestline Beverages,retail_media,2023-01,0,,,,False,,,,,,,,,,,0,,,,0.0,0.0
Nimbus Home,paid_search,2023-01,0,,,,False,,,,,,,,,,,0,,,,0.0,0.0
Nimbus Home,retail_media,2023-01,0,,,,False,,,,,,,,,,,0,,,,0.0,0.0
Nimbus Home,social,2023-01,0,,,,False,,,,,,,,,,,0,,,,0.0,0.0
Crestline Beverages,paid_search,2023-01,0,,,,False,,,,,,,,,,,0,,,,0.0,0.0
Ridgeway Grocery,affiliate,2023-01,0,,,,False,,,,,,,,,,,0,,,,0.0,0.0
Ridgeway Grocery,audio,2023-01,0,,,,False,,,,,,,,,,,0,,,,0.0,0.0
Ridgeway Grocery,display,2023-01,0,,,,False,,,,,,,,,,,0,,,,0.0,0.0
Verdant Snacks,paid_search,2023-01,0,,,,False,,,,,,,,,,,0,,,,0.0,0.0
Ridgeway Grocery,social,2023-01,0,,,,False,,,,,,,,,,,0,,,,0.0,0.0
Halcyon Personal Care,digital_video,2023-01,0,,,,False,,,,,,,,,,,0,,,,0.0,0.0
Verdant Snacks,retail_media,2023-01,0,,,,False,,,,,,,,,,,0,,,,0.0,0.0
Verdant Snacks,social,2023-01,0,,,,False,,,,,,,,,,,0,,,,0.0,0.0
Aster Wellness,digital_video,2023-01,0,,,,False,,,,,,,,,,,0,,,,0.0,0.0
Aster Wellness,paid_search,2023-02,1,-0.6123088710986406,,-0.6123088710986406,False,-0.8295870178517925,-0.9115143727424584,-1.3521369615448484,0.2682654600347778,1.2311646743797537,-0.14031903117475153,0.6601637486422456,0.21727814675315182,0.29920550164381776,-1.2311646743797537,0,0.7126762840476161,-0.10335783615270581,-1.2487791253921425,0.0,0.325
Halcyon Personal Care,digital_video,2023-02,1,0.6244717269186066,,0.6244717269186066,True,0.7672837440177172,0.11770433402755151,-3.1740340783068652,0.9244169139336064,-0.23074799885979372,0.10217696835137662,-0.12266249459322791,-0.1428120170991105,0.5067673928910551,0.23074799885979372,0,0.34387675670894513,0.1827018213888465,-3.3567358996957117,0.4,0.275
Ridgeway Grocery,social,2023-02,1,2.0257631417510944,,2.0257631417510944,True,1.0923585075469333,2.0903269264818958,0.24261989186636396,0.19233212556172793,-0.2548374204295832,0.6391162200733014,-0.47646583603393616,0.9334046342041611,-0.06456378473080138,0.2548374204295832,0,-1.5174538212931903,-0.1715293665933378,0.41414925845970174,0.6666666666666666,0.20512820512820512
Crestline Beverages,audio,2023-02,1,1.2428097248082568,,1.2428097248082568,True,-0.5209419004066611,0.397361150104942,2.75300402674695,-0.5573086355815053,1.4589935207687932,-0.5947530454705005,0.696441148665367,1.763751625214918,0.8454485747033148,-1.4589935207687932,0,-1.531461232374857,0.9356286811039283,1.817375345643022,0.14285714285714285,0.2894736842105263
Ridgeway Grocery,tv,2023-02,1,2.2292817639791727,,2.2292817639791727,True,0.05933040952467754,0.1625743604146369,-4.346924735634647,0.5552702420359997,,-0.21830265459512907,-0.11709910671115228,2.1699513544544953,2.0667074035645356,,0,-1.9004627748182035,-0.1715293665933378,-4.1753953690413095,0.6666666666666666,0.20512820512820512
Solstice Foods,affiliate,2023-02,1,0.4983368232933868,,0.4983368232933868,False,-0.9195355413634292,-0.5983880511664113,6.127598068008157,1.3332998665518256,-1.010383721815416,-1.3537048760834067,-0.6269417195858126,1.4178723646568159,1.096724874459798,1.010383721815416,0,0.7823598217591836,-1.511028347970059,7.638626415978216,0.0,0.3333333333333333
Crestline Beverages,affiliate,2023-02,1,-0.9749225214376549,,-0.9749225214376549,False,-1.682889743798702,-1.2834488768707928,2.860158126023495,0.14852372186694218,0.10350177467883026,-0.09674272742960474,-0.7236595809441404,0.7079672223610471,0.3085263554331379,-0.10350177467883026,0,-2.4596073221449517,0.9356286811039283,1.9245294449195667,0.2857142857142857,0.2894736842105263
Solstice Foods,digital_video,2023-02,1,-0.6452011050829924,,-0.6452011050829924,False,1.6559215630571464,1.3721670205590595,4.545884014563946,-1.1650347204124145,-0.7904568393069668,-0.06528539909629909,-0.43215966909490033,-2.301122668140139,-2.0173681256420517,0.7904568393069668,0,-0.845088368756306,-1.511028347970059,6.056912362534005,0.0,0.3333333333333333
Solstice Foods,display,2023-02,1,0.8190376926509243,,0.8190376926509243,True,-2.210171034187844,-1.4372809931106079,6.286719212172258,-0.4901054950825253,0.871119176198764,-0.03533097944844836,0.40544878286054764,3.0292087268387684,2.2563186857615323,-0.871119176198764,0,0.5330244992257723,-1.511028347970059,7.797747560142318,0.0,0.3333333333333333
Ridgeway Grocery,retail_media,2023-02,1,2.4274303332262757,,2.4274303332262757,True,1.4103933342582753,1.717777701575498,2.398749677449826,-0.15927279410386558,-0.5282669014415269,-1.2931168137435571,0.47537602114927563,1.0170369989680004,0.7096526316507776,0.5282669014415269,0,0.6386759642902717,-0.1715293665933378,2.570279044043164,0.6666666666666666,0.20512820512820512
Solstice Foods,retail_media,2023-02,1,-1.0425520522777454,,-1.0425520522777454,False,1.439334051323978,1.292592810453431,6.562322136567408,-0.5560228322253113,-0.4598105536313931,0.026208471242653946,-0.343828637997912,-2.4818861036017235,-2.3351448627311764,0.4598105536313931,0,1.4932835998726457,-1.511028347970059,8.073350484537468,0.0,0.3333333333333333
Aster Wellness,retail_media,2023-02,1,-1.8163718158555828,,-1.8163718158555828,False,-1.924665928729583,-1.7640084004251804,-2.4528531493544157,,-0.7650869077889807,1.1265478174016095,0.17651909057139425,0.10829411287400026,-0.05236341543040246,0.7650869077889807,0,-0.3880399037619483,-0.10335783615270581,-2.34949531320171,0.0,0.325
Verdant Snacks,retail_media,2023-02,1,1.2136842262802243,,1.2136842262802243,True,0.10927082571034141,0.6382668575335575,-4.053025882189469,-0.7340785420370585,-0.08039675070374916,0.47198577834477307,-0.47941330129717835,1.104413400569883,0.5754173687466668,0.08039675070374916,0,1.671972184350715,-0.131075766935768,-3.921950115253701,0.4,0.25
Solstice Foods,social,2023-02,1,0.46263549645966984,,0.46263549645966984,False,-1.1415356024350674,-0.6277704871744224,4.236664233481437,1.490346224979747,-0.8072626524856855,1.7013861281968505,-0.6345444828181623,1.6041710988947373,1.0904059836340922,0.8072626524856855,0,-0.8323743032133221,-1.511028347970059,5.747692581451496,0.0,0.3333333333333333
Verdant Snacks,affiliate,2023-02,1,1.2131383949547574,,1.2131383949547574,True,-0.11173830711086463,-0.19995750692271663,-5.6675666760349355,0.8637706174981682,0.20836934535803708,-0.7939529328037439,-0.0851925626951681,1.324876702065622,1.413095901877474,-0.20836934535803708,0,-0.21876831904895422,-0.131075766935768,-5.536490909099167,0.4,0.25
Solstice Foods,tv,2023-02,1,0.8221044870237515,,0.8221044870237515,True,0.8396689204616796,0.6603873406137294,2.1219142310117554,0.8220317282088629,,1.0056166332271637,-0.22950177561390656,-0.01756443343792813,0.1617171464100221,,0,1.2594113682929895,-1.511028347970059,3.6329425789818144,0.0,0.3333333333333333
Aster Wellness,social,2023-02,1,-0.7010657490409871,,-0.7010657490409871,False,-1.895719761753768,-1.6702724249730259,-1.71969950647591,0.486481559641625,-0.7051752579313996,-0.5784418160195178,-0.33416336306290706,1.194654012712781,0.9692066759320388,0.7051752579313996,0,0.3451137391165545,-0.10335783615270581,-1.616341670323204,0.0,0.325
Solstice Foods,paid_search,2023-02,1,,,,False,,,,-0.5999026535302459,-0.27862374621925834,0.616454012451609,-0.327707222052008,,,0.27862374621925834,0,,-1.511028347970059,,0.0,0.3333333333333333
Crestline Beverages,digital_video,2023-02,1,-0.008656358248892992,,-0.008656358248892992,False,0.020100595417675098,0.08201900343284274,2.5372702112345755,0.2330758275813416,-0.7760666248417885,1.1102733065742263,0.432679381208713,-0.02875695366656809,-0.09067536168173573,0.7760666248417885,0,-2.828229374005149,0.9356286811039283,1.6016415301306473,0.2857142857142857,0.2894736842105263
Ridgeway Grocery,paid_search,2023-02,1,1.0380405155768235,,1.0380405155768235,True,-1.3317518759281126,-0.4633434117365824,1.4482184964643707,0.4996126238560776,2.014483266291564,1.6594381805451934,-0.27982889616402423,2.3697923915049364,1.501383927313406,-2.014483266291564,0,-0.31185521669519084,-0.1715293665933378,1.6197478630577085,0.6666666666666666,0.20512820512820512
Aster Wellness,audio,2023-02,1,-1.9444696590961073,,-1.9444696590961073,False,0.3844653142897636,0.1886795712331931,-1.1848009249345401,0.5096879193139141,-0.5366333008563225,-0.614753888341794,-0.34152476168694657,-2.328934973385871,-2.1331492303293005,0.5366333008563225,0,1.6391128001503574,-0.10335783615270581,-1.0814430887818343,0.0,0.325
Halcyon Personal Care,display,2023-02,1,1.9959597181365227,,1.9959597181365227,True,2.136720154947584,1.1099909778590782,-4.265662368615217,0.45157236449640575,-1.1776654811476417,3.355759758268402,0.22875084207349294,-0.14076043681106132,0.8859687402774445,1.1776654811476417,0,-1.1104738632256428,0.1827018213888465,-4.448364190004064,0.2,0.275
Halcyon Personal Care,affiliate,2023-02,1,-0.8411925568570607,,-0.8411925568570607,False,-1.4685852040410456,-1.0755455111215628,-3.7024288595124233,0.04202348302643285,-1.2747894569200366,,-0.7995295899106407,0.6273926471839849,0.2343529542645021,1.2747894569200366,0,-0.1387838874253422,0.1827018213888465,-3.88513068090127,0.4,0.275
Halcyon Personal Care,paid_search,2023-02,1,-1.1289518932777625,,-1.1289518932777625,False,0.01160440749216729,0.11200019292764671,-2.8914992177877252,-0.3859768744067468,0.7118982703032077,0.3280855215590532,-0.20309874491703703,-1.1405563007699298,-1.240952086205409,-0.7118982703032077,0,0.9483454638535646,0.1827018213888465,-3.0742010391765717,0.4,0.275
Halcyon Personal Care,retail_media,2023-02,1,-0.9097347562155796,,-0.9097347562155796,False,0.19131020135073248,0.8947348109094877,-4.950165781330327,0.21693063140945473,-0.5524648235718481,0.7206277682168357,0.7203102972118918,-1.1010449575663122,-1.8044695671250675,0.5524648235718481,0,-1.1103210996890387,0.1827018213888465,-5.132867602719173,0.4,0.275
Crestline Beverages,tv,2023-02,1,1.295656783943393,,1.295656783943393,True,-0.398065525109191,-0.2951926470302779,0.820076345819049,0.48860904331195465,,-0.09400757106532728,0.12808057477672702,1.6937223090525841,1.590849430973671,,0,-0.016953718819195572,0.9356286811039283,-0.11555233528487929,0.14285714285714285,0.2894736842105263
Halcyon Personal Care,social,2023-02,1,3.388636501647575,,3.388636501647575,True,3.7014435919276574,3.6039871114048134,-0.10042641690669522,1.7867108057092196,-3.457249375748773,4.79675470389147,-0.08342656938695292,-0.31280709028008236,-0.2153506097572384,3.457249375748773,0,3.7394182647346037,0.1827018213888465,-0.28312823829554173,0.2,0.275
Nimbus Home,audio,2023-02,1,1.9122150807609581,,1.9122150807609581,True,0.5262968743990304,1.1274234631689806,-2.663880212912666,0.41050661996798965,1.436994738302386,1.5197827648246895,0.13408824709890615,1.3859182063619278,0.7847916175919776,-1.436994738302386,0,-0.5892750086567844,-0.2738219149097295,-2.3900582980029363,0.0,0.3
Crestline Beverages,social,2023-02,1,0.4572953727183723,,0.4572953727183723,False,0.07548064837023342,-0.2774788181079132,4.688883538662742,1.2439167177573889,-0.23329140667312973,-0.9934509864980228,0.5583166888228127,0.38181472434813885,0.7347741908262855,0.23329140667312973,0,-0.3546821999515082,0.9356286811039283,3.7532548575588134,0.2857142857142857,0.2894736842105263
Aster Wellness,digital_video,2023-02,1,0.30575921544743645,,0.30575921544743645,False,-0.48913477396118327,-0.5084026564236588,-0.6921653981047271,-0.3376650118108889,-0.08701739913828221,0.1666916408511791,0.31218861652881014,0.7948939894086198,0.8141618718710952,0.08701739913828221,0,1.0507140008622444,-0.10335783615270581,-0.5888075619520213,0.0,0.325
Nimbus Home,digital_video,2023-02,1,0.6578382467618867,,0.6578382467618867,True,1.0763898828184657,1.068358019297772,-0.2636529468032597,-0.3180620109163594,-1.6623603057042504,0.7047695217615798,0.5076435981556442,-0.41855163605657897,-0.41051977253588523,1.6623603057042504,0,0.7299179313346931,-0.2738219149097295,0.010168968106469833,0.2,0.3
Crestline Beverages,retail_media,2023-02,1,-0.9449803564768382,,-0.9449803564768382,False,-2.5703686771503227,-1.850307942503374,3.3512436781539754,-0.16793547754432464,-0.46099175990254926,0.38479186139846505,-0.41692188238835803,1.6253883206734845,0.9053275860265357,0.46099175990254926,0,-1.6923220604602727,0.9356286811039283,2.415614997050047,0.2857142857142857,0.2894736842105263
Nimbus Home,paid_search,2023-02,1,0.9790009526473561,,0.9790009526473561,True,-0.27563460548279295,-0.21271147257436213,0.5083921542104383,0.5786460978558802,-0.15597068999620767,0.11584994854388242,0.000571324515366382,1.2546355581301492,1.1917124252217182,0.15597068999620767,0,1.823896878973875,-0.2738219149097295,0.7822140691201678,0.2,0.3
Nimbus Home,retail_media,2023-02,1,0.9929297902316891,,0.9929297902316891,True,1.8240474470358414,2.0892292144980384,-1.7704601578667223,-0.13520388098842595,-1.2180681328235592,1.7602038301144507,0.6646967157597938,-0.8311176568041523,-1.0962994242663493,1.2180681328235592,0,-0.45495543310328274,-0.2738219149097295,-1.4966382429569927,0.2,0.3
Nimbus Home,social,2023-02,1,-1.5876423210312145,,-1.5876423210312145,False,0.9531378104253249,1.082327592266835,-0.7208037313294706,0.6426417639984136,-0.5095366796262073,0.7086308915013037,0.39452875184515346,-2.5407801314565392,-2.6699699132980497,0.5095366796262073,0,0.594700993433975,-0.2738219149097295,-0.4469818164197411,0.2,0.3
Crestline Beverages,paid_search,2023-02,1,-0.9154878424744577,,-0.9154878424744577,False,-1.4330933890016044,-1.5964147507042292,2.7943037175219487,0.7346382891333381,1.3506891581427853,0.45657646762215326,-0.281904177100815,0.5176055465271467,0.6809269082297715,-1.3506891581427853,0,-2.2492620210922993,0.9356286811039283,1.8586750364180205,0.2857142857142857,0.2894736842105263
Ridgeway Grocery,affiliate,2023-02,1,1.9286912595646433,,1.9286912595646433,True,0.7207915273077574,-0.21773053624609537,2.071977310346635,0.21557382573531866,0.5201990657732954,-0.21015770512759602,-0.5341057630761508,1.2078997322568858,2.1464217958107388,-0.5201990657732954,0,0.03570388763287635,-0.1715293665933378,2.243506676939973,0.6666666666666666,0.20512820512820512
Ridgeway Grocery,audio,2023-02,1,0.9823902839727383,,0.9823902839727383,True,1.3493531441101645,1.3524767963473827,-0.4773700950684893,0.3500373241557379,-0.9782855691166585,-0.7443886515446637,0.1343111124777911,-0.3669628601374262,-0.3700865123746444,0.9782855691166585,0,-1.4783433287356134,-0.1715293665933378,-0.30584072847515154,0.8333333333333334,0.20512820512820512
Crestline Beverages,ooh,2023-02,1,0.7700248688618954,,0.7700248688618954,True,1.2678644975630837,0.856265392827348,-0.6497498430840192,0.6159011085177054,,1.3147936419186776,0.21984245259193477,-0.49783962870118836,-0.08624052396545268,,0,-1.585378524187946,0.9356286811039283,-1.5853785241879474,0.2857142857142857,0.2894736842105263
Ridgeway Grocery,display,2023-02,1,0.795242866642237,,0.795242866642237,True,1.7906922388825246,1.3597632793508778,2.217166528492622,-0.9249677468292521,0.15098551061076088,-0.4071446526140991,-0.020703069063145268,-0.9954493722402876,-0.5645204127086408,-0.15098551061076088,0,-0.2275633609186567,-0.1715293665933378,2.38869589508596,0.8333333333333334,0.20512820512820512
Nimbus Home,display,2023-02,1,0.21590553262692103,,0.21590553262692103,False,0.1784122608724285,0.7330920100612375,0.7214456498795723,-1.4985987914440517,2.0021121697919138,0.04588573342123148,0.3249501580629629,0.03749327175449252,-0.5171864774343164,-2.0021121697919138,0,1.3522941983912966,-0.2738219149097295,0.9952675647893018,0.2,0.3
Verdant Snacks,digital_video,2023-02,1,1.8154646623167934,,1.8154646623167934,True,-0.7017518853621326,-0.8755558453211669,-3.9783073957555244,0.4221819018518088,-0.5741887940581808,-0.1611945228272038,0.3504338700431653,2.517216547678926,2.69102050763796,0.5741887940581808,0,1.4247568241591755,-0.131075766935768,-3.8472316288197566,0.4,0.25
Verdant Snacks,social,2023-02,1,0.9620428876588679,,0.9620428876588679,True,0.416340031941563,-0.256717957418123,-5.733789729444669,-0.31660325327686445,-1.3402063145050733,0.4879452193276694,-0.16017996474813057,0.5457028557173049,1.218760845076991,1.3402063145050733,0,-0.008791662904489666,-0.131075766935768,-5.602713962508901,0.6,0.25
Aster Wellness,display,2023-02,1,-0.05375947691272772,,-0.05375947691272772,False,0.04198940750440065,0.3970151459339137,-1.6822943460455047,-0.5633680217646919,-0.00538540987395623,-0.8891903092014383,-0.1718013892601415,-0.09574888441712837,-0.4507746228466414,0.00538540987395623,0,-0.3021372767047585,-0.10335783615270581,-1.5789365098927988,0.0,0.325
Verdant Snacks,display,2023-02,1,0.5326716152075932,,0.5326716152075932,True,-0.1108748776893583,-0.31552094107354456,-3.4515586800956655,-0.4124444248325728,1.2169078270806275,-0.8985650969126624,-0.06144861923261358,0.6435464928969515,0.8481925562811378,-1.2169078270806275,0,1.5887832101928028,-0.131075766935768,-3.3204829131598976,0.6,0.25
Verdant Snacks,paid_search,2023-02,1,-1.9947394790797355,,-1.9947394790797355,False,1.7727180088156467,1.347012680778441,-6.495629228525637,-0.8933896631802174,-0.45188372214608624,0.21460695422593545,-0.2466969435980367,-3.767457487895382,-3.3417521598581765,0.45188372214608624,0,-0.7706311619854593,-0.131075766935768,-6.3645534615898685,0.6,0.25
Ridgeway Grocery,display,2023-03,2,-0.2821822486737674,,-0.2821822486737674,False,0.9306814399188942,0.9676656605736419,0.9306587329320958,1.109332961807015,0.8086355306887335,-1.0756102917121118,-0.08356887821416858,-1.2128636885926616,-1.2498479092474093,-0.8086355306887335,0,0.20259627696088733,0.7463220766948216,0.18433665623727413,0.5,0.10256410256410256
Nimbus Home,retail_media,2023-03,2,0.32885651513057673,,0.32885651513057673,False,0.8733792489134065,0.9249133996806411,-0.11028781342146884,0.37166960039425034,0.6122522719841081,-0.12044701242146802,0.786661308261747,-0.5445227337828298,-0.5960568845500644,-0.6122522719841081,0,0.26209825295017475,0.3031046656741173,-0.4133924790955862,0.4,0.125
Solstice Foods,tv,2023-03,2,0.4578065942957445,,0.4578065942957445,False,0.810693882155059,1.1557226939161807,1.0175100531905574,0.11357101646813955,,1.2564756388588028,-0.8727041854677875,-0.3528872878593145,-0.6979160996204361,,0,1.4156268639548102,0.3922711575293529,0.6252388956612045,0.0,0.1794871794871795
Crestline Beverages,paid_search,2023-03,2,-1.9485854543338565,,-1.9485854543338565,False,-0.48891210527521917,-0.6867461904536498,0.8064021481628262,0.6500000404518174,0.06963300799624869,-0.9332283390175706,0.559259111333859,-1.4596733490586373,-1.2618392638802067,-0.06963300799624869,0,-2.147914650722936,1.0698911827102957,-0.2634890345474695,0.0,0.18421052631578946
Nimbus Home,social,2023-03,2,-2.400981745939086,,-2.400981745939086,False,0.40071547766008714,0.6230120762976472,-0.1102074628304054,0.6810010955793003,1.1027067936444122,-0.4372152750308143,0.5656254955672513,-2.801697223599173,-3.023993822236733,-1.1027067936444122,0,0.2623334806815138,0.3031046656741173,-0.4133121285045227,0.4,0.125
Aster Wellness,social,2023-03,2,0.044593788675450594,,0.044593788675450594,False,-2.32392280022773,-2.612358219926476,-0.4710383957309868,1.7287210453374227,0.16730203436288987,-0.582788834808627,0.5523100048134215,2.3685165889031805,2.6569520086019267,-0.16730203436288987,0,0.5287928978239513,-0.6688838918642878,0.19784549613330094,0.0,0.175
Ridgeway Grocery,audio,2023-03,2,0.6734132129455981,,0.6734132129455981,True,0.6917379739453589,0.6235905239953746,-0.040472995740045335,-0.31346126003378194,2.1532194569463625,-2.0063652634479254,-0.4099330195344669,-0.01832476099976077,0.04982268895022346,-2.1532194569463625,0,-1.4252959395243299,0.7463220766948216,-0.786795072434867,0.5,0.10256410256410256
Crestline Beverages,ooh,2023-03,2,-1.4953225837656061,,-1.4953225837656061,False,-0.03164260668119003,0.27976025410545136,0.1684476529092291,-1.513659737041358,,0.07989789481578767,-0.7697277641455182,-1.463679977084416,-1.7750828378710575,,0,-0.2902750081840505,1.0698911827102957,-0.9014435298010666,0.0,0.18421052631578946
Solstice Foods,social,2023-03,2,-2.388556055031515,,-2.388556055031515,False,-0.7210547953870416,-0.2678197197849139,1.3457406725529173,0.8235148287860132,-0.09801444864359402,0.057600314184086086,0.06525311288548968,-1.6675012596444732,-2.120736335246601,0.09801444864359402,0,-0.6685708448589519,0.3922711575293529,0.9534695150235644,0.0,0.1794871794871795
Verdant Snacks,social,2023-03,2,-0.7207724647612587,,-0.7207724647612587,False,-0.08509983785296509,-0.7260579313055203,-1.3265237956198788,-1.5623470206561014,0.572856438686675,1.4943090690698277,0.40308811370586284,-0.6356726269082936,0.005285466544261652,-0.572856438686675,0,-0.4650573010029536,0.9144369662249948,-2.2409607618448737,0.4,0.125
Ridgeway Grocery,paid_search,2023-03,2,1.1663671012741894,,1.1663671012741894,True,-0.1261955687112815,-0.5361848790894232,0.7992313301197076,0.7514495412778384,1.4175972210393688,1.9128295651657337,-0.10510471849659725,1.2925626699854709,1.7025519803636127,-1.4175972210393688,0,0.06694949992818915,0.7463220766948216,0.05290925342488595,0.3333333333333333,0.10256410256410256
Verdant Snacks,retail_media,2023-03,2,-0.218526118196102,,-0.218526118196102,False,-0.5348684312728987,-0.9351479063695562,-0.6385624969688098,0.250845567972843,-0.42920866917310857,0.49337422947478626,0.2245868109785054,0.3163423130767967,0.7166217881734542,0.42920866917310857,0,1.5489611821462463,0.9144369662249948,-1.5529994631938047,0.4,0.125
Crestline Beverages,digital_video,2023-03,2,-0.6256558197158179,,-0.6256558197158179,False,-0.6963099659329062,-0.19604043158452678,0.89460098471419,-1.6606690115485894,0.07001755461299919,-0.9366162674673729,-0.19130753356119273,0.07065414621708832,-0.4296153881312911,-0.07001755461299919,0,-1.8056653685157504,1.0698911827102957,-0.17529019799610568,0.0,0.18421052631578946
Ridgeway Grocery,retail_media,2023-03,2,1.2064403321590993,,1.2064403321590993,True,0.9254521604206553,0.8853950781304829,0.8559267065177718,0.4654960069809922,2.029351093240546,-1.6737726947355158,-0.9311284203701156,0.28098817173844404,0.3210452540286164,-2.029351093240546,0,0.5515843538131979,0.7463220766948216,0.10960462982295016,0.3333333333333333,0.10256410256410256
Verdant Snacks,display,2023-03,2,2.180202533718559,,2.180202533718559,True,-0.6667628828112144,-0.6329998850623405,-0.6632262162948277,-0.4601240741216429,-0.7457156409477628,0.2917267339711362,-6.9598565842598905,2.8469654165297733,2.8132024187808997,0.7457156409477628,0,0.90899035748536,0.9144369662249948,-1.5776631825198226,0.2,0.125
Ridgeway Grocery,social,2023-03,2,-0.0032352907710185407,,-0.0032352907710185407,False,0.3269919661671898,1.380855976600636,0.47880587124703106,0.2822835172213563,0.594070741176967,-1.713212478349342,,-0.3302272569382083,-1.3840912673716546,-0.594070741176967,0,-0.552443349642209,0.7463220766948216,-0.2675162054477906,0.5,0.10256410256410256
Crestline Beverages,audio,2023-03,2,0.2779067366002067,,0.2779067366002067,False,-0.556284841432919,-0.1361163456577783,0.8095767770456787,1.108047029062378,1.9210881417999865,-0.9117230648042787,-0.4079647266614195,0.8341915780331257,0.414023082257985,-1.9210881417999865,0,-1.1726175158509655,1.0698911827102957,-0.26031440566461705,0.0,0.18421052631578946
Ridgeway Grocery,tv,2023-03,2,1.4173534202325428,,1.4173534202325428,True,0.6554729677168861,0.315799020747178,-1.2269961689635076,0.803123154796148,,-0.5668570854572476,0.3346158342771813,0.7618804525156567,1.101554399485365,,0,-2.5011095662939926,0.7463220766948216,-1.9733182456583291,0.3333333333333333,0.10256410256410256
Solstice Foods,affiliate,2023-03,2,,,,False,,,,0.5662437693466065,-0.7490594612728417,0.4122231141925636,-0.524898455686347,,,0.7490594612728417,0,,0.3922711575293529,,0.0,0.1794871794871795
Solstice Foods,retail_media,2023-03,2,-0.6687863648919428,,-0.6687863648919428,False,0.6243682876749166,0.7069249389570853,1.6767685167223647,0.1409845281302518,1.9684463844609585,-0.2526765445530157,0.20625804613906354,-1.2931546525668594,-1.375711303849028,-1.9684463844609585,0,0.3005188378042172,0.3922711575293529,1.2844973591930118,0.0,0.1794871794871795
Crestline Beverages,affiliate,2023-03,2,-2.110752041465364,,-2.110752041465364,False,-0.9131391749130404,-1.1294776688734474,1.0084159185546344,-1.7531828435018397,1.1542473481483062,-0.4938836791182053,-0.06613157000795872,-1.1976128665523238,-0.9812743725919169,-1.1542473481483062,0,-1.1138984890771677,1.0698911827102957,-0.06147526415566129,0.0,0.18421052631578946
Aster Wellness,digital_video,2023-03,2,-0.3479552754383682,,-0.3479552754383682,False,-1.1347741658373693,-0.6370518529315662,0.19021976322956757,-0.5005494369304243,0.23492695539431505,-0.7405232748945654,-0.37983686902126335,0.7868188903990012,0.289096577493198,-0.23492695539431505,0,2.2300249914636066,-0.6688838918642878,0.8591036550938553,0.0,0.175
Solstice Foods,digital_video,2023-03,2,-0.7632822241648266,,-0.7632822241648266,False,0.6938009926401281,1.3413804452361509,1.586356670520231,-0.9075804230812041,-0.47774581082549294,-0.2824993101480043,-0.6979482148979296,-1.4570832168049548,-2.1046626694009776,0.47774581082549294,0,-0.19877588103069938,0.3922711575293529,1.194085512990878,0.0,0.1794871794871795
Aster Wellness,display,2023-03,2,,,,False,,,,-1.7359248958854434,0.7236418799937372,0.283455031785444,-0.2385352148133152,,,-0.7236418799937372,0,,-0.6688838918642878,,0.0,0.175
Solstice Foods,display,2023-03,2,0.5612268646224782,,0.5612268646224782,True,-1.14078648029546,-0.9535480783262453,1.9162489606365638,-0.290960555933983,-0.20239033728088657,0.864738775963204,0.000520007209470208,1.7020133449179382,1.5147749429487236,0.20239033728088657,0,0.4338345745020665,0.3922711575293529,1.5239778031072109,0.0,0.1794871794871795
Solstice Foods,paid_search,2023-03,2,-0.5687607883149794,,-0.5687607883149794,False,0.5899256149384088,0.693098538555152,2.098081247442889,-1.2325352002364098,1.34176293753487,0.2086872902634021,-0.6794724710941447,-1.1586864032533883,-1.2618593268701315,-1.34176293753487,0,1.2152609034053117,0.3922711575293529,1.705810089913536,0.0,0.1794871794871795
Aster Wellness,retail_media,2023-03,2,-1.439088281050447,,-1.439088281050447,False,-1.7351189793033504,-2.440603663378628,-0.6207929687133502,0.10498899732542302,0.3375915890566665,1.333507960745231,1.4496703753896694,0.2960306982529033,1.0015153823281808,-0.3375915890566665,0,0.09038382086864492,-0.6688838918642878,0.04809092315093755,0.0,0.175
Nimbus Home,paid_search,2023-03,2,1.781578568932375,,1.781578568932375,True,-0.1873034971857869,-0.030769876827360283,0.028279295478792328,0.532382244896469,1.4447250993194196,-0.7262215768170672,0.13450142915099675,1.968882066118162,1.8123484457597354,-1.4447250993194196,0,0.34909766864918146,0.3031046656741173,-0.274825370195325,0.2,0.125
Ridgeway Grocery,affiliate,2023-03,2,0.41847808940468584,,0.41847808940468584,False,0.16015679910897818,-0.45629118895193577,0.6610451019303762,-0.32873193154552105,2.089017260133,-0.3003074770494329,-0.31941640006522276,0.25832129029570766,0.8747692783566217,-2.089017260133,0,0.1050243397972759,0.7463220766948216,-0.0852769747644454,0.5,0.10256410256410256
Halcyon Personal Care,retail_media,2023-03,2,-0.1324200878255057,,-0.1324200878255057,False,0.5652663430209847,0.602923218427425,-1.151140157654306,-0.26624463811488913,-0.44228879527636084,0.1073272101254543,-0.3408018822270098,-0.6976864308464904,-0.7353433062529308,0.44228879527636084,0,0.1421837232110683,-0.9419324331370997,-0.20920772451720637,0.0,0.175
Aster Wellness,audio,2023-03,2,-2.3179063268165505,,-2.3179063268165505,False,-0.5678149050418912,0.26185353805033795,-0.17853651786780317,-0.03719528831452068,0.053864012907409456,-0.1871954351404826,-0.8857387444322101,-1.7500914217746593,-2.5797598648668885,-0.053864012907409456,0,2.0324423402491356,-0.6688838918642878,0.4903473739964846,0.0,0.175
Aster Wellness,paid_search,2023-03,2,-0.7498100786354054,,-0.7498100786354054,False,0.03394144606760845,-0.28738864843133477,-0.11038690753535797,0.6453885024812973,-0.6555582361130299,-1.0206410407657034,-0.37551047704389023,-0.7837515247030138,-0.4624214302040706,0.6555582361130299,0,1.2659481371086792,-0.6688838918642878,0.5584969843289298,0.0,0.175
Verdant Snacks,affiliate,2023-03,2,0.8282200719805773,,0.8282200719805773,True,0.6263314309513754,0.6727447135530035,-1.269698074076292,-0.1812414820863107,-0.07272721118446533,0.2665132325449249,0.512531493031694,0.2018886410292019,0.15547535842757387,0.07272721118446533,0,-0.17473980727844307,0.9144369662249948,-2.1841350403012867,0.4,0.125
Halcyon Personal Care,affiliate,2023-03,2,-0.6848511650664194,,-0.6848511650664194,False,-0.004280896172960311,-0.08359583575750994,-0.9151795541814042,0.31005982449829905,-1.0611818638330135,1.1909640500096736,0.5466916289576337,-0.6805702688934591,-0.6012553293089095,1.0611818638330135,0,0.9569216514713375,-0.9419324331370997,0.026752878955695558,0.0,0.175
Halcyon Personal Care,social,2023-03,2,-2.3520659352751805,,-2.3520659352751805,False,0.11030061454832454,1.0687985185181137,-0.2717140320395022,0.3563328112317304,-0.324925139153855,0.23529991639752734,-0.2118108959241083,-2.4623665498235052,-3.4208644537932944,0.324925139153855,0,2.716718766134791,-0.9419324331370997,0.6702184010975976,0.0,0.175
Crestline Beverages,social,2023-03,2,0.8450195147938947,,0.8450195147938947,True,-0.7712234121133671,-0.4134093717553749,1.1684470617012843,-0.33662274421354477,1.1321257588348006,-0.6533377735668392,0.25185293733794856,1.6162429269072618,1.2584288865492697,-1.1321257588348006,0,-0.7693637977437435,1.0698911827102957,0.09855587899098861,0.0,0.18421052631578946
Crestline Beverages,tv,2023-03,2,-0.9201548923185799,,-0.9201548923185799,False,0.019885681533510943,0.0632260707778162,0.43798360810856235,-1.245824695019041,,-1.148697842550096,0.7971427782139023,-0.9400405738520908,-0.9833809630963961,,0,0.1372904006169442,1.0698911827102957,-0.6319075746017333,0.0,0.18421052631578946
Halcyon Personal Care,paid_search,2023-03,2,-0.2565536943071119,,-0.2565536943071119,False,0.054267150295005846,-0.12807215047610532,-0.48070934052945097,-0.45183590120940526,-0.3677801088218819,0.21636196587432172,-0.9354296705491462,-0.31082084460211773,-0.12848154383100657,0.3677801088218819,0,1.7862232529120363,-0.9419324331370997,0.46122309260764877,0.0,0.175
Nimbus Home,digital_video,2023-03,2,0.23559870263977403,,0.23559870263977403,False,0.5121292310534056,0.7904113149251034,0.05859507011110838,-0.09456529590437565,0.35968175781781264,1.726549702919778,0.4247364529671893,-0.27653052841363157,-0.5548126122853294,-0.35968175781781264,0,0.5218932958399983,0.3031046656741173,-0.24450959556300894,0.4,0.125
Verdant Snacks,paid_search,2023-03,2,-0.04202088717436186,,-0.04202088717436186,False,0.6512872915017889,0.5628358741741771,-1.2695468258872025,1.4238454421540692,0.9143735630947534,1.2590763234056226,-1.6121401338231243,-0.6933081786761507,-0.6048567613485389,-0.9143735630947534,0,-0.6169144149494721,0.9144369662249948,-2.183983792112197,0.4,0.125
Nimbus Home,display,2023-03,2,-0.9623667331576297,,-0.9623667331576297,False,0.34911297974402933,0.3444554395855152,0.23193216768393551,-0.7940604655463006,0.3333912912097338,2.083396465908249,-0.41107743515774314,-1.3114797129016589,-1.3068221727431448,-0.3333912912097338,0,0.6961857441914876,0.3031046656741173,-0.0711724979901818,0.4,0.125
Halcyon Personal Care,digital_video,2023-03,2,0.22829649732364585,,0.22829649732364585,False,-0.6478910899522585,-0.7551895940858628,-0.8240939375084263,-0.1639451518546994,0.8780804217429449,1.023996392543858,0.527672235027897,0.8761875872759044,0.9834860914095087,-0.8780804217429449,0,0.86500464258599,-0.9419324331370997,0.11783849562867343,0.0,0.175
Crestline Beverages,retail_media,2023-03,2,-1.8475023037203886,,-1.8475023037203886,False,-1.236803279799707,-1.4816334171338228,0.9921307079457861,0.13668747664816613,1.1245646930315492,-0.15271520739941705,-0.2948441598987314,-0.6106990239206815,-0.3658688865865658,-1.1245646930315492,0,-1.2855329427833235,1.0698911827102957,-0.07776047476450965,0.0,0.18421052631578946
Verdant Snacks,digital_video,2023-03,2,2.455066140202082,,2.455066140202082,True,-0.5443652189786591,-0.7204548227757014,-0.6435536277047927,0.022453645701416062,-0.07102070220751382,0.7279407422754552,-0.48580023695053154,2.999431359180741,3.1755209629777834,0.07102070220751382,0,1.2997370706696039,0.9144369662249948,-1.5579905939297876,0.2,0.125
Halcyon Personal Care,display,2023-03,2,,,,False,,,,-1.889242173662696,-0.4633625320081566,-2.23407857917079,0.31048364498726805,,,0.4633625320081566,0,,-0.9419324331370997,,0.0,0.175
Nimbus Home,audio,2023-03,2,1.8975852428963909,,1.8975852428963909,True,0.23857721318485856,0.6647790505454068,-0.2641590817678217,0.4827169394746502,0.7777214109814877,0.14698822808419187,-0.5117292574285961,1.6590080297115324,1.232806192350984,-0.7777214109814877,0,0.4589826656996998,0.3031046656741173,-0.5672637474419391,0.2,0.125
Halcyon Personal Care,paid_search,2023-04,3,-0.1829635967951698,-0.5228230614600148,-0.1829635967951698,False,-0.5615459810815394,0.21247060999733314,-0.10820445674267884,2.3828036624123694,0.4701327002487944,,0.09121554273461216,0.3785823842863696,-0.39543420679250296,-0.4701327002487944,0,-0.3448277309991363,0.20656334637008691,-0.31476780311276575,0.2,0.1
Crestline Beverages,audio,2023-04,3,-0.4049476674543988,0.24794862087868108,0.24794862087868108,False,-0.0905273907670256,-0.5802378681743291,1.7509917356025584,0.5783876021004275,-0.9585797658446602,-0.8415118972148694,-2.3726356670601176,-0.3144202766873732,0.1752902007199303,0.9585797658446602,1,-0.15667219933445845,1.9542514545620937,-0.20325971895953532,0.0,0.13157894736842105
Ridgeway Grocery,social,2023-04,3,0.05717780225955572,0.4621568118310292,0.4621568118310292,False,-0.03441917955548069,-0.478134677881381,0.6686039544886351,1.0512536259958971,0.38904747745243495,-0.040663656144276,0.4176957820795052,0.09159698181503641,0.5353124801409367,-0.38904747745243495,0,2.251399255636227,-0.5667073731413572,1.2353113276299923,0.0,0.1282051282051282
Aster Wellness,digital_video,2023-04,3,0.7625398068199182,0.16007638818421918,0.7625398068199182,True,0.09967372994892681,0.29315285444901146,0.13756606253063539,1.6102672078646796,0.3404164503847146,-0.6287732050860184,0.4695235910352022,0.6628660768709913,0.4693869523709067,-0.3404164503847146,1,0.18674601121495246,0.5751393958509793,-0.43757333332034387,0.0,0.125
Verdant Snacks,paid_search,2023-04,3,1.0263967257603628,-0.22452525344305213,1.0263967257603628,True,0.49726691336827555,-0.5138125611343657,0.5305532511289933,3.428849227924818,-2.096561514318677,3.6567326037173964,-0.05567030669640649,0.5291298123920872,1.5402092868947284,2.096561514318677,1,0.31082510583371575,1.8622352779226636,-1.3316820267936702,0.0,0.1
Aster Wellness,audio,2023-04,3,-0.5152944624129994,-1.5925568161085524,-0.5152944624129994,False,-1.1739824771657694,0.6696175316393709,-0.5466802879984992,-0.5892827792299937,1.041993465531435,-1.0414292643444456,0.2947229206856694,0.6586880147527701,-1.1849119940523702,-1.041993465531435,0,-0.7992170395401776,0.5751393958509793,-1.1218196838494785,0.0,0.125
Solstice Foods,affiliate,2023-04,3,-0.30421972239845274,,-0.30421972239845274,False,-0.7702331235317343,-1.6477922695828955,1.1589550251746643,-1.2052321601905003,0.4925685210614092,0.17456557730838376,-0.16999938549806526,0.4660134011332816,1.3435725471844426,-0.4925685210614092,0,0.7459989569566672,0.3829598512559228,0.7759951739187415,0.16666666666666666,0.10256410256410256
Halcyon Personal Care,affiliate,2023-04,3,0.03209417809624817,-0.33198878751716265,0.03209417809624817,False,0.3770882654766559,0.9665030994648763,0.11580498093134864,-0.4252988612605646,-0.4850069278815107,-1.8104470756945135,-0.46147918782997455,-0.34499408738040777,-0.9344089213686282,0.4850069278815107,0,-0.13795015812149425,0.20656334637008691,-0.09075836543873828,0.2,0.1
Halcyon Personal Care,display,2023-04,3,-1.8406343326039165,,-1.8406343326039165,False,0.7340720806482072,0.4806132209988807,-1.026677011984271,1.1642447990793614,0.6665988082613237,0.6577318780687909,,-2.5747064132521236,-2.321247553602797,-0.6665988082613237,0,-1.1869884636284145,0.20656334637008691,-1.2332403583543579,0.2,0.1
Solstice Foods,digital_video,2023-04,3,-0.8915568273571178,-0.7666800522016457,-0.7666800522016457,False,0.4976598374306315,0.049815086943003614,0.3353788306161997,1.546546761726919,2.0354434441329534,0.3669732730750674,0.6600980947174345,-1.3892166647877493,-0.9413719143001215,-2.0354434441329534,1,0.49611516122946153,0.3829598512559228,-0.04758102063972308,0.16666666666666666,0.10256410256410256
Halcyon Personal Care,digital_video,2023-04,3,4.025982175704147,1.6262501333154666,4.025982175704147,True,3.4187655774364685,2.0124999685411282,0.01854902135039202,6.344243944955674,-5.2439878978289265,4.7673494302118335,0.1579094264822875,0.6072165982676787,2.013482207163019,5.2439878978289265,1,-0.08513391396298178,0.20656334637008691,-0.1880143250196949,0.0,0.1
Solstice Foods,display,2023-04,3,0.9259971091350262,0.7687538888028095,0.9259971091350262,True,0.06432008162146552,0.07145427709198679,0.32019537982143487,-2.1249404694163254,-0.1154263401510398,-1.7916392251176338,0.7098261711752526,0.8616770275135607,0.8545428320430394,0.1154263401510398,1,0.05887839317354566,0.3829598512559228,-0.06276447143448793,0.16666666666666666,0.10256410256410256
Aster Wellness,social,2023-04,3,0.559175153632024,-0.010810756303723608,0.559175153632024,True,0.7508656366482582,0.21657916493359947,0.12502578402645198,-0.9339891907790914,-0.6280190377332118,0.8729673462039754,0.71364084762318,-0.19169048301623426,0.3425959886984245,0.6280190377332118,1,-0.6023982654515901,0.5751393958509793,-0.4501136118245273,0.0,0.125
Ridgeway Grocery,tv,2023-04,3,-0.4396524589718447,0.7126628278310824,0.7126628278310824,True,1.0206302023764824,1.0618446700349151,-0.4543718706791508,-0.5170420616471485,,0.022678493638324547,-0.9971453607463238,-1.460282661348327,-1.5014971290067598,,0,-1.109544968372573,-0.5667073731413572,0.11233550246220642,0.0,0.1282051282051282
Crestline Beverages,affiliate,2023-04,3,-1.5497226848336554,-1.545132415912225,-1.545132415912225,False,-0.043739195158826606,-0.5485118403069124,0.8843823192549647,1.655930577162984,-0.979318154126992,-0.4053633731466962,1.1411310547785518,-1.5059834896748288,-1.0012108445267431,0.979318154126992,1,-2.4631046553099916,1.9542514545620937,-1.069869135307129,0.0,0.13157894736842105
Verdant Snacks,display,2023-04,3,-2.7577468251129313,-0.00498585290964214,-0.00498585290964214,False,-0.3814486403826803,-0.49366242031580676,0.402340670853311,-0.32700551848724446,1.6428280631314651,-0.3003736282628412,0.8906679366454353,-2.376298184730251,-2.2640844047971247,-1.6428280631314651,1,0.45735400578650304,1.8622352779226636,-1.4598946070693526,0.2,0.1
Ridgeway Grocery,retail_media,2023-04,3,,,,False,,,,0.9709527113977157,-0.2423315645103236,,-0.16978028826280436,,,0.2423315645103236,0,,-0.5667073731413572,,0.0,0.1282051282051282
Nimbus Home,paid_search,2023-04,3,0.5424807702071663,1.1010200972622992,1.1010200972622992,True,0.9803286678003663,0.12252510532985394,0.15412435369889896,-1.4439468871894456,-1.4410581169089747,1.596180744035438,-0.28344551374022486,-0.4378478975932,0.4199556648773124,1.4410581169089747,0,0.08795060588023466,0.27830616073976006,-0.1241818070408611,0.2,0.075
Crestline Beverages,retail_media,2023-04,3,-1.0238701875376595,-1.2721176159116288,-1.0238701875376595,False,0.14199164456685717,-0.045849557538936936,0.312785783272896,0.6959838384828498,-2.2742069772305986,2.506976970947076,-0.038203147631854,-1.1658618321045167,-0.9780206299987225,2.2742069772305986,0,0.08587304108515234,1.9542514545620937,-1.6414656712891977,0.0,0.13157894736842105
Nimbus Home,display,2023-04,3,-2.055617096513541,-0.6226840660098332,-0.6226840660098332,False,-0.3553733652196992,-0.28169697930429616,-0.018980455580541615,0.5779811181048977,0.4074906486503168,-0.021293880897837177,1.7183605659758183,-1.7002437312938419,-1.773920117209245,-0.4074906486503168,1,-0.3062587440961693,0.27830616073976006,-0.2972866163203017,0.4,0.075
Nimbus Home,retail_media,2023-04,3,-1.2327470271974905,0.019786506258838956,0.019786506258838956,False,0.3506742718226854,0.46878686759458577,-0.029828974207968074,-2.2627804725206313,-1.6087949074590502,0.24119195611205432,-0.6373120756886622,-1.583421299020176,-1.7015338947920764,1.6087949074590502,1,-0.2568058000271514,0.27830616073976006,-0.30813513494772815,0.4,0.075
Crestline Beverages,paid_search,2023-04,3,-0.3846862315434007,-1.082919842783905,-0.3846862315434007,False,-0.3129683364872853,0.036698039231562396,0.46148263714430077,-1.6540426170716716,-0.18471229754462845,-0.009009719094982039,-1.2365870658736142,-0.07171789505611542,-0.4213842707749631,0.18471229754462845,0,0.12474006093071752,1.9542514545620937,-1.4927688174177929,0.0,0.13157894736842105
Nimbus Home,digital_video,2023-04,3,-1.1442157962075066,-0.02786431631176065,-0.02786431631176065,False,0.8639062491014464,0.5014892370479034,0.01494378711232335,0.9041714413176472,-2.2719754782395962,-1.3628419668210265,0.8046234269489083,-2.008122045308953,-1.64570503325541,2.2719754782395962,1,-0.147743100270443,0.27830616073976006,-0.2633623736274367,0.4,0.075
Nimbus Home,social,2023-04,3,0.5883474759103702,-0.7556170202355401,0.5883474759103702,True,0.1729168607764254,0.3071283685535842,0.03529900207176342,0.3475031258751254,0.551077670776149,-1.5778415857967243,-0.35595246913022044,0.41543061513394475,0.28121910735678596,-0.551077670776149,0,-0.2898844738525447,0.27830616073976006,-0.24300715866799663,0.4,0.075
Ridgeway Grocery,affiliate,2023-04,3,0.2938005355285409,0.8803232948326234,0.8803232948326234,True,-0.40411719315994127,0.5634806525145231,0.04855879326111234,-0.4740483550226604,-1.5940124820813706,0.582176148008355,0.7911723074748924,0.6979177286884821,-0.26968011698598215,1.5940124820813706,0,1.2330409518530927,-0.5667073731413572,0.6152661664024696,0.0,0.1282051282051282
Halcyon Personal Care,retail_media,2023-04,3,-0.5233339126876577,-0.5218295855762477,-0.5218295855762477,False,0.812080310427198,0.5061318952662783,0.02424050270625204,,-0.8400138332646879,-1.187520550375642,0.6829990408726325,-1.3354142231148556,-1.029465807953936,0.8400138332646879,1,-0.364637368041918,0.20656334637008691,-0.1823228436638349,0.2,0.1
Crestline Beverages,ooh,2023-04,3,-0.4837013855999549,-0.2686664667785924,-0.2686664667785924,False,-0.13788177565202145,-0.19092395107988175,0.24636728282454232,-0.8325536727355829,,-0.056426054561475585,-0.02867225684417274,-0.3458196099479335,-0.29277743452007315,,1,-0.18852544701916027,1.9542514545620937,-1.7078841717375515,0.0,0.13157894736842105
Ridgeway Grocery,audio,2023-04,3,-0.07109890294188156,0.35215657643921217,0.35215657643921217,False,-0.009582009281371021,0.8527736408650372,1.8402142056000044,2.0104593092324152,1.7106025951293682,-1.0505569551871818,-0.8269125522922013,-0.061516893660510545,-0.9238725438069187,-1.7106025951293682,0,1.662544895208551,-0.5667073731413572,2.4069215787413616,0.0,0.1282051282051282
Verdant Snacks,social,2023-04,3,-0.620498188612171,-0.08427283682545816,-0.08427283682545816,False,0.11952403514160648,0.2249682379394834,0.3792988743762787,0.47623748396808463,-0.996076688697574,0.060831590488178704,0.8175365522625176,-0.7400222237537775,-0.8454664265516544,0.996076688697574,1,-0.38508060212433703,1.8622352779226636,-1.482936403546385,0.2,0.1
Ridgeway Grocery,display,2023-04,3,-0.6202209465447844,-0.023813406350292186,-0.023813406350292186,False,-0.19547756029772678,0.9521960970113921,0.30242390425232846,-2.4386357680301396,-0.4022215405015168,-0.4048152977031613,0.38145587389910446,-0.42474338624705765,-1.5724170435561766,0.4022215405015168,1,1.665551805355406,-0.5667073731413572,0.8691312773936857,0.0,0.1282051282051282
Nimbus Home,audio,2023-04,3,0.7201185242203054,1.5099729492925515,1.5099729492925515,True,-0.4045045822324872,-0.15712388164565022,-0.14457075159799776,-1.4630301804005041,0.3042583015656816,-1.8584418396014546,-0.1657825754866324,1.1246231064527925,0.8772424058659556,-0.3042583015656816,0,-0.3016642521714849,0.27830616073976006,-0.4228769123377578,0.2,0.075
Ridgeway Grocery,paid_search,2023-04,3,-0.8442642087265728,0.30225409069432,0.30225409069432,False,0.5990047951418997,0.09281150147631488,0.22033697565181096,-2.5361864377861254,-0.6182157232123667,-0.4678648009433486,0.10967840168706541,-1.4432690038684726,-0.9370757102028877,0.6182157232123667,1,0.6915598633617589,-0.5667073731413572,0.7870443487931682,0.0,0.1282051282051282
Crestline Beverages,digital_video,2023-04,3,-1.44582517564375,-0.6933791178694869,-0.6933791178694869,False,-0.09649953218286836,-0.183768853863738,0.21145097691690795,1.7016286428604643,-0.8948762659427428,1.6341053054894794,0.2489877076245331,-1.3493256434608816,-1.2620563217800118,0.8948762659427428,1,-0.7874977701693162,1.9542514545620937,-1.7428004776451858,0.0,0.13157894736842105
Halcyon Personal Care,social,2023-04,3,0.05433976934960192,0.24242451904933254,0.24242451904933254,False,-0.3673821439433972,-0.27787800652540084,-0.026814174629667484,-0.535400750221481,-0.7427228544932419,-0.22294919554223874,0.25357999034821693,0.42172191329299913,0.3322177758750028,0.7427228544932419,0,-0.9537540421199765,0.20656334637008691,-0.2333775209997544,0.2,0.1
Crestline Beverages,tv,2023-04,3,-0.8216399649935131,-0.09914179408193333,-0.09914179408193333,False,0.08571141549101076,0.6551404691210833,0.32550631277529884,-1.8102894442120863,,1.2757646845716824,0.01730454090679706,-0.9073513804845239,-1.4767804341145965,,1,-0.20497844462192183,1.9542514545620937,-1.6287451417867949,0.0,0.13157894736842105
Crestline Beverages,social,2023-04,3,-0.981949393190637,0.07119233207147332,0.07119233207147332,False,0.5289494341291932,0.08577409540173067,0.4061302390234134,-0.23721852535172386,-1.5579621282212563,0.5112297923930701,-1.1429070432802724,-1.51089882731983,-1.0677234885923677,1.5579621282212563,1,-0.3365153243135087,1.9542514545620937,-1.5481212155386803,0.0,0.13157894736842105
Aster Wellness,display,2023-04,3,-1.7220407851586153,,-1.7220407851586153,False,-0.3662208101966585,-0.8881319935682346,-0.33893129801023175,0.7145045132425643,-1.0469447570109447,-0.5391592589902272,0.3793708390221334,-1.3558199749619568,-0.8339087915903807,1.0469447570109447,0,-0.2666140649486174,0.5751393958509793,-0.9140706938612111,0.0,0.125
Verdant Snacks,digital_video,2023-04,3,-2.1758986471430104,0.4654738123057477,0.4654738123057477,False,0.48616453170646184,0.3433909297235904,0.24754420696374863,-1.9629872025064943,1.4551434835138086,1.337671385036424,0.20582494842751042,-2.6620631788494724,-2.519289576866601,-1.4551434835138086,1,-0.3284985840550134,1.8622352779226636,-1.614691070958915,0.2,0.1
Verdant Snacks,affiliate,2023-04,3,-0.41189871031979935,0.3621021681367856,0.3621021681367856,False,-0.11784707187908194,0.410380836293302,0.33263660044708376,1.17151176254367,-0.5941988967041201,-1.8865055586227182,,-0.2940516384407174,-0.8222795466131014,0.5941988967041201,1,1.174756489914433,1.8622352779226636,-1.5295986774755799,0.2,0.1
Solstice Foods,social,2023-04,3,-1.5858312335594424,-0.780389287140286,-0.780389287140286,False,-0.4449896897790113,-0.19586742289256934,0.5276037410868135,-1.9876094142213505,-0.4999919330046254,-0.25414020121772074,0.34812548873642546,-1.1408415437804311,-1.389963810666873,0.4999919330046254,1,0.48915155966151,0.3829598512559228,0.14464388983089072,0.16666666666666666,0.10256410256410256
Aster Wellness,retail_media,2023-04,3,0.6451100838621379,-0.5800777806764205,0.6451100838621379,True,0.7875231460661426,1.0490964603628004,0.05927935168804309,-0.4829114014071101,0.955358332228694,-2.332201208279709,-0.43571427341080327,-0.14241306220400474,-0.4039863765006625,-0.955358332228694,1,-0.2304963740693846,0.5751393958509793,-0.5158600441629362,0.0,0.125
Aster Wellness,paid_search,2023-04,3,-1.2749498839266549,-0.8790229445535669,-0.8790229445535669,False,1.2656561190581468,1.0773815406914176,0.19913758539519238,-1.5136361117490504,0.13689763837539395,1.1745704725038155,0.7894420151225024,-2.5406060029848017,-2.3523314246180727,-0.13689763837539395,1,0.18384623618304824,0.5751393958509793,-0.3760018104557869,0.0,0.125
Solstice Foods,paid_search,2023-04,3,1.3773202362224706,,1.3773202362224706,True,0.6519468732977239,1.3727527798184573,1.918858994480699,1.1625378086625116,0.7052635400195152,-1.4395858713792673,0.16784803498785875,0.7253733629247466,0.004567456404013237,-0.7052635400195152,0,0.4488201629067355,0.3829598512559228,1.5358991432247762,0.0,0.10256410256410256
Verdant Snacks,retail_media,2023-04,3,-0.24874174202564042,0.08293515178427577,0.08293515178427577,False,-0.31365704603751215,-0.27277904416547144,0.05888002139310193,-1.554828901285088,-0.34301841783409687,-0.7557022213840053,-0.5730616227594783,0.06491530401187173,0.02403730213983102,0.34301841783409687,1,-1.118433370450815,1.8622352779226636,-1.8033552565295616,0.2,0.1
Solstice Foods,retail_media,2023-04,3,,,,False,,,,-0.08257801924186348,-1.3523071419904062,0.10928017835457322,0.13436300775460364,,,1.3523071419904062,0,,0.3829598512559228,,0.16666666666666666,0.10256410256410256
Solstice Foods,tv,2023-04,3,-1.5529638827481187,-0.030339200158735848,-0.030339200158735848,False,0.06965214629283553,0.2395718103352262,0.04356516326586557,0.3834942161109531,,-1.950963603570734,-0.37973743545990923,-1.6226160290409541,-1.792535693083345,,1,0.16829213758372827,0.3829598512559228,-0.33939468799005723,0.16666666666666666,0.10256410256410256
Crestline Beverages,digital_video,2023-05,4,-0.011290911719656582,-0.6942573023597415,-0.011290911719656582,False,0.2185630803647413,0.4131213583149212,1.632900195858061,-0.4861356511755905,2.0269259676574953,1.353926749053941,-1.1369719600991133,-0.22985399208439788,-0.42441227003457777,-2.0269259676574953,0,0.3888682221431405,2.8873746888930136,-1.2544744930349527,0.0,0.05263157894736842
Halcyon Personal Care,social,2023-05,4,-1.0400811395067653,-0.741734956762743,-0.741734956762743,False,-0.08582309749460496,-0.392162620355149,0.0794122750438438,-0.8046290653523432,0.475428737674455,-1.3938166115155595,-0.3776746443430387,-0.9542580420121604,-0.6479185191516164,-0.475428737674455,1,-0.5794920392090976,0.4521329788477596,-0.3727207038039158,0.2,0.025
Solstice Foods,tv,2023-05,4,0.2813316770390318,-0.09042506793481582,0.2813316770390318,False,0.5482651324832294,1.3100955769221232,0.06942658034491175,-2.1929507554802665,,-0.7178804813419769,1.123980531474064,-0.2669334554441976,-1.0287638998830915,,1,-0.5417790286976022,1.8368739283951523,-1.7674473480502406,0.0,0.05128205128205128
Crestline Beverages,tv,2023-05,4,-0.7998993037102345,-0.8472313870074425,-0.7998993037102345,False,-0.23171159990125006,1.4063445539911168,0.8869676839168998,0.2295578859805406,,-0.4456172325959519,-1.5596812008119687,-0.5681877038089844,-2.2062438577013515,,0,-0.20912669921098317,2.8873746888930136,-2.000407004976114,0.0,0.05263157894736842
Solstice Foods,social,2023-05,4,0.058412491790981035,-0.8702166215111058,0.058412491790981035,False,0.16015650954613184,-0.0019502539846841596,0.31092356367014945,0.035595675513184995,1.0959258581890599,0.8199385978246965,-0.19690442730134344,-0.1017440177551508,0.060362745775665194,-1.0959258581890599,0,-1.3016859037199604,1.8368739283951523,-1.5259503647250028,0.0,0.05128205128205128
Verdant Snacks,paid_search,2023-05,4,2.6581240565643833,0.8094444211445297,2.6581240565643833,True,3.4579036595773722,2.281247736972346,0.5989094526844089,0.901589727699771,-2.0695426558098324,1.8753520493819824,1.025351389017677,-0.7997796030129889,0.3768763195920375,2.0695426558098324,1,-0.32444161560467505,2.5394940080153554,-1.9405845553309464,0.0,0.025
Ridgeway Grocery,social,2023-05,4,0.4805419289796953,0.11877432010405166,0.4805419289796953,False,-0.18475824109623826,-1.228841364606436,0.577880712510994,-1.106030175450756,-1.5849921501347959,-0.7889251995855453,0.04662173314389159,0.6653001700759336,1.7093832935861313,1.5849921501347959,1,0.5786376761083115,1.3723977553496014,-0.7945170428386074,0.0,0.05128205128205128
Nimbus Home,retail_media,2023-05,4,0.34968383246070134,-0.06157851995624583,0.34968383246070134,False,0.22976107073071786,0.2632247239318376,0.0682435480638083,-1.2250791536463523,3.0567731563353564,-0.9521089541104618,-1.176245356473271,0.11992276172998348,0.08645910852886374,-3.0567731563353564,1,-0.33232594207515526,0.8381403379864983,-0.7698967899226901,0.0,0.05
Crestline Beverages,affiliate,2023-05,4,0.47485737854010784,-0.707914966168647,0.47485737854010784,False,1.0324332679329717,-0.13360117489505605,0.339486274736415,-0.47294274434201966,0.5763617245617774,0.5539353323566714,1.3345383721407775,-0.557575889392864,0.6084585534351639,-0.5763617245617774,0,-0.6077054629362204,2.8873746888930136,-2.5478884141565987,0.0,0.05263157894736842
Verdant Snacks,display,2023-05,4,-0.6593448875601772,-0.2748642619898999,-0.2748642619898999,False,1.0459158707322433,-0.0827933785745272,0.5282959804056494,1.3299899629724714,0.10086888589437781,0.24285889782431574,-0.40866648812120654,-1.7052607582924204,-0.57655150898565,-0.10086888589437781,1,-0.019225907213674853,2.5394940080153554,-2.011198027609706,0.2,0.025
Halcyon Personal Care,retail_media,2023-05,4,0.4944222727789583,-0.035851495052045594,0.4944222727789583,False,-0.32973812425761706,-0.12360997451163669,-0.021296588695294254,-0.8827515127780461,0.8919061153315413,-2.4476036192787194,-0.03818246243572007,0.8241603970365754,0.618032247290595,-0.8919061153315413,1,-0.7228325344646105,0.4521329788477596,-0.4734295675430539,0.2,0.025
Nimbus Home,paid_search,2023-05,4,0.5954303063021831,0.9731632151472415,0.9731632151472415,True,0.48054338457604046,2.267371668709616,0.012485281813460668,1.0229763618921948,0.3602312694662642,1.7113126639414629,-0.4715841382299385,0.11488692172614262,-1.6719413624074329,-0.3602312694662642,0,-0.6782044369776277,0.8381403379864983,-0.8256550561730377,0.0,0.05
Crestline Beverages,ooh,2023-05,4,-0.6138478024727227,-0.8642905906127613,-0.6138478024727227,False,-0.2347373865275688,-0.7055721249561682,0.7500751614874095,-1.0937214628852687,,1.1986417942592968,-1.7775942844983392,-0.37911041594515393,0.09172432248344542,,0,0.0856693482572587,2.8873746888930136,-2.137299527405604,0.0,0.05263157894736842
Solstice Foods,affiliate,2023-05,4,0.9870891051831789,,0.9870891051831789,True,-0.11198814997039683,-1.3248433060794782,0.24507767183777943,-1.4304453172279843,0.7217183475332622,0.020972628887833012,1.2506380542615028,1.0990772551535757,2.3119324112626574,-0.7217183475332622,0,-0.2945745779282986,1.8368739283951523,-1.591796256557373,0.0,0.05128205128205128
Crestline Beverages,retail_media,2023-05,4,0.8286463804067193,-0.45393913574473965,0.8286463804067193,True,0.15343399209228842,0.12007342831617661,0.4918639603655292,-0.7160022349312622,0.05071062457408701,0.8754199483561822,1.3954989933682869,0.675212388314431,0.7085729520905427,-0.05071062457408701,1,-0.3428429974613283,2.8873746888930136,-2.3955107285274844,0.0,0.05263157894736842
Crestline Beverages,social,2023-05,4,-0.5213116918381623,-0.14627590449664546,-0.14627590449664546,False,0.6705736157436185,0.4033835798662537,1.1009464771759732,-0.32846078814550783,-0.9966247484638944,1.1603646972326258,1.055209556582512,-1.1918853075817808,-0.924695271704416,0.9966247484638944,1,0.06918934371324448,2.8873746888930136,-1.7864282117170405,0.0,0.05263157894736842
Aster Wellness,paid_search,2023-05,4,-0.9195641180825351,-0.9814413602148649,-0.9195641180825351,False,-0.1041619803574152,0.7972082763258601,-0.13491412814473774,-0.18040780702893017,-0.6035094363534,2.296086986562916,0.2778629435811475,-0.8154021377251199,-1.7167723944083952,0.6035094363534,0,-0.4735242429229656,0.2691345101815951,-0.40404863832633287,0.0,0.05
Nimbus Home,digital_video,2023-05,4,0.3048877129860098,-0.06708104228685807,0.3048877129860098,False,0.9615589836045201,1.0758256073502879,0.5468169308783527,0.44729227510028713,1.973073163264137,-1.1409254044492079,0.34215188238838207,-0.6566712706185103,-0.7709378943642781,-1.973073163264137,1,0.1642748640078598,0.8381403379864983,-0.29132340710814564,0.0,0.05
Ridgeway Grocery,tv,2023-05,4,0.5071415675039312,0.3299650063921399,0.5071415675039312,True,1.48973693649246,2.1435472942748848,-1.9092479000027545,-1.6880688623166475,,1.1219020283178072,1.623948264192366,-0.9825953689885287,-1.6364057267709535,,1,-2.311269646415242,1.3723977553496014,-3.2816456553523556,0.0,0.05128205128205128
Solstice Foods,retail_media,2023-05,4,-0.7913686797680964,,-0.7913686797680964,False,0.7779850909260175,-0.30943635917095774,0.4005366500593474,-1.2398034608066377,0.5651671371235537,1.3663775498716826,-0.07823016210508488,-1.5693537706941139,-0.4819323205971387,-0.5651671371235537,0,-0.023363034029451023,1.8368739283951523,-1.4363372783358048,0.0,0.05128205128205128
Nimbus Home,display,2023-05,4,0.45207062200407827,-0.5702029350371316,0.45207062200407827,False,-0.49177875260268716,-0.14336240592310664,0.23980039506055761,0.5555757789436382,0.04839914513850618,-0.06649913430111476,-0.24545593564688495,0.9438493746067654,0.5954330279271849,-0.04839914513850618,0,0.2749203311908663,0.8381403379864983,-0.5983399429259407,0.0,0.05
Nimbus Home,audio,2023-05,4,-0.6883011979784665,0.42875612647516215,0.42875612647516215,False,0.31910811269672296,0.03730877006304176,0.8961035622043263,-0.09217993302137208,-0.120215738821921,0.29974716782614763,-0.723883521297991,-1.0074093106751894,-0.7256099680415082,0.120215738821921,1,0.32056036822713446,0.8381403379864983,0.05796322421782796,0.0,0.05
Crestline Beverages,audio,2023-05,4,-0.31807828143434375,-0.09891538050856352,-0.09891538050856352,False,-0.4979795472983978,-0.9259011045681355,1.4951277055268293,0.251124596269063,-0.8066723794311442,-1.8502445474113671,,0.17990126586405403,0.6078228231337917,0.8066723794311442,1,-0.21647277840169082,2.8873746888930136,-1.3922469833661844,0.0,0.05263157894736842
Verdant Snacks,social,2023-05,4,-1.011266784339691,-0.7841791459043735,-0.7841791459043735,False,0.19596793331088064,0.7979675218241565,1.4247065394041567,0.938737583152287,0.2201540311510076,-0.514197097773823,0.16675320631977936,-1.2072347176505716,-1.8092343061638476,-0.2201540311510076,1,1.016937124688172,2.5394940080153554,-1.1147874686111987,0.2,0.025
Solstice Foods,digital_video,2023-05,4,0.6360276528657131,-0.22640253303471808,0.6360276528657131,True,-0.12446203361364302,0.08143356171675598,0.5876250594633048,0.6874146015048205,-0.7527723197593978,0.8715742172911325,0.6577705422230947,0.7604896864793561,0.5545940911489571,0.7527723197593978,1,-0.7547412095256458,1.8368739283951523,-1.2492488689318475,0.0,0.05128205128205128
Aster Wellness,retail_media,2023-05,4,-0.38794307466759864,-0.26264917152353506,-0.26264917152353506,False,0.6705174895679457,0.8058146667793706,-0.10538848313536098,0.9289011547785553,0.4316546113158637,0.4855155282635384,-0.6392618388625704,-1.0584605642355442,-1.1937577414469693,-0.4316546113158637,1,-0.7239291884005316,0.2691345101815951,-0.3745229933169561,0.0,0.05
Ridgeway Grocery,display,2023-05,4,-1.211984160282816,-0.7047957851671226,-0.7047957851671226,False,-1.1411795768930495,0.3082714499220738,0.06110344687474829,0.19764498258413438,-1.4822101905313128,-0.4731047086792441,,-0.07080458338976658,-1.5202556102048899,1.4822101905313128,1,-0.3876862873827559,1.3723977553496014,-1.3112943084748532,0.0,0.05128205128205128
Halcyon Personal Care,digital_video,2023-05,4,0.8493277083882104,1.7012021271386677,1.7012021271386677,True,-0.6126109944637808,0.787634316356914,-0.08592175620914247,-1.9809586937610983,-1.6654417268405013,-0.5160989334881063,0.20035213018938375,1.4619387028519912,0.06169339203129631,1.6654417268405013,0,-0.43904288764413973,0.4521329788477596,-0.538054735056902,0.0,0.025
Verdant Snacks,retail_media,2023-05,4,-0.9124750131207275,-0.45991429111415666,-0.45991429111415666,False,0.357269918051473,0.310480145629183,0.2986136223053623,3.151982708759815,-1.5385591208149427,-1.6570561343241104,0.28726049410754545,-1.2697449311722004,-1.2229551587499106,1.5385591208149427,1,-0.949604536182627,2.5394940080153554,-2.240880385709993,0.2,0.025
Aster Wellness,display,2023-05,4,0.23875184821315715,,0.23875184821315715,False,0.07105539058832946,-0.8771668260748047,-0.006931031108462531,-0.9453056960915909,1.0074842642903632,0.014822113674150582,0.3068476221836827,0.16769645762482768,1.1159186742879619,-1.0074842642903632,0,0.1571583058852234,0.2691345101815951,-0.27606554129005767,0.0,0.05
Aster Wellness,social,2023-05,4,-0.7488715008461679,-0.01612250650429926,-0.01612250650429926,False,-0.3295159088183689,-0.5983547597180953,0.2839701828098491,1.2997924757296613,0.6337500001634999,0.49101595293921246,-1.3390035383191223,-0.41935559202779904,-0.15051674112807267,-0.6337500001634999,1,0.24385772016699103,0.2691345101815951,0.01483567262825397,0.0,0.05
Ridgeway Grocery,retail_media,2023-05,4,-0.3698135567501702,,-0.3698135567501702,False,-0.12496580389121405,-0.3233198890131917,0.3011884265398779,0.45421709443271285,1.9769830235922858,1.6275140007473543,0.28729727923473697,-0.24484775285895616,-0.046493667736978495,-1.9769830235922858,0,0.09541059874135577,1.3723977553496014,-1.0712093288097235,0.0,0.05128205128205128
Verdant Snacks,digital_video,2023-05,4,-0.22372734434175412,0.006160016524146377,0.006160016524146377,False,0.1255653223355873,0.5433435345764868,1.400114947966427,-0.6390495478874081,0.37272780923604737,-0.6955769981929477,0.29920252992226837,-0.3492926666773414,-0.7670708789182409,-0.37272780923604737,1,0.47001471985883425,2.5394940080153554,-1.1393790600489284,0.2,0.025
Halcyon Personal Care,display,2023-05,4,0.3189439540219941,,0.3189439540219941,False,1.5777545799439405,0.7081933633180179,0.00652635402555346,1.240842854836279,-1.8262779320413238,1.9745298748535693,-0.200177631498219,-1.2588106259219465,-0.38924940929602375,1.8262779320413238,0,-0.24891949133273672,0.4521329788477596,-0.44560662482220614,0.2,0.025
Aster Wellness,audio,2023-05,4,-0.005275978331549443,-0.9461589225203664,-0.005275978331549443,False,-0.8232028280950386,-0.4064263696677265,-0.25978290714869423,-1.641437360280927,0.02625271982279153,-1.1570701136752293,0.1273162697854241,0.8179268497634892,0.401150391336177,-0.02625271982279153,0,-0.3082514865753318,0.2691345101815951,-0.5289174173302893,0.0,0.05
Ridgeway Grocery,affiliate,2023-05,4,-0.4738479610526376,0.05298459197346425,0.05298459197346425,False,-0.015186824776029577,0.3841294271919117,0.3478079609606555,-0.3503610651251582,-1.3372498233873298,1.785456653504277,1.0401495165617127,-0.45866113627660804,-0.8579773882445493,1.3372498233873298,1,0.5907141673881242,1.3723977553496014,-1.024589794388946,0.0,0.05128205128205128
Nimbus Home,social,2023-05,4,0.4936555696170185,-0.14655318893463304,0.4936555696170185,False,-0.38155531641642754,0.1616517593687715,0.0052618647109781225,-0.7385421924949064,-0.2942294481753471,-0.22687937826935278,0.6734485875614856,0.875210886033446,0.332003810248247,0.2942294481753471,1,-0.7084672372726948,0.8381403379864983,-0.8328784732755202,0.0,0.05
Ridgeway Grocery,paid_search,2023-05,4,-0.8524199494728931,-0.11784823487228366,-0.11784823487228366,False,-2.091951419223478,-1.8229530896469808,0.5667040147563859,1.5099574047928896,-0.06321684178162791,-2.127904965525524,0.3677464886836977,1.239531469750585,0.9705331401740876,0.06321684178162791,1,0.6156374455461625,1.3723977553496014,-0.8056937405932155,0.0,0.05128205128205128
Solstice Foods,display,2023-05,4,-0.37381944236315223,0.24742322919874493,0.24742322919874493,False,-0.2351887719208594,-0.22087572187491683,0.019621738492709432,0.7228368914510547,2.2214180855585717,0.192679372491604,0.06606849012460309,-0.13863067044229282,-0.1529437204882354,-2.2214180855585717,1,-1.8942880904730377,1.8368739283951523,-1.8172521899024427,0.0,0.05128205128205128
Halcyon Personal Care,paid_search,2023-05,4,-0.03256984457127808,-0.15736237855785326,-0.03256984457127808,False,1.346911891405302,-0.37946735708943624,0.41291824462754845,0.7482814576684663,-0.18091036860056522,,-0.7970926239483408,-1.37948173597658,0.34689751251815815,0.18091036860056522,0,0.5992920893760799,0.4521329788477596,-0.039214734220211156,0.2,0.025
Aster Wellness,digital_video,2023-05,4,0.18727563062712485,0.1337467026685944,0.18727563062712485,False,-0.28587721091033697,-0.5374471270466583,0.15974061248438776,-0.8917288778057706,-0.6485159099493357,0.5161638668524111,0.7216972486804502,0.47315284153746184,0.7247227576737831,0.6485159099493357,1,0.257708612367676,0.2691345101815951,-0.10939389769720737,0.0,0.05
Ridgeway Grocery,audio,2023-05,4,-0.4435091793855655,0.017645014513127895,0.017645014513127895,False,-1.3444412638838876,-0.489661991844953,0.9977943282812181,0.8494095550150708,0.5469645602372103,0.3275488592298148,-1.3059087678395518,0.9009320844983222,0.046152812459387516,-0.5469645602372103,1,0.17553361710191287,1.3723977553496014,-0.37460342706838334,0.0,0.05128205128205128
Halcyon Personal Care,affiliate,2023-05,4,-0.9644667322054743,-0.35938304870569904,-0.35938304870569904,False,-0.3333001989863183,0.24930598039748522,0.16049899400261347,0.42873918826544455,0.8801820010264866,-1.4599305783830254,0.743606681177102,-0.6311665332191561,-1.2137727126029596,-0.8801820010264866,1,-0.06389704545924454,0.4521329788477596,-0.29163398484514613,0.2,0.025
Verdant Snacks,affiliate,2023-05,4,0.16944061365211668,0.13016932784730992,0.16944061365211668,False,0.615079279634632,0.7740376230485603,0.39177023259445964,-0.581217108738395,-0.9415085156233387,1.2701547984789896,-0.4561522360908625,-0.44563866598251534,-0.6045970093964436,0.9415085156233387,1,-0.4909980133668376,2.5394940080153554,-2.1477237754208955,0.2,0.025
Crestline Beverages,paid_search,2023-05,4,-0.5408334881884467,-0.9580350580219013,-0.5408334881884467,False,1.4455805948423919,1.0164596002511874,1.0414135800460838,-0.9529725263909843,0.1220077230875398,0.6919152752845226,-0.8163560778031528,-1.9864140830308386,-1.557293088439634,-0.1220077230875398,0,0.09611125070468853,2.8873746888930136,-1.8459611088469299,0.0,0.05263157894736842
Solstice Foods,paid_search,2023-05,4,-0.538276704333884,0.030031415952623017,0.030031415952623017,False,-1.436611548016657,-1.480342080617072,0.19452985878527565,0.39084407438701224,1.1251244669865248,0.21538382827676855,0.9449534287736289,0.898334843682773,0.942065376283188,-1.1251244669865248,1,-0.5862748128569167,1.8368739283951523,-1.6423440696098766,0.0,0.05128205128205128
Crestline Beverages,paid_search,2023-06,5,1.3676032062181944,0.049120387387371886,1.3676032062181944,True,1.7307567571183817,1.532065526451917,2.168591088311638,-0.35626903236751806,-2.074745349697667,2.2385701387331074,0.8046176153846667,-0.3631535509001873,-0.16446232023372254,2.074745349697667,1,-0.3356648830783619,3.711665844935973,-1.543074756624335,0.42857142857142855,0.4473684210526316
Nimbus Home,retail_media,2023-06,5,-0.6892184071315536,-0.3493959115262984,-0.3493959115262984,False,0.41704089526987775,0.1382098943160967,0.2100630601306138,-0.1278548302243534,,0.9835877294002343,-0.4025970392594999,-1.1062593024014313,-0.8274283014476502,,1,0.3116888685871011,0.7279194341750762,-0.5178563740444624,0.0,0.525
Verdant Snacks,social,2023-06,5,2.0703765905539235,0.04873462417800684,2.0703765905539235,True,0.5796652444623087,1.2404665902004395,0.7754589735292367,1.0874196221200683,0.16851268744416614,0.6076136593598922,-0.032352522269984973,1.4907113460916148,0.8299100003534841,-0.16851268744416614,1,-0.46076384191389713,2.780037861752752,-2.004578888223515,0.8,0.4
Nimbus Home,social,2023-06,5,0.10959083003028279,0.39719795851922374,0.39719795851922374,False,-0.08241688917852157,-0.4748591679266774,-0.08164851277565648,-2.216479700532591,-0.2719245511044257,-0.722684058923028,-0.24173527936698289,0.19200771920880436,0.5844499979569602,0.2719245511044257,0,-0.6516256017304506,0.7279194341750762,-0.8095679469507326,0.0,0.525
Nimbus Home,display,2023-06,5,-0.3215610135972621,-0.4278016640237166,-0.3215610135972621,False,0.06927827222175094,-0.030476170736744843,0.39805466064969947,-0.5137481982838554,1.5606581517398108,-2.509361294011947,1.6090855177768328,-0.390839285819013,-0.2910848428605172,-1.5606581517398108,0,-0.08911994683296126,0.7279194341750762,-0.32986477352537674,0.0,0.525
Aster Wellness,retail_media,2023-06,5,0.6770205948346879,0.20759724533982826,0.6770205948346879,True,0.22002099779117454,0.5489633565403625,0.15058226067315306,-1.6671591883284376,0.040503180894700654,0.11973077624850381,0.3483243908788347,0.45699959704351334,0.12805723829432536,-0.040503180894700654,1,2.633150662833522,-1.51207956564307,1.662661826316223,0.2,0.5
Ridgeway Grocery,paid_search,2023-06,5,1.1974242661993428,-0.11094664266669399,1.1974242661993428,True,0.7358165654580486,1.0210996915467865,0.26293651420006503,-1.1170105643749624,-0.5973021435133427,-1.8438573116866306,-0.9927613672422744,0.4616077007412942,0.17632457465255635,0.5973021435133427,1,0.9784002955913985,-0.2089245295714507,0.4718610437715157,0.5,0.4358974358974359
Crestline Beverages,ooh,2023-06,5,0.15114445771147852,-0.21031216230248867,0.15114445771147852,False,1.8194732451475584,0.14747269634202806,1.585293565385794,1.4902715696091353,,0.8467800560488364,-0.6869775255139556,-1.66832878743608,0.003671761369450466,,0,-0.13237395176799843,3.711665844935973,-2.1263722795501794,0.5714285714285714,0.4473684210526316
Crestline Beverages,retail_media,2023-06,5,1.2745924864727278,0.2398597065203973,1.2745924864727278,True,-0.1192630906125551,-0.16657291918324668,1.200861910016433,-0.9227075943379792,-0.512957845067899,0.3088362391036951,1.0070551735308644,1.393855577085283,1.4411654056559744,0.512957845067899,1,0.145748449931926,3.711665844935973,-2.51080393491954,0.42857142857142855,0.4473684210526316
Ridgeway Grocery,social,2023-06,5,2.899426354804274,1.1457153620145084,2.899426354804274,True,0.2060682279003904,-0.8990237729042452,0.2308430957552057,-0.4235444547743607,-0.3803830312491946,0.02621723098530023,-0.07308553413067354,2.6933581269038838,3.798450127708519,0.3803830312491946,1,1.0021619246153177,-0.2089245295714507,0.43976762532665636,0.5,0.4358974358974359
Crestline Beverages,audio,2023-06,5,1.6907249905437687,0.10752211573944734,1.6907249905437687,True,-0.8888084276919431,-1.5847178309213679,1.1417503852386723,1.5506788197862886,-0.07035465589247732,-1.319209920329184,-1.1182275506458421,2.579533418235712,3.2754428214651368,0.07035465589247732,1,-0.8194148624502808,3.711665844935973,-2.5699154596973006,0.42857142857142855,0.4473684210526316
Ridgeway Grocery,affiliate,2023-06,5,1.7666850680126984,0.3525861427752448,1.7666850680126984,True,0.33280685470368315,0.8703214768846944,0.17105244993786686,1.0083916664168968,-0.25959314806465994,-0.1439910457791607,-0.9832847997777303,1.4338782133090153,0.896363591128004,0.25959314806465994,1,1.0563054694364498,-0.2089245295714507,0.3799769795093175,0.5,0.4358974358974359
Ridgeway Grocery,retail_media,2023-06,5,,,,False,,,,0.6308820836066431,0.27504879804467813,1.8340240636242708,-0.657268509847575,,,-0.27504879804467813,0,,-0.2089245295714507,,0.6666666666666666,0.4358974358974359
Nimbus Home,paid_search,2023-06,5,0.46288061554959686,0.5335972306863154,0.5335972306863154,True,0.22790103079094967,1.8919276236643447,0.6501459899106633,-0.05194088251627155,1.0946179451080074,2.5221695773822543,0.2738683415191685,0.2349795847586472,-1.429047008114748,-1.0946179451080074,0,0.1493116189882808,0.7279194341750762,-0.0777734442644129,0.0,0.525
Solstice Foods,tv,2023-06,5,1.0412803438583598,-0.025594651316747465,1.0412803438583598,True,1.2652034143476198,1.476883986576306,-0.3814533949870252,-0.3156661224633653,,0.3219207657385969,0.04423318844150176,-0.22392307048926008,-0.43560364271794616,,1,-0.1556628128307656,-0.3476705031707693,-0.03378289181625588,0.8333333333333334,0.38461538461538464
Ridgeway Grocery,tv,2023-06,5,0.0031818690045491336,0.01570466167480793,0.01570466167480793,False,0.8072649359984698,2.2568285771742556,0.8084919064782511,-0.30820011148725346,,0.06215940393882102,0.7792350360538782,-0.8040830669939207,-2.2536467081697062,,0,1.561327558818514,-0.2089245295714507,1.0174164360497018,0.6666666666666666,0.4358974358974359
Solstice Foods,retail_media,2023-06,5,2.0739161374543547,,2.0739161374543547,True,0.4806157787111809,-0.1202548170139031,0.15691963196839814,1.0937015188390742,-0.8854856163854959,0.21583067426160857,-0.21143896703692613,1.5933003587431738,2.194170954468258,0.8854856163854959,0,0.6114923315042051,-0.3476705031707693,0.5045901351391675,0.8333333333333334,0.38461538461538464
Verdant Snacks,digital_video,2023-06,5,0.9567099500952861,-0.32064800919766184,0.9567099500952861,True,1.5301387237126964,1.255843566522472,1.1296870100724417,0.2384305146834913,-0.7082666234241828,1.586963353319291,-0.5565511874647266,-0.5734287736174103,-0.29913361642718594,0.7082666234241828,1,0.30438731186086493,2.780037861752752,-1.6503508516803103,1.0,0.4
Verdant Snacks,retail_media,2023-06,5,2.41922598652833,0.13977880348688468,2.41922598652833,True,0.04184126226294515,-0.1280151935077516,0.7304725991436233,0.2889150535818356,-0.3515211324805224,-0.6755237714155055,0.7882593581210018,2.377384724265385,2.5472411800360817,0.3515211324805224,1,-0.23966982167222547,2.780037861752752,-2.0495652626091285,0.8,0.4
Aster Wellness,social,2023-06,5,,,,False,,,,0.988627045920977,-1.2646607814868769,-0.487133315019442,0.40478715699623496,,,1.2646607814868769,0,,-1.51207956564307,,0.2,0.5
Halcyon Personal Care,digital_video,2023-06,5,-0.6866927474797861,0.9308038081361271,0.9308038081361271,True,0.6280775781370989,0.7484337743205572,-0.11686305107786409,0.0801486867408445,1.0862187882013592,1.1237807410386385,-0.9944876542169009,-1.314770325616885,-1.4351265218003433,-1.0862187882013592,0,-0.4268359999808495,0.12003610877297917,-0.23689915985084326,0.2,0.5
Halcyon Personal Care,display,2023-06,5,1.6943504772305038,0.03836891081079585,1.6943504772305038,True,2.4001535939868246,2.639275306433338,0.044310594813836514,2.0193603844495023,-2.65117597144228,3.323692509750569,-0.7049934113782699,-0.7058031167563208,-0.944924829202834,2.65117597144228,1,0.0537300025952066,0.12003610877297917,-0.07572551395914265,0.0,0.5
Ridgeway Grocery,audio,2023-06,5,0.7582248959658222,0.027068534848708352,0.7582248959658222,True,0.5563529419524789,0.7633142400851348,-0.02270786691230854,1.2255381709059598,-0.0004615617035418713,3.19461271725148,-0.3479860683249833,0.20187195401334335,-0.005089344119312611,0.0004615617035418713,1,0.21237826655829606,-0.2089245295714507,0.18621666265914216,0.6666666666666666,0.4358974358974359
Solstice Foods,display,2023-06,5,1.1119412685436696,0.3698042078478985,1.1119412685436696,True,1.0447349271895965,-0.20384663435661599,-0.0608772443251225,1.0696262506985992,-0.12041046824253532,0.1604627389476124,-0.007055929590218946,0.06720634135407311,1.3157879029002855,0.12041046824253532,1,-1.0764217422501476,-0.3476705031707693,0.2867932588456468,0.8333333333333334,0.38461538461538464
Solstice Foods,paid_search,2023-06,5,2.88922337124718,0.8285037562523925,2.88922337124718,True,1.902315995272,0.2015941046877324,-0.03814503190577436,0.9212082146264051,-2.099233027131067,3.2040000061279916,-0.7491018967303121,0.9869073759751801,2.6876292665594477,2.099233027131067,1,0.7080209064601856,-0.3476705031707693,0.30952547126499497,0.8333333333333334,0.38461538461538464
Halcyon Personal Care,affiliate,2023-06,5,0.10283310738197661,-0.09217104963636105,0.10283310738197661,False,-1.366227969536649,-0.4544685623339101,-0.15129038287953547,-0.06709094108586222,0.005038903942203119,0.43468378429359783,0.6199847727419487,1.4690610769186256,0.5573016697158867,-0.005038903942203119,1,-0.9585148302370616,0.12003610877297917,-0.27132649165251466,0.2,0.5
Verdant Snacks,affiliate,2023-06,5,1.8670775198415457,0.3610265384830807,1.8670775198415457,True,1.6180442928800856,1.1583763585605567,0.6965616350497903,1.5893093705096062,-0.6337511837394049,1.0780609593213228,0.8339856802930804,0.24903322696146013,0.708701161280989,0.6337511837394049,1,-0.04909005584784465,2.780037861752752,-2.0834762267029614,0.8,0.4
Halcyon Personal Care,paid_search,2023-06,5,0.9938395085458113,0.08647845190881814,0.9938395085458113,True,-0.3812733900183658,0.0025049196191704332,-0.030500119339790722,0.33894478144122536,0.7693317557937401,0.08325675909389779,0.6185324888231502,1.375112898564177,0.9913345889266408,-0.7693317557937401,1,-0.3014047292708802,0.12003610877297917,-0.1505362281127699,0.2,0.5
Solstice Foods,digital_video,2023-06,5,,,,False,,,,-0.10320802128566295,0.11182138708996005,0.550570910108608,0.4841498993803192,,,-0.11182138708996005,0,,-0.3476705031707693,,1.0,0.38461538461538464
Halcyon Personal Care,retail_media,2023-06,5,0.18835498203011805,0.03543185380475968,0.18835498203011805,False,-0.5223447810843089,-0.292490028257807,0.07592990797917243,2.1219592016542554,2.2846177331862445,-0.017638403956569012,-0.07368521552582538,0.710699763114427,0.48084501028792503,-2.2846177331862445,1,0.05405959054815037,0.12003610877297917,-0.04410620079380674,0.2,0.5
Nimbus Home,digital_video,2023-06,5,-1.271530941917024,-0.46907978336411565,-0.46907978336411565,False,0.5755640053750151,1.138361655808436,0.39541181054818286,-0.0350794913726391,-1.7501002047989218,1.0761437378662813,-0.7055226660917193,-1.847094947292039,-2.40989259772546,1.7501002047989218,1,-0.27868319869717173,0.7279194341750762,-0.33250762362689334,0.0,0.525
Crestline Beverages,tv,2023-06,5,0.5071283456485809,-0.24764687179003697,0.5071283456485809,True,2.3163017068070397,1.5322034257261405,1.240991104608311,0.16879308167267507,,2.435762562579839,0.22017477508793626,-1.8091733611584588,-1.0250750800775597,,1,-0.5189378282223713,3.711665844935973,-2.470674740327662,0.5714285714285714,0.4473684210526316
Crestline Beverages,digital_video,2023-06,5,0.33080431696664075,-0.2502915045326146,0.33080431696664075,False,0.48583084358864476,-0.26417341422516644,2.1942254669489705,0.30274363267250676,0.3648554985156049,-2.6209665517887237,-0.1416007863402638,-0.155026526622004,0.5949777311918072,-0.3648554985156049,1,-0.12698615227995658,3.711665844935973,-1.5174403779870027,0.5714285714285714,0.4473684210526316
Ridgeway Grocery,display,2023-06,5,1.6973974152547298,-0.029957264793971254,1.6973974152547298,True,0.4986469192686186,1.0101213880073228,0.17278768168294287,-0.4085290512619524,-2.259178824162405,-0.9123411885085086,-0.8245256172702942,1.1987504959861113,0.687276027247407,2.259178824162405,1,2.2834181467845447,-0.2089245295714507,0.3817122112543936,0.5,0.4358974358974359
Aster Wellness,digital_video,2023-06,5,1.3986957135058906,0.7828370503176446,1.3986957135058906,True,-0.8396829487483017,-0.14081018879342141,-0.1327753771804043,-0.45486021462963727,-3.5052584122925063,-0.36090216040098394,-0.9463071613401527,2.2383786622541924,1.539505902299312,3.5052584122925063,1,1.497534816340464,-1.51207956564307,1.3793041884626656,0.0,0.5
Aster Wellness,paid_search,2023-06,5,-0.8847612860952397,-1.02642509603481,-0.8847612860952397,False,0.6965714127252023,1.188858411236838,0.1957862545068354,-0.7517115636428381,0.8272468395398309,1.2033947348556306,0.7918949774681154,-1.5813326988204421,-2.0736196973320777,-0.8272468395398309,0,1.1676796496867037,-1.51207956564307,1.7078658201499053,0.2,0.5
Verdant Snacks,paid_search,2023-06,5,2.530744323144198,2.0717550351563148,2.530744323144198,True,3.1779634435360555,3.3581222373333817,0.9756023073711678,2.946935151071311,-1.3110142664102937,3.517832136746822,1.2970181146405448,-0.6472191203918576,-0.8273779141891837,1.3110142664102937,1,0.9516383073620868,2.780037861752752,-1.804435554381584,0.8,0.4
Verdant Snacks,display,2023-06,5,1.989453444749381,-0.317252948427495,1.989453444749381,True,1.4286168565429367,0.7144738249195641,0.8254862940438099,-0.33288361544891415,-1.0009450979739543,-0.5343489602834831,0.16345845190508385,0.5608365882064443,1.274979619829817,1.0009450979739543,1,-0.31390111529517634,2.780037861752752,-1.954551567708942,0.8,0.4
Aster Wellness,display,2023-06,5,-0.2909683837906031,-0.3942794046080136,-0.2909683837906031,False,-0.01629613126151086,-0.3851864820652567,-0.20458239703716904,-0.2366330828237664,0.25341783440594157,-0.11114232588423235,0.028043158566744275,-0.2746722525290922,0.0942180982746536,-0.25341783440594157,0,1.2650890425440593,-1.51207956564307,1.307497168605901,0.2,0.5
Aster Wellness,audio,2023-06,5,-0.4566176964542921,-0.3257293790662803,-0.3257293790662803,False,0.2542000895720544,-0.2523341445711577,-0.010515953582706877,0.33327634447297694,-0.05562767309005536,-4.124832895837832,-0.34697863198658446,-0.7108177860263465,-0.2042835518831344,0.05562767309005536,1,0.6868724662132781,-1.51207956564307,1.501563612060363,0.2,0.5
Solstice Foods,affiliate,2023-06,5,1.4780680794650731,0.48020832494439986,1.4780680794650731,True,1.408014562538849,0.11530491663231697,0.01560523076187976,1.5479070743382635,0.255180879567997,-0.13177362008968452,0.3758145467740363,0.07005351692622419,1.3627631628327561,-0.255180879567997,1,0.5589469833505586,-0.3476705031707693,0.36327573393264906,0.8333333333333334,0.38461538461538464
Solstice Foods,social,2023-06,5,2.144004784667424,0.13701912064421395,2.144004784667424,True,2.901474439147527,0.8398894935356392,0.049668645138774815,1.550648938806412,-1.204050608680341,3.825018072257247,-0.29397185670710646,-0.757469654480103,1.3041152911317848,1.204050608680341,1,0.18563241570489336,-0.3476705031707693,0.39733914830954414,0.8333333333333334,0.38461538461538464
Nimbus Home,audio,2023-06,5,-0.5115433339226458,-0.10660577948462374,-0.10660577948462374,False,0.46058159093591694,-0.28849760150567005,0.22868851146393734,-0.2911214965539144,-0.6973638767005091,-2.408690459203258,0.6076915230065927,-0.9721249248585628,-0.22304573241697578,0.6973638767005091,1,-0.21600243721158427,0.7279194341750762,-0.4992309227111389,0.0,0.525
Crestline Beverages,affiliate,2023-06,5,2.728847507771705,0.36755160032847944,2.728847507771705,True,1.005911736015381,-0.24856305736576767,1.07683809250732,-0.02926432525257526,-0.3308944452417266,-0.34732787229819967,0.10075677622798761,1.722935771756324,2.9774105651374727,0.3308944452417266,1,0.43697399093617006,3.711665844935973,-2.634827752428653,0.42857142857142855,0.4473684210526316
Halcyon Personal Care,social,2023-06,5,-0.4808483021071819,-0.32590881605874333,-0.32590881605874333,False,-0.538613955041908,-0.6415320111595003,0.39820209622993696,0.8289929423566631,0.20528633536860055,-1.2162179687701633,,0.05776565293472613,0.16068370905231844,-0.20528633536860055,1,0.2781379021836027,0.12003610877297917,0.2781659874569578,0.2,0.5
Crestline Beverages,social,2023-06,5,0.7762267953723966,-0.1615631754792006,0.7762267953723966,True,-0.6349986938420883,-0.20638052077139601,2.079490438473087,3.2140531601174445,-0.4055046837658742,,0.6490433161159708,1.4112254892144849,0.9826073161437926,0.4055046837658742,1,1.0508429955073921,3.711665844935973,-1.6321754064628862,0.5714285714285714,0.4473684210526316
Ridgeway Grocery,audio,2023-07,6,-0.3426008234605613,-0.006196690417845454,-0.006196690417845454,False,0.636447315664458,1.0470210527184887,0.45790281402519917,-2.080213858077984,-0.86762911920908,0.5423742682926856,-0.4567165902080547,-0.9790481391250193,-1.38962187617905,0.86762911920908,1,-0.09085394804247085,1.2592987894195928,-0.8013959753943937,0.16666666666666666,0.10256410256410256
Ridgeway Grocery,affiliate,2023-07,6,0.06423487810872824,0.30157155223750864,0.30157155223750864,False,-0.4493599151009407,-1.075727712158988,-0.1928616554709425,0.2133165991342445,-0.755249805894552,-3.340201084203376,-0.6031885601714349,0.5135947932096689,1.1399625902677164,0.755249805894552,0,-1.9856994709041842,1.2592987894195928,-1.4521604448905354,0.16666666666666666,0.10256410256410256
Solstice Foods,social,2023-07,6,0.8078189231781597,1.0034120665455217,1.0034120665455217,True,2.2132046107070305,1.6838525325966098,-0.05370196837858106,1.0221765175554849,-2.0337245168235225,2.8310711017417782,0.18437335412074957,-1.4053856875288706,-0.8760336094184501,2.0337245168235225,0,-1.0202653389690999,0.7296015135654169,-0.783303481943998,0.16666666666666666,0.07692307692307693
Crestline Beverages,ooh,2023-07,6,-1.6958638375559694,-0.4796815960704919,-0.4796815960704919,False,0.0152295789676891,-0.8912715264469455,1.5344391522188157,0.16610874608052908,,-1.0793042942258955,-1.2055950639583812,-1.7110934165236584,-0.8045923111090238,,1,0.8410272677262073,1.9505289794273173,-0.41608982720850163,0.14285714285714285,0.10526315789473684
Nimbus Home,social,2023-07,6,-0.8311218686776227,-0.025319496558924626,-0.025319496558924626,False,-0.6348584238202725,-0.9026419397987437,0.0582597885584638,-1.8617499538399307,-0.5871030901210568,1.3613696994116795,-0.495446275090676,-0.19626344485735026,0.07152007112112102,0.5871030901210568,1,0.03357836005020347,0.39810989192500196,-0.33985010336653815,0.0,0.125
Crestline Beverages,paid_search,2023-07,6,,,,False,,,,-0.9448148768690086,-1.1031972688121185,1.416344874486714,0.165283724355976,,,1.1031972688121185,0,,1.9505289794273173,,0.14285714285714285,0.10526315789473684
Verdant Snacks,digital_video,2023-07,6,-1.201495771820934,-0.10411403690386706,-0.10411403690386706,False,-0.21916530954321337,0.3281849196944045,1.859157294086325,-1.117674221099338,0.8618739270506608,-0.4354952063361204,-0.21980954525737811,-0.9823304622777207,-1.5296806915153385,-0.8618739270506608,1,0.6802580404388948,2.2269829339191003,-0.3678256398327753,0.2,0.1
Halcyon Personal Care,digital_video,2023-07,6,-0.7850331759824627,-0.13831071446089743,-0.13831071446089743,False,0.19237739724904396,-0.379010788116999,0.9047219337117899,-0.19348578093265328,0.6232803853682324,0.8640527857314115,0.18272469705869765,-0.9774105732315066,-0.4060223878654637,-0.6232803853682324,1,-0.33433936068239534,1.7282744773034402,-0.8235525435916503,0.0,0.125
Halcyon Personal Care,display,2023-07,6,-1.6221259820283542,0.08692632204980968,0.08692632204980968,False,-2.363449011639129,1.0398058942297697,0.5899982786671346,-0.9485956707442255,0.8465387630200955,-0.06390686262730977,-1.0095840627895716,0.7413230296107747,-2.661931876258124,-0.8465387630200955,1,0.48515678736004114,1.7282744773034402,-1.1382761986363055,0.0,0.125
Halcyon Personal Care,affiliate,2023-07,6,-0.4921141814273715,-0.3008328458335265,-0.3008328458335265,False,-0.7046902329792191,-1.3899046306419836,0.6658272687154028,-0.2534812952647847,1.2417681889987153,-0.21883717130882308,1.2703016250446113,0.21257605155184756,0.897790449214612,-1.2417681889987153,1,-0.3038759547730224,1.7282744773034402,-1.0624472085880374,0.0,0.125
Verdant Snacks,affiliate,2023-07,6,0.10947992953117423,0.7153326876749455,0.7153326876749455,True,-0.7113347541215221,-0.5969612866039725,0.9517227835153018,-0.2690918308204726,0.2928019391991242,-0.13136091780094636,-1.270005310404633,0.8208146836526964,0.7064412161351468,-0.2928019391991242,0,-0.44929403300377757,2.2269829339191003,-1.2752601504037986,0.2,0.1
Halcyon Personal Care,paid_search,2023-07,6,0.3610223598687427,0.29384267196517244,0.3610223598687427,False,0.6165443158387118,1.335769367028321,0.4792383654642122,0.18898080799364428,-0.2416406827300984,-1.678523502269737,0.272665782758736,-0.25552195596996913,-0.9747470071595783,0.2416406827300984,1,-0.17813308839435682,1.7282744773034402,-1.249036111839228,0.0,0.125
Halcyon Personal Care,retail_media,2023-07,6,-0.5377549894611202,0.032227170077323564,0.032227170077323564,False,0.24108110831380816,0.18430264843171396,1.1581164181013117,-0.4048511571506757,-2.2728205304019977,-0.45296845069025066,0.7861297861443455,-0.7788360977749283,-0.7220576378928342,2.2728205304019977,1,1.0796424115566763,1.7282744773034402,-0.5701580592021285,0.0,0.125
Crestline Beverages,tv,2023-07,6,-1.4591756458128546,-0.3893214675276685,-0.3893214675276685,False,-0.8762678653005876,-0.0535921905354092,2.969042950825193,-0.8973188924033382,,1.4272315355319065,-0.15773667046248274,-0.582907780512267,-1.4055834552774455,,1,1.9870894440173243,1.9505289794273173,1.018513971397876,0.14285714285714285,0.10526315789473684
Aster Wellness,audio,2023-07,6,-0.7180212778636906,-0.3933049842165108,-0.3933049842165108,False,0.31982365257085016,0.6241968275305293,1.13382027189576,1.570822605585298,-0.5385411772462602,1.303144288973157,0.09624307335244081,-1.0378449304345407,-1.34221810539422,0.5385411772462602,1,-0.026501252614312656,1.3726453982645819,-0.23882512636882192,0.0,0.125
Verdant Snacks,social,2023-07,6,-0.25042975758703584,0.0898533387363552,0.0898533387363552,False,-0.8279904774566693,0.42401451737722545,1.246146834452956,1.6702526392900354,0.4044693410234176,-0.8649283135148611,-0.12479385185416442,0.5775607198696335,-0.6744442749642613,-0.4044693410234176,1,0.33299378894071846,2.2269829339191003,-0.9808360994661443,0.2,0.1
Halcyon Personal Care,social,2023-07,6,-0.036739061306720514,-0.5192228343068892,-0.036739061306720514,False,-1.0506204428267556,-0.7038564911655445,0.5437045789841948,0.4578184391847851,1.1182522918341204,0.14719398939410808,0.046801319204886616,1.0138813815200352,0.6671174298588239,-1.1182522918341204,0,-0.4142980258012189,1.7282744773034402,-1.1845698983192454,0.0,0.125
Crestline Beverages,social,2023-07,6,-1.392289582545016,-0.2527498842246181,-0.2527498842246181,False,0.05836759258045426,0.32607439492480184,1.8245287018711023,1.8748776334365236,0.6291373530718379,0.11122319929598694,0.5046121496139824,-1.4506571751254702,-1.7183639774698176,-0.6291373530718379,1,1.0036542770370651,1.9505289794273173,-0.126000277556215,0.14285714285714285,0.10526315789473684
Verdant Snacks,paid_search,2023-07,6,-0.4630991433636576,1.050170941409983,1.050170941409983,True,-0.15855933173179118,1.69244651714409,0.8995512222430505,-1.663245299837359,0.49387941820265274,-2.1356242843302917,-0.2736366781297999,-0.3045398116318664,-2.1555456605077477,-0.49387941820265274,0,-0.08200302536269424,2.2269829339191003,-1.32743171167605,0.0,0.1
Aster Wellness,paid_search,2023-07,6,-0.2906063317773595,-0.6983105786517115,-0.2906063317773595,False,0.6953758689938642,1.6723212669758856,0.14699089504479224,-0.10293949044296045,0.15884423906850045,1.2126531549921573,-0.5149541463719314,-0.9859822007712237,-1.962927598753245,-0.15884423906850045,0,-1.176449254699853,1.3726453982645819,-1.2256545032197896,0.0,0.125
Nimbus Home,digital_video,2023-07,6,0.8765747915394161,-0.010007604154622022,0.8765747915394161,True,-0.586378074581509,0.2681275487349211,0.2541982154822451,-0.13256836855413998,-0.4430499651485361,1.1133799398145021,-0.7573022977398758,1.4629528661209252,0.6084472428044949,0.4430499651485361,1,-0.15153665686521248,0.39810989192500196,-0.14391167644275688,0.0,0.125
Nimbus Home,display,2023-07,6,-1.0863184874334553,-0.2124019731170309,-0.2124019731170309,False,0.019377555435242482,1.215315042984263,0.5850989202049043,-0.6501382996218202,-0.38533045742324684,-2.089470937696536,-0.6458189041027476,-1.1056960428686977,-2.3016335304177185,0.38533045742324684,1,0.47710350297010984,0.39810989192500196,0.18698902827990233,0.0,0.125
Crestline Beverages,retail_media,2023-07,6,0.13969292767047134,0.7476439315166395,0.7476439315166395,True,0.82448347428407,0.4186529858829337,1.1120909956168203,-1.0866563461779666,0.871268740937555,-1.6845793241470928,-0.444835214139247,-0.6847905466135986,-0.2789600582124624,-0.871268740937555,0,0.47776433926229545,1.9505289794273173,-0.838437983810497,0.14285714285714285,0.10526315789473684
Solstice Foods,tv,2023-07,6,0.43951185562703254,0.5873746255081413,0.5873746255081413,True,-0.8481275049157349,-0.8555044482782027,-0.2513417251230641,-0.47505648388264804,,-0.4535976275711979,,1.2876393605427674,1.2950163039052351,,0,-0.5685919299546204,0.7296015135654169,-0.980943238688481,0.3333333333333333,0.07692307692307693
Nimbus Home,paid_search,2023-07,6,0.11347549929045285,0.3905954737140776,0.3905954737140776,False,-1.1416109051366665,-0.20959761188548012,0.7082241088405635,-0.19941407725159505,-0.73147733838478,0.9175694741985437,0.33729562315319983,1.2550864044271193,0.32307311117593296,0.73147733838478,0,0.4469749844257851,0.39810989192500196,0.31011421691556157,0.0,0.125
Nimbus Home,retail_media,2023-07,6,0.5446907784968599,0.045590267516890555,0.5446907784968599,True,0.48543667353248493,0.26221038072711694,-0.367269444853447,0.7527867408247397,-0.06941596795810624,-1.9701121841435456,0.5634175298614915,0.05925410496437494,0.28248039776974293,0.06941596795810624,1,-1.3003293483053984,0.39810989192500196,-0.7653793367784489,0.0,0.125
Nimbus Home,audio,2023-07,6,-1.0851873413672084,-0.7616772910894403,-0.7616772910894403,False,0.12168632451227124,-0.19148741945437392,-0.1806933931708895,1.9359008662488102,-0.20805458864312473,-0.7118085791683993,-0.7392790646944036,-1.2068736658794796,-0.8936999219128345,0.20805458864312473,1,-0.5395811317752629,0.39810989192500196,-0.5788032850958915,0.0,0.125
Ridgeway Grocery,display,2023-07,6,0.4839014879299668,0.21540327620041788,0.4839014879299668,False,0.98691219920121,0.6454420003359099,0.09402847305149115,1.438277835521001,-1.8278670687046992,0.2830839553861153,0.02901805017800907,-0.5030107112712432,-0.16154051240594314,1.8278670687046992,1,0.0910572427155557,1.2592987894195928,-1.1652703163681017,0.16666666666666666,0.10256410256410256
Aster Wellness,digital_video,2023-07,6,0.3032402986331753,0.6297372142553969,0.6297372142553969,True,0.38102793154339143,-0.438877985561906,0.24787963051380432,0.3594203627311887,0.7082517175861315,-0.6529579620771495,-1.4558862834555901,-0.07778763291021612,0.7421182841950813,-0.7082517175861315,0,-0.7798235060509354,1.3726453982645819,-1.1247657677507776,0.0,0.125
Ridgeway Grocery,retail_media,2023-07,6,0.423581616939383,,0.423581616939383,False,-0.09142646441899765,0.17158207443777454,0.3676305710879407,-0.6019292959520972,0.888556494743136,1.8467360965534134,0.19652365544443676,0.5150080813583806,0.2519995425016085,-0.888556494743136,0,0.47056099675661417,1.2592987894195928,-0.8916682183316521,0.16666666666666666,0.10256410256410256
Solstice Foods,digital_video,2023-07,6,-0.6676120822810028,,-0.6676120822810028,False,-0.5162803035967838,-0.02372404315377129,-0.08802891176369203,-0.5100257081983771,0.6512330047471523,2.032479103668255,0.6261781420073012,-0.151331778684219,-0.6438880391272315,-0.6512330047471523,0,-0.6055228033359302,0.7296015135654169,-0.8176304253291089,0.3333333333333333,0.07692307692307693
Crestline Beverages,digital_video,2023-07,6,-0.37952490014860246,-0.013335887755915172,-0.013335887755915172,False,0.16191432051469623,1.2293588594383718,2.791550156663524,1.9658950649923423,0.21155853162504049,0.3836858806716538,-1.9130543855372966,-0.5414392206632987,-1.6088837595869743,-0.21155853162504049,1,0.1654540187881992,1.9505289794273173,0.8410211772362066,0.14285714285714285,0.10526315789473684
Aster Wellness,retail_media,2023-07,6,0.29230739298657143,0.12919664736748016,0.29230739298657143,False,0.3765755595289475,0.9096671497863597,0.2270178619767581,-0.2964621028124828,-0.5265114117740729,-0.46233139338759405,-0.7704731856965632,-0.08426816654237607,-0.6173597567997882,0.5265114117740729,1,-1.3392351677265064,1.3726453982645819,-1.1456275362878237,0.0,0.125
Crestline Beverages,affiliate,2023-07,6,0.3730411057264693,1.1922486640127608,1.1922486640127608,True,-0.37991964854138743,-0.37341548333479,0.5504503810987166,,-0.01943030216427478,2.829121130600451,0.22926364620873635,0.7529607542678567,0.7464565890612593,0.01943030216427478,0,-0.0629422311176877,1.9505289794273173,-1.4000785983286006,0.0,0.10526315789473684
Solstice Foods,display,2023-07,6,-1.3236220564213155,-0.13011116227573294,-0.13011116227573294,False,0.6483786566881544,-0.33054367837441767,-0.046842613495301125,-0.48418234899144014,-1.1053862468570346,0.038795300581090375,0.20120447803001207,-1.97200071310947,-0.9930783780468978,1.1053862468570346,1,-1.5114127660387913,0.7296015135654169,-0.7764441270607181,0.3333333333333333,0.07692307692307693
Aster Wellness,display,2023-07,6,0.32878204427412355,0.06145900193259502,0.32878204427412355,False,-0.015713759078435613,-0.18696920770413034,0.9795684871431756,0.2735938392455371,2.136973363854023,-0.7393981336910619,0.7924588813874353,0.34449580335255914,0.5157512519782539,-2.136973363854023,1,0.8521826055241934,1.3726453982645819,-0.3930769111214063,0.0,0.125
Ridgeway Grocery,social,2023-07,6,0.27407721449489425,1.2180151660929546,1.2180151660929546,True,1.7250537752678692,0.5747833928419609,-0.13478992750076405,1.6075594060583256,-2.8188576865219486,2.065847302078849,0.5783776133579589,-1.450976560772975,-0.30070617834706664,2.8188576865219486,0,-0.15093362272925678,1.2592987894195928,-1.3940887169203569,0.0,0.10256410256410256
Aster Wellness,social,2023-07,6,-0.20750788769957446,,-0.20750788769957446,False,0.2948758189123002,0.22180557245058719,1.1169152121723984,-0.49759989464533855,1.0301454791977367,3.384041891052165,-1.2741139858755621,-0.5023837066118746,-0.42931346015016164,-1.0301454791977367,0,0.49273427504657197,1.3726453982645819,-0.25573018609218345,0.0,0.125
Ridgeway Grocery,paid_search,2023-07,6,-0.18760411689377174,0.017488911092519762,0.017488911092519762,False,-1.2105050915263793,-0.013131730839253924,-0.7297406835099091,0.715137104239398,0.15097890388431462,-0.8888292058050086,1.1320550511132552,1.0229009746326077,-0.17447238605451781,-0.15097890388431462,1,-1.5954452363324316,1.2592987894195928,-1.9890394729295018,0.16666666666666666,0.10256410256410256
Verdant Snacks,retail_media,2023-07,6,-0.8015568116611556,0.07835490686071633,0.07835490686071633,False,-0.5136460221127932,0.5200404539049615,1.0265009325928416,1.198838298396496,-2.010530640668897,-0.3379077053202392,-1.152020723975445,-0.28791078954836236,-1.321597265566117,2.010530640668897,1,0.520218431805932,2.2269829339191003,-1.2004820013262587,0.2,0.1
Ridgeway Grocery,tv,2023-07,6,-0.8476098007351263,-0.037476262691849546,-0.037476262691849546,False,-0.13718890117024393,0.3347682929674197,0.4477054068150861,-0.8232040758562058,,0.20210330368950966,0.3559836457977486,-0.7104208995648823,-1.182378093702546,,1,0.12908544452016088,1.2592987894195928,-0.8115933826045068,0.16666666666666666,0.10256410256410256
Verdant Snacks,display,2023-07,6,0.04726468172866487,0.30608294198174857,0.30608294198174857,False,-0.6256892717159908,-0.231609514764091,0.7042310041640824,-0.4928574104710343,0.9889059268304785,-1.7747709340731108,0.11373405002591125,0.6729539534446556,0.27887419649275585,-0.9889059268304785,0,-1.0611642448715093,2.2269829339191003,-1.5227519297550178,0.2,0.1
Solstice Foods,affiliate,2023-07,6,-0.14710534969262712,0.5151226299901389,0.5151226299901389,True,-0.5645616226490744,-0.7065830001998685,-0.15420570959079014,1.3446228670041727,0.8523711512876702,,0.7203106803035236,0.41745627295644727,0.5594776505072414,-0.8523711512876702,0,-1.598202125198872,0.7296015135654169,-0.8838072231562071,0.3333333333333333,0.07692307692307693
Solstice Foods,retail_media,2023-07,6,0.16803987082005445,0.32235273966806954,0.32235273966806954,False,1.8566567742817242,1.2230103401139247,0.4334159621875882,-2.150972372234692,-0.7799791532357154,-0.1636688326798791,-0.023974972904575176,-1.6886169034616696,-1.0549704692938704,0.7799791532357154,0,0.7687678365514983,0.7296015135654169,-0.2961855513778287,0.3333333333333333,0.07692307692307693
Crestline Beverages,audio,2023-07,6,-0.6231859178616086,0.08327342124975737,0.08327342124975737,False,-0.21631999404902874,-0.5700559560475327,1.5188572348866798,-0.664618409553589,-0.8726253963757729,-0.5674263383465661,-0.06043686975851642,-0.40686592381257985,-0.05312996181407592,0.8726253963757729,1,0.24033486329612497,1.9505289794273173,-0.4316717445406375,0.14285714285714285,0.10526315789473684
Solstice Foods,paid_search,2023-07,6,1.7396634626787824,0.909024473242684,1.7396634626787824,True,1.4536170024335016,0.8647311519924858,-0.42490441749578883,2.478223655317389,-1.0083192297043273,2.0055620338802918,0.9466614313126759,0.2860464602452808,0.8749323106862965,1.0083192297043273,1,-1.9561953465420967,0.7296015135654169,-1.1545059310612058,0.16666666666666666,0.07692307692307693
Ridgeway Grocery,tv,2023-08,7,-0.677340825934638,-0.3381708350367145,-0.3381708350367145,False,-0.04083493500201733,0.9008914715871953,0.615650715495668,1.9361410029911477,,0.21130500910519462,-1.1452748655985112,-0.6365058909326207,-1.5782322975218332,,1,0.30037153089331203,1.3173143414955173,-0.7016636259998493,0.3333333333333333,0.07692307692307693
Nimbus Home,social,2023-08,7,0.6950857565589255,-0.0029383646764905196,0.6950857565589255,True,-0.5448744855817601,-0.7385371065656183,-0.4986374169009905,0.6923086341584573,0.40500765477379913,0.10433404665100499,-0.8386852969846689,1.2399602421406857,1.4336228631245438,-0.40500765477379913,1,-0.47251112274430374,-0.15143658867208587,-0.34720082822890463,0.0,0.125
Nimbus Home,digital_video,2023-08,7,-0.3177407600382091,-0.15837709120351492,-0.15837709120351492,False,0.03665018822555344,-0.3485749464707851,-0.2572084768149882,-1.906460633444984,-0.30568946486385895,-0.8391246479616996,0.053363574320751395,-0.35439094826376255,0.03083418643257596,0.30568946486385895,1,-0.23117720139465367,-0.15143658867208587,-0.10577188814290234,0.0,0.125
Halcyon Personal Care,paid_search,2023-08,7,-0.12638779766732047,0.2729942379438297,0.2729942379438297,False,0.9634259183070707,0.2603067689495373,2.0318832524721837,0.3978079667520687,-0.5352090747631386,0.8051669264573036,-0.6165296093529893,-1.0898137159743913,-0.38669456661685775,0.5352090747631386,0,0.31891996542362583,5.072047729688069,-3.040164477215885,0.0,0.125
Halcyon Personal Care,display,2023-08,7,-0.9867896057611825,-0.20323669123534063,-0.20323669123534063,False,-1.9617091593057308,-0.31058252642109396,2.016820744176044,-0.6213600505992444,1.0834081522881351,-1.528487468942572,0.7750543228534246,0.9749195535445483,-0.6762070793400885,-1.0834081522881351,1,0.374308819687641,5.072047729688069,-3.0552269855120247,0.0,0.125
Verdant Snacks,social,2023-08,7,-0.24162523668252076,0.17536906625381854,0.17536906625381854,False,-0.2855835472838089,0.5160128268304282,0.5028770729813026,,-1.0072904186515135,-0.7784289366866038,0.396902206385976,0.04395831060128816,-0.7576380635129489,1.0072904186515135,1,0.4987075216891836,0.6526341766329294,-0.14975710365162687,0.0,0.125
Ridgeway Grocery,retail_media,2023-08,7,-0.40128243703749367,,-0.40128243703749367,False,0.39179458754770685,0.3120024966839786,-0.014383157760428868,0.07751981973651567,-0.2671068306755621,1.2776409225423933,-0.2646737355721469,-0.7930770245852006,-0.7132849337214723,0.2671068306755621,0,-1.065303836192194,1.3173143414955173,-1.3316974992559463,0.3333333333333333,0.07692307692307693
Solstice Foods,paid_search,2023-08,7,1.171372658856403,1.9334198309274553,1.9334198309274553,True,2.629112113414936,1.8371668664378078,0.08767364874181924,2.5492384152341105,-2.4435585218189,2.816814093959058,-0.19776534794952658,-1.4577394545585327,-0.6657942075814047,2.4435585218189,0,-0.07961577391983596,0.6777484539040664,-0.5900748051622471,0.16666666666666666,0.07692307692307693
Solstice Foods,social,2023-08,7,0.9395092812196846,1.2971109963550895,1.2971109963550895,True,3.878627040328623,3.602308978822515,0.2873817555136122,1.3756124110858332,-3.5822040167201386,,0.21944406092390678,-2.9391177591089384,-2.6627996976028303,3.5822040167201386,0,-0.3238860789297112,0.6777484539040664,-0.3903666983904541,0.16666666666666666,0.07692307692307693
Solstice Foods,digital_video,2023-08,7,,,,False,,,,0.30156597528161394,1.4356857539824532,0.15589607356607535,-1.0454434165564062,,,-1.4356857539824532,0,,0.6777484539040664,,0.3333333333333333,0.07692307692307693
Crestline Beverages,audio,2023-08,7,-0.5786286612149878,0.054323379051908025,0.054323379051908025,False,1.0663609223735444,0.5596189769235587,0.3425694978904769,-0.12207205157313936,1.3041162463823397,2.1341809753408545,0.0033357573653844397,-1.6449895835885322,-1.1382476381385465,-1.3041162463823397,1,-0.5995653806512682,1.0404200631312785,-0.6978505652408016,0.14285714285714285,0.10526315789473684
Nimbus Home,display,2023-08,7,-0.16078743404816864,-0.5228889783596286,-0.16078743404816864,False,0.38823436012633944,0.4595822225276699,0.010038974491611605,1.1254010109373538,0.5285214379316492,-2.22177531660151,0.4166324756799483,-0.5490217941745081,-0.6203696565758385,-0.5285214379316492,0,0.11448019870011807,-0.15143658867208587,0.1614755631636975,0.0,0.125
Halcyon Personal Care,affiliate,2023-08,7,0.13628415572976746,-0.02811076870173638,0.13628415572976746,False,-0.05430859696831929,-0.815200077788042,2.09116579938834,1.4964219399598522,1.2041456281350271,-1.4574569273162592,0.00955290664351044,0.19059275269808676,0.9514842335178095,-1.2041456281350271,1,-0.7446625969187548,5.072047729688069,-2.9808819302997285,0.0,0.125
Aster Wellness,retail_media,2023-08,7,-1.13431446226198,-0.018331830493413394,-0.018331830493413394,False,-0.01942178309338205,0.7145716907990242,2.43132554529046,0.5473514343808772,-0.9602906980796241,-1.6837918360322532,0.3320470161543888,-1.114892679168598,-1.8488861530610041,0.9602906980796241,1,-0.19636994112469516,3.977066983494843,-1.545741438204383,0.0,0.125
Crestline Beverages,retail_media,2023-08,7,1.4549454703517364,0.9564102948316453,1.4549454703517364,True,-0.06548287018998723,-0.10194765170183712,0.5697169076086418,0.004512254536842564,-0.20715937768337855,-0.11603978363109867,-6.5712703272904625,1.5204283405417236,1.5568931220535736,0.20715937768337855,1,-0.33948586534040537,1.0404200631312785,-0.47070315552263675,0.0,0.10526315789473684
Nimbus Home,retail_media,2023-08,7,0.577326326779312,0.09617748847658181,0.577326326779312,True,-0.93909423702071,0.7112432343631807,-0.32173639468153276,-0.3410654501570024,-0.9306939930670642,-0.10867727633909935,-0.6022854926659007,1.5164205638000219,-0.13391690758386876,0.9306939930670642,1,-0.5032190915233187,-0.15143658867208587,-0.17029980600944689,0.0,0.125
Ridgeway Grocery,social,2023-08,7,2.2906258020495915,1.8213764571162532,2.2906258020495915,True,3.2539639917691434,1.2492724642207025,-0.10348418253392451,1.9287855474279922,-3.4901293373614073,1.6756176445738213,-0.917939401043219,-0.9633381897195519,1.041353337828889,3.4901293373614073,1,-0.655470527127729,1.3173143414955173,-1.4207985240294418,0.16666666666666666,0.07692307692307693
Verdant Snacks,affiliate,2023-08,7,-0.803658244572148,0.2606442677334604,0.2606442677334604,False,-0.27679357895073314,-1.0487770719785876,0.6561929199464019,-1.9837956634765288,-0.9962042690970063,-1.3040406521571637,-0.33503605102323947,-0.5268646656214149,0.24511882740643964,0.9962042690970063,1,0.9843250560355704,0.6526341766329294,0.003558743313472501,0.0,0.125
Solstice Foods,tv,2023-08,7,-1.5580367879941628,-0.008582732056530052,-0.008582732056530052,False,0.2972972453986421,0.49074408265854513,0.43869729860392453,-0.807404758212315,,-0.8361612352180745,0.6510676888475522,-1.855334033392805,-2.048780870652708,,1,0.31849327172832886,0.6777484539040664,-0.23905115530014182,0.3333333333333333,0.07692307692307693
Solstice Foods,retail_media,2023-08,7,0.09104108537588639,0.7776656978834318,0.7776656978834318,True,-0.4267583794409182,1.1192088790734827,0.5177719903688472,-0.14636313828216652,2.275954605318416,-0.3574115577342239,-0.23685943464170772,0.5177994648168046,-1.0281677936975964,-2.275954605318416,0,0.4303284779287958,0.6777484539040664,-0.1599764635352191,0.3333333333333333,0.07692307692307693
Aster Wellness,paid_search,2023-08,7,-0.3606717583893006,-0.5120131254206333,-0.3606717583893006,False,0.48525639382973057,1.664160412737146,1.9196182708501621,0.5916855889036665,0.5881764100686263,0.47909977182181496,-0.17851957738481625,-0.8459281522190312,-2.0248321711264468,-0.5881764100686263,0,-1.199653163189933,3.977066983494843,-2.057448712644681,0.0,0.125
Crestline Beverages,paid_search,2023-08,7,-0.4348549323122359,,-0.4348549323122359,False,-0.700690567798879,-0.9725873215639905,1.0217804597594855,-0.7241322732748084,0.12215838484979075,-0.2285952404233942,-1.1760365054988662,0.2658356354866431,0.5377323892517547,-0.12215838484979075,0,-0.12885429437094761,1.0404200631312785,-0.018639603371793045,0.14285714285714285,0.10526315789473684
Nimbus Home,paid_search,2023-08,7,0.0931499094286225,0.22316867475622407,0.22316867475622407,False,0.7797456844492483,0.15820591683535593,0.31765944847649613,0.9587052852685388,2.159585945138697,-0.3904853634148893,-1.1643355663523849,-0.6865957750206257,-0.06505600740673342,-2.159585945138697,0,0.20633985502344368,-0.15143658867208587,0.469096037148582,0.0,0.125
Aster Wellness,digital_video,2023-08,7,-0.6233423338980166,0.2396874840535665,0.2396874840535665,False,-0.6728082238057844,-0.6362322477357387,4.008484213956036,0.522497282699097,0.3070908836626451,0.5877469020271305,0.19749577060611673,0.04946588990776779,0.012889913837722089,-0.3070908836626451,1,0.5611089198596192,3.977066983494843,0.031417230461193046,0.0,0.125
Solstice Foods,affiliate,2023-08,7,-0.010859237177754862,0.14667816584385457,0.14667816584385457,False,0.4330365103282916,0.30653796080155093,0.41305163765594055,-2.0416329374093545,-1.0044714185624526,0.031660258130233876,,-0.4438957475060465,-0.3173971979793058,1.0044714185624526,0,0.4920255499405733,0.6777484539040664,-0.2646968162481258,0.3333333333333333,0.07692307692307693
Ridgeway Grocery,display,2023-08,7,1.0170647389043368,1.0661212140296779,1.0661212140296779,True,2.1253736746443708,2.3060374029630686,0.2577316330376718,1.690916928744849,-1.2521288552172982,5.459759405297571,0.8761468742883429,-1.108308935740034,-1.2889726640587318,1.2521288552172982,0,-0.563011251436561,1.3173143414955173,-1.0595827084578455,0.16666666666666666,0.07692307692307693
Aster Wellness,display,2023-08,7,-3.2540623010588465,-0.7147219201278501,-0.7147219201278501,False,-0.5872002665048275,0.7136308062746184,2.3670418976085337,-0.5685068226132571,-1.7178501619699116,-0.24265847744249225,0.8825650855549594,-2.6668620345540193,-3.967693107333465,1.7178501619699116,1,0.4342838695077621,3.977066983494843,-1.6100250858863094,0.0,0.125
Solstice Foods,display,2023-08,7,-1.706545677757097,-0.42627254791883173,-0.42627254791883173,False,0.032331136026158044,-1.1074064353817568,0.4303512476160654,-0.37942058000561807,-1.0057137970292092,-2.298348760753033,-0.642892803602825,-1.738876813783255,-0.5991392423753403,1.0057137970292092,1,-0.34936673913717514,0.6777484539040664,-0.24739720628800094,0.3333333333333333,0.07692307692307693
Verdant Snacks,display,2023-08,7,-0.8782322971932002,0.25744129539663235,0.25744129539663235,False,0.8131124039742034,0.7394277321787136,0.3048745327992553,-0.503328183465244,-0.32015577670405637,0.9752970720935689,-0.026437702237022687,-1.6913447011674037,-1.6176600293719137,0.32015577670405637,1,0.22516480327188323,0.6526341766329294,-0.34775964383367414,0.0,0.125
Aster Wellness,social,2023-08,7,-1.5282911622303064,,-1.5282911622303064,False,-0.2362706613737568,-0.5280232039430164,2.069480134245124,-1.9904762372054183,0.5680968881558128,0.5191450107787777,0.31455303060813206,-1.2920205008565495,-1.00026795828729,-0.5680968881558128,0,-0.6018613810597915,3.977066983494843,-1.9075868492497192,0.0,0.125
Crestline Beverages,tv,2023-08,7,-0.3916820411478087,-0.29860652029157386,-0.29860652029157386,False,0.604936618882311,0.10796463708643805,1.066787570659085,-0.5436957606448061,,0.6312320983366554,-0.7577850378156337,-0.9966186600301197,-0.49964667823424674,,1,0.27341146180222664,1.0404200631312785,0.026367507527806477,0.14285714285714285,0.10526315789473684
Ridgeway Grocery,audio,2023-08,7,-1.755316346927961,-0.2977093943161555,-0.2977093943161555,False,0.1374166168572821,1.4221796258160528,0.6644618296349724,-0.04427703366344872,0.380060107296806,0.07767002238057455,-0.8636690017767303,-1.892732963785243,-3.1774959727440137,-0.380060107296806,1,-0.10361063852164716,1.3173143414955173,-0.6528525118605449,0.3333333333333333,0.07692307692307693
Halcyon Personal Care,digital_video,2023-08,7,-0.900144476332376,-0.7906234665982083,-0.7906234665982083,False,-0.16393601115819809,-0.2542769372463555,2.3781985374687955,0.30918941946532563,-1.0156630443517822,-1.176607429268404,0.4483975967174411,-0.7362084651741779,-0.6458675390860205,1.0156630443517822,1,-0.6899030072237327,5.072047729688069,-2.693849192219273,0.0,0.125
Halcyon Personal Care,social,2023-08,7,-0.580716655618808,-0.36610133967757014,-0.36610133967757014,False,0.29677058737022916,-0.7303884184468951,2.883226034367922,-2.179333927723994,-0.780942455728039,0.06887925011822267,2.117341748643621,-0.8774872429890372,0.14967176282808703,0.780942455728039,1,-0.16314531098574842,5.072047729688069,-2.1888216953201467,0.0,0.125
Crestline Beverages,digital_video,2023-08,7,-1.0353279421138755,-0.24089967228796383,-0.24089967228796383,False,0.16860009112585578,0.43332514750751283,1.0706737358281582,-0.1612842614316743,-0.0845082015112287,-0.09902560666800636,-0.6197546574565449,-1.2039280332397313,-1.4686530896213883,0.0845082015112287,1,-0.3344137527549507,1.0404200631312785,0.03025367269687962,0.14285714285714285,0.10526315789473684
Verdant Snacks,digital_video,2023-08,7,-0.5429547829502479,-0.17505346770575458,-0.17505346770575458,False,-1.2229165384618061,0.2577612437050087,0.5638948276786659,2.8353670609026995,0.2478167843992334,-1.3302914667188768,-0.2343095040466911,0.6799617555115582,-0.8007160266552567,-0.2478167843992334,1,0.028785441881488676,0.6526341766329294,-0.0887393489542635,0.0,0.125
Verdant Snacks,paid_search,2023-08,7,-0.8194376009864254,0.13868973097712384,0.13868973097712384,False,-0.4997094612839179,-0.529017204293255,-1.385036294051407,-1.573048956154835,2.0567913517509075,-1.4499267343009192,-0.06965984194337652,-0.31972813970250746,-0.2904203966931703,-2.0567913517509075,1,-2.5639091699272107,0.6526341766329294,-2.0376704706843363,0.0,0.125
Ridgeway Grocery,paid_search,2023-08,7,0.01644844188314339,0.2280596869308254,0.2280596869308254,False,0.6025341582036678,0.6274896996414527,0.8406780311591365,-0.6462937652438174,-1.1875484247266286,-1.308770517232181,0.37827547616824386,-0.5860857163205244,-0.6110412577583093,1.1875484247266286,0,-0.06331764963791256,1.3173143414955173,-0.47663631033638076,0.3333333333333333,0.07692307692307693
Crestline Beverages,ooh,2023-08,7,-0.2814744830734775,-0.4058208584262152,-0.2814744830734775,False,1.0690453245253388,-0.25584897543690716,1.1962774535525178,-0.31572659039855727,,-0.44512535216910043,0.26938274913099053,-1.3505198075988163,-0.025625507636570344,,0,1.099669685180919,1.0404200631312785,0.15585739042123925,0.14285714285714285,0.10526315789473684
Aster Wellness,audio,2023-08,7,-1.4128384378378505,-0.8624924707186111,-0.8624924707186111,False,-0.12938481849591665,-0.9553134781477818,2.725849205505196,-0.06717922004781242,0.21533719223920178,-1.3359412638327461,0.19570071661405286,-1.283453619341934,-0.4575249596900687,-0.21533719223920178,1,-0.5638479185796362,3.977066983494843,-1.251217777989647,0.0,0.125
Halcyon Personal Care,retail_media,2023-08,7,-0.5882940631914491,-0.20837646013832248,-0.20837646013832248,False,0.5047217351824261,0.47315512424095735,2.0808633088199473,1.7022260711735682,-1.1835337944322684,-0.36274132400883646,0.460774547201126,-1.0930157983738753,-1.0614491874324063,1.1835337944322684,1,0.5170087125258789,5.072047729688069,-2.9911844208681213,0.0,0.125
Ridgeway Grocery,affiliate,2023-08,7,-0.8449595273062757,0.21910231529225577,0.21910231529225577,False,0.5791494355157094,0.23403035611433853,0.39421037895344757,0.4630241944471869,-0.29422770503799783,-0.5769605553549281,0.8294317568731154,-1.4241089628219852,-1.0789898834206142,0.29422770503799783,1,-1.3972824283304013,1.3173143414955173,-0.9231039625420697,0.3333333333333333,0.07692307692307693
Nimbus Home,audio,2023-08,7,-0.019887874928476323,-0.5388728500727769,-0.019887874928476323,False,-1.0158393934631638,-1.3053196218576903,-0.0017930525997597348,-2.6557053533944894,0.7863929114762604,-2.151391801176174,0.33377338755234964,0.9959515185346874,1.285431746929214,-0.7863929114762604,0,0.15325377236915333,-0.15143658867208587,0.14964353607232614,0.0,0.125
Verdant Snacks,retail_media,2023-08,7,-0.2300733297240682,0.1541773161270118,0.1541773161270118,False,0.021695847932525124,0.8462975722445852,0.6727273241968944,-1.087031277541078,3.6205919952684957,1.2849162896343196,0.36077042074278487,-0.2517691776565933,-1.0763709019686534,-3.6205919952684957,1,0.6220273097492761,0.6526341766329294,0.020093147563964964,0.0,0.125
Crestline Beverages,social,2023-08,7,-0.23388767994709592,-0.18887788158215893,-0.18887788158215893,False,-0.5590439539161643,-0.23087998978826987,0.5168477988204516,-0.10258985133032195,0.27546304581760206,1.4753507199662113,0.17456051657027197,0.32515627396906843,-0.003007690158826043,-0.27546304581760206,1,-0.28204271770831874,1.0404200631312785,-0.5235722643108269,0.14285714285714285,0.10526315789473684
Crestline Beverages,affiliate,2023-08,7,-0.2949795334303511,0.6237575733484052,0.6237575733484052,True,0.04524946228985177,0.6354224089200583,0.3693353895943995,1.554941775252161,-1.9764331853775514,-1.257170446430872,0.618258038556399,-0.3402289957202029,-0.9304019423504094,1.9764331853775514,0,-0.46858073252959254,1.0404200631312785,-0.6710846735368791,0.14285714285714285,0.10526315789473684
Solstice Foods,paid_search,2023-09,8,-1.9830168208075347,0.20622651127281125,0.20622651127281125,False,-1.5264460866103193,-0.22559760700674358,0.45467587815589705,0.033093958064470255,0.2381335552325914,-0.22527803834078627,-0.42927633617079464,-0.4565707341972154,-1.7574192138007911,-0.2381335552325914,1,-0.02062934921337883,1.1570266912227058,-0.7023508130668088,0.0,0.10256410256410256
Solstice Foods,affiliate,2023-09,8,-0.17398338826385312,-0.11064932504474505,-0.11064932504474505,False,0.8920366598674077,0.4005601442601778,1.157215310348322,-0.31330944293936575,-0.15021754270101145,0.5537263517905955,0.5351661824484446,-1.0660200481312607,-0.5745435325240309,0.15021754270101145,1,1.7368832481650247,1.1570266912227058,0.0001886191256161851,0.0,0.10256410256410256
Aster Wellness,audio,2023-09,8,-3.867001297192684,-1.9992870042980748,-1.9992870042980748,False,0.8101736894899301,-0.044709493828371666,2.209966740130164,-0.5772831592002703,-1.4757271269261225,1.752462026439322,-0.26069304605656485,-4.677174986682614,-3.8222918033643123,1.4757271269261225,1,0.2658996705203115,1.9214620239401603,0.2885047161900036,0.0,0.1
Solstice Foods,tv,2023-09,8,-0.9768006956796396,-0.46562791734372666,-0.46562791734372666,False,-0.9723129614360337,-1.1227434062934876,0.6481161348903182,-2.166969471545314,,1.044701273968306,0.8609483721290958,-0.004487734243605823,0.145942710613848,,1,0.04951482246074396,1.1570266912227058,-0.5089105563323877,0.0,0.10256410256410256
Ridgeway Grocery,tv,2023-09,8,0.1634494807334143,-0.30255581020807776,0.1634494807334143,False,0.47724053432080954,-0.09024785529774436,0.8871578564673681,,,1.2172100261624381,-1.6980287263649,-0.31379105358739523,0.2536973360311587,,0,0.7385922715376816,1.4078394854372709,-0.5206816289699028,0.6666666666666666,0.0
Verdant Snacks,paid_search,2023-09,8,0.4566964997465109,-0.18352005435634947,0.4566964997465109,False,-0.23119694341800257,-1.3359832646358665,-2.021112079433732,-0.7715477142413734,1.7338884760259425,-1.7330784831728385,,0.6878934431645134,1.7926797643823773,-1.7338884760259425,1,-2.2878391403402047,-2.0058224497540973,-0.015289629679634764,0.0,0.1
Verdant Snacks,retail_media,2023-09,8,0.4134093288306827,-0.137382402789898,0.4134093288306827,False,-1.5041650351203955,-0.8389166486488041,0.11265843360174954,0.18405850486193248,2.6600018204723517,1.3767147917611908,-0.13366259924828747,1.9175743639510783,1.2523259774794868,-2.6600018204723517,1,1.567362602154972,-2.0058224497540973,2.118480883355847,0.0,0.1
Crestline Beverages,social,2023-09,8,0.25602928479371,-0.3044773283774226,0.25602928479371,False,-0.3225170996279847,-0.7177188719633506,-0.29162459971021126,0.4915785939961503,-0.47902091498243543,-0.6273273043820407,-0.5783859634331673,0.5785463844216947,0.9737481567570606,0.47902091498243543,0,2.400085437621919,-2.298694643622776,2.007070043912565,0.0,0.10526315789473684
Crestline Beverages,affiliate,2023-09,8,-0.2058545248135004,-0.028398433892751596,-0.028398433892751596,False,-0.5004148561333959,0.09967184752984887,-0.06892513501827022,-0.6656459168243734,0.053428753346646346,0.8979602897679895,0.464044365419955,0.29456033131989545,-0.30552637234334923,-0.053428753346646346,1,1.7754911700237113,-2.298694643622776,2.229769508604506,0.0,0.10526315789473684
Crestline Beverages,tv,2023-09,8,,,,False,,,,2.043313581869463,,-0.5290716013945415,0.7474936894146189,,,,0,,-2.298694643622776,,0.0,0.10526315789473684
Solstice Foods,digital_video,2023-09,8,-2.5130453515844966,,-2.5130453515844966,False,1.0013933952108316,0.596621246672889,0.20722351011092627,-1.5859142631978629,-2.111723339053235,1.1190320389240227,0.5986211547374845,-3.514438746795328,-3.1096665982573857,2.111723339053235,0,-0.31559361711956635,1.1570266912227058,-0.9498031811117795,0.0,0.10256410256410256
Halcyon Personal Care,retail_media,2023-09,8,-1.0875503857021214,-0.7378664794515636,-0.7378664794515636,False,0.29382364817907547,0.34424356561096364,1.473291768366121,-0.7823440785365827,2.159127050075811,3.1767966091019684,-0.2296133632428761,-1.3813740338811968,-1.431793951313085,-2.159127050075811,1,2.761694879453391,1.7416101450176198,-0.2683183766514987,0.0,0.1
Nimbus Home,audio,2023-09,8,-0.10953190558488184,-0.4048690406268555,-0.10953190558488184,False,-1.9549616901899907,-0.9210524569285102,0.05960263309042922,0.4083465626634234,1.553173773519662,1.7890172028728728,-0.8733730716756566,1.8454297846051089,0.8115205513436284,-1.553173773519662,0,0.23465217492237805,-0.11071861815447999,0.1703212512449092,0.0,0.1
Nimbus Home,display,2023-09,8,-0.38829367247279123,-0.545133197984805,-0.38829367247279123,False,1.099167841651708,0.2898352513253181,-0.260536140310426,0.7545915581938346,-1.6365244006449267,-0.44161912661771857,-0.7563706112953067,-1.4874615141244993,-0.6781289237981094,1.6365244006449267,0,-0.10576816065785315,-0.11071861815447999,-0.14981752215594601,0.0,0.1
Halcyon Personal Care,social,2023-09,8,0.2565804219204756,-0.08019451000112288,0.2565804219204756,False,2.1251993048758093,1.536611289950908,2.221318671593598,,3.408156498116084,-1.3161819656845435,0.8574426071460778,-1.8686188829553338,-1.2800308680304324,-3.408156498116084,1,1.322930868288788,1.7416101450176198,0.4797085265759784,0.0,0.1
Nimbus Home,digital_video,2023-09,8,-0.6930791877063186,-0.02983225693446926,-0.02983225693446926,False,-0.5027620193104235,-1.2834724348704165,-0.7495021211361212,-0.7012645194225398,1.975406031245695,-1.7104859620834487,-0.11119090658730235,-0.19031716839589508,0.5903932471640979,-1.975406031245695,1,-0.9658982631260693,-0.11071861815447999,-0.6387835029816412,0.0,0.1
Halcyon Personal Care,paid_search,2023-09,8,0.7364422429452423,0.21579484558814768,0.7364422429452423,True,-0.7722246646888338,1.0929139640496743,0.9184658001141952,-0.4914173886135336,0.3117402123849638,0.0872567317872657,0.4021498605337265,1.5086669076340762,-0.35647172110443204,-0.3117402123849638,1,0.6152345351771151,1.7416101450176198,-0.8231443449034246,0.0,0.1
Ridgeway Grocery,social,2023-09,8,4.5812625068045305,2.3819885077830056,4.5812625068045305,True,6.925505148414579,2.9597301907969795,0.33954416733977416,5.683898844142987,-4.518680327515855,6.26998452358673,-0.256743828896705,-2.344242641610048,1.621532316007551,4.518680327515855,1,-0.6515669737643875,1.4078394854372709,-1.0682953180974968,0.5,0.0
Aster Wellness,paid_search,2023-09,8,-0.6995443880687872,-0.45027415941181576,-0.45027415941181576,False,-0.5955790711085189,0.30506960945974443,1.4693945683885314,2.2553202327930313,1.33626090345249,-1.8516598022308608,-0.5906746186552181,-0.10396531696026823,-1.0046139975285315,-1.33626090345249,1,-0.2994947865377319,1.9214620239401603,-0.45206745555162886,0.0,0.1
Crestline Beverages,retail_media,2023-09,8,-0.27914592408933675,0.2923316608739713,0.2923316608739713,False,-0.08712977930860205,0.11449572215717213,-0.8669747221808234,-0.7247269984647031,-0.875698626720704,-1.131771445320527,0.5622427701289602,-0.1920161447807347,-0.3936416462465089,0.875698626720704,0,1.2090959841475957,-2.298694643622776,1.4317199214419527,0.0,0.10526315789473684
Nimbus Home,paid_search,2023-09,8,-0.7557614207737584,-0.06101511245052034,-0.06101511245052034,False,-0.16723786685056938,-0.4077107889272421,-0.22704855876473246,0.5574619057198741,-1.8287073468598318,-0.6421308531635638,0.42838865046289293,-0.588523553923189,-0.3480506318465163,1.8287073468598318,1,-0.3295216123274433,-0.11071861815447999,-0.11632994061025247,0.0,0.1
Verdant Snacks,digital_video,2023-09,8,0.14912621771402146,-0.35451651934603556,0.14912621771402146,False,-0.1389402394696742,0.07495321689456047,-1.7472901009071464,-0.4409668387821545,,-1.5948654729169718,0.7520847919427905,0.28806645718369567,0.07417300081946099,,0,-1.5376418602065884,-2.0058224497540973,0.25853234884695087,0.0,0.1
Halcyon Personal Care,affiliate,2023-09,8,0.9829970885900866,0.13937045842055168,0.9829970885900866,True,-0.9541710688813189,-1.8066085759296109,1.0411941375250335,0.004750900329636432,0.20970518175629183,-1.4993989881932506,-0.07904864824589894,1.9371681574714055,2.7896056645196974,-0.20970518175629183,1,1.1858963289135742,1.7416101450176198,-0.7004160074925863,0.0,0.1
Ridgeway Grocery,affiliate,2023-09,8,-0.47844517448558416,-0.27981551637402924,-0.27981551637402924,False,0.22929674570593972,-0.3903299776233512,0.49496681429848316,1.1005613521600233,-0.9804612535519224,-2.1222409026488807,0.4605496654664278,-0.7077419201915238,-0.08811519686223296,0.9804612535519224,1,-1.141164324647179,1.4078394854372709,-0.9128726711387878,0.6666666666666666,0.0
Aster Wellness,social,2023-09,8,-0.7786835886221837,-0.8381608795173549,-0.7786835886221837,False,-0.3160051688598018,0.03293842601360236,1.2221169626093418,0.3647044518048418,1.382773194667981,0.29090825773697865,0.9507203956109856,-0.4626784197623819,-0.811622014635786,-1.382773194667981,0,0.1471490851064496,1.9214620239401603,-0.6993450613308185,0.0,0.1
Nimbus Home,social,2023-09,8,-0.6972735474056445,-0.18517992433874267,-0.18517992433874267,False,0.03789233354438718,-0.6254576327738187,0.6518016166335062,0.17203596609583605,0.49755390402515826,1.8734925745860962,-0.4608613585973385,-0.7351658809500317,-0.0718159146318258,-0.49755390402515826,1,1.2459839092770635,-0.11071861815447999,0.7625202347879863,0.0,0.1
Ridgeway Grocery,retail_media,2023-09,8,1.5942010278656307,0.3592222683927822,1.5942010278656307,True,0.16267352569744437,0.5757431721016543,0.35964023146037355,0.5033119084328852,-1.6149827724644537,-0.5463344567309774,-0.5092896000970404,1.4315275021681864,1.0184578557639763,1.6149827724644537,1,-0.5328863309656341,1.4078394854372709,-1.0481992539768974,0.5,0.0
Ridgeway Grocery,paid_search,2023-09,8,1.832829039029582,0.36926074755976745,1.832829039029582,True,3.3339275398623696,3.553934318411688,0.8436344733663693,2.5305346527772254,-3.9146508712891914,5.7763139373779415,-0.7067394439694598,-1.5010985008327875,-1.721105279382106,3.9146508712891914,1,-0.5178652473264754,1.4078394854372709,-0.5642050120709016,0.5,0.0
Halcyon Personal Care,digital_video,2023-09,8,,,,False,,,,-0.4415692102244906,1.2627861933636026,-1.2217727270651113,0.6730725705965515,,,-1.2627861933636026,0,,1.7416101450176198,,0.0,0.1
Halcyon Personal Care,display,2023-09,8,-1.5510864919993363,-1.3866673599296242,-1.3866673599296242,False,-0.7039099026680524,-1.7617018889913758,1.164226488659216,-0.27036081821681995,-0.07154353735691142,-0.37138852627545804,-0.32270199187381665,-0.8471765893312839,0.21061539699203946,0.07154353735691142,1,2.2391261878048963,1.7416101450176198,-0.5773836563584038,0.0,0.1
Crestline Beverages,ooh,2023-09,8,-0.46340690480526986,-0.8135817418115723,-0.46340690480526986,False,0.374982877303729,-0.5025522974083394,-0.9266476243223556,-1.074541578549968,,0.315825601783025,0.16878491718757133,-0.8383897821089988,0.03914539260306954,,0,1.7519684657826786,-2.298694643622776,1.3720470193004206,0.0,0.10526315789473684
Solstice Foods,social,2023-09,8,,,,False,,,,-1.5447764883922002,0.7959334906740171,-0.4096099879287636,0.07332696098673736,,,-0.7959334906740171,0,,1.1570266912227058,,0.0,0.10256410256410256
Crestline Beverages,paid_search,2023-09,8,0.8841734225447031,,0.8841734225447031,True,-1.376758219425047,-1.5238325652429772,-0.6133882332191045,1.3265713321788228,0.35867836954219845,0.7163444381385249,0.41412989037178105,2.26093164196975,2.4080059877876803,-0.35867836954219845,0,1.8998557198531458,-2.298694643622776,1.6853064104036717,0.0,0.10526315789473684
Solstice Foods,retail_media,2023-09,8,-1.5897499997194076,-0.14785211594705183,-0.14785211594705183,False,-1.0462697669357277,-0.16473240725029367,0.1744905728287396,-0.2117309876364491,-0.8231244174484497,0.5771721356280901,0.5602388033311485,-0.5434802327836799,-1.425017592469114,0.8231244174484497,1,-0.2913633561295703,1.1570266912227058,-0.9825361183939663,0.0,0.10256410256410256
Verdant Snacks,display,2023-09,8,0.4601444489040291,-0.041202574062278466,0.4601444489040291,False,-0.7771381034437247,-1.1923400829213966,-1.8891908474852672,-0.08819783556298369,0.07560393925821902,-0.31472769224042263,0.543495670081251,1.2372825523477538,1.6524845318254258,-0.07560393925821902,1,-1.4760417594294317,-2.0058224497540973,0.11663160226883007,0.0,0.1
Verdant Snacks,social,2023-09,8,0.6676548802287237,0.019511098439907455,0.6676548802287237,True,-0.7437233653878106,-0.8023523738978777,-1.8595178484963668,0.9707955237134961,-0.1258636524895864,1.848862612355986,-1.3132071158428127,1.4113782456165342,1.4700072541266014,0.1258636524895864,1,-1.0519309661296696,-2.0058224497540973,0.14630460125773048,0.0,0.1
Crestline Beverages,digital_video,2023-09,8,-1.116883971084582,-0.8439122711156867,-0.8439122711156867,False,-1.8143003245462006,0.14262761035016158,-1.7481076830744888,0.04275187874078326,-0.4830057688468904,-0.036847289773363046,0.8793005784302129,0.6974163534616187,-1.2595115814347435,0.4830057688468904,1,0.6747556572854666,-2.298694643622776,0.5505869605482874,0.0,0.10526315789473684
Aster Wellness,digital_video,2023-09,8,-1.8991343565854264,-0.4931636426333928,-0.4931636426333928,False,-0.5831541852829646,-0.08822933223273238,1.935556148954279,-1.6048156763725827,-0.29288409617384425,1.6697192415006574,-0.3985736073488316,-1.3159801713024617,-1.810905024352694,0.29288409617384425,1,-0.31599679694902527,1.9214620239401603,0.014094125014118664,0.0,0.1
Verdant Snacks,affiliate,2023-09,8,-0.26145199463318414,-0.21236229103870177,-0.21236229103870177,False,-0.1817639730609188,-0.8456855086664018,-0.17078954741399063,-0.6837207770841875,1.5622865034035673,-0.04906352576995861,0.5147683543940198,-0.07968802157226534,0.5842335140332177,-1.5622865034035673,1,2.96824651407841,-2.0058224497540973,1.8350329023401066,0.0,0.1
Nimbus Home,retail_media,2023-09,8,-0.5982271034955031,0.11639777817348193,0.11639777817348193,False,-0.46530621080368706,0.018415396767693104,-0.47646471509153965,0.12990446870271738,-0.5414391315416831,2.1556836118282705,0.8128584316706343,-0.13292089269181606,-0.6166425002631962,0.5414391315416831,1,-0.6925774136615936,-0.11071861815447999,-0.3657460969370597,0.0,0.1
Aster Wellness,retail_media,2023-09,8,-0.09570601209052887,-0.20838068474798604,-0.09570601209052887,False,-0.6380183690938341,0.21874500132490482,0.8937339605935624,-0.5409007722259496,-0.4233274278476385,-1.1907091155773302,0.7843476475533927,0.5423123570033053,-0.3144510134154337,0.4233274278476385,0,-1.3165340324989394,1.9214620239401603,-1.027728063346598,0.0,0.1
Crestline Beverages,audio,2023-09,8,0.09423436471074147,-0.24612893652574552,0.09423436471074147,False,0.3795927394468427,0.6198330041502927,-0.6979222829624719,0.15915243201197016,0.2769638489200184,0.49622757831976894,-0.7901323699762333,-0.2853583747361012,-0.5255986394395513,-0.2769638489200184,0,1.5149569287213265,-2.298694643622776,1.6007723606603044,0.0,0.10526315789473684
Ridgeway Grocery,audio,2023-09,8,-1.1014076591758064,-1.0664416098547762,-1.0664416098547762,False,-1.090880617548924,0.8681019945990173,0.1666843709548568,-1.377891881100646,-0.9179180692996733,1.2049947878276315,1.4629093074924757,-0.010527041626882339,-1.9695096537748236,0.9179180692996733,1,-1.202849491111807,1.4078394854372709,-1.241155114482414,0.6666666666666666,0.0
Ridgeway Grocery,display,2023-09,8,1.4655720697659962,0.9888460988667666,1.4655720697659962,True,2.4699365355023026,2.2152525490519754,0.8846668891036891,1.31771109113244,-1.6698641748787408,6.433010128606448,-0.5505209244944548,-1.0043644657363064,-0.7496804792859793,1.6698641748787408,1,-0.523385886606159,1.4078394854372709,-0.5231725963335818,0.5,0.0
Solstice Foods,display,2023-09,8,-1.2306413165120194,-1.4202696835634774,-1.2306413165120194,False,-0.2960860120462395,0.038767423527614316,0.6273071403977291,-1.7893784067993523,0.5169649016942921,,-0.4310729485250783,-0.9345553044657798,-1.2694087400396337,-0.5169649016942921,0,-0.06620536648866937,1.1570266912227058,-0.5297195508249768,0.0,0.10256410256410256
Aster Wellness,display,2023-09,8,-0.3334241635156555,-0.7241565378445285,-0.3334241635156555,False,-0.03892889681828027,0.39556718339152935,0.9779171477927506,-0.9966612422082686,,0.4655651732182131,0.27152719331819813,-0.29449526669737525,-0.7289913469071849,,0,-1.4306227670326805,1.9214620239401603,-0.9435448761474097,0.0,0.1
Solstice Foods,display,2023-10,9,0.35500081394102134,-0.5738191511840212,0.35500081394102134,False,1.2705514730689622,0.3899219599309974,1.5247659383758727,0.8150648630993933,0.5092891915702678,-2.4672234454133024,-1.2541215528632619,-0.9155506591279409,-0.03492114598997603,-0.5092891915702678,0,-0.8580067975981492,3.942276090659602,-2.4175101522837297,0.16666666666666666,0.1794871794871795
Crestline Beverages,social,2023-10,9,-0.37465966719188015,-0.0783373471878369,-0.0783373471878369,False,-0.0931691118333744,-0.5152534154733822,-1.150557108147241,-1.1384739477559493,-0.614797667431393,,-1.0182968087355442,-0.28149055535850576,0.14059374828150206,0.614797667431393,1,0.35705235710277217,-4.580895735697109,3.4303386275498684,0.14285714285714285,0.18421052631578946
Halcyon Personal Care,social,2023-10,9,-0.16112277686742663,-0.1078353356812798,-0.1078353356812798,False,1.6889030932104225,1.8596710408050388,0.22099410652118615,0.7163869124334873,0.09152976826694899,-0.3397738910633545,,-1.8500258700778491,-2.0207938176724656,-0.09152976826694899,1,0.3288507319182661,-0.24713120822146428,0.4681253147426504,0.0,0.2
Halcyon Personal Care,digital_video,2023-10,9,0.8238125800534554,,0.8238125800534554,True,0.05443828805913412,-0.7828562368446201,-0.4909771886672305,-0.7134206823151579,0.1662018666773585,0.12408447882875888,0.0827552928625741,0.7693742919943213,1.6066688168980754,-0.1662018666773585,0,-1.4721043866057741,-0.24713120822146428,-0.24384598044576622,0.0,0.2
Crestline Beverages,affiliate,2023-10,9,,,,False,,,,0.8784639922180032,-0.3640155478228874,-0.29608055047392995,-0.31298004122882056,,,0.3640155478228874,0,,-4.580895735697109,,0.14285714285714285,0.18421052631578946
Solstice Foods,paid_search,2023-10,9,-0.8590246622977812,-0.3712597387219806,-0.3712597387219806,False,-0.8956144862555218,-0.2687637365783115,1.4486456247901838,-0.8913452588850376,2.0594267587560986,-1.397019670360626,1.046226998745669,0.036589823957740575,-0.5902609257194698,-2.0594267587560986,1,-0.6171345936853426,3.942276090659602,-2.493630465869418,0.16666666666666666,0.1794871794871795
Verdant Snacks,retail_media,2023-10,9,0.06304083736412039,0.05475040810460775,0.06304083736412039,False,0.5912539141682244,0.45182221311029747,-0.3100706061145556,-1.1879424414575948,1.531797896302388,0.3511334963537651,-1.190702524566791,-0.528213076804104,-0.3887813757461771,-1.531797896302388,1,1.3921811434712785,-1.7252507276406301,1.4151801215260744,0.4,0.15
Ridgeway Grocery,affiliate,2023-10,9,-0.07744190605233763,-0.46694886928139917,-0.07744190605233763,False,-0.2683088817406337,-0.28747991396406725,1.2601474771920524,-0.051984432582176145,0.4977230969327247,-1.1420846338832369,-0.9845783088799756,0.19086697568829608,0.2100380079117296,-0.4977230969327247,0,-0.8450305775033367,3.5893002925283746,-2.329152815336322,0.16666666666666666,0.1794871794871795
Ridgeway Grocery,paid_search,2023-10,9,0.2579551669571256,0.7024108826232837,0.7024108826232837,True,-0.40139835390874157,0.46127241705541194,1.0068306836324792,-0.44155850730585805,-0.6217326601693505,0.3627172780348747,0.8393143435554945,0.6593535208658672,-0.20331725009828633,0.6217326601693505,0,-0.9991571946736263,3.5893002925283746,-2.582469608895895,0.16666666666666666,0.1794871794871795
Verdant Snacks,display,2023-10,9,0.2610628364862493,-0.01744722353365798,0.2610628364862493,False,-0.018234345012917368,-0.09369997007903014,-2.874090644331436,0.3113690208980588,0.21770699953896178,-1.4602999482293584,0.891505622715269,0.27929718149916666,0.3547628065652794,-0.21770699953896178,1,-3.643365945909718,-1.7252507276406301,-1.1488399166908059,0.4,0.15
Nimbus Home,audio,2023-10,9,-0.8970732964595312,-0.3421643589909631,-0.3421643589909631,False,0.08399333499588439,-1.8530507804302778,-0.2436670672011702,-1.1492772341529123,-0.3866143189383574,0.8142027137947953,1.0320332784121367,-0.9810666314554155,0.9559774839707467,0.3866143189383574,1,-0.5542326665423999,0.1656593551396357,-0.4093264223408059,0.4,0.15
Crestline Beverages,digital_video,2023-10,9,-0.4236880516485141,-0.8586333216156573,-0.4236880516485141,False,-0.8969076868958633,-0.5159035872346979,-2.334053778892987,0.0449901328480348,-0.7996716298356082,-0.6236931329229792,-0.08775498219239924,0.4732196352473492,0.09221553558618378,0.7996716298356082,0,0.06620810632297103,-4.580895735697109,2.2468419568041225,0.14285714285714285,0.18421052631578946
Crestline Beverages,ooh,2023-10,9,0.28434315890745093,-0.10234182866028808,0.28434315890745093,False,1.4077289233674013,0.6845288999552968,-1.9537847225375677,0.20532554152337593,,-1.303403304056303,-0.3583875689670543,-1.1233857644599503,-0.4001857410478458,,1,0.6503103469476913,-4.580895735697109,2.6271110131595417,0.14285714285714285,0.18421052631578946
Solstice Foods,tv,2023-10,9,-1.3185763303151894,-1.284471271329664,-1.284471271329664,False,-0.25964807921395294,-2.0363645558064083,1.5135798074972564,0.4147117637801008,,0.7189354687745142,-0.3421634269070703,-1.0589282511012366,0.7177882254912189,,1,-0.5786464414117656,3.942276090659602,-2.4286962831623455,0.16666666666666666,0.1794871794871795
Verdant Snacks,digital_video,2023-10,9,0.6041490291147016,0.046737880861883414,0.6041490291147016,True,0.22321639673828322,0.9205005068509076,-1.9614741940088278,-0.41591506176863435,-0.1967659895840543,1.2508204571478516,-0.35042743684088745,0.3809326323764184,-0.316351477736206,0.1967659895840543,1,-2.3396876562554207,-1.7252507276406301,-0.2362234663681977,0.4,0.15
Halcyon Personal Care,retail_media,2023-10,9,0.6440272948541383,-0.22929270089765155,0.6440272948541383,True,-2.101827755686859,-1.1335921573296492,0.12336287787328937,1.7597085373884602,-0.7021171754535777,-1.6530408763766218,-0.6167034618027124,2.7458550505409973,1.7776194521837876,0.7021171754535777,1,0.7811748420480549,-0.24713120822146428,0.37049408609475365,0.0,0.2
Ridgeway Grocery,audio,2023-10,9,-1.5387921974208614,-1.465172067841543,-1.465172067841543,False,-0.21462923774567008,-0.09583518209025782,1.0332395847233347,-0.40392920894069756,0.773918516611244,1.0732263805118036,-0.7373482041889964,-1.3241629596751914,-1.4429570153306035,-0.773918516611244,1,-1.1775858564507027,3.5893002925283746,-2.55606070780504,0.16666666666666666,0.1794871794871795
Solstice Foods,retail_media,2023-10,9,1.819827693180492,0.07135972863043798,1.819827693180492,True,0.1679911403167059,1.199078556460659,1.011946460125738,0.18141832504316446,-1.3806860872305278,-1.2640658359792287,-6.295856077877495,1.6518365528637862,0.620749136719833,1.3806860872305278,1,-1.2148012994363078,3.942276090659602,-2.930329630533864,0.0,0.1794871794871795
Crestline Beverages,tv,2023-10,9,0.6616897150270898,,0.6616897150270898,True,-0.00036105040963663773,-0.8808628342255477,-1.0675806280890312,0.3757022493535603,,-0.7236609660608788,-1.204765269921719,0.6620507654367265,1.5425525492526375,,0,2.885163952410372,-4.580895735697109,3.5133151076080784,0.14285714285714285,0.18421052631578946
Solstice Foods,affiliate,2023-10,9,-0.9231397351140208,-0.3693274535185429,-0.3693274535185429,False,0.026329985622009593,0.9257582645971827,0.8947363045544057,1.0252806616733967,-1.5967662304949897,0.00788667415448363,0.8369230448532563,-0.9494697207360304,-1.8488979997112036,1.5967662304949897,1,-1.5091012109267765,3.942276090659602,-3.0475397861051965,0.16666666666666666,0.1794871794871795
Nimbus Home,paid_search,2023-10,9,-1.6367791982405828,-0.5109757132412709,-0.5109757132412709,False,0.7226533552239763,-0.1518041939378806,-0.13157047713999495,-0.5579875603280551,,-0.2271310420603562,-0.02518225364100679,-2.359432553464559,-1.4849750043027021,,1,-0.4220912933194541,0.1656593551396357,-0.2972298322796306,0.4,0.15
Aster Wellness,audio,2023-10,9,0.7046807582523198,-1.0167019948396032,0.7046807582523198,True,-0.7857653299116922,-1.8217017070338675,0.15238716398956204,1.5883037783233966,0.6933804550301387,2.6651379971561804,-0.3708849651463744,1.490446088164012,2.5263824652861873,-0.6933804550301387,0,0.36327115425272544,-0.1512865601890389,0.30367372417860095,0.2,0.175
Nimbus Home,display,2023-10,9,1.4159995091169764,0.09632426695511295,1.4159995091169764,True,0.023468830133041504,0.4804829697054404,-0.011977543313744173,-0.07118136297191431,-1.8947241203004621,-0.5584160037172291,-0.8448341214446015,1.392530678983935,0.9355165394115359,1.8947241203004621,1,-0.07702883317739218,0.1656593551396357,-0.17763689845337988,0.2,0.15
Aster Wellness,digital_video,2023-10,9,-1.0043532030551896,-1.1756099645128775,-1.0043532030551896,False,0.9895131931907575,0.4920551253585842,0.6117091370733938,0.39783955620906924,1.694098045569431,0.9186297448272678,0.4040226592745666,-1.993866396245947,-1.4964083284137737,-1.694098045569431,0,0.4670666176460086,-0.1512865601890389,0.7629956972624328,0.2,0.175
Verdant Snacks,affiliate,2023-10,9,1.145964764513908,0.008983836145397304,1.145964764513908,True,-0.6283255300350677,-0.7662555548210944,-0.10059783645842468,-1.6756191237857916,-0.35635961583220654,-0.3786955270580218,0.6945354729576122,1.7742902945489756,1.9122203193350025,0.35635961583220654,1,2.9605532452712273,-1.7252507276406301,1.6246528911822056,0.2,0.15
Verdant Snacks,social,2023-10,9,1.5873541138704883,0.44741861275926476,1.5873541138704883,True,-0.04057586418029918,-0.7569318998510968,-2.298122325995835,0.23170496484396974,-1.4183427623910096,-0.8020359448167604,0.09009011228359731,1.6279299780507874,2.344286013721585,1.4183427623910096,1,-3.0560765428742274,-1.7252507276406301,-0.5728715983552048,0.2,0.15
Halcyon Personal Care,display,2023-10,9,0.2556505021878665,-0.5071612434605894,0.2556505021878665,False,0.1045204924437268,-1.843730291564376,0.12189798918020188,0.1981675549639032,-0.19989648423470208,-0.5217905071905574,0.5349206681616411,0.1511300097441397,2.0993807937522426,0.19989648423470208,0,0.657704404620782,-0.24713120822146428,0.3690291974016662,0.0,0.2
Crestline Beverages,audio,2023-10,9,1.3234024567108602,0.18644625782369198,1.3234024567108602,True,-1.5649758287529294,-0.752957425969075,-1.9245958800726655,-0.587629853470463,-0.17650349340335042,0.0067821324019096355,-0.047454163261649585,2.88837828546379,2.0763598826799354,0.17650349340335042,1,0.2280989102750142,-4.580895735697109,2.656299855624444,0.0,0.18421052631578946
Aster Wellness,paid_search,2023-10,9,2.0606305469202026,0.11115715560690166,2.0606305469202026,True,-0.4882116482425218,0.18949553748474351,-0.18324609694595043,0.13596613708658883,-0.22799333979227632,-0.1907880516698684,-1.0109374225931451,2.5488421951627243,1.871135009435459,0.22799333979227632,1,0.09310908849414407,-0.1512865601890389,-0.031959536756911516,0.0,0.175
Aster Wellness,retail_media,2023-10,9,-0.38510509531325826,-0.538375189888589,-0.38510509531325826,False,0.9758192079785455,0.28063795542944553,-0.6882904103972572,1.5528337288625738,0.5368329152109783,0.32888432573418624,-0.558330122350597,-1.3609243032918037,-0.6657430507427038,-0.5368329152109783,0,-1.3381351149979088,-0.1512865601890389,-0.5370038502082184,0.2,0.175
Nimbus Home,retail_media,2023-10,9,1.617428861431312,0.3547840188255823,1.617428861431312,True,-1.2886171343257509,-0.3600335271855104,-0.20036195163565748,1.5238868722927457,-0.77632125767445,-0.4204812710893082,0.4810994202301667,2.906045995757063,1.9774623886168223,0.77632125767445,1,-0.6001169129341899,0.1656593551396357,-0.3660213067752932,0.2,0.15
Crestline Beverages,retail_media,2023-10,9,-0.006629300855129397,0.12990780504525223,0.12990780504525223,False,-1.3384059594894693,-1.5874251110240294,-1.0568576659308668,1.2786172946233576,0.8438483913939321,-0.5843700450526792,-0.0612846217693766,1.3317766586343398,1.5807958101689,-0.8438483913939321,0,1.965688197042209,-4.580895735697109,3.5240380697662426,0.14285714285714285,0.18421052631578946
Solstice Foods,digital_video,2023-10,9,0.5751748414869106,,0.5751748414869106,True,-1.4902644763631991,-1.1911115408904271,0.787463816106978,-1.1498123018919997,-0.7241776598090606,-0.12746301917189537,-0.6573264761002464,2.06543931785011,1.7662863823773378,0.7241776598090606,0,-1.0375356907235156,3.942276090659602,-3.154812274552624,0.16666666666666666,0.1794871794871795
Crestline Beverages,paid_search,2023-10,9,0.9958653364462633,0.3211519614841623,0.9958653364462633,True,-0.059964819278353565,-0.2706682756833979,-1.8814885009015425,-0.11457805402550972,-1.2593909432804857,-0.2567419498582148,0.41600136186164466,1.0558301557246168,1.266533612129661,1.2593909432804857,1,0.6986379722380069,-4.580895735697109,2.699407234795567,0.14285714285714285,0.18421052631578946
Ridgeway Grocery,social,2023-10,9,-1.2366709388254546,1.2522705266730374,1.2522705266730374,True,-0.23123110140824873,1.1789895690300554,0.8895699804046051,-0.7118845187717818,0.31342621997008474,-0.3067156026207216,-0.09682726579833961,-1.005439837417206,-2.41566050785551,-0.31342621997008474,0,-0.9804823846632099,3.5893002925283746,-2.6997303121237692,0.0,0.1794871794871795
Halcyon Personal Care,affiliate,2023-10,9,-1.1062804118479381,0.0028890738826479927,0.0028890738826479927,False,-0.46167604972000065,-1.1351235449979464,-0.4258200231264144,-0.7970011017266299,-0.33751291311743914,2.1270716891720296,-1.2808314352641557,-0.6446043621279375,0.028843133150008304,0.33751291311743914,1,-0.8724137548316468,-0.24713120822146428,-0.17868881490495014,0.0,0.2
Ridgeway Grocery,display,2023-10,9,-2.036078939185696,0.09923508210769702,0.09923508210769702,False,-0.9476388164316888,0.45225017205641943,1.5428059347681131,-0.6299320196987841,,0.08248847725536755,0.7145631843986879,-1.0884401227540073,-2.4883291112421158,,1,-0.9751233490114003,3.5893002925283746,-2.0464943577602615,0.16666666666666666,0.1794871794871795
Solstice Foods,social,2023-10,9,-1.6524616101612455,,-1.6524616101612455,False,-0.7469456776341169,0.8212764390765596,1.3560527848113697,-2.2630149295624604,0.16121360324899642,-0.28778576713100257,-1.1288213453078109,-0.9055159325271286,-2.473738049237805,-0.16121360324899642,0,-1.0242934824280736,3.942276090659602,-2.5862233058482325,0.16666666666666666,0.1794871794871795
Verdant Snacks,paid_search,2023-10,9,-0.9289767188298118,-0.2870484044599393,-0.2870484044599393,False,0.2180302934043829,-1.2885392558482045,0.3126480302298629,-0.5673703766140847,0.632413106545127,-0.7918516255347084,0.240639425123388,-1.1470070122341947,0.3595625370183927,-0.632413106545127,1,2.2305725929429077,-1.7252507276406301,2.0378987578704932,0.4,0.15
Ridgeway Grocery,tv,2023-10,9,-1.9513983543991769,-0.5478421554667556,-0.5478421554667556,False,-0.6230618240908081,0.7292344408503444,1.2310740766996258,-0.28174022111278474,,2.3466932032405476,-0.3137204490338614,-1.3283365303083687,-2.6806327952495215,,1,0.6899741711829198,3.5893002925283746,-2.358226215828749,0.16666666666666666,0.1794871794871795
Ridgeway Grocery,retail_media,2023-10,9,-0.3432541483615224,0.09440716027406827,0.09440716027406827,False,0.34693916746142583,0.45038416550850885,2.0316967608686136,-1.4027561129423216,-0.18911723041409043,,0.8972518284936275,-0.6901933158229483,-0.7936383138700313,0.18911723041409043,1,1.2088614476276136,3.5893002925283746,-1.557603531659761,0.16666666666666666,0.1794871794871795
Aster Wellness,social,2023-10,9,-0.3901484037889049,-0.8990410515471318,-0.3901484037889049,False,0.5231930971738445,0.40977708844251026,-1.0082455433727062,-0.5080511873498915,-0.46025907250656267,,-0.14727027263408687,-0.9133415009627495,-0.7999254922314152,0.46025907250656267,0,-1.7855115198863762,-0.1512865601890389,-0.8569589831836673,0.2,0.175
Halcyon Personal Care,paid_search,2023-10,9,-1.583877901504084,-0.21640521249470268,-0.21640521249470268,False,-0.10170602897564382,0.39272292943258696,-0.5000425895893758,-0.17419972793397168,0.38211083863026596,0.2660185766502331,0.6664195663963687,-1.4821718725284403,-1.976600830936671,-0.38211083863026596,1,-0.3132780897597547,-0.24713120822146428,-0.25291138136791147,0.0,0.2
Nimbus Home,digital_video,2023-10,9,0.31413210702620625,-0.15481952015962702,0.31413210702620625,False,0.841274022250453,-0.23249389169004317,0.4380312670626018,-0.17356585190115847,-0.024142680172430892,1.0933675260248403,-0.49635084927705936,-0.5271419152242467,0.5466259987162494,0.024142680172430892,1,0.5745225057264991,0.1656593551396357,0.2723719119229661,0.4,0.15
Aster Wellness,display,2023-10,9,0.2432546866503546,-0.7431626173164771,0.2432546866503546,False,0.7265419205748872,1.11425078584997,-0.18812498271404943,0.26527552104674,-0.7334382282311993,-1.6889002543488079,-1.220034079902084,-0.4832872339245326,-0.8709960991996153,0.7334382282311993,0,-0.1696744930711671,-0.1512865601890389,-0.03683842252501052,0.2,0.175
Nimbus Home,social,2023-10,9,-0.7963909022598904,-0.1774619318014688,-0.1774619318014688,False,0.11726131780153834,-0.13376263600770869,0.6949250163212725,-0.19221347436789013,-0.3666039384588964,0.6422073801861108,-0.7301042219453865,-0.9136522200614288,-0.6626282662521817,0.3666039384588964,1,1.0174964084533116,0.1656593551396357,0.5292656611816368,0.4,0.15
Halcyon Personal Care,affiliate,2023-11,10,0.20604510146634836,0.018391506268554857,0.20604510146634836,False,1.040103252620282,0.14741670851673705,-0.26568426826687963,-0.32407182016988556,0.12076429011710779,-1.5002374555981708,-0.5784215070162885,-0.8340581511539337,0.05862839294961131,-0.12076429011710779,1,0.6880440599316041,-1.2048599457899156,0.939175677523036,0.6,0.225
Halcyon Personal Care,digital_video,2023-11,10,1.8468780485503664,,1.8468780485503664,True,0.34788124259459197,0.2876983873776872,-0.2888132708683998,0.8660400368117438,-0.5320782884571144,0.12475835618016332,0.3464649975920664,1.4989968059557746,1.5591796611726791,0.5320782884571144,0,-0.3139070456155857,-1.2048599457899156,0.9160466749215158,0.4,0.225
Solstice Foods,affiliate,2023-11,10,-1.1326861594749844,-0.7432697609509527,-0.7432697609509527,False,0.29485500481959187,1.056906425627933,1.9350573592915046,-0.02852811842665882,0.43691931459498784,1.8522361658558695,-0.4850890462443025,-1.4275411642945763,-2.1895925851029174,-0.43691931459498784,1,-0.8049539654660123,6.42405132309265,-4.488993963801145,0.0,0.3076923076923077
Aster Wellness,digital_video,2023-11,10,,,,False,,,,-0.20922758419579984,-2.010530055115553,,0.017619615633501784,,,2.010530055115553,0,,-1.4517691701533326,,0.6,0.225
Halcyon Personal Care,paid_search,2023-11,10,1.2304634310646405,0.08511728277906641,1.2304634310646405,True,-0.5480970316792386,-0.5034053329855126,-0.8646245552558446,-0.9796349466361575,-0.08781238820180383,0.3794804633055596,-1.5092452977318114,1.7785604627438791,1.733868764050153,0.08781238820180383,1,-0.6271207438537441,-1.2048599457899156,0.34023539053407104,0.4,0.225
Aster Wellness,social,2023-11,10,1.2249284978641595,0.006232945050341208,1.2249284978641595,True,-0.23008858432445695,0.5578662262553385,-0.2341749650638784,-0.9331645596969399,-0.5149713012549093,-0.09592235713018868,0.2517718531289854,1.4550170821886164,0.6670622716088209,0.5149713012549093,1,3.093503160825533,-1.4517691701533326,1.2175942050894542,0.4,0.225
Solstice Foods,digital_video,2023-11,10,-2.9083096509798163,-1.0769289246838671,-1.0769289246838671,False,0.4511395812628649,0.9680596078480693,2.1879650688586727,1.1461566315308764,-0.6893206784033643,0.11970090708251606,-0.15035900761196652,-3.359449232242681,-3.8763692588278857,0.6893206784033643,1,-1.09656908948636,6.42405132309265,-4.236086254233977,0.0,0.3076923076923077
Crestline Beverages,tv,2023-11,10,1.081268293507051,,1.081268293507051,True,-0.1617573637505738,-1.2648721514604258,-3.0190439573474297,-0.7831394823511277,,0.45893988578789296,1.3447328142269384,1.2430256572576248,2.3461404449674768,,0,0.03497703010005888,-3.191624730493715,0.17258077314628517,0.0,0.2894736842105263
Verdant Snacks,affiliate,2023-11,10,-0.9513496767684216,-0.014852645975044012,-0.014852645975044012,False,-0.6175161473570889,-0.5849797151540652,-0.41660175220238366,-1.080345311842181,-0.46372027717304765,0.6060233425461029,1.0971381507955984,-0.3338335294113327,-0.3663699616143564,0.46372027717304765,1,3.049937962997087,-1.7775714141028847,1.360969661900501,0.4,0.25
Halcyon Personal Care,display,2023-11,10,0.24827552094504884,-0.11635116320738012,0.24827552094504884,False,-0.4256531075394875,-1.211442515480855,-0.21752320324907995,-0.7688252692358525,0.2737623003158487,-0.8652177165516584,-0.6995180222353403,0.6739286284845363,1.459718036425904,-0.2737623003158487,1,0.7217918510434546,-1.2048599457899156,0.9873367425408357,0.6,0.225
Verdant Snacks,paid_search,2023-11,10,-0.5610462484558293,-0.2296281038975846,-0.2296281038975846,False,0.6458551369341773,0.1691019946593763,0.12127084599209635,-0.3778735942804346,0.13344176944351788,0.13112163967698778,,-1.2069013853900066,-0.7301482431152055,-0.13344176944351788,1,2.5977779450601153,-1.7775714141028847,1.898842260094981,0.4,0.25
Nimbus Home,digital_video,2023-11,10,-0.1515864193652492,-0.11789633334341368,-0.11789633334341368,False,0.46861683379819685,-0.38810545186166684,-0.4188945600171586,-0.833086424760876,0.8342003464835258,-0.3107255944404521,-1.071728339478574,-0.620203253163446,0.23651903249641765,-0.8342003464835258,1,-1.0495798622374444,0.7156434326172745,-1.134537992634433,0.4,0.25
Halcyon Personal Care,retail_media,2023-11,10,0.433040026826243,-0.001164784891304449,0.433040026826243,False,0.16397546943973182,-0.563985506872955,-0.8405743037515323,-0.5260014445521474,0.96060106403005,0.38831052891215334,1.4682640483265854,0.26906455738651114,0.997025533699198,-0.96060106403005,1,-1.0178019825800921,-1.2048599457899156,0.3642856420383833,0.6,0.225
Crestline Beverages,retail_media,2023-11,10,0.26975414699153033,-0.003560239545096852,0.26975414699153033,False,0.43563115981063577,-0.7942048872034674,-2.2838213235594957,-0.07460208914509825,-1.1488938179842305,-0.06842089772981988,0.31767256066677213,-0.16587701281910544,1.0639590341949976,1.1488938179842305,1,-1.5479534962607608,-3.191624730493715,0.9078034069342191,0.14285714285714285,0.2894736842105263
Aster Wellness,paid_search,2023-11,10,1.8328687346658143,0.7097677541149399,1.8328687346658143,True,-0.961676194199728,-0.9793309699190497,-0.7306721568448611,0.6215943045425245,0.12070701206267272,-1.551498601186556,-0.870304591755451,2.7945449288655424,2.812199704584864,-0.12070701206267272,1,0.9055745349385069,-1.4517691701533326,0.7210970133084715,0.4,0.225
Verdant Snacks,social,2023-11,10,1.2063583483092208,1.1537891141361443,1.2063583483092208,True,0.6556020136247578,-0.625179309562503,-2.5868988090094622,-0.9838443377662784,-1.4199874445056495,-0.2768442140373839,-0.7223893815509016,0.5507563346844631,1.8315376578717237,1.4199874445056495,1,-4.385344595076573,-1.7775714141028847,-0.8093273949065776,0.2,0.25
Aster Wellness,retail_media,2023-11,10,0.6581692409084123,0.01970645927829172,0.6581692409084123,True,0.27456806895668673,0.18664983124843798,-0.0983871623202345,-1.40480357999756,1.0831504255917344,1.1654724180878868,-0.11163908107030691,0.3836011719517256,0.47151940965997435,-1.0831504255917344,1,3.413345103617629,-1.4517691701533326,1.353382007833098,0.6,0.225
Nimbus Home,paid_search,2023-11,10,0.272331870962557,-0.47115749956706315,0.272331870962557,False,-1.1983215424276188,-0.9440353453369549,0.29752558707386495,-0.07961629944328541,1.3393542944415868,-0.4285020713788248,0.1380183386670182,1.4706534133901759,1.2163672162995118,-1.3393542944415868,0,-0.3120188030725007,0.7156434326172745,-0.4181178455434095,0.4,0.25
Aster Wellness,display,2023-11,10,0.14047050059458813,0.011178005273174935,0.14047050059458813,False,-0.8922705588592684,0.29869390468955986,-0.37994297249884307,0.36588586965036984,-0.3646635803870066,-0.18408801706711922,-0.008026846239125862,1.0327410594538566,-0.15822340409497174,0.3646635803870066,1,2.469021615792824,-1.4517691701533326,1.0718261976544896,0.6,0.225
Crestline Beverages,audio,2023-11,10,0.19616195689262067,0.5379329261047409,0.5379329261047409,True,0.5018835026177629,-0.1565198046394524,-1.9716932835937997,-0.13373829647371605,-0.19069321499533495,1.8196359295149949,0.48559113978257074,-0.30572154572514226,0.3526817615320731,0.19069321499533495,0,-0.4745905097367224,-3.191624730493715,1.2199314468999152,0.14285714285714285,0.2894736842105263
Nimbus Home,retail_media,2023-11,10,1.2091296310760329,0.49518475311374244,1.2091296310760329,True,1.285458897096034,0.27145507237034405,0.7151309361867604,1.911790281825576,1.4309140705977614,0.18771236014143328,0.2954131002466033,-0.07632926602000101,0.9376745587056888,-1.4309140705977614,1,0.11969750953209346,0.7156434326172745,-0.0005124964305140978,0.2,0.25
Crestline Beverages,paid_search,2023-11,10,0.1979488447365399,0.6926625345758355,0.6926625345758355,True,-0.2709992055955405,-0.14401096410153116,-2.3280231132813443,1.792899645833476,-0.08833279774252135,0.029969206623436148,-0.773273101525665,0.4689480503320804,0.3419598088380711,0.08833279774252135,0,-0.3839204649566941,-3.191624730493715,0.8636016172123706,0.14285714285714285,0.2894736842105263
Ridgeway Grocery,retail_media,2023-11,10,-0.20892535939155615,0.11578016890139464,0.11578016890139464,False,-0.4986917024014159,-1.02818932007048,2.366068943711024,-2.6358863094151697,2.280148878932051,-0.6784163873606998,-0.8176876867073662,0.28976634300985976,0.8192639606789238,-2.280148878932051,1,0.051240832055852885,6.559384902888721,-4.193315959177697,0.16666666666666666,0.28205128205128205
Solstice Foods,social,2023-11,10,-1.658833382625239,,-1.658833382625239,False,-1.435623004606493,-0.3617098593327456,2.4757945097919296,-0.1258614053541092,0.9140367872333134,-1.215590826265129,0.050518560733794904,-0.223210378018746,-1.2971235232924934,-0.9140367872333134,0,-0.40053276327478116,6.42405132309265,-3.9482568133007203,0.0,0.3076923076923077
Nimbus Home,social,2023-11,10,0.027473606895010022,-0.32582018728233886,0.027473606895010022,False,-0.3615348593859465,-0.487451087861353,1.6460440648531007,-0.3834071377469637,0.27391483609706563,0.4167906327673788,0.20285714188340576,0.38900846628095653,0.514924694756363,-0.27391483609706563,0,1.6622777755913576,0.7156434326172745,0.9304006322358263,0.4,0.25
Verdant Snacks,display,2023-11,10,-0.09825535273752124,0.1384337628117238,0.1384337628117238,False,0.16494226182918323,0.552810024872588,-2.9911691427683578,-1.4016218404870218,-0.1287304968472593,-1.0069777662689925,1.4381451445802176,-0.2631976145667045,-0.6510653776101093,0.1287304968472593,0,-3.017093494281744,-1.7775714141028847,-1.213597728665473,0.4,0.25
Ridgeway Grocery,paid_search,2023-11,10,-1.5339279067732314,0.12374584426966134,0.12374584426966134,False,0.01255443517490838,-0.31983590552887714,2.649106254107142,1.072092626117375,1.4098708286515067,0.44919164150309393,0.0022248985368400476,-1.5464823419481397,-1.2140920012443543,-1.4098708286515067,1,-0.48908371327426353,6.559384902888721,-3.9102786487815786,0.16666666666666666,0.28205128205128205
Ridgeway Grocery,affiliate,2023-11,10,-0.7836376133968518,-0.4465082313115912,-0.4465082313115912,False,-0.6944033481184858,-0.43436450101860125,2.225756565196168,-1.6662738299879243,-0.17236813728860284,0.9373209112408317,-0.7068064291407006,-0.08923426527836598,-0.34927311237825054,0.17236813728860284,1,-0.3549146627996746,6.559384902888721,-4.333628337692552,0.16666666666666666,0.28205128205128205
Crestline Beverages,ooh,2023-11,10,0.3665496170574433,0.041663526924360976,0.3665496170574433,False,-0.4272671859922241,0.8911756993325851,-1.671942821157445,1.1797727838202043,,0.6906697670723793,0.9412601898119932,0.7938168030496674,-0.5246260822751418,,1,-0.8735172763296064,-3.191624730493715,1.51968190933627,0.14285714285714285,0.2894736842105263
Crestline Beverages,digital_video,2023-11,10,0.41397222043546034,-0.2503555116216968,0.41397222043546034,False,-0.21313519121483446,0.23260456666375634,-1.9879153691194935,0.3585837951096016,1.8260465930633198,-0.3641036723332657,0.5530574075501878,0.6271074116502948,0.181367653771704,-1.8260465930633198,1,-0.3309749639181415,-3.191624730493715,1.2037093613742214,0.14285714285714285,0.2894736842105263
Ridgeway Grocery,audio,2023-11,10,1.974723891983092,-0.1478835476919057,1.974723891983092,True,0.20350874869185503,0.4771373583248584,2.1524490417846796,1.0133802637802027,-0.07572191189469736,-1.0919835991449474,-6.496863916952128,1.771215143291237,1.4975865336582337,0.07572191189469736,1,-1.5273986982809888,6.559384902888721,-4.406935861104041,0.0,0.28205128205128205
Solstice Foods,retail_media,2023-11,10,-0.40722671474701383,-0.03936644917465098,-0.03936644917465098,False,0.7316995409604549,0.2843345505329997,2.7187257927084523,0.9070301461659158,-0.6356505069244682,-0.6749139531561358,-0.8722126294967394,-1.1389262557074686,-0.6915612652800136,0.6356505069244682,1,-0.7655927116953287,6.42405132309265,-3.7053255303841977,0.0,0.3076923076923077
Nimbus Home,display,2023-11,10,0.8897084637740387,0.4260920667596053,0.8897084637740387,True,1.0113277426768394,-0.06426940808956774,0.2011543483378069,-0.9047480430942078,0.8758529096778984,0.12860489047450757,0.624405725293288,-0.12161927890280078,0.9539778718636064,-0.8758529096778984,1,-0.3873664283519096,0.7156434326172745,-0.5144890842794676,0.4,0.25
Ridgeway Grocery,social,2023-11,10,-0.5634704761674358,0.3090134546457378,0.3090134546457378,False,-1.8879810219489974,0.03753489538965491,3.7515078269262716,-0.2779804890638351,2.090608519042425,-1.17643325717462,-0.43846087577967746,1.3245105457815616,-0.6010053715570908,-2.090608519042425,1,0.9134729220048863,6.559384902888721,-2.807877075962449,0.16666666666666666,0.28205128205128205
Solstice Foods,display,2023-11,10,-0.8618136759637496,-0.3861009285632773,-0.3861009285632773,False,-0.3550927892638122,0.8165189690105871,2.9482442488199743,1.5037093687938328,-1.1244570685252415,-4.224006079615129,-0.2372110033278585,-0.5067208866999373,-1.6783326449743368,1.1244570685252415,1,-0.24040839034305514,6.42405132309265,-3.4758070742726757,0.0,0.3076923076923077
Aster Wellness,audio,2023-11,10,1.3248298538361107,-0.20416563167825036,1.3248298538361107,True,-0.14194753698069676,-0.2528034993824396,-1.0576341787080756,0.5414128118781947,1.1154982011474972,-1.4739016241658307,0.07715888079359162,1.4667773908168076,1.5776333532185505,-1.1154982011474972,1,0.7232247319414309,-1.4517691701533326,0.394134991445257,0.4,0.225
Crestline Beverages,affiliate,2023-11,10,0.872561530571252,,0.872561530571252,True,-0.7667426738241145,-0.18260456375302075,-1.6097086981105084,1.430291368018136,0.2509858302956366,-1.4730761888030741,-0.199826208685297,1.6393042043953665,1.0551660943242727,-0.2509858302956366,0,0.14737132202830716,-3.191624730493715,1.5819160323832064,0.14285714285714285,0.2894736842105263
Verdant Snacks,digital_video,2023-11,10,1.581804168140066,0.7783598049895964,1.581804168140066,True,0.27005243431439574,0.5874921106534481,-3.129833004467717,1.5512416797307569,-0.2227199339802777,0.3328583033145023,0.5715124857988931,1.3117517338256703,0.994312057486618,0.2227199339802777,1,-4.553271485686914,-1.7775714141028847,-1.3522615903648323,0.2,0.25
Ridgeway Grocery,tv,2023-11,10,-1.1592933305502984,-0.6549427120480136,-0.6549427120480136,False,-1.4646700997707778,-1.2432189915459733,1.941544177470866,0.5443623968231044,,-0.9522011800530724,-0.09278065018289644,0.3053767692204794,0.08392566099567489,,1,0.3249431290102644,6.559384902888721,-4.617840725417855,0.16666666666666666,0.28205128205128205
Crestline Beverages,social,2023-11,10,-0.010971929017799295,-0.028800513647993208,-0.010971929017799295,False,-0.8840353222553062,-0.24719842068568107,-1.633367221283087,-0.6652324173323942,1.0122488314944553,0.4880290817542745,-0.8425264042004734,0.8730633932375069,0.2362264916678818,-1.0122488314944553,0,-1.008804020369601,-3.191624730493715,1.558257509210628,0.14285714285714285,0.2894736842105263
Solstice Foods,paid_search,2023-11,10,-1.1263822161733537,-1.3228078997595565,-1.1263822161733537,False,-0.8427252941329054,-0.972366618375578,2.066086585155779,-0.428912934752481,1.0473815230008647,,-0.23238266373075203,-0.28365692204044823,-0.15401559779777563,-1.0473815230008647,0,-0.6903211229083585,6.42405132309265,-4.357964737936872,0.0,0.3076923076923077
Verdant Snacks,retail_media,2023-11,10,0.18209286719143702,0.21951434446208004,0.21951434446208004,False,-0.13855212376563938,-1.0159192220403483,-0.19493160311695298,-0.019179130110544212,-0.028586577599717503,,,0.32064499095707644,1.1980120892317854,0.028586577599717503,0,1.8649313756884753,-1.7775714141028847,1.5826398109859316,0.4,0.25
Halcyon Personal Care,social,2023-11,10,1.1929215042530972,0.28630647762358796,1.1929215042530972,True,0.43961682490065596,1.3844275884584363,-0.48975489572104575,-1.2448039249573761,1.0465808717058624,1.6669573403262194,-0.04241192084825374,0.7533046793524412,-0.1915060842053391,-1.0465808717058624,1,-0.007670542632023857,-1.2048599457899156,0.7151050500688698,0.4,0.225
Ridgeway Grocery,display,2023-11,10,0.48119944283570654,-0.009923047398221491,0.48119944283570654,False,-0.9557775580235109,-0.7070736715348612,3.4327422714213167,-1.4296013737972029,2.693076814067791,2.2069976047048323,-6.857406693206952,1.4369770008592175,1.1882731143705678,-2.693076814067791,1,-0.31494151530812864,6.559384902888721,-3.126642631467404,0.16666666666666666,0.28205128205128205
Solstice Foods,tv,2023-11,10,-1.4843613995579743,-1.259912808517601,-1.259912808517601,False,-0.012752281725366866,-0.36337970000410164,2.20276919927203,1.6019008410964153,,0.3796253273754049,0.1788481350892282,-1.4716091178326074,-1.1209816995538726,,1,-0.20778713243984978,6.42405132309265,-4.22128212382062,0.0,0.3076923076923077
Nimbus Home,audio,2023-11,10,1.087462307630091,0.008984122842853128,1.087462307630091,True,0.5879635163654873,0.08985995170081862,0.3788440935443157,0.3232961167573483,-0.4432093753948174,-0.7534231497415209,-0.4757846363691226,0.49949879126460384,0.9976023559292725,0.4432093753948174,1,-0.31039273360117753,0.7156434326172745,-0.3367993390729588,0.2,0.25
Ridgeway Grocery,audio,2023-12,11,-0.6967958778131741,-0.057969818500209644,-0.057969818500209644,False,-1.0208567537830078,-0.9382273330536108,3.3914851348900417,0.08658824275289236,-1.234585844641113,0.6812727048717914,1.1748842634776184,0.3240608759698337,0.24143145524043674,1.234585844641113,1,-0.04059145500606289,4.440249796536849,-1.048764661646807,0.0,0.23076923076923078
Solstice Foods,paid_search,2023-12,11,-1.1398054247985838,-1.0417374344232397,-1.0417374344232397,False,-0.6820912741011323,-0.11684033488527562,2.5174317703583675,0.10257459598104025,0.19125557230641022,-1.9224442718364125,-0.5826018061775413,-0.45771415069745147,-1.0229650899133083,-0.19125557230641022,1,-0.6572483421629799,5.826802996959452,-3.309371226601084,0.0,0.23076923076923078
Ridgeway Grocery,affiliate,2023-12,11,-0.8360191686579087,-0.565699562702366,-0.565699562702366,False,1.2224208636738176,-0.08886604102097978,2.8387160019084083,-1.00890846392101,0.43767031845558596,0.3039998064880639,0.324925690031852,-2.0584400323317262,-0.747153127636929,-0.43767031845558596,1,0.1197281014731944,4.440249796536849,-1.6015337946284403,0.0,0.23076923076923078
Halcyon Personal Care,retail_media,2023-12,11,3.609653995019076,1.562240438899819,3.609653995019076,True,-1.5087685179238384,-0.7317872174003139,-0.15436873642298393,-1.208127741827747,-0.4211361195420452,1.4401663820919157,-6.759584742955021,5.118422512942914,4.34144121241939,0.4211361195420452,1,1.4482546278954413,-1.3079915277296132,1.1536227913066293,0.2,0.175
Halcyon Personal Care,digital_video,2023-12,11,,,,False,,,,-2.0783570679418384,0.8537113357543634,-0.7335226418428429,-7.181897155996414,,,-0.8537113357543634,0,,-1.3079915277296132,,0.4,0.175
Halcyon Personal Care,social,2023-12,11,0.8471763758594143,0.4175500229433522,0.8471763758594143,True,0.6264428565012955,0.5151296626825339,-0.02966630410846525,-0.8399686408904505,0.486921324288883,1.5187464902351895,-0.2799404666054751,0.2207335193581188,0.3320467131768804,-0.486921324288883,1,0.8832959787983932,-1.3079915277296132,1.278325223621148,0.4,0.175
Solstice Foods,retail_media,2023-12,11,-1.6820545653141998,-0.05987857486238261,-0.05987857486238261,False,-0.15808246378203575,-0.20012173757801302,3.0610449255748873,-1.111773960286777,-0.044381605263253646,0.2442816130201475,0.3746630142150542,-1.5239721015321641,-1.4819328277361867,0.044381605263253646,1,-0.8958934087284431,5.826802996959452,-2.7657580713845644,0.0,0.23076923076923078
Ridgeway Grocery,display,2023-12,11,-2.045218570721973,-0.8000217926826584,-0.8000217926826584,False,-0.6277270607082995,-1.438913013111824,3.740859322169469,-0.39397474890732026,0.8418919458065383,-0.25207881231946555,0.31075366187854475,-1.4174915100136736,-0.606305557610149,-0.8418919458065383,1,0.8389130681635437,4.440249796536849,-0.6993904743673798,0.0,0.23076923076923078
Ridgeway Grocery,paid_search,2023-12,11,-0.8275771394813326,-0.4674555287327641,-0.4674555287327641,False,-0.558602916126747,-1.8075738272346908,2.554366569803236,0.3784526255204297,1.3071500167310328,0.3765292506353026,0.6146847020913434,-0.26897422335458565,0.9799966877533582,-1.3071500167310328,1,-1.0511066155129016,4.440249796536849,-1.8858832267336125,0.0,0.23076923076923078
Verdant Snacks,affiliate,2023-12,11,0.38774798510434244,0.1294140161888508,0.38774798510434244,False,0.7877209994564538,0.7444030265637225,-1.8257033255596968,0.8232850463549909,1.912797756334777,,-1.3716082646474947,-0.39997301435211136,-0.35665504145938004,-1.912797756334777,1,-1.990019143668039,-0.9161482607869199,-0.9095550647727769,0.2,0.2
Verdant Snacks,paid_search,2023-12,11,-0.5436203265069779,-0.677881097930873,-0.5436203265069779,False,-0.364213886530545,-0.3692619695232975,-1.1352591564352037,0.17882921183491857,-0.3674892288028728,0.018233989332869283,0.6910227802939886,-0.1794064399764329,-0.1743583569836804,0.3674892288028728,0,-0.07845969636432155,-0.9161482607869199,-0.2191108956482838,0.2,0.2
Nimbus Home,social,2023-12,11,0.9964703964108058,0.05056735578798337,0.9964703964108058,True,2.4767688707651754,1.2829123534939926,0.8471338563130602,0.1451270542358246,-0.606649507946291,-0.5080195916214233,,-1.4802984743543695,-0.28644195708318676,0.606649507946291,1,0.5108350467872252,0.830365892029894,0.01676796428316618,0.4,0.175
Verdant Snacks,display,2023-12,11,0.05116781505551946,0.04755006640094388,0.05116781505551946,False,-1.4569134293280652,-1.0998458530220472,-0.3691608163727127,-2.3068647666206643,-0.41532576911260327,1.3122149133162637,0.7573876084548153,1.5080812443835847,1.1510136680775667,0.41532576911260327,1,1.1315107974181962,-0.9161482607869199,0.5469874444142072,0.2,0.2
Ridgeway Grocery,social,2023-12,11,-1.5441880752189918,-1.114776496737294,-1.114776496737294,False,-1.81677550943078,-1.5602241146796614,3.8059351548529405,-0.9526086962580184,2.1387340488413664,-1.3480661144344048,-0.3961408602537256,0.2725874342117882,0.01603603946066956,-2.1387340488413664,1,0.6433004164916304,4.440249796536849,-0.634314641683908,0.0,0.23076923076923078
Nimbus Home,digital_video,2023-12,11,0.1845467974885963,0.07713166336656739,0.1845467974885963,False,0.8210844234439084,0.7606217026227012,1.0564397803503962,0.06825667106646893,0.37116405294050203,0.3982011501457866,-1.1028679092463216,-0.6365376259553122,-0.576074905134105,-0.37116405294050203,1,0.7230993956545461,0.830365892029894,0.22607388832050224,0.4,0.175
Nimbus Home,display,2023-12,11,0.22276472684325208,0.8428242332447557,0.8428242332447557,True,1.1777806125076817,0.37177252373280095,0.3307410211120498,0.43143861132854655,0.6415198815633427,0.8021194517605216,0.7154322208351118,-0.9550158856644296,-0.14900779688954888,-0.6415198815633427,0,-0.1567834835383114,0.830365892029894,-0.4996248709178442,0.4,0.175
Verdant Snacks,retail_media,2023-12,11,2.031450410423097,0.7588613716595515,2.031450410423097,True,0.20536009697435056,0.5398806732911313,-2.006768781758731,0.08392109183383863,0.1996584122115241,-1.0623841407141408,0.070404572471474,1.8260903134487463,1.4915697371319654,-0.1996584122115241,1,-1.2748222467139325,-0.9161482607869199,-1.0906205209718114,0.0,0.2
Solstice Foods,digital_video,2023-12,11,-0.4060548781820038,-0.6087088194833132,-0.4060548781820038,False,0.7552532138862023,-0.5482866203680644,1.8618323828682295,-0.06561706524338455,-0.5673573079898888,-1.874698550652641,0.1094662780568717,-1.161308092068206,0.1422317421860606,0.5673573079898888,0,-1.4034805758107727,5.826802996959452,-3.9649706140912224,0.0,0.23076923076923078
Halcyon Personal Care,display,2023-12,11,1.03459276959218,0.5128395975750318,1.03459276959218,True,0.47263460205830826,-0.03360494592788011,-0.5469686117509361,0.04018165873337396,-0.21024383921409864,-1.163258432003688,0.5882098358155091,0.5619581675338716,1.0681977155200602,0.21024383921409864,1,0.46944703446498426,-1.3079915277296132,0.7610229159786771,0.2,0.175
Solstice Foods,tv,2023-12,11,-0.25446172313056326,-1.0191331510012425,-0.25446172313056326,False,-1.249858014495237,-1.1637902844222627,2.6611320134236967,0.9515638114035675,,-0.5904718886597894,-0.6891368602866751,0.9953962913646737,0.9093285612916995,,0,0.18024664887683203,5.826802996959452,-3.165670983535755,0.0,0.23076923076923078
Solstice Foods,display,2023-12,11,-1.3805722391283122,-0.4194189113668979,-0.4194189113668979,False,-0.818511978893499,0.08398249825166014,2.4372654245552994,0.16328522553870048,-0.19772813938056993,-1.414033313487822,-0.6245087861135492,-0.5620602602348131,-1.4645547373799723,0.19772813938056993,1,-1.261816412739128,5.826802996959452,-3.3895375724041523,0.0,0.23076923076923078
Halcyon Personal Care,paid_search,2023-12,11,0.9858842685626504,0.14054884402737933,0.9858842685626504,True,1.3465186375570963,-0.24562612327486688,0.011161935740779854,0.7787294706139282,-0.8076674251573661,-0.5701164197431112,-0.2917453934561387,-0.3606343689944459,1.2315103918375172,0.8076674251573661,1,1.2113251478186158,-1.3079915277296132,1.3191534634703932,0.4,0.175
Nimbus Home,audio,2023-12,11,1.4504597730885729,0.36463306316869615,1.4504597730885729,True,0.5361411085592099,2.1486536569586407,0.09290205907508944,1.8641917714832146,1.835996251674585,,0.6885975278956014,0.914318664529363,-0.6981938838700679,-1.835996251674585,1,-0.6377668522786804,0.830365892029894,-0.7374638329548046,0.2,0.175
Nimbus Home,paid_search,2023-12,11,0.6294333212973627,-0.08166822288674035,0.6294333212973627,True,0.19822055558643484,-0.14135241981831914,0.25931106406904564,-1.226788010393957,0.12749265512526425,0.8647794061724579,-0.3107064912098792,0.4312127657109279,0.7707857411156819,-0.12749265512526425,1,-0.18469942419482968,0.830365892029894,-0.5710548279608483,0.4,0.175
Ridgeway Grocery,tv,2023-12,11,-1.6868661911961391,-1.5991859587152046,-1.5991859587152046,False,0.7616381217406385,0.3385102617788982,1.5566395232829537,-0.9119494939697993,,0.8413380227572915,1.7763144479354098,-2.4485043129367776,-2.0253764529750375,,1,-0.1838898285961679,4.440249796536849,-2.883610273253895,0.0,0.23076923076923078
Ridgeway Grocery,retail_media,2023-12,11,-0.8837050732359583,-0.47862819366301235,-0.47862819366301235,False,-1.523934518987055,-0.9918164326756173,2.1800910429479683,1.539437462802512,0.03052875075056263,-0.8988512935325765,1.0538356245040263,0.6402294457510967,0.108111359439659,-0.03052875075056263,1,-1.0674618936274125,4.440249796536849,-2.2601587535888803,0.0,0.23076923076923078
Solstice Foods,affiliate,2023-12,11,-1.7917837655104536,-1.2825365533664863,-1.2825365533664863,False,-0.8307947442456879,0.36013277022242407,1.8782545530193515,0.9633348830247728,-0.09644152541191771,-3.6950268667353625,-0.2522222489702408,-0.9609890212647657,-2.1519165357328776,0.09644152541191771,1,-0.725792254271592,5.826802996959452,-3.9485484439401004,0.0,0.23076923076923078
Solstice Foods,social,2023-12,11,-1.3406685029127436,-1.5506544985664095,-1.3406685029127436,False,-2.572958163004909,-2.3596928088434668,2.4738225643790073,-2.2895503613820742,1.530838599366709,-1.3863166922678618,-0.4627201086549432,1.2322896600921653,1.0190243059307231,-1.530838599366709,0,0.26277250984226636,5.826802996959452,-3.3529804325804444,0.0,0.23076923076923078
Verdant Snacks,digital_video,2023-12,11,-0.6712945571520913,0.33659080891170584,0.33659080891170584,False,0.06832144419858548,0.6487179384190341,-0.34781178537737306,0.46589073620969257,-0.8006651720481179,-0.1975385029273325,1.2509129580856468,-0.7396160013506767,-1.3200124955711254,0.8006651720481179,1,0.6268906650630006,-0.9161482607869199,0.5683364754095468,0.2,0.2
Verdant Snacks,social,2023-12,11,-1.0634240761480538,0.3845085302292568,0.3845085302292568,False,0.43367621024747866,-0.03571120646703926,-0.3980805416433505,0.4019315134606772,0.611844062533992,0.3237121209660703,-0.8394589132909843,-1.4971002863955325,-1.0277128696810145,-0.611844062533992,1,0.7276598018788991,-0.9161482607869199,0.5180677191435694,0.2,0.2
Nimbus Home,retail_media,2023-12,11,1.6815320045976674,1.5026968323683374,1.6815320045976674,True,0.5318641691567486,0.27947250198784024,0.48701469296736355,0.642220449147669,0.19784262055222926,0.6649935538595655,0.20399363303731238,1.1496678354409187,1.402059502609827,-0.19784262055222926,1,-0.3828362355635606,0.830365892029894,-0.3433511990625304,0.2,0.175
Crestline Beverages,digital_video,2023-12,11,0.7095214067312131,0.15551235011514652,0.7095214067312131,True,0.25643920412576626,1.1359324804005755,-1.866071334150168,2.470603835626395,0.6237106409743757,-0.9417744147175597,-0.9083541290009197,0.45308220260544685,-0.4264110736693624,-0.6237106409743757,1,-0.7916522596487529,-1.4168498805607597,-0.44922145358940835,0.14285714285714285,0.21052631578947367
Aster Wellness,digital_video,2023-12,11,1.1968591560757464,,1.1968591560757464,True,0.7350880249489553,1.224457836753766,0.6654787153854039,0.010077853992349985,,1.5889899035216393,0.6503092314042904,0.46177113112679113,-0.027598680678019516,,0,-0.004210878851969696,0.22454459205001373,0.44093412333539017,0.4,0.15
Crestline Beverages,tv,2023-12,11,0.43756687741169104,0.7268416286486107,0.7268416286486107,True,-0.0777090680934487,0.3258966271984879,-2.1057323545076523,3.53690576099959,,-0.5839322534804031,-0.6149091863634548,0.5152759455051398,0.11167025021320315,,0,0.3416446485633427,-1.4168498805607597,-0.6888824739468926,0.14285714285714285,0.21052631578947367
Aster Wellness,retail_media,2023-12,11,0.6261013575429946,0.199814556252922,0.6261013575429946,True,0.25494449241517636,0.6375616846101868,0.21178336602800504,,-2.965811502002961,-0.5223576845529687,1.0762146493712619,0.3711568651278182,-0.011460327067192244,2.965811502002961,1,-0.1817506698913438,0.22454459205001373,-0.012761226022008687,0.6,0.15
Crestline Beverages,affiliate,2023-12,11,-0.9402725053339391,,-0.9402725053339391,False,0.34161464846076445,1.6729907292117012,-1.3712204803755907,,-0.6095119710012405,2.8608523288409464,1.1981706686755558,-1.2818871537947036,-2.6132632345456406,0.6095119710012405,0,-0.05008912201176534,-1.4168498805607597,0.04562940018516892,0.14285714285714285,0.21052631578947367
Crestline Beverages,paid_search,2023-12,11,-0.9128811948981405,0.06242955250770284,0.06242955250770284,False,0.03864121776332221,-0.4792136729997374,-1.6974331682753736,-0.5616117673978781,0.48922144336084633,-0.12311104762593385,-0.2554957183009035,-0.9515224126614626,-0.4336675218984031,-0.48922144336084633,1,-0.37910230304994147,-1.4168498805607597,-0.28058328771461394,0.14285714285714285,0.21052631578947367
Crestline Beverages,ooh,2023-12,11,0.4074158686970241,0.35276954822063944,0.4074158686970241,False,-0.723033276462867,-0.5825761379449536,-1.2116775406989568,-0.21518220217157288,,-0.04241246640183944,0.33679326091650974,1.130449145159891,0.9899920066419776,,1,-0.8241068143063911,-1.4168498805607597,0.20517233986180283,0.14285714285714285,0.21052631578947367
Crestline Beverages,audio,2023-12,11,0.7210428453415552,0.7468690863150119,0.7468690863150119,True,-1.1913582679238144,-0.24375863955343816,-1.7241658217817282,0.9965051290641402,0.8041468704923366,1.2698149771445653,0.2831189613072438,1.9124011132653695,0.9648014848949933,-0.8041468704923366,0,-0.6588184529044819,-1.4168498805607597,-0.3073159412209685,0.14285714285714285,0.21052631578947367
Crestline Beverages,retail_media,2023-12,11,-0.9141797728995548,-0.14467887261403417,-0.14467887261403417,False,-0.024108487249750732,-0.25800536999245893,-1.340283320114804,2.252496368110213,-0.5683750642504031,-0.6822226307325578,0.5108375533201925,-0.8900712856498041,-0.6561744029070958,0.5683750642504031,1,-0.3213813417475643,-1.4168498805607597,0.07656656044595556,0.14285714285714285,0.21052631578947367
Aster Wellness,display,2023-12,11,0.5115713078269031,0.2984321650239486,0.5115713078269031,True,-1.69235524048717,-0.6127118393505142,0.4280951035113209,-0.5574448325275952,0.3176363080523558,0.8281742630054048,0.35773559192875115,2.2039265483140733,1.1242831471774173,-0.3176363080523558,1,0.44079343910355545,0.22454459205001373,0.20355051146130718,0.6,0.15
Aster Wellness,social,2023-12,11,0.6120863090682255,0.3215258673652177,0.6120863090682255,True,1.1328829577006745,0.46952286044044417,-0.3329826428698257,0.6920398476589307,-0.04683173912038525,-0.4788181675839854,-0.3873780663127685,-0.520796648632449,0.1425634486277813,0.04683173912038525,1,-0.6006513240234225,0.22454459205001373,-0.5575272349198395,0.6,0.15
Aster Wellness,audio,2023-12,11,1.4408243211617546,1.1567783110833951,1.4408243211617546,True,1.3263154575607365,0.8304208904780619,-0.46932610252119955,0.17483507860180725,1.0620948087549154,1.1042655598886184,0.5971423614726662,0.11450886360101808,0.6104034306836927,-1.0620948087549154,1,-0.9595322911959829,0.22454459205001373,-0.6938706945712133,0.4,0.15
Aster Wellness,paid_search,2023-12,11,0.48384017670867285,1.4591131527648968,1.4591131527648968,True,0.35732738604463365,0.34560010668299124,0.1696490003131277,-0.19369630538846827,0.39556123894723594,-0.5578095391821846,-0.46667736278444005,0.1265127906640392,0.13824007002568162,-0.39556123894723594,0,-0.35578923083760106,0.22454459205001373,-0.05489559173688602,0.4,0.15
Halcyon Personal Care,affiliate,2023-12,11,0.587933316793406,-0.03470022150979819,0.587933316793406,True,1.4243857976178693,0.4189814799035429,0.09475832120525875,0.816348666840383,-0.08031279067637913,1.0047956098381554,-1.2641678332996245,-0.8364524808244633,0.1689518368898631,0.08031279067637913,1,2.343573141246475,-1.3079915277296132,1.402749848934872,0.4,0.175
Crestline Beverages,social,2023-12,11,1.2192778902725228,0.09262736600698258,1.2192778902725228,True,-0.6697513174663063,0.22353375793197766,-1.091384876847437,-0.34189579240787615,0.6397200885356243,-1.1998729107139914,-0.3335428862602935,1.889029207738829,0.9957441323405452,-0.6397200885356243,1,-0.9016730581283336,-1.4168498805607597,0.32546500371332265,0.0,0.21052631578947367
Verdant Snacks,display,2024-01,12,0.06418675176256111,0.0037998253512353964,0.06418675176256111,False,0.5389878895647185,0.44239011698741604,-0.2001900614701543,0.7447301927343442,0.37010798741822465,-0.06353062017738875,,-0.47480113780215744,-0.3782033652248549,-0.37010798741822465,1,0.14446882615788006,-0.2515039522850164,0.05131389081486207,0.2,0.525
Ridgeway Grocery,retail_media,2024-01,12,3.891508273501091,0.3109864267637307,3.891508273501091,True,4.02147136257931,2.035409122285446,-1.5575267680775635,6.221820115578441,-2.4404716983506485,,-0.20829207131417143,-0.12996308907821863,1.8560991512156453,2.4404716983506485,1,-0.33332261200592656,-1.4289555922451602,-0.1285711758324033,0.16666666666666666,0.5128205128205128
Ridgeway Grocery,social,2024-01,12,-0.3144708800236721,-0.8073764771366997,-0.3144708800236721,False,-0.2013034456042136,-1.2832657787277788,-1.254418402116727,-1.0808085784145902,1.1693680697491045,-1.6076415527126602,0.9823287329701426,-0.11316743441945848,0.9687948987041067,-1.1693680697491045,0,-0.29542469928981957,-1.4289555922451602,0.17453719012843316,0.3333333333333333,0.5128205128205128
Nimbus Home,paid_search,2024-01,12,1.7805470586316958,0.8941040836305385,1.7805470586316958,True,0.13828306690340472,0.980750874642411,-0.8884504454749685,-0.6665006401628889,-0.7062645190006112,0.4336104449456543,-1.2384570998987063,1.642263991728291,0.7997961839892849,0.7062645190006112,1,-0.050227118321410164,-0.9788987124446091,0.09044826696964059,0.8,0.425
Halcyon Personal Care,display,2024-01,12,0.6953940453399268,0.6594207786257186,0.6953940453399268,True,0.32061866781147536,-0.23428538168430202,-0.8966792218393008,-1.6142930687548245,0.5042706424049045,-0.38145181520935484,-0.36622483106256015,0.3747753775284514,0.9296794270242288,-0.5042706424049045,1,-0.8757576711560799,-0.9212903662440703,0.024611144404769525,1.0,0.425
Verdant Snacks,digital_video,2024-01,12,0.8919971311250874,0.4005570538029027,0.8919971311250874,True,-0.5857551874933635,-0.011480631414065301,0.07898610050454886,-0.3361931754057575,-0.9308373470936002,-0.08654607626779981,0.21714477156798,1.477752318618451,0.9034777625391527,0.9308373470936002,1,0.5756124655111065,-0.2515039522850164,0.3304900527895652,0.2,0.525
Halcyon Personal Care,affiliate,2024-01,12,1.5070083846466709,0.7669956009688085,1.5070083846466709,True,1.8081173823961927,1.355075494573426,-0.8731696620129635,3.3353402361696203,-1.3401721886025275,-0.2677237350940693,0.28801694403165495,-0.3011089977495218,0.15193289007324484,1.3401721886025275,1,-0.10308998977433126,-0.9212903662440703,0.048120704231106814,0.8,0.425
Crestline Beverages,audio,2024-01,12,0.3984623966819202,0.438555732972032,0.438555732972032,False,1.8153595980759871,1.4672715711049062,-0.4434279794194842,0.07679449622521185,1.0959761191787885,-0.6225623000493252,-1.4252781019516116,-1.4168972013940668,-1.0688091744229862,-1.0959761191787885,0,0.15488927172138808,-0.13489330029353874,-0.30853467912594545,0.0,0.5789473684210527
Halcyon Personal Care,retail_media,2024-01,12,3.039373092146011,2.3606890379971097,3.039373092146011,True,1.6546838802907888,1.0119702420128585,-0.47480231526355593,0.5101103316407373,1.903926834312206,0.9309973535111519,-0.07556590760599904,1.3846892118552223,2.0274028501331527,-1.903926834312206,1,0.23284082771961145,-0.9212903662440703,0.4464880509805144,0.8,0.425
Nimbus Home,display,2024-01,12,2.2600375242315316,1.1241702382829408,2.2600375242315316,True,-0.23327593410575254,-1.8703763033923708,-0.6447388264636477,-0.21128271109636396,-0.23181711124127616,-0.3820499966113894,-0.504104062804856,2.4933134583372842,4.130413827623903,0.23181711124127616,1,0.04944219442931941,-0.9788987124446091,0.33415988598096147,0.8,0.425
Nimbus Home,audio,2024-01,12,2.0843678349060912,1.5407633052082517,2.0843678349060912,True,2.7505205655992166,2.518145470732512,-0.5531572452690182,1.7971682176231025,-1.647823561215824,2.0225452366308385,-0.8319135019091553,-0.6661527306931254,-0.4337776358264209,1.647823561215824,1,0.42067486307065804,-0.9788987124446091,0.4257414671755909,0.8,0.425
Aster Wellness,paid_search,2024-01,12,,,,False,,,,0.6533396381768131,-0.5375562592479504,-0.20022168854951916,1.2006563885007342,,,0.5375562592479504,0,,-1.7670712478174913,,1.0,0.425
Solstice Foods,tv,2024-01,12,1.1441974267672774,-0.1321390435380578,1.1441974267672774,True,0.7250184411842326,-0.20201681779931868,-1.118233885639756,-0.11875783753645545,,0.5873932737328784,-0.35892044375990667,0.4191789855830448,1.346214244566596,,1,1.4255544477020958,-2.5458658050601244,1.4276319194203684,0.5,0.46153846153846156
Solstice Foods,display,2024-01,12,1.40183049106986,-0.18679009422715603,1.40183049106986,True,0.36942337984568474,1.2232956376503303,-1.0861290584492516,0.5578473965522176,1.388110284705595,0.21761438521336085,0.22875021260960332,1.0324071112241753,0.17853485341952968,-1.388110284705595,1,1.488152150333954,-2.5458658050601244,1.4597367466108728,0.5,0.46153846153846156
Aster Wellness,social,2024-01,12,2.0587402233792096,1.2985850101038647,2.0587402233792096,True,0.7260307297154557,0.8226971085972453,-0.5401617695703826,-0.6137363720545463,-0.2932060531926004,-0.8162164994571787,-0.05870705857747155,1.3327094936637538,1.2360431147819644,0.2932060531926004,1,1.6136993523079035,-1.7670712478174913,1.2269094782471086,0.8,0.425
Verdant Snacks,affiliate,2024-01,12,0.5441815225191869,-0.0021577965716547253,0.5441815225191869,True,0.5280868529382449,0.6903341673307385,-0.821760965368697,1.1899562445511704,-0.20644682653266827,0.7797698028293845,0.10415316917118528,0.016094669580942078,-0.14615264481155155,0.20644682653266827,1,-0.7734450250124553,-0.2515039522850164,-0.5702570130836806,0.2,0.525
Solstice Foods,digital_video,2024-01,12,1.1807206376228239,-0.4741430870086658,1.1807206376228239,True,-0.5639742574275016,0.55099473130169,-1.3188361211147122,0.8182021274942668,0.07037781862474156,-0.5699994317739357,-0.3871000631145774,1.7446948950503254,0.6297259063211339,-0.07037781862474156,1,2.8032754448167663,-2.5458658050601244,1.2270296839454122,0.5,0.46153846153846156
Nimbus Home,digital_video,2024-01,12,0.8016466492961797,0.1854682283154504,0.8016466492961797,True,0.37970564194688855,0.27085251305940544,-0.1870160018788459,-1.008708585362439,-0.699364077059967,-0.2994539734522587,0.37674865912456085,0.42194100734929113,0.5307941362367743,0.699364077059967,1,0.4047929867899101,-0.9788987124446091,0.7918827105657632,1.0,0.425
Halcyon Personal Care,paid_search,2024-01,12,1.6224134124785028,1.279587037368598,1.6224134124785028,True,0.28729664623760187,0.8060403099529823,-0.8649760679385103,0.8481252760676877,-0.9512008585027547,-1.4486339986196257,0.9786551537473952,1.335116766240901,0.8163731025255205,0.9512008585027547,1,-0.31054777980771875,-0.9212903662440703,0.05631429830556001,0.8,0.425
Solstice Foods,paid_search,2024-01,12,,,,False,,,,1.1333709312656128,,0.23794558918277972,0.005836509652763083,,,,0,,-2.5458658050601244,,0.6666666666666666,0.46153846153846156
Solstice Foods,affiliate,2024-01,12,1.598842883580894,-0.29458378697878745,1.598842883580894,True,1.0629816504190057,0.834841948108575,-1.290432997787001,-1.0248424908891336,-0.5419957416713815,1.061458859787149,-0.543090106534061,0.5358612331618884,0.7640009354723191,0.5419957416713815,1,1.1578509032249176,-2.5458658050601244,1.2554328072731233,0.5,0.46153846153846156
Crestline Beverages,affiliate,2024-01,12,-0.26095983519556837,-0.07303795776850122,-0.07303795776850122,False,-0.12955718363396296,0.5625300242816003,-1.5429972984961988,0.3728057933635318,0.8896009337973155,-1.7446604217295756,-0.39080929760124256,-0.1314026515616054,-0.8234898594771687,-0.8896009337973155,1,-1.4964919588184271,-0.13489330029353874,-1.4081039982026602,0.0,0.5789473684210527
Ridgeway Grocery,tv,2024-01,12,0.4063371598353684,-0.5421827470913486,0.4063371598353684,False,0.20655439355736102,-0.2721973349195525,-0.622553599079876,0.171022272342645,,0.03657176094901484,1.0179783210609255,0.19978276627800737,0.6785344947549209,,0,0.2203227683358996,-1.4289555922451602,0.8064019931652843,0.3333333333333333,0.5128205128205128
Crestline Beverages,tv,2024-01,12,0.9327804945606829,0.8172052218264749,0.9327804945606829,True,2.0975414109656527,-0.1178723045135816,-0.8314832609345788,2.517020141912658,,1.1447319122865158,1.1114790272228996,-1.16476091640497,1.0506527990742645,,1,0.08547520518198172,-0.13489330029353874,-0.6965899606410401,0.0,0.5789473684210527
Ridgeway Grocery,paid_search,2024-01,12,0.5049600942558354,-0.4125655448886063,0.5049600942558354,True,0.07606086076120931,-1.0718450255985978,-2.010629035661491,0.3729554224166042,-0.47282526195155566,1.1555367661550267,-1.3856209566365039,0.4288992334946261,1.5768051198544333,0.47282526195155566,1,0.25866715429086773,-1.4289555922451602,-0.5816734434163306,0.3333333333333333,0.5128205128205128
Aster Wellness,display,2024-01,12,3.421977471166891,1.358006426529461,3.421977471166891,True,1.3743416563020576,1.0308734233588903,-1.2944548631402735,-0.26549653998876815,-1.108988271364891,0.7271922517600188,-0.23688647643264338,2.047635814864833,2.3911040478080006,1.108988271364891,1,0.7002221122000346,-1.7670712478174913,0.4726163846772178,0.8,0.425
Crestline Beverages,retail_media,2024-01,12,0.47404721778606707,-0.01893093423577305,0.47404721778606707,False,1.1843897404151371,0.5405231298350854,-0.595659702806834,1.638113029439464,1.353732327011451,0.9132253145110952,-0.2869265369848051,-0.71034252262907,-0.06647591204901837,-1.353732327011451,1,-0.32210377054657985,-0.13489330029353874,-0.46076640251329526,0.0,0.5789473684210527
Crestline Beverages,social,2024-01,12,0.7267962651618863,0.4300227169814689,0.7267962651618863,True,0.8150990323193358,1.034248838509487,-0.6095327491707075,-0.24411846301765358,1.6981147304996091,0.44257612801394886,0.2684794706955429,-0.08830276715744945,-0.3074525733476007,-1.6981147304996091,1,-0.9232407549774716,-0.13489330029353874,-0.4746394488771688,0.0,0.5789473684210527
Ridgeway Grocery,display,2024-01,12,-1.523382328357157,-0.6860892124985385,-0.6860892124985385,False,-0.33287788776714783,-1.1310681907461273,-1.359609641807809,-1.0937721930311042,1.8829090036952931,-2.153592294640928,0.49605057076945874,-1.1905044405900091,-0.39231413761102973,-1.8829090036952931,1,-0.267141784438682,-1.4289555922451602,0.06934595043735126,0.3333333333333333,0.5128205128205128
Aster Wellness,retail_media,2024-01,12,1.4868650691899297,0.923711889213779,1.4868650691899297,True,-0.46441272086484764,-0.9590348127093973,-0.6882564901211592,-0.16412845634164266,0.9899017121072896,0.9027957320316092,-0.5798115607058119,1.9512777900547773,2.4458998818993267,-0.9899017121072896,1,2.399261829024195,-1.7670712478174913,1.078814757696332,0.8,0.425
Aster Wellness,digital_video,2024-01,12,2.535447507742078,,2.535447507742078,True,1.5117135087108247,2.217385543093716,-1.4668236080667485,0.08776679267554766,1.3202320789513757,-1.0129324677984122,0.8147220466353452,1.0237339990312535,0.3180619646483622,-1.3202320789513757,0,1.3223547454395932,-1.7670712478174913,0.30024763975074276,0.8,0.425
Verdant Snacks,paid_search,2024-01,12,0.9616024655164147,-0.03179202432142067,0.9616024655164147,True,-0.8867049985214726,-0.28815787700362,-0.3499216978627419,-0.11030873307902798,-0.5452795909368728,0.6760147137988022,0.4883393913835882,1.8483074640378874,1.2497603425200348,0.5452795909368728,1,0.37106878031715684,-0.2515039522850164,-0.09841774557772554,0.2,0.525
Ridgeway Grocery,affiliate,2024-01,12,3.0464655179300757,0.15853430398614612,3.0464655179300757,True,4.955554248158733,2.953728356518319,-1.2068812715363777,4.817626303038458,-3.1833042954936808,4.201404872519985,1.1934754346775114,-1.9090887302286572,0.09273716141175647,3.1833042954936808,1,-0.009451883573169418,-1.4289555922451602,0.22207432070878252,0.16666666666666666,0.5128205128205128
Verdant Snacks,retail_media,2024-01,12,0.8472216263177353,1.020254967977423,1.020254967977423,True,-1.1392862761720024,-0.8499806189332506,-1.6074639027825168,-1.6204293116397281,0.19754354595083526,-0.6225287398962309,-0.26894542786310704,1.9865079024897376,1.697202245250986,-0.19754354595083526,0,-1.0340667915141015,-0.2515039522850164,-1.3559599504975004,0.0,0.525
Crestline Beverages,ooh,2024-01,12,-0.4485353743498949,0.07231780253434944,0.07231780253434944,False,-1.4300774212376919,-0.5470822200712608,-0.10288746688141266,-0.14930147911877326,,0.286970308517797,-0.37891831876334936,0.981542046887797,0.09854684572136596,,1,0.4361814918525577,-0.13489330029353874,0.03200583341212608,0.0,0.5789473684210527
Crestline Beverages,paid_search,2024-01,12,0.9132372411703339,0.0440677535574963,0.9132372411703339,True,2.2068130142916043,1.6149474126599215,-0.5555953205811084,2.328341908478935,-1.541455850001804,2.265080287380622,-0.0947932547905872,-1.2935757731212703,-0.7017101714895876,1.541455850001804,1,-0.6106718761395727,-0.13489330029353874,-0.42070202028756964,0.0,0.5789473684210527
Halcyon Personal Care,digital_video,2024-01,12,1.7575485749277409,,1.7575485749277409,True,0.9488306455457942,1.0527739658930253,-1.1204855278182393,-0.1538249811167347,-2.8119620472258533,0.4864369939194898,-0.3889329195845226,0.8087179293819466,0.7047746090347156,2.8119620472258533,0,-0.26692328281636424,-0.9212903662440703,-0.19919516157416894,0.8,0.425
Nimbus Home,retail_media,2024-01,12,1.64379413491138,1.5114852568616934,1.64379413491138,True,3.0262749951959336,1.3154915946797963,-0.41231428984142293,2.9424391933749017,-0.28280015476495945,0.8986810336381761,0.01757360059235144,-1.3824808602845535,0.3283025402315838,0.28280015476495945,1,0.14988707944671997,-0.9788987124446091,0.5665844226031862,0.8,0.425
Nimbus Home,social,2024-01,12,2.0056324615841015,1.0098588216299724,2.0056324615841015,True,1.2737748385855217,1.2552781486241928,-0.837531568810324,-0.03475181681499537,-1.8808182629473418,-0.5343150645860815,-1.0666938989755805,0.7318576229985798,0.7503543129599086,1.8808182629473418,1,-0.6930595560129597,-0.9788987124446091,0.14136714363428515,0.8,0.425
Verdant Snacks,social,2024-01,12,0.11805873450886463,0.0579984459266737,0.11805873450886463,False,-0.6468680685928831,0.8167147880406342,0.08873251714505692,-1.2448654662659628,0.12388041932651275,-0.7069609857335046,0.28723718226289774,0.7649268031017478,-0.6986560535317696,-0.12388041932651275,1,0.5993376257104144,-0.2515039522850164,0.3402364694300733,0.2,0.525
Crestline Beverages,digital_video,2024-01,12,0.16084478548895367,0.4281128042185424,0.4281128042185424,False,0.6824080940539309,0.4906912254881407,-0.6030246699154709,-0.9202755315552369,0.24286628379368533,0.12127782821884527,1.3940404238911963,-0.5215633085649772,-0.32984643999918706,-0.24286628379368533,0,-1.0327957808432522,-0.13489330029353874,-0.46813136962193214,0.0,0.5789473684210527
Halcyon Personal Care,social,2024-01,12,1.8279794691430105,1.2893591164185072,1.8279794691430105,True,0.7649018070107564,-0.4105675697456237,-1.1890975601146057,0.8115125093371199,-2.6728595395867467,-0.32509536554890356,0.14807539692804905,1.0630776621322542,2.238547038888634,2.6728595395867467,1,-0.33137950835617686,-0.9212903662440703,-0.2678071938705353,0.8,0.425
Solstice Foods,social,2024-01,12,-0.5122790929527988,-1.1705936594969273,-0.5122790929527988,False,-1.2058206002717897,-1.9968972234526212,-1.387794498721561,-0.7932076157908619,0.6012895269840088,-0.19297846583962985,-0.27060959898118214,0.6935415073189909,1.4846181304998223,-0.6012895269840088,0,0.9166760065725817,-2.5458658050601244,1.1580713063385635,0.6666666666666666,0.46153846153846156
Solstice Foods,retail_media,2024-01,12,0.31379862375574064,-0.3945517014012163,0.31379862375574064,False,-1.2926297001972125,-0.4367585868390923,-1.2726579428473017,1.0530357398831929,2.967756426377554,-0.5220019681082712,0.09248695449690716,1.606428323952953,0.7505572105948329,-2.967756426377554,0,1.263029257321405,-2.5458658050601244,1.2732078622128227,0.6666666666666666,0.46153846153846156
Ridgeway Grocery,audio,2024-01,12,0.27673216952569896,0.34548004082124817,0.34548004082124817,False,0.527328263271034,-0.6384337565611616,-1.48912772390589,-0.3399947105207251,0.690753257278101,0.23391967860967228,0.676340598582087,-0.25059609374533504,0.9151659260868605,-0.690753257278101,0,0.35405378271841187,-1.4289555922451602,-0.060172131660729766,0.3333333333333333,0.5128205128205128
Aster Wellness,audio,2024-01,12,0.9582409557269942,1.2412983769082866,1.2412983769082866,True,0.783245715881057,0.702945575719463,-1.6205062506875536,0.33813737066211924,0.028147552380775834,-0.6664953966563733,0.7181589882607475,0.17499523984593723,0.25529538000753116,-0.028147552380775834,0,0.40398683004424774,-1.7670712478174913,0.14656499712993765,0.8,0.425
Halcyon Personal Care,digital_video,2024-02,13,-0.5833770409671333,,-0.5833770409671333,False,0.5954583543024826,0.0916829331912724,-0.19634185318757655,0.5192962546197832,-1.3781938911755705,0.4829381547447222,-0.43567096827760166,-1.178835395269616,-0.6750599741584057,1.3781938911755705,0,1.5398168870567135,-1.0304327984711825,0.834090945283606,0.2,0.275
Crestline Beverages,ooh,2024-02,13,0.7683558128439816,0.16160806826469126,0.7683558128439816,True,-0.6718797166700363,-1.0598594384884565,-0.07802940487005577,0.9322714678238722,,0.28031155253268575,-0.3723032261239184,1.440235529514018,1.8282152513324381,,1,-0.5783750147529615,0.19864995338800837,-0.2766793582580641,0.5714285714285714,0.21052631578947367
Halcyon Personal Care,paid_search,2024-02,13,-1.0342039569180022,0.3497986053607003,0.3497986053607003,False,-1.0586091364186312,-0.18398737386020048,-1.2458197978380443,0.24391387786959387,-0.38434870235245666,-0.6035778971462725,-0.9654906624464492,0.024405179500629037,-0.8502165830578017,0.38434870235245666,1,-0.826195865170581,-1.0304327984711825,-0.2153869993668618,0.2,0.275
Nimbus Home,digital_video,2024-02,13,0.10794313608574628,0.36471219429017404,0.36471219429017404,False,-2.177381820636246,-0.8943489132032286,-1.0242099042620094,2.252489296308735,0.4140063907770435,-0.13579825667953913,0.40249842067659747,2.2853249567219924,1.0022920492889749,-0.4140063907770435,0,-1.4502082369930003,-0.6571817514006817,-0.36702815286132773,0.6,0.225
Crestline Beverages,digital_video,2024-02,13,1.122798627182732,0.6643882731342995,1.122798627182732,True,-2.1899314561160703,-0.8893630262527943,-0.08159296581498565,-0.820010274897522,1.5156274106221257,0.43617464702740627,0.4493584244730675,3.3127300832988023,2.012161653435526,-1.5156274106221257,1,-0.615289049575126,0.19864995338800837,-0.28024291920299405,0.42857142857142855,0.21052631578947367
Solstice Foods,retail_media,2024-02,13,-1.1002731039994238,-0.548562010123974,-0.548562010123974,False,0.05407984949907759,-0.06424237179950021,-1.3470924512520168,0.1556917608257842,0.5530575867605594,0.40668251714462145,0.6716575905709836,-1.1543529534985013,-1.0360307321999236,-0.5530575867605594,1,-0.7678548155403139,-1.4931168500067251,0.1460243987547083,0.16666666666666666,0.28205128205128205
Aster Wellness,audio,2024-02,13,-0.02384075202164296,0.5278276721926902,0.5278276721926902,True,-0.1895775806354504,0.04857549009338602,-1.0810646367932089,0.6549624692335998,0.830281443121169,0.12189457501480205,0.13148446338368397,0.16573682861380745,-0.07241624211502898,-0.830281443121169,0,-0.6938855838048074,-0.7896557630845469,-0.291408873708662,0.4,0.25
Solstice Foods,digital_video,2024-02,13,0.4180012527805424,0.26503711382696943,0.4180012527805424,False,-0.2546438647441231,-1.3936986800315743,-1.6132241109037782,1.2244315530833545,0.10468592693179578,-0.3108982832801238,-0.28904315478355397,0.6726451175246655,1.8116999328121166,-0.10468592693179578,1,0.0683348384557858,-1.4931168500067251,-0.12010726089705304,0.16666666666666666,0.28205128205128205
Verdant Snacks,affiliate,2024-02,13,0.1599127493216217,0.3639474189817169,0.3639474189817169,False,-1.0233351319766277,0.41594441454006353,-0.9397435085076425,1.810330714192467,0.938038107784145,-0.345866003127671,0.4339505072537428,1.1832478812982494,-0.25603166521844184,-0.938038107784145,0,-1.6131038458667286,-0.024520484050262005,-0.9152230244573806,0.2,0.275
Ridgeway Grocery,affiliate,2024-02,13,0.613797016787668,0.6276096369021855,0.6276096369021855,True,-0.30726138679920617,0.35862760620971373,-1.7132689607352345,-2.256564050822438,-1.5207805931786935,0.12677680802960642,0.2172331712405169,0.9210584035868741,0.2551694105779542,1.5207805931786935,0,-0.3975579607980911,-1.5331163973466866,-0.1801525633885479,0.0,0.3076923076923077
Aster Wellness,social,2024-02,13,0.3441881662102082,1.0050048995525478,1.0050048995525478,True,0.5681325837579891,0.8611543297652257,-0.6891517083006973,0.8421980636749021,-0.20659040724802366,-1.9075239103050474,1.4438672314705947,-0.22394441754778094,-0.5169661635550175,0.20659040724802366,0,-0.10083397668213781,-0.7896557630845469,0.1005040547838496,0.2,0.25
Verdant Snacks,retail_media,2024-02,13,1.089530268318044,1.3227341016862921,1.3227341016862921,True,-0.9153040287991419,-0.20348391980443684,-1.0771471223243172,-0.6793751718352219,-0.2939888254069212,0.8711363148154625,-0.40209670256936003,2.0048342971171857,1.2930141881224808,0.2939888254069212,0,-1.0597567895547633,-0.024520484050262005,-1.0526266382740552,0.0,0.275
Crestline Beverages,social,2024-02,13,0.4260232989869064,0.7906991514737718,0.7906991514737718,True,0.9774120505870176,1.3365069013353583,0.14439098790497326,-1.0392709172280317,-0.7379011189294417,-0.6350689783797017,-0.27505094128583846,-0.5513887516001112,-0.9104836023484519,0.7379011189294417,0,0.45640160550170106,0.19864995338800837,-0.054258965483035104,0.5714285714285714,0.21052631578947367
Nimbus Home,audio,2024-02,13,0.8230295284108368,1.4526190454685004,1.4526190454685004,True,2.88195390992058,2.1414522365097444,-0.07234696028026903,3.431628984446785,-0.2001803784239315,1.7084072179612775,-0.11346386023392968,-2.058924381509743,-1.3184227080989075,0.2001803784239315,0,0.7162710637751118,-0.6571817514006817,0.5848347911204127,0.4,0.225
Solstice Foods,tv,2024-02,13,0.9009040889962303,0.39791995391843205,0.9009040889962303,True,0.4500545729951441,0.02613875275942336,-1.5138132050701592,0.4963186146381477,,-0.48696861524823354,-0.6020272066250317,0.4508495160010862,0.874765336236807,,1,-2.094574527446516,-1.4931168500067251,-0.020696355063434035,0.16666666666666666,0.28205128205128205
Verdant Snacks,social,2024-02,13,0.007158759820834277,-0.10424517575759498,0.007158759820834277,False,-1.4366952844882166,-0.47254655153660824,0.09808843872355304,-0.8860391833405716,-1.2289464782188066,-1.6263791671141188,0.047936482459877416,1.4438540443090508,0.47970531135744254,1.2289464782188066,0,0.4309785956423152,-0.024520484050262005,0.12260892277381505,0.2,0.275
Aster Wellness,paid_search,2024-02,13,-0.7105495777234673,,-0.7105495777234673,False,0.975073780418319,0.5962512121254786,-0.8334343151785722,-0.19214283597104864,-0.9432677385271372,-0.06552074997646354,0.4849025117817318,-1.6856233581417863,-1.3068007898489458,0.9432677385271372,0,0.009206097124638277,-0.7896557630845469,-0.04377855209402537,0.4,0.25
Solstice Foods,display,2024-02,13,1.7558139685395149,0.3949049378846805,1.7558139685395149,True,0.48388128404750863,0.9259710258303119,-1.2704497803023835,-0.19146308586151778,0.7922306146667489,-0.6195620048252114,-0.27934338135684467,1.2719326844920062,0.829842942709203,-0.7922306146667489,1,-0.785088607264993,-1.4931168500067251,0.22266706970434158,0.0,0.28205128205128205
Solstice Foods,affiliate,2024-02,13,0.706902164421187,0.11421361833147282,0.706902164421187,True,0.6062608163848666,0.4922935429086679,-0.9952158058269894,0.3555319008293973,,-1.2408633434045326,0.7597064017171709,0.10064134803632041,0.21460862151251914,,1,-0.04360282195397158,-1.4931168500067251,0.4979010441797357,0.16666666666666666,0.28205128205128205
Crestline Beverages,affiliate,2024-02,13,1.7621787522313481,0.06232737907798228,1.7621787522313481,True,0.9505672700845569,0.3297196256427076,-0.27138965413296195,-0.32234571949255136,,2.2267812008854015,-0.4859807051008247,0.8116114821467912,1.4324591265886406,,1,-1.3116714975306976,0.19864995338800837,-0.4700396075209703,0.42857142857142855,0.21052631578947367
Nimbus Home,social,2024-02,13,0.14649187496959912,1.0495315776548353,1.0495315776548353,True,-0.9712201264474283,0.7503700160165934,-0.8590733826772625,-0.330233603794161,-1.333973426894911,0.17364113217677962,0.5471655457612065,1.1177120014170274,-0.6038781410469942,1.333973426894911,0,-0.8494219391759054,-0.6571817514006817,-0.20189163127658083,0.4,0.225
Crestline Beverages,tv,2024-02,13,1.2833365905310827,0.8845613208344855,1.2833365905310827,True,3.1652774453355534,1.9363846952911417,0.3169987425675915,2.551632294365172,,1.2231748279837162,-0.25260293122911526,-1.8819408548044707,-0.6530481047600589,,1,0.5131330213444224,0.19864995338800837,0.11834878917958311,0.42857142857142855,0.21052631578947367
Ridgeway Grocery,paid_search,2024-02,13,0.33373034262528917,0.002469621644398222,0.33373034262528917,False,0.49206767272320906,-0.9181097439075931,-2.6812184169258733,-0.3209116326389788,1.285605464946796,-0.4151396931960911,0.7352200510177355,-0.1583373300979199,1.2518400865328823,-1.285605464946796,1,-0.9692794802481808,-1.5331163973466866,-1.1481020195791867,0.0,0.3076923076923077
Halcyon Personal Care,affiliate,2024-02,13,-0.5202367604850209,0.3499344313233458,0.3499344313233458,False,-0.6591309723692496,-0.41299898263352675,-1.00254231779408,0.5452191706433906,0.887229040866464,0.5151355301163351,,0.13889421188422868,-0.10723777785149413,-0.887229040866464,1,-0.32413574611113094,-1.0304327984711825,0.027890480677102536,0.2,0.275
Halcyon Personal Care,social,2024-02,13,-0.10143605805895772,0.5719377304318816,0.5719377304318816,True,0.03774650904741046,-0.5820148098329802,-2.6477030269421817,0.02909533780228884,-0.5228337081855648,-0.4396840995667703,-0.37186495685759824,-0.13918256710636817,0.48057875177402243,0.5228337081855648,0,-1.8300916184625249,-1.0304327984711825,-1.6172702284709992,0.2,0.275
Halcyon Personal Care,retail_media,2024-02,13,-0.529387339768545,1.3599199438658982,1.3599199438658982,True,-0.4346032547161805,0.9089058811963419,-0.1839768050548353,0.8475429433807927,0.8500456919472572,0.599422025101396,-0.13894120077131214,-0.09478408505236452,-1.4382932209648869,-0.8500456919472572,0,1.4269068819411335,-1.0304327984711825,0.8464559934163473,0.0,0.275
Nimbus Home,paid_search,2024-02,13,-0.27484803915539785,0.47447385350525784,0.47447385350525784,False,-1.8667559889275955,-0.4944915282099588,-0.7125735589044131,-1.8157302324911562,-0.34178783947041486,-0.82889756216987,-1.039323401074716,1.5919079497721977,0.21964348905456094,0.34178783947041486,0,-0.4064030618598918,-0.6571817514006817,-0.055391807503731405,0.6,0.225
Crestline Beverages,paid_search,2024-02,13,2.3745095810105297,0.5277479171739385,2.3745095810105297,True,3.078230053120042,1.9677908969771507,-0.11449449100801849,1.465967501613664,-1.7864274277614531,2.2874531477869633,-0.4538863315130953,-0.7037204721095125,0.40671868403337896,1.7864274277614531,1,-0.4322094554659376,0.19864995338800837,-0.31314444439602684,0.42857142857142855,0.21052631578947367
Halcyon Personal Care,display,2024-02,13,-0.17281878033389467,0.34603734102182493,0.34603734102182493,False,-0.3818444547262199,-0.023473163068152874,-0.5299746233383037,-0.6369143727853918,0.3149505563951752,-0.486925212383025,1.9962597224886593,0.20902567439232525,-0.1493456172657418,-0.3149505563951752,0,0.5578300621053744,-1.0304327984711825,0.5004581751328788,0.2,0.275
Nimbus Home,retail_media,2024-02,13,0.4850838708743597,1.2701366701278023,1.2701366701278023,True,1.9825096366932895,1.885477978098149,0.29582449358927265,2.344716722356467,-1.8544818689549527,2.665517048941363,-0.8032504570025946,-1.4974257658189298,-1.4003941072237893,1.8544818689549527,0,1.1170525628173693,-0.6571817514006817,0.9530062449899543,0.4,0.225
Ridgeway Grocery,retail_media,2024-02,13,0.4082986542552562,0.7591337454489753,0.7591337454489753,True,1.1045410181415125,0.5726092758253792,-1.3956571490051408,-1.7844588402171964,-0.04861659740104626,-0.8123971957436243,-0.330090812369363,-0.6962423638862563,-0.16431062157012305,0.04861659740104626,0,0.43884065159118296,-1.5331163973466866,0.13745924834154577,0.0,0.3076923076923077
Aster Wellness,retail_media,2024-02,13,-0.9624065731323924,0.25567996746678484,0.25567996746678484,False,-0.6729539770362589,-1.6951261915322704,-0.4470043883027922,1.410659382155216,0.9389345523976083,,-0.35257524972353294,-0.2894525960961335,0.732719618399878,-0.9389345523976083,1,0.5130806131669406,-0.7896557630845469,0.34265137478175467,0.4,0.25
Solstice Foods,paid_search,2024-02,13,0.4601462871372493,,0.4601462871372493,False,-0.11497958150026048,-1.2479934912250854,-1.2002553648072036,-1.0095398382630487,0.3314167518929201,0.973412355810665,0.8937783671987581,0.5751258686375098,1.7081397783623347,-0.3314167518929201,0,0.5694621779285993,-1.4931168500067251,0.2928614851995215,0.16666666666666666,0.28205128205128205
Crestline Beverages,audio,2024-02,13,-0.03636826309378033,0.24069710642882108,0.24069710642882108,False,0.05359823628418874,1.7952475194433908,0.038517022916507195,1.5988817905797537,-0.8111757979079526,-0.6010652606128695,1.009212869128187,-0.08996649937796908,-1.831615782537171,0.8111757979079526,0,-0.013011756933642685,0.19864995338800837,-0.16013293047150118,0.5714285714285714,0.21052631578947367
Verdant Snacks,digital_video,2024-02,13,-0.22689186569802341,-0.0013753981611171597,-0.0013753981611171597,False,1.427632332626115,1.3027521014387187,0.12404770163124393,-0.6826989136114074,-0.2818090904977724,-0.2884398055906933,-1.255204641048624,-1.6545241983241386,-1.529643967136742,0.2818090904977724,1,0.5576024800730763,-0.024520484050262005,0.14856818568150593,0.2,0.275
Ridgeway Grocery,display,2024-02,13,0.6925128679989208,-0.6391306735733798,0.6925128679989208,True,0.4051396459317497,-0.546340366462063,-1.8492260599944672,0.3647827619951053,0.32212457983552667,-0.6452656716852692,-2.5636317769189314,0.28737322206717103,1.2388532344609837,-0.32212457983552667,1,-0.30539074421101486,-1.5331163973466866,-0.3161096626477806,0.0,0.3076923076923077
Ridgeway Grocery,tv,2024-02,13,0.7626567318313658,-0.05754136661437832,0.7626567318313658,True,0.04392807394093742,0.3851207011819005,-0.7107801632450428,0.27860792532708634,,-0.5617097488880625,0.012190827742665259,0.7187286578904284,0.37753603064946534,,1,-0.0038996973653477518,-1.5331163973466866,0.8223362341016438,0.0,0.3076923076923077
Crestline Beverages,retail_media,2024-02,13,-0.7333577906977377,-0.2607756324024945,-0.2607756324024945,False,-0.322777098971172,-1.260274128156097,-0.2445047818526257,-1.8399266263764815,-1.2215568903806888,1.5835928622128197,-0.11390888844864527,-0.41058069172656564,0.5269163374583593,1.2215568903806888,1,-0.6652848020935606,0.19864995338800837,-0.4431547352406341,0.5714285714285714,0.21052631578947367
Ridgeway Grocery,audio,2024-02,13,0.41323522651617006,-0.000758720196811687,0.41323522651617006,False,-0.6363615864645931,-0.15833805169206405,-1.5272286660471548,1.0355155229720048,0.7415351229469888,-0.28617342828431636,2.280562985669321,1.0495968129807631,0.5715732782082341,-0.7415351229469888,1,0.6769463420573928,-1.5331163973466866,0.005887731299531795,0.0,0.3076923076923077
Aster Wellness,display,2024-02,13,-0.18361628848359643,0.8333183312244883,0.8333183312244883,True,0.31376999700448477,-0.13188522317073384,-1.0062341615093267,1.273415051693252,-0.48231034153604274,0.5098739401313922,0.16357384054280777,-0.49738628548808117,-0.05173106531286259,0.48231034153604274,0,-1.5697429918070132,-0.7896557630845469,-0.21657839842477977,0.4,0.25
Verdant Snacks,display,2024-02,13,-0.14843598102290267,-0.0036757126894246834,-0.0036757126894246834,False,-0.34436409902253057,-1.3949758302194557,0.35007168356881807,-1.759063740010458,-0.5133214930619378,0.1476467913700896,0.078408364562077,0.1959281179996279,1.246539849196553,0.5133214930619378,1,1.0449957452585288,-0.024520484050262005,0.3745921676190801,0.2,0.275
Solstice Foods,social,2024-02,13,0.6287230768015574,-0.27204989312533,0.6287230768015574,True,-0.42168481756282533,-1.0251418872549818,-1.0929787399216062,0.145217232616449,0.42326061388746167,-0.6834931881170873,0.35909032170369987,1.0504078943643826,1.653864964056539,-0.42326061388746167,1,-0.09291904170368158,-1.4931168500067251,0.4001381100851189,0.16666666666666666,0.28205128205128205
Verdant Snacks,paid_search,2024-02,13,0.7369302017200752,0.2566471868287803,0.7369302017200752,True,0.8328325346238511,-0.1014062990480228,0.13852069480842003,0.3852454847122716,0.5746805867539774,0.7680666496236731,0.7589100110097668,-0.09590233290377592,0.838336500768098,-0.5746805867539774,1,0.09782541808049448,-0.024520484050262005,0.16304117885868202,0.2,0.275
Aster Wellness,digital_video,2024-02,13,0.338641816883387,1.3569828269004038,1.3569828269004038,True,0.5782470292158428,0.5841898677038685,-1.7066838446628942,,-0.012376542679278608,-0.5311115920919172,0.42623230721226535,-0.2396052123324558,-0.24554805082048148,0.012376542679278608,0,-0.20411977568343032,-0.7896557630845469,-0.9170280815783474,0.2,0.25
Ridgeway Grocery,social,2024-02,13,0.21232254553657165,-0.36585253549024255,0.21232254553657165,False,-0.6480911056199121,-1.2420917645254472,-1.077979871078715,-0.7349611942883438,0.3720094513235009,-0.7360590037211704,-0.26943433637802855,0.8604136511564837,1.4544143100620188,-0.3720094513235009,0,0.6707001404541163,-1.5331163973466866,0.45513652626797163,0.0,0.3076923076923077
Nimbus Home,display,2024-02,13,-0.7588248003750852,0.38310610015548857,0.38310610015548857,False,-0.22715110298673225,-0.03254178459234508,0.0134316914079341,0.37201940776128617,-0.6206912018512166,-0.7629962846823307,1.0650514009319865,-0.5316736973883529,-0.72628301578274,0.6206912018512166,1,0.7777867186426146,-0.6571817514006817,0.6706134428086158,0.6,0.225
Solstice Foods,retail_media,2024-03,14,1.0869122987989732,0.06676395967895335,1.0869122987989732,True,0.6915328003153767,-0.2062682274127675,-0.7648810762507214,-0.5193805939800744,1.0472442494578738,-0.4279937355072635,-0.4279358576630893,0.39537949848359655,1.2931805262117408,-1.0472442494578738,1,-0.1467945184081268,-0.7828344712770584,0.01795339502633697,0.16666666666666666,0.1282051282051282
Solstice Foods,paid_search,2024-03,14,-0.17705741227978583,,-0.17705741227978583,False,1.0348854767337268,-0.4001014623185576,-0.7470017184650414,-0.4061832933526117,0.628616154997692,0.7296180805152018,0.8874286059675565,-1.2119428890135127,0.22304405003877176,-0.628616154997692,0,-0.05249719013708477,-0.7828344712770584,0.03583275281201703,0.3333333333333333,0.1282051282051282
Solstice Foods,display,2024-03,14,0.16808533393659353,1.1085765978486561,1.1085765978486561,True,-0.38341236928282796,-0.29443356183815533,-0.9762528847408479,-1.3466059933418613,-0.8677488171189792,0.7045819895914995,0.5006153848382308,0.5514977032194215,0.46251889577474886,0.8677488171189792,0,-0.6833370799335325,-0.7828344712770584,-0.19341841346378952,0.16666666666666666,0.1282051282051282
Aster Wellness,retail_media,2024-03,14,-0.04336616139994677,0.053454703850843416,0.053454703850843416,False,-0.16495810986127044,-1.8898396439719825,-0.013836183814872801,0.049009750993646344,0.7209734005255812,-1.152653161650778,0.5037806977560316,0.12159194846132367,1.8464734825720357,-0.7209734005255812,0,2.002932639911391,-0.9650244934876168,0.9511883096727439,0.0,0.175
Halcyon Personal Care,social,2024-03,14,0.9099626804880627,0.5858902425715811,0.9099626804880627,True,-1.01520425817751,-1.3398142755187623,-2.324153673780944,-0.6046850714565504,0.7724119266668635,-0.09945263576781252,0.018965135132748,1.9251669386655728,2.249776956006825,-0.7724119266668635,1,-2.2617414864620407,-0.5144992452122531,-1.8096544285686909,0.0,0.175
Crestline Beverages,social,2024-03,14,-0.5276191858998932,0.13893341738864434,0.13893341738864434,False,-0.38406839241117013,0.23141407784620055,0.3591971599129354,-0.798121564342228,1.057084866253228,-0.28240107437448275,0.18164377863584685,-0.14355079348872307,-0.7590332637460937,-1.057084866253228,1,-0.09646984289005063,0.6378586826754441,-0.2786615227625087,0.2857142857142857,0.13157894736842105
Ridgeway Grocery,display,2024-03,14,1.596220861590665,0.17007808916276193,1.596220861590665,True,-0.013073274163109844,-0.3763698911848356,-0.8580897021447864,-0.44614358639478413,0.33222438733258686,-2.6937529671413203,-4.212218073754334,1.609294135753775,1.9725907527755007,-0.33222438733258686,1,0.16175445546028622,-0.8680635900815803,0.00997388793679388,0.16666666666666666,0.1282051282051282
Solstice Foods,digital_video,2024-03,14,0.32808875640015417,0.6422702156011736,0.6422702156011736,True,0.20713466282219808,0.23252003915049668,-0.6934116435413032,0.6183770604667128,1.5817456432527892,-0.3660994075909342,-0.060969402644003856,0.12095409357795608,0.09556871724965749,-1.5817456432527892,0,0.24882997836118076,-0.7828344712770584,0.08942282773575516,0.3333333333333333,0.1282051282051282
Verdant Snacks,social,2024-03,14,,,,False,,,,1.0830661693490753,-0.22747100137082754,1.6856650283188774,0.777082107769797,,,0.22747100137082754,0,,-0.586707213520235,,0.0,0.175
Crestline Beverages,ooh,2024-03,14,0.33778108471839435,0.14613367182499576,0.33778108471839435,False,1.0799572123061663,1.5685273353011708,0.42098151736611317,-0.8027194727834381,,2.0518125242570187,-0.7525502742850104,-0.7421761275877719,-1.2307462505827764,,1,0.004877371213235838,0.6378586826754441,-0.21687716530933093,0.2857142857142857,0.13157894736842105
Ridgeway Grocery,affiliate,2024-03,14,0.7407348607078916,1.4669991318085451,1.4669991318085451,True,-1.0234531838306704,-0.0007209989184214782,-0.5777898525488399,0.5506035273987796,0.6796932500216344,-0.7002440999097895,0.7668634440629752,1.764188044538562,0.7414558596263131,-0.6796932500216344,0,0.6566747058362076,-0.8680635900815803,0.29027373753274044,0.16666666666666666,0.1282051282051282
Nimbus Home,social,2024-03,14,0.07496037227716495,0.7423615696102884,0.7423615696102884,True,1.030686531773518,0.5542333029094185,-1.412466027195651,-0.6833304273402251,0.8574479816444347,0.23797071675602693,0.6206959317276717,-0.9557261594963531,-0.47927293063225357,-0.8574479816444347,0,-2.3013214153531734,0.19445085402607365,-1.6069168812217247,0.2,0.15
Ridgeway Grocery,audio,2024-03,14,0.3925874623785156,0.3608516194734615,0.3925874623785156,False,0.15402500660177096,0.10284363882405585,-1.3484880255911904,0.7422704715268141,-0.5638969178451108,-2.811044048110198,-0.08805089963422191,0.23856245577674465,0.28974382355445977,0.5638969178451108,1,-0.705044278719875,-0.8680635900815803,-0.4804244355096101,0.3333333333333333,0.1282051282051282
Aster Wellness,audio,2024-03,14,,,,False,,,,-0.43280491480249816,-0.06184509195985406,-1.5579015093543167,-0.17458546044382683,,,0.06184509195985406,0,,-0.9650244934876168,,0.0,0.175
Nimbus Home,retail_media,2024-03,14,0.7857683543344198,0.97154878670672,0.97154878670672,True,1.2029454423469501,2.9938665997649103,0.2536378027532141,2.7363517863924645,-2.3945796083004387,4.197250455516031,-0.4724082632967148,-0.4171770880125303,-2.2080982454304907,2.3945796083004387,0,0.4653955141087268,0.19445085402607365,0.059186948727140476,0.2,0.15
Crestline Beverages,paid_search,2024-03,14,1.924874324130946,1.7375403821039364,1.924874324130946,True,3.1023192982622985,3.507078811500013,0.44429753413704665,2.329484309785823,-2.688236249594473,3.5330363862206,-0.5152589817115402,-1.1774449741313524,-1.5822044873690668,2.688236249594473,1,0.10897059456661529,0.6378586826754441,-0.19356114853839745,0.14285714285714285,0.13157894736842105
Crestline Beverages,digital_video,2024-03,14,-1.0737643656107372,0.04663978823576626,0.04663978823576626,False,-0.13271950200218735,-0.8505060711799836,0.4013990490374955,1.2603899604918414,-0.9376779162421394,-0.45801659450346754,-0.251701815387019,-0.9410448636085498,-0.22325829443075362,0.9376779162421394,1,-0.25703175623087593,0.6378586826754441,-0.23645963363794859,0.2857142857142857,0.13157894736842105
Nimbus Home,audio,2024-03,14,0.47829859123561713,1.1285653181841817,1.1285653181841817,True,5.1639658552657615,2.88683538941565,0.9762592875097879,2.4410497902709634,-2.094341103692381,1.9652997829092862,1.1954108349935544,-4.685667264030144,-2.408536798180033,2.094341103692381,0,1.3877051053192617,0.19445085402607365,0.7818084334837142,0.0,0.15
Ridgeway Grocery,paid_search,2024-03,14,-0.48859697138724834,0.07779854788752805,0.07779854788752805,False,-0.2932403214898752,-0.10788414389966561,-1.080192701338624,-0.3651933202886302,-0.38443377052020683,0.45646916190949177,-0.556644132796559,-0.1953566498973731,-0.38071282748758273,0.38443377052020683,1,-0.372269186898899,-0.8680635900815803,-0.2121291112570438,0.3333333333333333,0.1282051282051282
Ridgeway Grocery,retail_media,2024-03,14,-0.6208918305606608,0.817536688265708,0.817536688265708,True,-0.18710680131637464,0.4018073922919164,-0.8700914275364352,-0.3046076700179233,0.2070581819621001,-0.06090197692362535,-0.12961479193869738,-0.43378502924428614,-1.022699222852577,-0.2070581819621001,0,-0.5657139579159661,-0.8680635900815803,-0.0020278374548549083,0.3333333333333333,0.1282051282051282
Crestline Beverages,audio,2024-03,14,0.2121033720296828,0.12759944569284948,0.2121033720296828,False,-0.9168865947923844,0.043746191356600767,0.6303939326196965,-1.0357178864992767,-0.13465743720246476,,0.4433859292507711,1.1289899668220673,0.16835718067308203,0.13465743720246476,1,0.414890320054162,0.6378586826754441,-0.007464750055747649,0.2857142857142857,0.13157894736842105
Ridgeway Grocery,social,2024-03,14,-0.9659262204162372,-0.2373499010896305,-0.2373499010896305,False,0.8204768598068639,-0.07084293987311384,-0.30101492707623406,-0.5387599730275583,-0.005623446331289869,-0.8809734818780052,-0.1231242589486467,-1.786403080223101,-0.8950832805431234,0.005623446331289869,1,0.4041258593955355,-0.8680635900815803,0.5670486630053462,0.3333333333333333,0.1282051282051282
Nimbus Home,display,2024-03,14,0.460739036114069,0.43598927999344794,0.460739036114069,False,-1.0605460758337795,-0.6783003441754573,0.3357189249508714,-1.3169719758592953,-0.22325827348925023,-0.6935281681151793,-0.1735399004326954,1.5212851119478485,1.1390393802895262,0.22325827348925023,1,0.5199378660011161,0.19445085402607365,0.14126807092479776,0.2,0.15
Crestline Beverages,retail_media,2024-03,14,0.04250196908619599,-0.02408984486949719,0.04250196908619599,False,-1.0075261628790522,-0.5620265797324747,0.181123859772003,0.8327297582124572,1.378289681748245,0.8340034457392785,0.11312887123881427,1.0500281319652482,0.6045285488186707,-1.378289681748245,1,-1.4047987632693217,0.6378586826754441,-0.45673482290344114,0.2857142857142857,0.13157894736842105
Ridgeway Grocery,tv,2024-03,14,0.3032707316305152,0.49075487443241644,0.49075487443241644,False,-1.5002269231980503,-0.8579254895534145,-0.3547550080000535,-0.04436233804401236,,0.13256741405052697,0.9441510651190778,1.8034976548285655,1.1611962211839297,,0,0.14252159397708736,-0.8680635900815803,0.5133085820815269,0.3333333333333333,0.1282051282051282
Crestline Beverages,affiliate,2024-03,14,0.689991216695664,0.4869355852736541,0.689991216695664,True,0.7522384660471724,-0.3332237259967577,0.1527907258014664,-1.6640736676750008,0.08207740851879089,-0.8927153077067995,-0.9441286085337147,-0.06224724935150838,1.0232149426924217,-0.08207740851879089,1,-1.140810665347775,0.6378586826754441,-0.4850679568739777,0.2857142857142857,0.13157894736842105
Nimbus Home,digital_video,2024-03,14,-0.5099299697499213,0.08881329236266766,0.08881329236266766,False,-1.2893363815425554,-0.4734068682804937,-0.2958413868382229,2.713040321765703,0.9833849989629664,-0.22261970740318524,0.42286918107039134,0.779406411792634,-0.03652310146942761,-0.9833849989629664,1,-0.6004813877336204,0.19445085402607365,-0.49029224086429657,0.2,0.15
Solstice Foods,affiliate,2024-03,14,-0.3527320474061442,0.43400288902131934,0.43400288902131934,False,-0.15953161437111782,0.7764401522733583,-0.8424045645413639,-1.1721565433913828,0.5283042913106364,-1.2678059774766115,-0.5630236195230744,-0.1932004330350264,-1.1291721996795026,-0.5283042913106364,0,-0.4644185677881789,-0.7828344712770584,-0.05957009326430551,0.3333333333333333,0.1282051282051282
Nimbus Home,paid_search,2024-03,14,-1.1921519717821212,0.03483856085490854,0.03483856085490854,False,-1.0240913497303763,-0.5314172159990083,0.6243596587386555,1.1496344987410452,-0.7656847699309334,-0.578540094912767,0.8341184614112325,-0.16806062205174488,-0.6607347557831129,0.7656847699309334,1,1.008701922556318,0.19445085402607365,0.42990880471258186,0.2,0.15
Solstice Foods,social,2024-03,14,-0.06874789875879753,0.0052995650099956675,0.0052995650099956675,False,-0.20232648054288746,-0.13090314242474116,-0.6918137028342782,0.2084584306643773,0.17104734698525917,0.1998680926670242,0.617686563665646,0.13357858178408993,0.06215524366594363,-0.17104734698525917,1,0.39751097811840586,-0.7828344712770584,0.09102076844278018,0.3333333333333333,0.1282051282051282
Aster Wellness,social,2024-03,14,0.022385170301387092,0.808437853296935,0.808437853296935,True,-1.3907613676472674,-1.3352147328436488,-0.22248010205478444,-0.7133150336047525,-1.1623472923585032,1.6579825358151898,0.6679996967057671,1.4131465379486545,1.3575999031450359,1.1623472923585032,0,1.5912691782011747,-0.9650244934876168,0.7425443914328324,0.0,0.175
Crestline Beverages,tv,2024-03,14,1.869293223854998,1.361803436315588,1.869293223854998,True,4.912213378005281,2.614658345746283,0.5939827723364138,2.673108745140447,,2.525297181885444,-1.2154025304003069,-3.042920154150283,-0.7453651218912851,,1,-0.14387284847837412,0.6378586826754441,-0.043875910339030266,0.14285714285714285,0.13157894736842105
Halcyon Personal Care,display,2024-03,14,0.11430907453264733,0.14152985323081763,0.14152985323081763,False,0.03636461092236503,-0.021874226578070383,-0.2615862512023896,-1.258679077374096,0.04288617827887393,0.3552494958388006,-0.48498730851780636,0.07794446361028229,0.13618330111071772,-0.04288617827887393,0,0.584815983470971,-0.5144992452122531,0.2529129940098635,0.0,0.175
Aster Wellness,digital_video,2024-03,14,-0.7085692556245805,0.4812266820001966,0.4812266820001966,False,-0.9088483256137319,-1.022886756173058,-0.4817929643828192,1.3724064348308862,-2.553792937375305,-1.4263717169455503,-0.3711416341979329,0.20027906998915135,0.3143175005484774,2.553792937375305,1,2.1131507921795127,-0.9650244934876168,0.48323152910479755,0.0,0.175
Verdant Snacks,digital_video,2024-03,14,,,,False,,,,0.6827922883316502,-1.2242570293906037,1.5324878529527857,-0.16901379070225764,,,1.2242570293906037,0,,-0.586707213520235,,0.0,0.175
Aster Wellness,display,2024-03,14,-1.9022470328407526,0.14845712776028241,0.14845712776028241,False,-0.6268831171892333,0.27553121498843564,-0.2008958910793823,0.3218316147222266,0.3677003565487255,2.914922094123924,0.06257060742561049,-1.2753639156515193,-2.1777782478291883,-0.3677003565487255,1,1.9047669572479138,-0.9650244934876168,0.7641286024082344,0.0,0.175
Aster Wellness,paid_search,2024-03,14,0.26241540663591684,,0.26241540663591684,False,-0.8998753899837856,-1.6219738405676007,-0.2753364508252782,0.3625167588694302,0.17406123417119015,0.6924157902430143,0.2097425914035174,1.1622907966197025,1.8843892472035175,-0.17406123417119015,0,1.939139659345576,-0.9650244934876168,0.6896880426623386,0.0,0.175
Halcyon Personal Care,digital_video,2024-03,14,-0.6311228125808774,0.060338746819969986,0.060338746819969986,False,-1.069150127492624,-0.19656671296981723,0.07140612903258275,-1.764347301389968,0.26704862179527833,-0.23936105078895306,1.4933668851014867,0.4380273149117466,-0.43455609961106023,-0.26704862179527833,1,1.57269167984658,-0.5144992452122531,0.5859053742448359,0.0,0.175
Verdant Snacks,paid_search,2024-03,14,-0.4422360677080463,0.2791770221174318,0.2791770221174318,False,0.17093188446000884,0.715150185926807,0.7749886057429092,0.20607240278233768,0.688421256877084,0.3465215922246239,0.2741850337910731,-0.6131679521680551,-1.1573862536348534,-0.688421256877084,1,3.4078611917648773,-0.586707213520235,1.361695819263144,0.0,0.175
Halcyon Personal Care,retail_media,2024-03,14,-1.190948149297086,0.14655973367559777,0.14655973367559777,False,-0.5058059309008616,0.1473206795339191,-0.9767795550924313,0.7045257497674761,-0.2659141056143898,-1.9977055517564968,0.36684224976276725,-0.6851422183962244,-1.338268828831005,0.2659141056143898,1,-0.7782081769163911,-0.5144992452122531,-0.4622803098801782,0.0,0.175
Solstice Foods,tv,2024-03,14,0.23164114136269448,0.7589142190420675,0.7589142190420675,True,0.2602174959509047,1.1880928645005593,-0.8129805084449796,1.1561151570163917,,0.3742698747829319,0.9250472678485402,-0.02857635458821023,-0.9564517231378649,,0,-0.8732516734286069,-0.7828344712770584,-0.03014603716792119,0.3333333333333333,0.1282051282051282
Verdant Snacks,affiliate,2024-03,14,-0.0331009509067726,0.14910962687423018,0.14910962687423018,False,0.1267862171070866,-0.7407226483338238,-0.054646950801506174,0.08383249803282826,-0.6557927216233084,1.3105673365841668,-1.0908739659424098,-0.1598871680138592,0.7076216974270513,0.6557927216233084,0,1.485407845432927,-0.586707213520235,0.5320602627187289,0.0,0.175
Verdant Snacks,retail_media,2024-03,14,0.4522574507698767,0.7963364484685521,0.7963364484685521,True,-0.33113133198301087,0.5434500863827817,0.4562451708325465,-0.6968650301899731,-0.25602231896303257,-0.07562741528785889,2.3258067662192308,0.7833887827528876,-0.09119263561290497,0.25602231896303257,0,1.7624045661377605,-0.586707213520235,1.0429523843527815,0.0,0.175
Halcyon Personal Care,paid_search,2024-03,14,0.312504219218287,0.2001585943952862,0.312504219218287,False,0.9186707562110589,1.0655691865443377,-1.8948375534187683,0.3272620105036075,-0.512692632813548,-0.19561021950458102,-0.12386245424270137,-0.6061665369927718,-0.7530649673260508,0.512692632813548,1,-3.2793258458964623,-0.5144992452122531,-1.380338308206515,0.0,0.175
Halcyon Personal Care,affiliate,2024-03,14,-0.5074059142621676,0.05326285665549805,0.05326285665549805,False,1.5324360330401203,1.9858066791199829,0.5089201021031576,2.0784733725046065,0.14581769960287613,1.7435028523783014,-0.18635474225533882,-2.039841947302288,-2.4932125933821503,-0.14581769960287613,1,2.8936220971239153,-0.5144992452122531,1.0234193473154107,0.0,0.175
Verdant Snacks,display,2024-03,14,-0.6925896446812796,-0.17263086087591584,-0.17263086087591584,False,-0.06827131813416383,0.21159700493521008,0.6127533919375636,0.8688338463227799,-0.016477774655853972,1.069765394828171,0.12005354393320039,-0.6243183265471157,-0.9041866496164896,0.016477774655853972,1,3.0765232376814713,-0.586707213520235,1.1994606054577988,0.0,0.175
Aster Wellness,display,2024-04,15,-0.60536110037252,-0.8970748072322897,-0.60536110037252,False,0.0342005492961363,-0.09359638077647711,-0.3067212246755001,-0.024370720475652086,0.6248179420039516,1.2529293310129677,-1.709550281621637,-0.6395616496686563,-0.5117647195960429,-0.6248179420039516,0,-1.2162835354687742,0.4522280382311616,-0.7589492629066616,0.0,0.15
Ridgeway Grocery,paid_search,2024-04,15,-1.0603633282860883,-0.27005110156623274,-0.27005110156623274,False,-0.5600345599911327,0.10924968865916035,-0.035876945452127905,-0.43654890108427197,1.0173289186311687,-0.2052953542325215,-1.8502963544320974,-0.5003287682949555,-1.1696130169452486,-1.0173289186311687,1,1.5472954594119994,-0.09809227830588288,0.062215332853754975,0.3333333333333333,0.10256410256410256
Crestline Beverages,retail_media,2024-04,15,1.6866655176782228,0.22129104357037355,1.6866655176782228,True,-0.6245713808503139,-1.9958304402717828,0.5077679113122556,-0.7828458978002705,0.4504313453192309,-0.0032773600853775627,-0.3763696871451942,2.311236898528537,3.682495957950006,-0.4504313453192309,1,0.7879326787178897,0.06310828058268197,0.44465963072957365,0.14285714285714285,0.10526315789473684
Nimbus Home,paid_search,2024-04,15,-0.7579455868479115,-0.7416485325951435,-0.7416485325951435,False,0.2512931003606484,-0.6438885694713681,-1.0271813492970348,-1.0386704642740134,0.7443093638161071,0.4408236091563635,-0.08884014543164148,-1.00923868720856,-0.11405701737654339,-0.7443093638161071,1,-0.28132358404432123,-0.6049053054581366,-0.42227604383889816,0.0,0.15
Verdant Snacks,display,2024-04,15,0.4300452491092857,-0.0913289725766437,0.4300452491092857,False,-0.2668767610403081,-0.8075189589717024,0.18320750037883396,0.8162034210363479,-1.0912561887200738,0.978121444798242,-1.7980596050200608,0.6969220101495939,1.237564208080988,1.0912561887200738,1,-0.49929509134362793,0.024919372067183067,0.1582881283116509,0.0,0.15
Halcyon Personal Care,affiliate,2024-04,15,0.8558649367137564,-0.03817283067409602,0.8558649367137564,True,0.431150939337386,-0.2802770752671937,-0.8412826047637803,0.2742850715610571,1.412371679057355,1.0365741606210332,-0.7090609673373521,0.4247139973763704,1.13614201198095,-1.412371679057355,1,1.845467641851916,-1.185588715962516,0.3443061111987358,0.4,0.1
Solstice Foods,affiliate,2024-04,15,0.5802277935795579,0.20764398013213353,0.5802277935795579,True,-1.2488874203144735,-2.0575407127958023,-0.6443284271708252,0.9884615990282921,-2.3437990476280484,-1.001805200697736,-0.7127265777539804,1.8291152138940314,2.63776850637536,2.3437990476280484,1,-0.41595183619895904,-0.5595898361455294,-0.0847385910252958,0.0,0.15384615384615385
Solstice Foods,display,2024-04,15,0.19012717950345973,0.7046754939931893,0.7046754939931893,True,1.1853885083994917,-0.25799000092095387,-0.8813175778395915,0.5934140016094034,0.5459344988876613,0.8961067961130021,-0.09531783869629884,-0.995261328896032,0.4481171804244136,-0.5459344988876613,0,-0.6706845042795423,-0.5595898361455294,-0.32172774169406215,0.0,0.15384615384615385
Crestline Beverages,tv,2024-04,15,0.2861047010423297,1.1462448384761368,1.1462448384761368,True,-1.6943418202292826,0.12541890870886385,0.7856672123231777,-1.3651333270424508,,-1.2364290813702028,0.6652147770682519,1.9804465212716122,0.16068579233346586,,0,1.140421537534239,0.06310828058268197,0.7225589317404957,0.14285714285714285,0.10526315789473684
Verdant Snacks,digital_video,2024-04,15,-0.3049066359576161,,-0.3049066359576161,False,-1.3880374401761242,-0.8654909843192073,0.35613178398017026,-0.7416805605870225,-0.6138217383447038,-0.4693714948004688,0.07583407304802281,1.0831308042185082,0.5605843483615913,0.6138217383447038,0,0.2980613628050026,0.024919372067183067,0.33121241191298717,0.0,0.15
Ridgeway Grocery,retail_media,2024-04,15,0.23404052537006617,0.00476607756992471,0.23404052537006617,False,-1.0426775207379169,-1.3957622919541557,-0.5463526688240561,0.15529251710862188,1.5026957616827927,0.22856529141963872,0.1136053587766521,1.276718046107983,1.6298028173242218,-1.5026957616827927,1,0.6366047425810067,-0.09809227830588288,-0.44826039051817324,0.3333333333333333,0.10256410256410256
Aster Wellness,paid_search,2024-04,15,0.7098394890696992,0.05815673732936633,0.7098394890696992,True,-0.9522935894380785,-0.9393651582484929,-1.0726741000822582,-0.18700753636246475,0.9843318531378514,-0.6113588888230261,0.3643612713878683,1.6621330785077777,1.649204647318192,-0.9843318531378514,1,-1.1443850983743786,0.4522280382311616,-1.5249021383134198,0.0,0.15
Solstice Foods,tv,2024-04,15,0.6314342813757166,0.5879931705782138,0.6314342813757166,True,-1.052346796674311,-0.28676206384738434,-0.5132374724686668,-2.358568049471686,,-0.7909978483392343,0.653958491846951,1.6837810780500275,0.9181963452231009,,1,-0.3140402589838161,-0.5595898361455294,0.046352363676862574,0.0,0.15384615384615385
Nimbus Home,audio,2024-04,15,-0.9118408035280796,0.08655273691519429,0.08655273691519429,False,-0.6684121103517575,0.28550486949494447,-0.3895541099116655,0.5766823068442558,-0.5877776062824814,-1.3015483826698464,0.13816528853000803,-0.2434286931763221,-1.197345673023024,0.5877776062824814,1,0.4309534991419228,-0.6049053054581366,0.21535119554647109,0.0,0.15
Aster Wellness,social,2024-04,15,0.2738574838912285,0.21347694013427457,0.2738574838912285,False,0.0384272031388155,-1.4145311675968752,-0.49451214229604107,0.72740378263927,-0.4530582814837052,-0.4828223743629415,-0.4883414105644336,0.23543028075241298,1.6883886514881037,0.4530582814837052,1,-1.1026055429088566,0.4522280382311616,-0.9467401805272027,0.0,0.15
Crestline Beverages,audio,2024-04,15,-1.2550249937910145,-0.23984219663446932,-0.23984219663446932,False,1.6871529415563902,1.2943241160920396,0.7036694179665889,0.17258216883703215,-1.1216678753220701,1.7732442783047166,0.8997352440212338,-2.942177935347405,-2.549349109883054,1.1216678753220701,1,0.44436525232388335,0.06310828058268197,0.6405611373839069,0.2857142857142857,0.10526315789473684
Verdant Snacks,social,2024-04,15,-0.20050268998021584,,-0.20050268998021584,False,-0.6854446849455784,1.095417496225643,0.4158143871250814,0.811437364907362,1.5604374932772123,-0.015486271863630335,0.7018191754894806,0.4849419949653626,-1.295920186205859,-1.5604374932772123,0,0.3131487116734071,0.024919372067183067,0.3908950150578983,0.0,0.15
Ridgeway Grocery,social,2024-04,15,0.722682599116063,-0.003435675084844683,0.722682599116063,True,-0.022317985075563315,0.27935735893616187,0.09786235295161458,-0.9470443741384889,0.2323230611177596,1.4565767128026599,0.0263226277539802,0.7450005841916263,0.44332524017990116,-0.2323230611177596,1,1.2029360268634541,-0.09809227830588288,0.19595463125749746,0.3333333333333333,0.10256410256410256
Crestline Beverages,social,2024-04,15,-0.06860039119203358,-0.03782139513444898,-0.03782139513444898,False,-1.2947783240120414,-0.8432501544342857,0.21949094531007482,1.2659301792800177,-1.2638093365595269,-0.9856380355538737,0.58344929189654,1.2261779328200078,0.7746497632422522,1.2638093365595269,1,-0.11088540359281876,0.06310828058268197,0.15638266472739284,0.2857142857142857,0.10526315789473684
Halcyon Personal Care,display,2024-04,15,-0.013054268137564709,-0.01590310531973601,-0.013054268137564709,False,-0.4432603883016066,-0.6770650692264815,-0.4648493822869547,1.3971615176168577,-0.22693914224512513,0.8968683687190052,-1.2085242225605946,0.43020612016404186,0.6640108010889167,0.22693914224512513,0,2.3932206204671846,-1.185588715962516,0.7207393336755613,0.4,0.1
Solstice Foods,digital_video,2024-04,15,-0.13200188103301852,0.1364640284772618,0.1364640284772618,False,-2.66161842389926,-2.1586485456572047,-0.4895461788765158,-1.920471635172367,0.5354609155423168,-3.297534843932547,0.2437695354839467,2.5296165428662416,2.0266466646241863,-0.5354609155423168,0,1.2601959115959906,-0.5595898361455294,0.07004365726901357,0.0,0.15384615384615385
Solstice Foods,paid_search,2024-04,15,0.8642454272242716,0.2549631782403855,0.8642454272242716,True,-0.22932482848708793,-0.7378253526388996,-1.0905229387301547,-0.3378178986454319,-0.4495940090199433,-0.9811566697040148,-0.4679668502607294,1.0935702557113596,1.6020707798631713,0.4495940090199433,1,-0.3783747213961786,-0.5595898361455294,-0.5309331025846253,0.0,0.15384615384615385
Halcyon Personal Care,paid_search,2024-04,15,1.020348763196093,0.06636645011030623,1.020348763196093,True,-0.15829799999024077,0.111215408005097,-3.644387237753836,-0.028296915004938156,1.2948962432235616,2.0517784060120015,-0.7137255585081533,1.1786467631863338,0.909133355190996,-1.2948962432235616,1,-6.258406205485258,-1.185588715962516,-2.45879852179132,0.2,0.1
Verdant Snacks,retail_media,2024-04,15,-0.371876084884033,0.2599803631564195,0.2599803631564195,False,-0.6087815481319675,-0.2469119406234399,-0.3204518984607186,-0.02626790176589726,-1.5744083672745743,-0.18783176956956618,0.24042835505429794,0.2369054632479345,-0.1249641442605931,1.5744083672745743,1,-0.65561793312423,0.024919372067183067,-0.3453712705279017,0.0,0.15
Crestline Beverages,ooh,2024-04,15,0.41058853411916263,0.5055751438938462,0.5055751438938462,True,3.4221780093060628,2.7339828212130484,-0.4798713642388985,1.0319959117482516,,-0.16071047972834548,0.23432430032584023,-3.0115894751869003,-2.323394287093886,,0,-1.829600115483214,0.06310828058268197,-0.5429796448215805,0.2857142857142857,0.10526315789473684
Ridgeway Grocery,affiliate,2024-04,15,0.12955000390211524,0.4946939604658916,0.4946939604658916,False,-0.4064718181704835,-1.6071292437465772,-0.7100565564843535,-0.9121426616360199,1.2834927442900343,0.8030114474304394,-0.07887960143919126,0.5360218220725987,1.7366792476486923,-1.2834927442900343,0,0.3315758519842875,-0.09809227830588288,-0.6119642781784707,0.3333333333333333,0.10256410256410256
Nimbus Home,digital_video,2024-04,15,-0.416250489367937,-0.18183051622935825,-0.18183051622935825,False,-2.6986469306892915,-1.5514392072803491,-0.9357589051250701,-2.0909768249794816,0.7221672882877705,0.4255768213523134,-1.3082548799413922,2.2823964413213544,1.135188717912412,-0.7221672882877705,1,0.08249133678679345,-0.6049053054581366,-0.3308535996669335,0.0,0.15
Solstice Foods,retail_media,2024-04,15,0.18627858073183887,0.038426172340308505,0.18627858073183887,False,-1.6356678050243236,0.15939392564414956,-0.982961107196825,-0.7916782940728823,-0.237310205197463,3.9649572435089686,0.5052180696922031,1.8219463857561624,0.026884655087689308,0.237310205197463,1,0.41732290459978716,-0.5595898361455294,-0.4233712710512956,0.0,0.15384615384615385
Verdant Snacks,paid_search,2024-04,15,0.3254454009164208,0.13780878553965534,0.3254454009164208,False,-0.40011697725514955,0.3191365400374775,-0.1507251223994625,0.621359444613883,0.8924558297385332,-0.5733847454257484,-0.6273231937113259,0.7255623781715703,0.006308860878943334,-0.8924558297385332,1,-1.29056763851457,0.024919372067183067,-0.17564449446664557,0.0,0.15
Nimbus Home,social,2024-04,15,0.4857903943803634,0.23574754720904234,0.4857903943803634,False,-1.2436664991235007,0.29106158513267666,-0.790099310153934,2.458373098656842,1.1108860006850005,,-0.013063399357167438,1.7294568935038641,0.19472880924768676,-1.1108860006850005,1,-0.4953979159118313,-0.6049053054581366,-0.1851940046957974,0.0,0.15
Halcyon Personal Care,digital_video,2024-04,15,-0.12202536373823328,-0.44550840576208145,-0.12202536373823328,False,-1.824695169721187,-1.1747483575110074,-0.36126055072283086,-3.5551192732418797,0.05260479766007118,1.0856534133862656,-0.6506775776077361,1.7026698059829537,1.052722993772774,-0.05260479766007118,0,4.032608018838363,-1.185588715962516,0.8243281652396852,0.4,0.1
Verdant Snacks,affiliate,2024-04,15,-0.5692921956692859,-0.09832897716765268,-0.09832897716765268,False,1.2071978252491795,-0.08676035023614338,-0.03515070373774827,-0.29750152335593594,-1.2096209392356059,-1.8962021944236078,-0.5432400218161395,-1.7764900209184655,-0.48253184543314254,1.2096209392356059,1,-1.1458424244047485,0.024919372067183067,-0.06007007580493134,0.0,0.15
Aster Wellness,retail_media,2024-04,15,-1.0245772520146077,-0.6767833288489822,-0.6767833288489822,False,-1.2233590548066788,-1.065048414555268,-0.7070729117990393,0.16659311410290603,0.31102406029256463,-0.6657621126885277,0.3396523446473169,0.19878180279207114,0.04047116254066041,-0.31102406029256463,1,-1.1148418046395978,0.4522280382311616,-1.159300950030201,0.0,0.15
Ridgeway Grocery,audio,2024-04,15,0.5338650379909787,0.4465625756285548,0.5338650379909787,True,0.944602536755337,-0.013247136982055818,-1.666359540981607,1.2567245425756923,-0.0723270122762938,0.28097692083831666,0.3511581729090732,-0.4107374987643583,0.5471121749730345,0.0723270122762938,1,-2.1847266552041855,-0.09809227830588288,-1.5682672626757241,0.3333333333333333,0.10256410256410256
Aster Wellness,audio,2024-04,15,-2.133211233970141,,-2.133211233970141,False,1.4008983232966976,-0.5050402352583305,0.057065722990399005,-1.5137720735860616,-0.2565955865864391,0.486739887423914,,-3.5341095572668384,-1.6281709987118103,0.2565955865864391,0,-0.5678348444590197,0.4522280382311616,-0.39516231524076256,0.0,0.15
Solstice Foods,social,2024-04,15,0.7350505926067823,0.28778350458878715,0.7350505926067823,True,-0.24625440248215053,-0.15255514192543493,-0.9658461872541776,0.5313086692192949,0.24467857363305037,0.5248291908824441,0.6720463674231548,0.9813049950889328,0.8876057345322172,-0.24467857363305037,1,-0.4599128495748892,-0.5595898361455294,-0.4062563511086482,0.0,0.15384615384615385
Aster Wellness,digital_video,2024-04,15,0.8180006372259954,0.09957182188551152,0.8180006372259954,True,-0.7231952557366536,-0.6475630055299134,-0.5192208933359408,-1.2989734920233142,-0.22875861505810344,-0.11601445275741187,-1.2994841493661633,1.5411958929626488,1.465563642755909,0.22875861505810344,1,0.029731066782527245,0.4522280382311616,-0.9714489315671024,0.0,0.15
Halcyon Personal Care,social,2024-04,15,0.5471386872477383,0.30125895770596517,0.5471386872477383,True,-1.431600957493319,-1.29326561741515,-5.203119574444293,-0.06115482990267223,-1.8044348126897742,3.7793601298366126,0.5676875344430204,1.9787396447410575,1.8404043046628882,1.8044348126897742,1,-4.344945537767503,-1.185588715962516,-4.017530858481777,0.4,0.1
Crestline Beverages,affiliate,2024-04,15,0.43373128726884685,0.9619670853986196,0.9619670853986196,True,-0.574242740994323,-0.15276054244782455,0.4619487814341894,0.5025098678167464,1.977192074155676,1.2061477322925123,0.07742055031314116,1.00797402826317,0.5864918297166715,-1.977192074155676,0,0.700701165360826,0.06310828058268197,0.3988405008515074,0.2857142857142857,0.10526315789473684
Crestline Beverages,digital_video,2024-04,15,0.021336408114093215,0.015637926596908405,0.021336408114093215,False,-1.542181877387898,-1.2544299003129589,0.24826895357551781,-2.3084657292778754,1.1588334495091615,-1.394281595495204,-0.2155138062356829,1.5635182855019911,1.275766308427052,-1.1588334495091615,1,-0.08180680458729982,0.06310828058268197,0.18516067299283584,0.2857142857142857,0.10526315789473684
Ridgeway Grocery,display,2024-04,15,2.3954801134867054,1.5614046143587637,2.3954801134867054,True,0.12277288288977035,0.19649030549284935,-2.0675914775910873,-0.19025918483927728,-0.8021047465008312,1.8533928613470034,-7.480090094364919,2.272707230596935,2.198989807993856,0.8021047465008312,1,-3.8290771297971538,-0.09809227830588288,-1.9694991992852044,0.16666666666666666,0.10256410256410256
Ridgeway Grocery,tv,2024-04,15,1.6159988938106171,0.893975452424166,1.6159988938106171,True,-1.0087673160209567,-0.9114268134974712,-0.5661028376898982,0.835650043295062,,-1.3159075395283102,0.7503808474701178,2.6247662098315736,2.5274257073080886,,1,-1.1786668996896028,-0.09809227830588288,-0.46801055938401537,0.16666666666666666,0.10256410256410256
Nimbus Home,retail_media,2024-04,15,-1.0532459710759818,0.04835694536284392,0.04835694536284392,False,-1.5562051899920921,1.3857561655287147,-1.6902526231411683,-1.10970043253254,2.7434667187366637,-0.3846304762166887,1.4266102934990539,0.5029592189161103,-2.439002136604697,-2.7434667187366637,1,-0.9863332886138054,-0.6049053054581366,-1.0853473176830317,0.0,0.15
Crestline Beverages,paid_search,2024-04,15,-0.8898293717551653,0.7576787851969577,0.7576787851969577,True,-0.9681937406892618,0.7357477278813921,0.31212084333353707,-1.844469962280898,1.569000286789159,-1.0960509934012088,-0.27469661505665,0.07836436893409648,-1.6255770996365575,-1.569000286789159,1,-0.33646965820893215,0.06310828058268197,0.2490125627508551,0.2857142857142857,0.10526315789473684
Nimbus Home,display,2024-04,15,-0.9872576098641567,-0.285631860916705,-0.285631860916705,False,1.1820544997809692,0.7561226218969416,-0.8764926666233507,0.16124208556554973,-1.335393865924842,2.66314621595491,-0.5345803235833376,-2.169312109645126,-1.7433802317610982,1.335393865924842,1,0.25248348155441636,-0.6049053054581366,-0.2715873611652141,0.0,0.15
Halcyon Personal Care,retail_media,2024-04,15,1.3423684769221973,-0.0839926693652075,1.3423684769221973,True,-0.17874237504340795,-0.19475549524222213,-1.0952883237764754,1.5041118545364693,0.8413984404132299,-0.9190713842867193,0.26896508128907215,1.5211108519656054,1.5371239721644194,-0.8413984404132299,1,1.1993138102956578,-1.185588715962516,0.09030039218604058,0.2,0.1
Crestline Beverages,affiliate,2024-05,16,1.6763058705484557,0.9333427915043222,1.6763058705484557,True,0.8478500029356412,0.8966987829085754,0.5787297168498051,0.4478484198435025,-0.5772499446179211,1.599741729772126,-8.393954344473473,0.8284558676128145,0.7796070876398803,0.5772499446179211,1,0.0889363125512967,0.11258658879185018,0.46614312805795494,0.14285714285714285,0.13157894736842105
Nimbus Home,digital_video,2024-05,16,-0.9811254283015737,-0.6357686291398107,-0.6357686291398107,False,0.16473115987823794,-1.0561634759511687,-2.0734743779505194,1.3051024058613794,0.8814625058422728,1.0944042469780562,0.7610498849664595,-1.1458565881798117,0.07503804764959499,-0.8814625058422728,1,-1.026479702217252,-1.448298336882825,-0.6251760410676943,0.0,0.175
Aster Wellness,display,2024-05,16,3.0793498451661994,0.06352685688365856,3.0793498451661994,True,4.530785381338307,2.9597958846886665,-0.5495460147032855,0.9838565233892411,-2.8742336115531457,1.7258677919135879,-1.4141952625875502,-1.451435536172108,0.11955396047753286,2.8742336115531457,1,-1.6441036231452326,0.8426188116604766,-1.392164826363762,0.2,0.125
Ridgeway Grocery,tv,2024-05,16,0.19097866668575827,0.7034160973756302,0.7034160973756302,True,-2.224103915361078,-2.1464477998770444,-0.3073009170917364,2.579062171446238,,0.7049897954643223,-1.16325179927209,2.4150825820468365,2.337426466562803,,0,-0.7641844270949953,-0.40497540032501883,0.09767448323328243,0.16666666666666666,0.15384615384615385
Crestline Beverages,retail_media,2024-05,16,2.27276126084912,1.3339762492045129,2.27276126084912,True,3.916949895431361,4.229494388320896,0.44955271480153103,6.205581643706765,-3.63049886757366,2.3272969913258246,0.13511932328001755,-1.6441886345822407,-1.956733127471776,3.63049886757366,1,-0.5159252217556056,0.11258658879185018,0.33696612600968084,0.14285714285714285,0.13157894736842105
Verdant Snacks,affiliate,2024-05,16,-0.3102408679995268,-0.30421133819186186,-0.30421133819186186,False,-1.0050713585332776,-1.0546076291584616,0.16367234537846734,-0.5144326200186596,0.8299775254758623,-1.4632879718028458,0.29674790338001245,0.6948304905337508,0.7443667611589349,-0.8299775254758623,1,-0.4107760995050964,0.37137405921963823,-0.2077017138411709,0.0,0.175
Solstice Foods,social,2024-05,16,0.5035024413726437,0.2599566967156952,0.5035024413726437,True,-0.17351479845449685,-0.09767721958668574,-0.6482972055142603,0.3184696684216711,-0.3966559226647,2.3212793055485945,-0.33918849379768606,0.6770172398271406,0.6011796609593294,0.3966559226647,1,-0.4980967355216134,-0.561606888573717,-0.0866903169405433,0.3333333333333333,0.1282051282051282
Ridgeway Grocery,social,2024-05,16,0.29235649635673144,0.010913972234790587,0.29235649635673144,False,-0.871631766789856,-0.07586029077898572,-0.42730791993705897,0.7777043690094795,0.18005163367539523,0.4994049747398768,0.16748535313040186,1.1639882631465874,0.36821678713571715,-0.18005163367539523,1,0.7426403445857822,-0.40497540032501883,-0.022332519612040136,0.16666666666666666,0.15384615384615385
Verdant Snacks,retail_media,2024-05,16,0.39622093109962614,0.10591162155232664,0.39622093109962614,False,-0.3020672443699024,0.9263834661946052,0.8339024392037687,0.2937620196706724,-1.108406457682054,-0.6411578384324482,-0.8844822957924846,0.6982881754695285,-0.530162535094979,1.108406457682054,1,0.4017702328236103,0.37137405921963823,0.4625283799841305,0.0,0.175
Crestline Beverages,ooh,2024-05,16,-2.1570748172133247,-0.15652279981952974,-0.15652279981952974,False,-0.15549761645203614,1.5367453528494914,0.1432937869949144,1.2861403918887515,,-2.1465234074900135,3.3030179331079017,-2.0015772007612886,-3.693820170062816,,1,0.16764652398863653,0.11258658879185018,0.030707198203064223,0.2857142857142857,0.13157894736842105
Ridgeway Grocery,affiliate,2024-05,16,-0.6771351440076012,0.04292216013386792,0.04292216013386792,False,-0.17730394034847496,-0.9057532941812357,0.12872334205399438,0.12402575040462117,-1.1329693898158215,,-0.8473116085619171,-0.49983120365912626,0.22861815017363452,1.1329693898158215,1,2.176726294200773,-0.40497540032501883,0.5336987423790132,0.16666666666666666,0.15384615384615385
Verdant Snacks,paid_search,2024-05,16,0.058579940490526713,-0.0064678584778999244,0.058579940490526713,False,-0.7170932679711016,-0.040316256113289546,0.2903059040039479,,0.3852553098932117,0.3114338760797857,-0.47592512437039103,0.7756732084616283,0.09889619660381627,-0.3852553098932117,1,-0.10275431644961434,0.37137405921963823,-0.08106815521569033,0.0,0.175
Nimbus Home,social,2024-05,16,0.04289258965201517,0.201214452103181,0.201214452103181,False,0.26695531469962536,0.08783066541624751,-0.9839150768303044,0.45603293519315996,1.5281903961687264,-0.09244409811113753,-0.6680677889154135,-0.22406272504761018,-0.04493807576423234,-1.5281903961687264,0,-0.5102441478108753,-1.448298336882825,0.4643832600525206,0.0,0.175
Halcyon Personal Care,digital_video,2024-05,16,-1.8662365044433074,-0.873128226920806,-0.873128226920806,False,-1.182560738586707,-1.4878877472823462,-0.8064271996229584,1.1111852573056336,-0.809989924290264,0.6221265340203985,1.0092782662262392,-0.6836757658566004,-0.37834875716096117,0.809989924290264,1,-0.9465279081827149,0.4799797125513916,-1.28640691217435,0.0,0.175
Ridgeway Grocery,audio,2024-05,16,1.51257500898812,0.8130091697858713,1.51257500898812,True,2.7115064031480602,1.8375138759105416,-1.4811632032496747,-3.1478684841997056,-0.3801097803971045,1.2696171702469683,1.814332120793545,-1.1989313941599402,-0.3249388669224216,0.3801097803971045,1,-4.209523698308759,-0.40497540032501883,-1.0761878029246559,0.0,0.15384615384615385
Aster Wellness,digital_video,2024-05,16,-0.6634604663605738,-0.1231175743909242,-0.1231175743909242,False,-0.8040252994558899,-1.1079542702801775,-0.9250003987407268,0.3366445173340171,0.7626002174512776,-0.10823208763404107,-1.7064177561727705,0.1405648330953161,0.4444938039196037,-0.7626002174512776,1,-0.9550361946346575,0.8426188116604766,-1.7676192104012034,0.4,0.125
Crestline Beverages,digital_video,2024-05,16,-1.4841399661288317,-0.5636817608056612,-0.5636817608056612,False,0.4266962654991809,-1.3462719926361824,0.8861485996047527,1.0226582647326545,-0.5407238433576952,-0.061535599581350846,-0.16066108713199412,-1.9108362316280125,-0.13786797349264934,0.5407238433576952,1,1.5200333972526625,0.11258658879185018,0.7735620108129024,0.2857142857142857,0.13157894736842105
Ridgeway Grocery,display,2024-05,16,-1.0002962041319101,0.6647566157656579,0.6647566157656579,True,-0.1310009828486117,0.17802482160000205,-1.1367481440162108,-0.04353655449453961,0.1242933732760052,-0.48019920844552727,2.8306704372418205,-0.8692952212832984,-1.178321025731912,-0.1242933732760052,1,-3.5200530772512866,-0.40497540032501883,-0.731772743691192,0.16666666666666666,0.15384615384615385
Nimbus Home,retail_media,2024-05,16,-1.797891838732889,-0.4589709901054336,-0.4589709901054336,False,-2.0453551729860933,-0.21726197322894103,-2.6083634590366094,-1.9904897454028798,-0.8967507187369443,-0.2771749078743749,-1.007620755103769,0.24746333425320421,-1.5806298655039481,0.8967507187369443,1,-2.0579705031918194,-1.448298336882825,-1.1600651221537843,0.0,0.175
Crestline Beverages,paid_search,2024-05,16,-0.7165557974242645,0.03538768388350186,0.03538768388350186,False,-0.7818178452850097,-0.2493183128520865,0.8879756646823403,-1.3898935848894411,-0.15400753888245788,-1.2058503984771505,0.08778639457882667,0.0652620478607453,-0.46723748457217795,0.15400753888245788,1,0.7628690168738017,0.11258658879185018,0.7753890758904902,0.2857142857142857,0.13157894736842105
Halcyon Personal Care,affiliate,2024-05,16,-1.278068751949997,-0.20657993988853512,-0.20657993988853512,False,-0.3038087041510539,0.8173986212790236,-0.5999877796584892,-2.5545012075817497,-1.3927308385987827,0.08236122160995883,-1.0397887275426092,-0.974260047798943,-2.0954673732290203,1.3927308385987827,1,-0.6969710255320104,0.4799797125513916,-1.0799674922098808,0.0,0.175
Verdant Snacks,display,2024-05,16,-1.532272277742571,-0.39884814962545884,-0.39884814962545884,False,0.07002824542146241,-0.005221584927844982,1.148955325949003,0.6470690003737343,-1.6254272432118861,-1.7709081150455175,-0.2168997441227366,-1.6023005231640335,-1.527050692814726,1.6254272432118861,1,0.6042853519290934,0.37137405921963823,0.7775812667293649,0.0,0.175
Ridgeway Grocery,paid_search,2024-05,16,-0.6588341998990812,-0.7359314998574726,-0.6588341998990812,False,-0.1847893074494188,0.40179337383254454,0.28372874891613886,-1.2975397332981553,-0.8863026497974413,-0.5693568253168498,0.24908081713473848,-0.4740448924496624,-1.0606275737316258,0.8863026497974413,0,2.4329404805182873,-0.40497540032501883,0.6887041492411576,0.16666666666666666,0.15384615384615385
Aster Wellness,audio,2024-05,16,-0.5181838193231076,,-0.5181838193231076,False,1.489676540426826,2.0219967802752183,0.3568084737169775,4.718335199227286,,1.700795443666389,1.6592819363653686,-2.007860359749934,-2.540180599598326,,0,0.9101733593827362,0.8426188116604766,-0.4858103379434991,0.4,0.125
Crestline Beverages,audio,2024-05,16,-0.36104978294097884,-0.31199364548940234,-0.31199364548940234,False,0.0998309653648563,-0.19286062508816826,0.8496973038552696,-1.593605614455984,0.9397841387166812,-0.5429905672684042,0.8746273677469842,-0.46088074830583514,-0.16818915785281058,-0.9397841387166812,1,0.2223850295595825,0.11258658879185018,0.7371107150634195,0.2857142857142857,0.13157894736842105
Nimbus Home,paid_search,2024-05,16,-0.5630049765104761,-0.8377008450468363,-0.5630049765104761,False,-0.9652150147816885,-1.0074337186946947,0.3003839996930124,0.45141195683873536,-0.8863473875205181,-0.5338351037331752,-1.1861882132241084,0.4022100382712124,0.4444287421842186,0.8863473875205181,0,3.3806049392129944,-1.448298336882825,1.7486823365758375,0.0,0.175
Halcyon Personal Care,display,2024-05,16,-1.3890706309477996,-0.2861812943450482,-0.2861812943450482,False,-0.8655774368442235,-0.9541327603737568,-0.027823987572228336,1.2291848565048542,-0.0891942572963822,0.1732791465937233,1.2408721690574191,-0.5234931941035761,-0.43493787057404276,0.0891942572963822,1,0.04615441934730513,0.4799797125513916,-0.50780370012362,0.0,0.175
Ridgeway Grocery,retail_media,2024-05,16,0.7831236210762087,0.08806051464124749,0.7831236210762087,True,-1.0248430143077525,-1.2370706802199316,0.418637731182745,-2.0830589661673686,-0.12045169818127842,1.2055687411795148,-0.02813991599831117,1.8079666353839612,2.02019430129614,0.12045169818127842,1,3.1734058119339794,-0.40497540032501883,0.8236131315077638,0.16666666666666666,0.15384615384615385
Verdant Snacks,digital_video,2024-05,16,-0.19040906893565018,,-0.19040906893565018,False,-0.6410587899733378,-1.2973463836003174,0.7487882032849026,0.9327721664216941,1.8780933207655046,1.7643604130153956,-0.6066363840973018,0.4506497210376876,1.1069373146646673,-1.8780933207655046,0,0.370650838258732,0.37137405921963823,0.37741414406526436,0.0,0.175
Nimbus Home,display,2024-05,16,-1.325849850485023,-0.4116374276078023,-0.4116374276078023,False,-0.28225089039723156,0.8792748184113214,-2.605062899672792,-0.8817878777194594,0.9803390908356896,0.6173370266559843,0.2427235655803106,-1.0435989600877913,-2.205124668896344,-0.9803390908356896,1,-1.6577541890914786,-1.448298336882825,-1.156764562789967,0.0,0.175
Halcyon Personal Care,paid_search,2024-05,16,-0.4922605951245928,0.1867983082866194,0.1867983082866194,False,-1.4053401700922608,-1.0984409917096982,-0.018643152630953563,0.7160628981805739,0.8443432880277467,1.352461233776209,0.3671782359906762,0.9130795749676679,0.6061803965851054,-0.8443432880277467,1,0.4161686817550851,0.4799797125513916,-0.49862286518234517,0.0,0.175
Verdant Snacks,social,2024-05,16,-0.47529176467023204,,-0.47529176467023204,False,1.0644318303819469,1.2864651658192428,0.4057994582298432,0.16460316860347363,2.156153976757115,0.1828146518424559,-1.338079532899379,-1.539723595052179,-1.761756930489475,-2.156153976757115,0,-0.5388847009360983,0.37137405921963823,0.03442539901020497,0.0,0.175
Solstice Foods,affiliate,2024-05,16,0.5253654009219421,0.1673024771323013,0.5253654009219421,True,-1.2103063973235284,-0.41923755734888934,-0.19691308102527466,-0.47757685646217096,-0.0845062952900447,-1.7665139442662499,-1.2795343124934202,1.7356717982454706,0.9446029582708314,0.0845062952900447,1,0.9452282639934004,-0.561606888573717,0.36469380754844233,0.3333333333333333,0.1282051282051282
Crestline Beverages,tv,2024-05,16,-1.455471057441207,0.15553930387913784,0.15553930387913784,False,-1.796570939397963,-1.6425001782468134,1.4491589223560974,0.2007720138804412,,-0.7588723349140344,-0.16237760584281793,0.3410998819567559,0.1870291208056063,,1,3.3333165324460152,0.11258658879185018,1.3365723335642472,0.2857142857142857,0.13157894736842105
Crestline Beverages,social,2024-05,16,0.33508647953602455,-0.05802957723464493,0.33508647953602455,False,2.655507544171107,1.4978032417174894,0.3393954962471568,0.39038174793316366,-1.1392655363585944,-0.6789332621254569,0.19100442173431778,-2.3204210646350822,-1.1627167621814647,1.1392655363585944,1,-0.32386385931965483,0.11258658879185018,0.22680890745530663,0.2857142857142857,0.13157894736842105
Aster Wellness,paid_search,2024-05,16,-0.9668470225043263,0.0012017496002865661,0.0012017496002865661,False,-0.46271462780825195,-1.2509131528686164,-0.03899648300111391,1.0858193331840211,0.5984037779021167,1.0403980809035187,-0.3864057238676825,-0.5041323946960743,0.28406613036429007,-0.5984037779021167,1,0.2620374418946418,0.8426188116604766,-0.8816152946615905,0.4,0.125
Nimbus Home,audio,2024-05,16,-1.8116326881948717,-0.49892775566385195,-0.49892775566385195,False,-0.5354007288537377,-0.09929371176960648,0.022136850597138977,-0.40706898795570884,1.85047598767213,-1.2339762735306201,1.065266074226151,-1.276231959341134,-1.7123389764252652,-1.85047598767213,1,2.1162831079485693,-1.448298336882825,1.470435187479964,0.0,0.175
Solstice Foods,paid_search,2024-05,16,0.431461420875394,0.24858876351552878,0.431461420875394,False,-0.3189907646031408,-0.9248167175371157,-0.1799497222213563,0.1342552165213175,-1.2203984767709741,-0.4724671385209469,0.32049250857549977,0.7504521854785349,1.3562781384125098,1.2203984767709741,1,1.2113955999845318,-0.561606888573717,0.3816571663523607,0.3333333333333333,0.1282051282051282
Solstice Foods,tv,2024-05,16,2.3673995271439425,1.0768249832941177,2.3673995271439425,True,-0.8726883653790577,-0.4471991402731779,0.021354337586077854,0.577400735297134,,-0.6536685420807069,-8.209613079037034,3.2400878925230003,2.8145986674171204,,1,1.5005180535766762,-0.561606888573717,0.5829612261597948,0.16666666666666666,0.1282051282051282
Halcyon Personal Care,social,2024-05,16,0.12186143154274275,0.5263209330928479,0.5263209330928479,True,-0.8173215666349527,-0.8863674879050848,0.3655481402507789,-0.4599576742197678,0.35598492746744004,0.5498260575626811,0.5375243712821824,0.9391829981776955,1.0082289194478276,-0.35598492746744004,0,0.8804709313760181,0.4799797125513916,-0.11443157230061268,0.0,0.175
Aster Wellness,social,2024-05,16,1.4642134021407207,0.5868186854444454,1.4642134021407207,True,-0.7716011097312406,-2.1590076274423,-0.2961534748938476,-0.6210076787382344,-0.3946217844245701,-1.2249904445142992,-0.3978512074528179,2.2358145118719612,3.6232210295830205,0.3946217844245701,1,-0.6347240205403264,0.8426188116604766,-1.1387722865543242,0.2,0.125
Solstice Foods,digital_video,2024-05,16,3.024496098667243,0.7156851053409731,3.024496098667243,True,-0.4302400555392612,-2.7547772759869624,-1.2300257512886104,,0.8222527028226222,0.9741645408589533,-6.764007708571463,3.454736154206504,5.779273374654205,-0.8222527028226222,1,-0.9681844076694899,-0.561606888573717,-0.6684188627148934,0.16666666666666666,0.1282051282051282
Aster Wellness,retail_media,2024-05,16,-0.4913154969225295,-0.5197529701123612,-0.4913154969225295,False,-0.8299537168973968,0.08929073353994872,-0.5567364583235536,1.2705453341108834,-0.8575783766556518,1.2051015015574824,-0.2660860203835408,0.3386382199748673,-0.5806062304624783,0.8575783766556518,0,-1.0002021035010749,0.8426188116604766,-1.3993552699840301,0.4,0.125
Halcyon Personal Care,retail_media,2024-05,16,-0.6180564753969943,-0.10369692172708511,-0.10369692172708511,False,-0.38354375232750915,-0.9822810186238845,-0.3417273703649833,0.506885745660255,-0.7544048447260657,0.13188626915974405,0.6725806456566847,-0.23451272306948512,0.36422454322689024,0.7544048447260657,1,-0.6462119868127231,0.4799797125513916,-0.8217070829163748,0.0,0.175
Solstice Foods,retail_media,2024-05,16,0.7364476833987561,0.6698795209765227,0.7364476833987561,True,-1.2910323306506375,-0.8258200128150539,-0.4446970560122132,-0.8430847552820907,-0.30647122615911715,2.3233506913662194,-0.47875337281515357,2.0274800140493934,1.56226769621381,0.30647122615911715,1,0.14635889525717702,-0.561606888573717,0.11690983256150378,0.3333333333333333,0.1282051282051282
Solstice Foods,display,2024-05,16,0.06898944460823557,0.14240065268276286,0.14240065268276286,False,-0.3739894791721907,-0.76032875983583,0.1654810738994005,-2.3592191313543345,0.5092727588454659,1.8470537319606053,-0.608002743169754,0.4429789237804263,0.8293182044440656,-0.5092727588454659,0,1.8294128830642242,-0.561606888573717,0.7270879624731175,0.3333333333333333,0.1282051282051282
Ridgeway Grocery,affiliate,2024-06,17,-2.822328008067884,-0.748869588482971,-0.748869588482971,False,-1.4194112908026302,-1.1177115552619021,0.30698011991200636,-0.7265904228215504,-0.21719243598255367,0.16593614071041346,0.17645121287225118,-1.4029167172652537,-1.7046164528059817,0.21719243598255367,1,2.0011862227666892,0.11555777492635706,0.1914223449856493,0.0,0.07692307692307693
Halcyon Personal Care,social,2024-06,17,-2.5697308967534673,-0.21119230866255403,-0.21119230866255403,False,-0.007476062885544839,0.29789612859507375,0.9279516215342815,0.17600696592134646,-0.510445848744642,-0.38335668907807585,0.07134519807497353,-2.5622548338679225,-2.867627025348541,0.510445848744642,1,1.2040064300884399,0.7669425995556582,0.1610090219786232,0.0,0.075
Solstice Foods,retail_media,2024-06,17,-1.7087238884814284,-0.08733306937231483,-0.08733306937231483,False,0.5327624096236679,0.7636221356604689,-0.38920363309475536,1.1725809129074376,0.30517799795526873,0.14471831117508974,0.5023378269519374,-2.2414862981050963,-2.4723460241418973,-0.30517799795526873,1,-0.015959187678293185,0.13729726236535095,-0.5265008954601063,0.0,0.07692307692307693
Ridgeway Grocery,display,2024-06,17,-0.721911860864911,0.07480800538776491,0.07480800538776491,False,-0.9804170313263371,-0.9024081463213836,-1.3393626155639555,0.6419144148399735,0.08735125857300319,-0.6428613793457111,1.7791508631330994,0.25850517046142607,0.18049628545647256,-0.08735125857300319,1,-7.088121986514015,0.11555777492635706,-1.4549203904903125,0.0,0.07692307692307693
Ridgeway Grocery,social,2024-06,17,-1.156035881329923,-0.015666309539680907,-0.015666309539680907,False,0.08102854545486421,0.2856930570678941,0.05698235417201288,0.3117158341415232,0.6676091972285506,-0.5786214167733854,0.2683501015412759,-1.2370644267847872,-1.4417289383978171,-0.6676091972285506,1,1.3643318368383635,0.11555777492635706,-0.05857542075434418,0.0,0.07692307692307693
Verdant Snacks,digital_video,2024-06,17,-0.3418994417083854,-0.2790717155338838,-0.2790717155338838,False,-1.8654905843154386,-2.472357962476468,0.7731322262153849,-1.033264464276724,1.0358891743693956,-0.1710436387527714,1.0202561620285626,1.5235911426070532,2.130458520768083,-1.0358891743693956,1,-1.5616081909161261,0.44697219566517515,0.32616003055020976,0.0,0.075
Nimbus Home,retail_media,2024-06,17,-1.7795168771260932,-1.5435515623116547,-1.5435515623116547,False,-1.3895044691448823,-1.2121218961441054,-2.023411965822123,-1.9684843054580317,-0.9310369768604404,-1.371551538130061,-0.46011561946565915,-0.39001240798121084,-0.5673949809819878,0.9310369768604404,1,-2.565778459053671,-0.9675715257897455,-1.0558404400323775,0.2,0.05
Verdant Snacks,display,2024-06,17,-1.9432849384641366,-0.6767804371327604,-0.6767804371327604,False,-1.802612313493682,-1.765608916414438,0.8127300859194041,0.8664694614922899,0.5349160172432943,0.20170266697015735,-0.5571042887182367,-0.14067262497045463,-0.17767602204969868,-0.5349160172432943,1,-0.9290091302350072,0.44697219566517515,0.36575789025422895,0.0,0.075
Solstice Foods,paid_search,2024-06,17,-0.32267846216980345,0.21622853020663596,0.21622853020663596,False,-0.7325535394181134,-0.9488813415464137,-0.6873682328795657,-1.0766703600870422,0.42270541921943916,-0.980824249836234,0.1394219855747475,0.40987507724830996,0.6262028793766102,-0.42270541921943916,1,-0.9883798668490436,0.13729726236535095,-0.8246654952449166,0.0,0.07692307692307693
Nimbus Home,digital_video,2024-06,17,1.610262739992181,0.023654091369185563,1.610262739992181,True,-0.41641308560919815,0.565179364251705,-3.1554709213575176,-0.5575579583273297,0.5657625347914765,-2.3607141585480287,-0.20684740126704626,2.0266758256013793,1.045083375740476,-0.5657625347914765,1,-3.192633150199561,-0.9675715257897455,-2.187899395567772,0.0,0.05
Nimbus Home,audio,2024-06,17,-1.8512739903844972,-1.5249158273691494,-1.5249158273691494,False,-1.8177207802440039,-1.2743269276920575,1.7837160618684782,-0.7731345518111294,1.699195923558265,-0.7307987649661879,0.11733917681745627,-0.033553210140493395,-0.5769470626924398,-1.699195923558265,1,3.4836530595778057,-0.9675715257897455,2.751287587658224,0.2,0.05
Aster Wellness,audio,2024-06,17,1.4801513278503546,-0.2602763834317541,1.4801513278503546,True,2.888409460384145,2.681506248215604,-2.197860300408938,3.598104814214315,-2.7714189233697595,3.2916985889780244,0.42845872727236695,-1.4082581325337902,-1.2013549203652492,2.7714189233697595,1,-5.476972807388308,0.8949141492269084,-3.0927744496358462,0.2,0.025
Crestline Beverages,paid_search,2024-06,17,-1.2583373210948168,-0.9549074967580821,-0.9549074967580821,False,-1.4838929611150207,-1.526713204642362,1.1450706325253688,-0.6517682578816785,0.7058903351300917,-2.0461904260596215,-0.8822317961718819,0.2255556400202039,0.26837588354754516,-0.7058903351300917,1,0.005902089388881704,0.11017461671324229,1.0348960158121265,0.0,0.07894736842105263
Aster Wellness,paid_search,2024-06,17,-1.6728032104936448,-0.42884683198406043,-0.42884683198406043,False,-0.46914792732943345,-0.7966054453695842,2.608972104236036,0.2761430901587078,0.9430403003289642,-0.23989057367355346,-0.2703379563163542,-1.2036552831642113,-0.8761977651240606,-0.9430403003289642,1,2.355688586961198,0.8949141492269084,1.7140579550091275,0.4,0.025
Ridgeway Grocery,retail_media,2024-06,17,-0.9958197839934211,0.004743191656189626,0.004743191656189626,False,-0.847467186946416,-1.1194199853270748,0.40930185027549193,-0.2994337267996172,2.777583179776273,-0.3369252022372983,0.5538040395452366,-0.1483525970470051,0.12360020133365368,-2.777583179776273,1,2.9813739563989894,0.11555777492635706,0.2937440753491349,0.0,0.07692307692307693
Solstice Foods,social,2024-06,17,-1.0587211164196866,0.039962648346608745,0.039962648346608745,False,-1.048470598644459,-0.8700647867964932,-0.46328390317654305,-0.42177316112942187,-0.15389279640130624,,0.5929203221055279,-0.010250517775227674,-0.18865632962319334,0.15389279640130624,1,-0.7028405195247615,0.13729726236535095,-0.600581165541894,0.0,0.07692307692307693
Verdant Snacks,retail_media,2024-06,17,-2.1870303089128638,-0.4805967694882823,-0.4805967694882823,False,0.14319861345174212,0.40136894463629336,1.4102793799809006,0.02540339516985781,-1.3349447386406863,0.6526281157491473,-0.40928508316481343,-2.330228922364606,-2.588399253549157,1.3349447386406863,1,0.5971721525132261,0.44697219566517515,0.9633071843157255,0.0,0.075
Halcyon Personal Care,display,2024-06,17,-1.0519166487622071,-0.8180138492825239,-0.8180138492825239,False,-0.7053407073231348,-1.5494261055640877,-0.2283511914890896,-0.14758772790082494,3.351384940590666,0.05835416792902077,0.8717582490994371,-0.34657594143907233,0.4975094568018805,-3.351384940590666,1,-1.8001446151992366,0.7669425995556582,-0.9952937910447479,0.0,0.075
Halcyon Personal Care,affiliate,2024-06,17,-2.9775951587358285,-0.7555108831049041,-0.7555108831049041,False,-1.682817488786285,-1.0006659254576191,-0.6938965464113552,-0.8131200667720637,0.8833149485362712,-1.7746302673827408,0.3651466088350333,-1.2947776699495435,-1.9769292332782094,-0.8833149485362712,1,-1.795727261075136,0.7669425995556582,-1.4608391459670136,0.0,0.075
Crestline Beverages,tv,2024-06,17,-0.8826017547866666,-0.4559929135967875,-0.4559929135967875,False,-1.9430879520145274,-2.901178520933079,0.6929271737784929,-2.0487667476720994,,-1.7938175417061588,-6.942971117161066,1.0604861972278607,2.0185767661464125,,1,-0.8863918695122056,0.11017461671324229,0.5827525570652506,0.0,0.07894736842105263
Crestline Beverages,social,2024-06,17,-2.698571805467413,-0.5404634926940938,-0.5404634926940938,False,0.48939548887066975,-0.12226219241544128,0.7298934430915817,-2.547210603096001,-0.4632435852294889,1.22000508164267,1.2224367694055265,-3.187967294338083,-2.5763096130519716,0.4632435852294889,1,-0.22687145878737913,0.11017461671324229,0.6197188263783394,0.0,0.07894736842105263
Halcyon Personal Care,paid_search,2024-06,17,-2.4706547094829268,-0.4316814536469836,-0.4316814536469836,False,-1.3485451682137723,-1.1716982590612324,-0.0017274457129694007,-0.8052489157699279,0.8059090327060898,-1.2829001315489594,-1.660279503993646,-1.1221095412691544,-1.2989564504216944,-0.8059090327060898,1,-0.4405914264817216,0.7669425995556582,-0.7686700452686277,0.0,0.075
Solstice Foods,display,2024-06,17,-0.4093714341937588,-0.016694978898007085,-0.016694978898007085,False,-1.458816472719977,-1.6677170867918965,-0.14555812953959585,-0.8958885522862666,-1.763106534963276,0.8253826256583775,-0.20782891585552077,1.0494450385262182,1.2583456525981376,1.763106534963276,1,-0.32018792710606925,0.13729726236535095,-0.2828553919049468,0.0,0.07692307692307693
Nimbus Home,paid_search,2024-06,17,-1.4899956146549311,-0.9369820593377729,-0.9369820593377729,False,-2.0155878841733776,-1.9380693945771188,0.4799600634704858,-0.2390823326758821,0.12186930224789437,-1.9084492911862962,0.21322667859153266,0.5255922695184465,0.44807377992218766,-0.12186930224789437,1,2.6817097727117156,-0.9675715257897455,1.4475315892602314,0.2,0.05
Ridgeway Grocery,paid_search,2024-06,17,-1.4542021278286936,-1.0577998853379544,-1.0577998853379544,False,-1.086904904557273,0.15384847535315888,0.12114216736719659,-0.31153921680495295,0.7551918545113747,-2.275720963680128,-0.7431695650100364,-0.36729722327142067,-1.6080506031818524,-0.7551918545113747,1,1.711927350911463,0.11555777492635706,0.005584392440839525,0.0,0.07692307692307693
Solstice Foods,affiliate,2024-06,17,-1.5444783789939145,-0.04876502049915713,-0.04876502049915713,False,0.1525888517509861,-1.4142453787024167,-0.3969067390643287,-1.9381707988743602,-1.199051359753463,0.024267446158767185,-0.5286976372735188,-1.6970672307449006,-0.13023300029149776,1.199051359753463,1,-0.5208809048310573,0.13729726236535095,-0.5342040014296796,0.0,0.07692307692307693
Solstice Foods,tv,2024-06,17,-0.35917820492850083,0.5865901341313684,0.5865901341313684,True,-1.9593550147548429,-0.7036311570550179,-0.1645064681691798,0.7582624859879978,,-0.50983265711374,-0.17693389933968046,1.600176809826342,0.34445295212651705,,0,-0.2153168247258511,0.13729726236535095,-0.30180373053453075,0.0,0.07692307692307693
Crestline Beverages,digital_video,2024-06,17,-2.237707892121777,-0.8223358778081145,-0.8223358778081145,False,-0.05614279094108147,-0.06253425236030788,0.7169267100612512,1.624506661410852,-0.3094396603106695,0.09267949165246529,1.1151801434668818,-2.1815651011806954,-2.1751736397614687,0.3094396603106695,1,-0.7313708340815683,0.11017461671324229,0.606752093348009,0.0,0.07894736842105263
Nimbus Home,display,2024-06,17,-0.3075201702698889,-0.8735425435396893,-0.3075201702698889,False,-1.731400011324924,0.03916895692467198,-3.019531502310545,-1.3006237350427736,,1.2178134675246681,0.16798603826092412,1.423879841055035,-0.3466891271945609,,0,-3.7751354753125828,-0.9675715257897455,-2.0519599765207994,0.2,0.05
Crestline Beverages,retail_media,2024-06,17,-0.7877842241440027,0.7048094565296311,0.7048094565296311,True,0.12831902291727537,2.1778509259351724,0.7219828259365485,-0.6573065859167909,0.6226886109635501,-0.1871635045761278,-0.12440789764743901,-0.9161032470612781,-2.965635150079175,-0.6226886109635501,1,-1.6874697075015048,0.11017461671324229,0.6118082092233063,0.0,0.07894736842105263
Verdant Snacks,affiliate,2024-06,17,-2.1216713732035943,-1.0004014789574691,-1.0004014789574691,False,-1.2075599836430841,-1.4366756590006413,0.7045855102677249,0.13055550453370088,-1.1931857496523168,0.4956666471128887,0.6009341324756875,-0.9141113895605102,-0.684995714202953,1.1931857496523168,1,-0.5178367766901897,0.44697219566517515,0.2576133146025497,0.0,0.075
Aster Wellness,retail_media,2024-06,17,-1.697121304291144,-1.071004684409427,-1.071004684409427,False,-0.0989018010697595,-0.10250010070240036,2.173318417497579,0.4091777718634253,-1.014172425376358,0.47082012621876473,1.1508699284304849,-1.5982195032213844,-1.5946212035887435,1.014172425376358,1,2.858637172115702,0.8949141492269084,1.2784042682706704,0.4,0.025
Aster Wellness,digital_video,2024-06,17,-0.7967753085448727,-0.14271891948432244,-0.14271891948432244,False,-1.0017337500818915,-0.876568705603345,-4.13220151136794,-0.15762710900391053,-0.8070104128248697,-1.6980232771765038,-0.8571906325385792,0.2049584415370188,0.07979339705847233,0.8070104128248697,1,-6.77805056478021,0.8949141492269084,-5.027115660594848,0.4,0.025
Verdant Snacks,social,2024-06,17,-1.911442374487142,-0.8624122763791967,-0.8624122763791967,False,-0.6479070751534685,-0.12106211268953107,0.7637013037822216,-0.41531394218016815,1.309311732859579,-0.018876182843924606,0.005528870501682326,-1.2635352993336735,-1.790380261797611,-1.309311732859579,1,-0.8344996888140884,0.44697219566517515,0.3167291081170464,0.0,0.075
Solstice Foods,digital_video,2024-06,17,0.7772644832671666,0.8155019335336424,0.8155019335336424,True,-1.4439502930263572,-1.765861576003269,-0.5294347279809026,0.19953857990843632,1.8909615055854243,-0.6626624792594049,1.505083256438705,2.221214776293524,2.5431260592704357,-1.8909615055854243,0,-0.6793726963040079,0.13729726236535095,-0.6667319903462536,0.0,0.07692307692307693
Aster Wellness,display,2024-06,17,2.136785905501273,1.0246165889544336,2.136785905501273,True,1.7920595790738338,2.028054465540951,-3.261726297636963,4.226836383713072,-2.772248345312362,3.163539580677863,0.3183463287220162,0.34472632642743894,0.10873143996032164,2.772248345312362,1,-5.556331067967657,0.8949141492269084,-4.156640446863872,0.2,0.025
Halcyon Personal Care,retail_media,2024-06,17,-3.196675594245182,-0.5494141317155509,-0.5494141317155509,False,-1.3858742580374372,-1.4452538873457736,-1.018514962719329,-2.701447902960963,0.008726346335678835,-1.2984034269766387,-0.7822331183344661,-1.8108013362077446,-1.7514217068994082,-0.008726346335678835,1,-1.9076690754792698,0.7669425995556582,-1.7854575622749873,0.0,0.075
Halcyon Personal Care,digital_video,2024-06,17,-0.2758609677215264,-0.7547076119676891,-0.2758609677215264,False,-0.5824592072785012,-0.8189208088157351,-0.20761981354867062,0.2312542223019975,2.003130594329329,-0.18578933353799118,0.9561315993634745,0.3065982395569748,0.5430598410942087,-2.003130594329329,0,-0.9774946600334594,0.7669425995556582,-0.9745624131043289,0.0,0.075
Nimbus Home,social,2024-06,17,-1.015792007995067,-0.05412322488474322,-0.05412322488474322,False,-1.076096409883459,1.333655288288836,-1.3372362738535937,-1.4198876917657435,0.5183109922280696,1.8588317567565416,0.7126622379945081,0.06030440188839181,-2.349447296283903,-0.5183109922280696,1,-1.8801042741498515,-0.9675715257897455,-0.3696647480638482,0.2,0.05
Ridgeway Grocery,audio,2024-06,17,0.6351530205012714,0.89386435582679,0.89386435582679,True,-0.2455314211802313,0.4903139246759766,-1.7624538505329446,-0.7012736016791171,-0.39629353926216604,-0.08688742750282567,-0.3273416905890907,0.8806844416815027,0.1448390958252948,0.39629353926216604,0,-4.920562225978643,0.11555777492635706,-1.8780116254593016,0.0,0.07692307692307693
Aster Wellness,social,2024-06,17,-1.7194593788481192,0.00413589048529555,0.00413589048529555,False,0.25179570564706893,1.0826070215683083,1.537092697134285,-0.7907656124394048,0.6793045658805921,-0.3540341456838482,0.04511231825503892,-1.9712550844951882,-2.8020664004164275,-0.6793045658805921,1,3.2107695193845207,0.8949141492269084,0.6421785479073767,0.4,0.025
Crestline Beverages,ooh,2024-06,17,-2.8687673142875827,-1.0256119105292765,-1.0256119105292765,False,-1.9288890422996092,0.2668820205849239,0.3982885005301202,-1.6469435596947934,,0.6526098602859057,0.4637996893494409,-0.9398782719879735,-3.1356493348725065,,1,0.4813019961024078,0.11017461671324229,0.2881138838168779,0.0,0.07894736842105263
Verdant Snacks,paid_search,2024-06,17,-0.9410530506745992,-0.0618919676964058,-0.0618919676964058,False,-0.35721542365668646,-1.813574354378654,1.0220472626109416,-1.038922164966975,-0.33085793140992986,-1.8060203283298644,-0.5537229067161621,-0.5838376270179128,0.8725213037040548,0.33085793140992986,1,0.13968795000099907,0.44697219566517515,0.5750750669457665,0.0,0.075
Crestline Beverages,audio,2024-06,17,-1.797787827805496,-1.1379542015124964,-1.1379542015124964,False,0.3690994885181369,0.08048778132933032,1.3239713484960292,-0.901925964785746,0.28163488504707884,1.2949596185534062,-0.3210942076637108,-2.166887316323633,-1.8782756091348263,-0.28163488504707884,1,-0.17805590919515446,0.11017461671324229,1.213796731782787,0.0,0.07894736842105263
Ridgeway Grocery,tv,2024-06,17,0.24771177401707548,0.684896444837817,0.684896444837817,True,-2.9924516534009644,-2.1326610599209905,-1.2773676527421534,1.0192005333635565,,-1.0153096520033873,-0.30996839280973487,3.24016342741804,2.380372833938066,,0,-5.843146626603563,0.11555777492635706,-1.3929254276685104,0.0,0.07692307692307693
Crestline Beverages,affiliate,2024-06,17,-1.4894902681214215,0.13789930882130688,0.13789930882130688,False,-1.6838653911490808,-0.5639558478171908,1.5630654662896069,-1.0287151928264757,0.705436627413361,-1.8999151621171604,1.2002993094002607,0.19437512302765936,-0.9255344203042307,-0.705436627413361,1,0.08672392421359305,0.11017461671324229,1.4528908495763646,0.0,0.07894736842105263
Verdant Snacks,retail_media,2024-07,18,2.069499062695886,0.06193104108503296,2.069499062695886,True,6.287649697164438,2.7708153227224335,1.7727839095784867,4.380874112732774,-3.017230815629051,5.450245948016114,0.27746025085540055,-4.218150634468552,-0.7013162600265477,3.017230815629051,1,2.5343447831167083,-0.3280525867229961,2.1008364963014827,0.6,0.1
Nimbus Home,social,2024-07,18,-0.3755366672509885,-0.2996524634653424,-0.2996524634653424,False,-0.379524348758407,0.16192945475103382,-2.293772046048829,-1.888412596349786,0.8936003029323665,-2.245565486626628,-0.4102029812848726,0.003987681507418517,-0.5374661220020223,-0.8936003029323665,1,-3.418087514398586,0.13944925477942238,-2.4332213008282513,0.2,0.175
Halcyon Personal Care,retail_media,2024-07,18,0.2633977471158052,-0.7891854050058602,0.2633977471158052,False,0.5412817261803494,-0.7030092168435351,-0.3799870050596657,-0.4804717311142101,0.9276077807945343,1.245453884250771,0.0657649524583255,-0.2778839790645442,0.9664069639593403,-0.9276077807945343,0,-1.146413276870832,0.5750765298871457,-0.9550635349468115,0.0,0.2
Solstice Foods,retail_media,2024-07,18,0.2671713024989733,-0.07834498917596655,0.2671713024989733,False,-0.30425522012081463,-0.4280851034992955,-0.3115222554432132,-0.30625027889475437,1.6726339475857472,0.17271050226501966,0.3605431404511909,0.5714265226197879,0.6952564059982689,-1.6726339475857472,1,0.5144007767246015,-0.20751222316033652,-0.1040100322828767,0.16666666666666666,0.1794871794871795
Halcyon Personal Care,affiliate,2024-07,18,-1.362743430993098,-1.8728024472263078,-1.362743430993098,False,1.1915345937593615,1.1665179738803078,0.7883813938137796,-1.6204199840079143,1.1016250942669947,0.04097095220073455,-0.28423505163337054,-2.5542780247524597,-2.529261404873406,-1.1016250942669947,0,1.1986637192847047,0.5750765298871457,0.21330486392663384,0.0,0.2
Ridgeway Grocery,paid_search,2024-07,18,0.11430521812096586,-0.4441624688015131,0.11430521812096586,False,-1.6157296801319303,-0.8229470952356854,-0.7500453039093171,-0.42758201804116036,-0.11108436100008114,0.5506309190469183,-0.8600422945334418,1.7300348982528961,0.9372523133566513,0.11108436100008114,0,-0.6238626832273021,-0.49755113303848675,-0.25249417087083037,0.0,0.20512820512820512
Ridgeway Grocery,affiliate,2024-07,18,-1.098568983135963,-1.5326773784038161,-1.098568983135963,False,1.6441628131548673,0.7928629945175543,-0.3798897953006309,1.4151830906862914,0.38301283730538865,-0.39873396365759195,-0.3180864585171819,-2.7427317962908306,-1.8914319776535173,-0.38301283730538865,0,0.4618806437050468,-0.49755113303848675,0.11766133773785586,0.0,0.20512820512820512
Verdant Snacks,paid_search,2024-07,18,,,,False,,,,-0.8617429885259544,0.36262542825670163,-0.9917600007091952,-1.183986754683311,,,-0.36262542825670163,0,,-0.3280525867229961,,0.8,0.1
Crestline Beverages,digital_video,2024-07,18,-0.10887369506773709,-1.2769071844394486,-0.10887369506773709,False,-1.5038062053214811,-0.5180524642877858,1.1145254705134389,0.5799394497794187,0.40408475635278646,-0.4808096461732663,0.4107870316819598,1.394932510253744,0.40917876922004875,-0.40408475635278646,0,1.2486036361553765,0.8440370834447041,0.2704883870687348,0.0,0.21052631578947367
Crestline Beverages,paid_search,2024-07,18,-0.6360245940743952,-0.8703059041978253,-0.6360245940743952,False,-0.5318392303091866,-1.2473357689789004,1.2228176620251259,-0.6576877518303698,1.5022795080565898,0.1513317689822524,0.015193222932449735,-0.1041853637652086,0.6113111749045053,-1.5022795080565898,0,0.9194269762264562,0.8440370834447041,0.3787805785804218,0.0,0.21052631578947367
Aster Wellness,retail_media,2024-07,18,0.9584618700609366,-0.27332776247838586,0.9584618700609366,True,-1.3769610817256042,-1.2398324062712296,0.1617861613686514,-0.26396261325852266,-0.2452179053696534,-0.04757281852636486,0.07211566554061952,2.3354229517865406,2.1982942763321662,0.2452179053696534,1,-0.9761882737041941,0.1616894160684475,9.674530020389871e-05,0.4,0.15
Verdant Snacks,display,2024-07,18,1.584615901065176,-0.4202091811425626,1.584615901065176,True,-0.4571715561081101,-0.3662915215412479,-1.504367752634021,0.26679942740292173,-0.16673467588149693,1.1801562631009475,-0.4278465682176866,2.041787457173286,1.9509074226064238,0.16673467588149693,1,-2.609575652459852,-0.3280525867229961,-1.1763151659110247,0.6,0.1
Solstice Foods,paid_search,2024-07,18,0.47383279578388776,0.12947016766432845,0.47383279578388776,False,0.355254467270168,-0.6974025851085447,-0.24686939800266205,0.06420663872480675,0.42932979293144113,-0.3549903847739553,-1.0434271595205262,0.11857832851371974,1.1712353808924325,-0.42932979293144113,1,0.25876529491690053,-0.20751222316033652,-0.03935717484232554,0.16666666666666666,0.1794871794871795
Ridgeway Grocery,audio,2024-07,18,0.642103518647954,0.9299438493791151,0.9299438493791151,True,-0.6153258562210564,-0.8216596661019773,-0.30783636000849457,-0.9287933784846208,-1.2974028148454304,1.6255340428955858,-0.46926181459361205,1.2574293748690104,1.4637631847499313,1.2974028148454304,0,0.4597410729864897,-0.49755113303848675,0.18971477302999218,0.0,0.20512820512820512
Nimbus Home,retail_media,2024-07,18,-1.2328055221845982,-1.6034047460145269,-1.2328055221845982,False,-1.3860370777796522,-2.8262468598503454,1.9928870148878357,0.2387722370964559,2.0602310835752573,0.00010413612509363763,1.0382349872159955,0.15323155559505408,1.5934413376657472,-2.0602310835752573,0,4.773708428337381,0.13944925477942238,1.8534377601084133,0.2,0.175
Ridgeway Grocery,display,2024-07,18,-0.03625382976712911,-0.5861539649213167,-0.03625382976712911,False,0.03203649307035558,-1.046098441031241,0.38722439343317305,-1.3132280055591257,-0.8808290203776954,0.7011850687643565,0.5437021329359699,-0.0682903228374847,1.009844611264112,0.8808290203776954,0,2.1548465653034894,-0.49755113303848675,0.8847755264716598,0.0,0.20512820512820512
Solstice Foods,social,2024-07,18,0.3522607448939145,-0.02255088112812538,0.3522607448939145,False,-0.2874408997994171,-0.44566440760410525,-0.6203886033986344,0.3819933837299639,0.9269064958556762,-1.3413315447222687,0.5453065993238748,0.6397016446933317,0.7979251524980198,-0.9269064958556762,1,-0.7828581413740321,-0.20751222316033652,-0.4128763802382979,0.16666666666666666,0.1794871794871795
Verdant Snacks,social,2024-07,18,2.8567293510886977,0.052221690214591554,2.8567293510886977,True,4.802260663414007,1.4211282503176956,-1.504354067350997,,-1.4003335125439527,2.8948027782590957,1.3279473369649353,-1.945531312325309,1.4356011007710021,1.4003335125439527,1,-3.6240742232290044,-0.3280525867229961,-1.176301480628001,0.6,0.1
Halcyon Personal Care,social,2024-07,18,-0.9373453644749512,-0.7522699621523723,-0.7522699621523723,False,0.9289325045044085,0.7280917275300968,0.8686807979590775,-1.4701740141777537,0.3909180777982976,-0.009313142681389884,0.7618706036719033,-1.8662778689793598,-1.6654370920050479,-0.3909180777982976,1,0.7410061313491464,0.5750765298871457,0.29360426807193174,0.0,0.2
Aster Wellness,paid_search,2024-07,18,-0.30415797688381424,-0.9812694032939285,-0.30415797688381424,False,-1.3399450803824515,-1.5375147038863604,0.7523790828219938,-3.1331124925889235,-0.8230663258473057,0.8542332883346785,-0.3105613184695592,1.0357871034986372,1.233356727002546,0.8230663258473057,0,0.43046088667527127,0.1616894160684475,0.5906896667535464,0.4,0.15
Crestline Beverages,ooh,2024-07,18,-0.286071847344493,-1.770637992948467,-0.286071847344493,False,1.0039775154049484,0.5896011788476565,0.637891350007775,-0.5593582641865934,,0.5597397005928232,1.786126669263574,-1.2900493627494414,-0.8756730261921495,,0,-0.7340200554843364,0.8440370834447041,-0.2061457334369291,0.0,0.21052631578947367
Halcyon Personal Care,digital_video,2024-07,18,0.10617035519336374,-0.45242824821588223,0.10617035519336374,False,0.36321345305946984,-0.29616405983731775,0.22456305741311738,,0.455683503843086,-0.39848061992634315,1.675307204722197,-0.25704309786610613,0.40233441503068146,-0.455683503843086,0,-0.5365329018267201,0.5750765298871457,-0.35051347247402836,0.0,0.2
Aster Wellness,digital_video,2024-07,18,-0.8737356598320628,-0.7779904782458363,-0.7779904782458363,False,-2.479450410980473,-2.1475664461862305,0.16274778252691433,0.9723394110683015,0.11262075137058554,-0.648525682050497,0.5674746843574093,1.6057147511484104,1.2738307863541678,-0.11262075137058554,1,-0.2823584394581788,0.1616894160684475,0.001058366458466825,0.4,0.15
Solstice Foods,display,2024-07,18,0.8790742871442639,0.11970939945749788,0.8790742871442639,True,0.3436477533260358,-1.2132726730761794,-0.42648688731444173,0.2022967531582785,-0.8545683687229766,0.34278908561239707,-0.20370942911677598,0.5354265338182281,2.092346960220443,0.8545683687229766,1,-0.7971049047617196,-0.20751222316033652,-0.21897466415410521,0.16666666666666666,0.1794871794871795
Aster Wellness,social,2024-07,18,0.3703373201822311,0.025575854105518346,0.3703373201822311,False,-1.9781059379902106,-0.6041975401109394,0.16997510320837442,-1.2113429319333522,-0.4688526891370101,-1.8766696291588763,1.4777857676354909,2.3484432581724417,0.9745348602931705,0.4688526891370101,1,-0.7971449877326756,0.1616894160684475,0.008285687139926917,0.4,0.15
Aster Wellness,audio,2024-07,18,1.4113038963899727,0.52739364553716,1.4113038963899727,True,2.711552724431679,3.73298148595306,0.5794317930388662,3.389586037979142,-3.288592891376066,3.4419135889717642,-0.81851267206621,-1.3002488280417062,-2.3216775895630875,3.288592891376066,1,-0.10087022094997686,0.1616894160684475,0.41774237697041866,0.2,0.15
Aster Wellness,display,2024-07,18,3.0646859070259724,2.760273885897815,3.0646859070259724,True,2.953232524107499,2.9212773251308213,0.7160544093759158,4.76415991586002,-1.5264109093097815,4.165507656100178,,0.1114533829184734,0.14340858189515115,1.5264109093097815,1,0.2962504397012999,0.1616894160684475,0.5543649933074684,0.2,0.15
Crestline Beverages,affiliate,2024-07,18,-1.43931214270423,-0.2783325645060435,-0.2783325645060435,False,1.0360321871751017,1.7287173701494407,1.5913740280768456,-0.471029608488392,-1.1161327970359087,-0.2832104347136514,-0.014812140749703717,-2.4753443298793316,-3.1680295128536704,1.1161327970359087,1,1.0294697223449394,0.8440370834447041,0.7473369446321415,0.0,0.21052631578947367
Verdant Snacks,digital_video,2024-07,18,1.2680210262959484,0.08174583507243476,1.2680210262959484,True,1.3583284551944028,-2.1642038067970977,-1.3085855869055154,0.14785199372084482,-0.10560281609561425,-2.678256793023863,0.8262806396215252,-0.09030742889845444,3.432224833093046,0.10560281609561425,1,-2.734111949992129,-0.3280525867229961,-0.9805330001825193,0.6,0.1
Nimbus Home,audio,2024-07,18,0.09267813090785565,-0.7933841217047807,0.09267813090785565,False,-1.5860704258259988,-1.5287175228435577,1.2022843072076213,-2.2106802683986047,0.011720220275893537,-0.20440222059941518,-0.8663943731295115,1.6787485567338545,1.6213956537514134,-0.011720220275893537,0,2.7466748528198655,0.13944925477942238,1.0628350524281989,0.2,0.175
Halcyon Personal Care,display,2024-07,18,0.17585687836647987,-0.5033623114096726,0.17585687836647987,False,0.04806439737302731,-1.1321660936353184,0.4475328545312536,-1.0631976741953277,-0.1580919603411786,1.0061948475332825,-1.2598790581737518,0.12779248099345256,1.3080229720017982,0.1580919603411786,0,-0.44132425138504183,0.5750765298871457,-0.12754367535589217,0.0,0.2
Solstice Foods,digital_video,2024-07,18,0.9596055710830995,1.5871220510058366,1.5871220510058366,True,-0.4739988030713177,-1.1210295401993668,-0.4269256817348447,-0.9504745301641924,-0.6313677903974639,-1.136840844194192,0.6436843909297953,1.433604374154417,2.0806351112824664,0.6313677903974639,0,-0.04729627269837722,-0.20751222316033652,-0.21941345857450817,0.0,0.1794871794871795
Ridgeway Grocery,retail_media,2024-07,18,-1.4078275415932944,-0.3601163787801127,-0.3601163787801127,False,1.3478440029962406,0.21696454393842945,-0.3761633805179115,-0.8599550222012196,0.23557751733512602,1.3238657216891836,-0.5499209446506802,-2.755671544589535,-1.6247920855317237,-0.23557751733512602,1,-0.08803626327008444,-0.49755113303848675,0.12138775252057526,0.0,0.20512820512820512
Ridgeway Grocery,tv,2024-07,18,0.1628038614330308,0.20049810071195484,0.20049810071195484,False,0.7798478554884297,0.6373523204168823,-0.17434518234566576,-0.4794200735023068,,-1.356614200915853,-0.4845206779802615,-0.6170439940553989,-0.47454845898385145,,0,-0.2225461861267842,-0.49755113303848675,0.323205950692821,0.0,0.20512820512820512
Crestline Beverages,retail_media,2024-07,18,-1.3297247323399082,0.01725025604057875,0.01725025604057875,False,-1.733635709474396,0.9688033015481784,0.8899634058330517,-0.4637249780063696,0.8213785099942338,0.34969670687276794,-0.17159520660557648,0.40391097713448776,-2.2985280338880867,-0.8213785099942338,1,-0.1606014548793347,0.8440370834447041,0.045926322388347596,0.0,0.21052631578947367
Crestline Beverages,tv,2024-07,18,-1.3224319843252266,-1.2201682655177002,-1.2201682655177002,False,-0.6441224323373741,-1.8029843540349884,0.5837146655819602,-0.9853303569043033,,-1.1427959566429202,0.4124240357176207,-0.6783095519878525,0.4805523697097618,,1,-0.7476097903274777,0.8440370834447041,-0.2603224178627439,0.0,0.21052631578947367
Ridgeway Grocery,social,2024-07,18,0.2231269024401636,-0.07117249805922528,0.2231269024401636,False,-1.1443526999544456,-0.0009076894985485096,-1.1348787565399585,-0.2483300808178123,0.08768960342776498,-0.28214172514815916,0.10606575029408483,1.3674796023946092,0.22403459193871209,-0.08768960342776498,1,-0.11435148326123115,-0.49755113303848675,-0.6373276235014718,0.0,0.20512820512820512
Solstice Foods,tv,2024-07,18,0.10085924051572039,0.4686845694958138,0.4686845694958138,False,0.546469910089406,1.300586589357039,-0.038353764097552,1.6953920857867164,,-1.2290645083674576,-0.014551968199942589,-0.44561066957368567,-1.1997273488413185,,0,0.6678901689010334,-0.20751222316033652,0.1691584590627845,0.16666666666666666,0.1794871794871795
Solstice Foods,affiliate,2024-07,18,0.6793831977051504,-0.037747753374091295,0.6793831977051504,True,1.5102174350282074,0.850553611383196,-0.05065091834201772,0.10075234871494161,1.0892420283173823,-0.14972795206959164,0.9066953244293643,-0.830834237323057,-0.17117041367804553,-1.0892420283173823,1,0.612506623608635,-0.20751222316033652,0.15686130481831878,0.16666666666666666,0.1794871794871795
Crestline Beverages,social,2024-07,18,-1.3485704538010341,-0.8249012843849829,-0.8249012843849829,False,-0.7549824841673936,-0.19042623875014236,1.1444509342717422,-0.2411162618295457,0.2504058264911695,-0.8705094376721703,1.181026586010321,-0.5935879696336406,-1.1581442150508918,-0.2504058264911695,1,0.2177752033100811,0.8440370834447041,0.3004138508270381,0.0,0.21052631578947367
Halcyon Personal Care,paid_search,2024-07,18,-0.6778235478520963,-1.2135796174865385,-0.6778235478520963,False,-0.41123583450740886,-2.111114593963583,1.0222204779382043,-1.8336327153298706,0.5652336488687112,0.025552927211448955,-0.79428255522705,-0.26658771334468745,1.4332910461114867,-0.5652336488687112,0,1.1208304153713244,0.5750765298871457,0.4471439480510585,0.0,0.2
Nimbus Home,paid_search,2024-07,18,-0.7343502192575001,-0.9291169368076359,-0.7343502192575001,False,0.8669957234838328,-0.5704978920656689,1.8282418291029325,-0.22041411865308738,1.3025778370915297,1.1315557921815105,-0.22908223621997195,-1.6013459427413328,-0.16385232719183118,-1.3025778370915297,0,4.510910240571128,0.13944925477942238,1.6887925743235102,0.2,0.175
Verdant Snacks,affiliate,2024-07,18,-2.2263050154042543,-1.5527390855357919,-1.5527390855357919,False,2.792206928071124,1.175625147971826,3.1519014050019756,-0.3060292785059739,0.9191553548799563,-1.0907460317284523,-0.007033065243307324,-5.018511943475378,-3.4019301633760803,-0.9191553548799563,1,3.880460251545876,-0.3280525867229961,3.4799539917249716,0.8,0.1
Nimbus Home,display,2024-07,18,0.9623465596686696,-0.1491163246858315,0.9623465596686696,True,-0.8078251556577882,-1.2837952712412863,-4.90280053664228,0.34907214402410564,0.08250842568672695,1.8396702235667357,,1.7701717153264578,2.2461418309099557,-0.08250842568672695,1,-6.800881182565519,0.13944925477942238,-5.042249791421702,0.2,0.175
Crestline Beverages,audio,2024-07,18,0.6881634659971916,-0.3268164766109518,0.6881634659971916,True,-0.5595855944354379,0.053954773593260785,0.6839006765546598,-0.9454602182713212,1.9056970137529297,0.3313283439674272,0.2531325742642712,1.2477490604326293,0.6342086924039307,-1.9056970137529297,1,-0.7491165281226231,0.8440370834447041,-0.16013640689004427,0.0,0.21052631578947367
Nimbus Home,digital_video,2024-07,18,1.137563200964999,0.39260011392346805,1.137563200964999,True,-0.2210848289087433,0.33693329971885233,-3.585967974210851,1.3636019516825693,-0.15507209261539967,-1.0683130521848287,0.48256939154687484,1.3586480298737422,0.8006299012461466,0.15507209261539967,1,-4.958732543156843,0.13944925477942238,-3.725417228990273,0.0,0.175
Verdant Snacks,social,2024-08,19,-0.4437186213748656,0.05572981724741004,0.05572981724741004,False,-0.4464393639067435,0.06970061596177025,0.05773053942107764,-1.4599167271634732,-0.08346821280349837,-1.1251304844159886,0.17311831906296898,0.0027207425318778733,-0.5134192373366359,0.08346821280349837,1,0.8707327298320664,0.19065003032149824,-0.1329194909004206,0.0,0.125
Ridgeway Grocery,audio,2024-08,19,-0.417816785104429,0.19098661200995476,0.19098661200995476,False,0.8716453583139336,1.0958213967546981,-0.23181201634779566,-0.6726360433869607,0.3561234064728961,0.061931960297194916,-0.27115187949851044,-1.2894621434183626,-1.5136381818591271,-0.3561234064728961,1,0.748531246503683,-0.4999638655585635,0.26815184921076785,0.3333333333333333,0.07692307692307693
Solstice Foods,digital_video,2024-08,19,0.05883391033288102,0.5985679882277157,0.5985679882277157,True,0.08948008275463516,-0.25107315974803457,-0.5320697918087344,-0.2035428861286288,0.34181461077662234,0.776263085616524,0.3304850249424174,-0.030646172421754145,0.30990707008091556,-0.34181461077662234,0,1.2055772845183519,-0.3885428324470255,-0.1435269593617089,0.3333333333333333,0.07692307692307693
Nimbus Home,digital_video,2024-08,19,-0.06183638559685368,0.5968865678578501,0.5968865678578501,True,0.8780379728759558,0.8002095884669996,-0.6900764860674777,-0.640745980837207,-0.36911768545916407,2.00123738464559,0.09820394839239882,-0.9398743584728094,-0.8620459740638533,0.36911768545916407,0,0.8098373394819416,0.7580823181860374,-1.4481588042535152,0.0,0.125
Crestline Beverages,audio,2024-08,19,0.5812114403811062,-0.058712546825244245,0.5812114403811062,True,-0.8536568340877734,-0.5345109434509936,-0.2456002593604701,2.689442923180703,-0.5656664180179015,,0.701689218374893,1.4348682744688794,1.1157223838320998,0.5656664180179015,1,0.8257042028890937,-0.1692415014500206,-0.07635875791044952,0.0,0.13157894736842105
Aster Wellness,display,2024-08,19,0.1534777738683182,1.7849831954651882,1.7849831954651882,True,-1.868371624246059,-0.7952351768810011,0.3332354637648288,-1.18114568417027,2.0186011602359732,-1.2222925465671095,-0.19507969253263757,2.0218493981143775,0.9487129507493193,-2.0186011602359732,0,-0.33332676619435864,-0.865805475129321,1.1990409388941499,0.0,0.1
Halcyon Personal Care,digital_video,2024-08,19,-0.8772134680937556,-0.2326453512493152,-0.2326453512493152,False,2.1173538299762065,1.2374996106041296,1.0545729470596765,0.18774124738234252,-1.0000150594105164,2.2887141184611273,-0.5893472863699858,-2.994567298069962,-2.114713078697885,1.0000150594105164,1,-1.6720827933567466,0.33573743836225456,0.718835508697422,0.0,0.125
Crestline Beverages,digital_video,2024-08,19,-0.09388814210215286,-0.8134899097638889,-0.09388814210215286,False,-0.0006502992616549333,-0.220918042618036,-0.17790461082488326,,-2.0160096070606244,1.0406368468860792,-0.9280879189997662,-0.09323784284049794,0.12702990051588314,2.0160096070606244,0,1.5016523011782135,-0.1692415014500206,-0.00866310937486267,0.0,0.13157894736842105
Aster Wellness,social,2024-08,19,-0.2945940878111342,-0.3652702547726716,-0.2945940878111342,False,-0.14638802199332743,0.31929130752427193,1.7211387112722347,-0.2697719832906222,1.1370959914293668,2.5822942645409683,-0.5073001348221494,-0.1482060658178068,-0.6138853953354062,-1.1370959914293668,0,1.8854619478490326,-0.865805475129321,2.586944186401556,0.2,0.1
Solstice Foods,retail_media,2024-08,19,-0.06276696994870347,-0.33429323465136856,-0.06276696994870347,False,-0.8887423472863193,-0.1784830138528648,-0.8671695856682697,1.0908232758828462,-1.0652175097835082,2.6675096198458355,0.8454587011911645,0.8259753773376158,0.11571604390416133,1.0652175097835082,0,-0.04723183343130865,-0.3885428324470255,-0.47862675322124426,0.3333333333333333,0.07692307692307693
Halcyon Personal Care,retail_media,2024-08,19,0.3895741219083877,-0.28263374724677653,0.3895741219083877,False,-0.3574137243456906,-1.2942330195411567,1.3280510521274744,-1.9187080181896796,0.20950403490386874,0.011025267917003773,0.40972869282852525,0.7469878462540782,1.6838071414495444,-0.20950403490386874,1,-0.21761951140076535,0.33573743836225456,0.9923136137652199,0.0,0.125
Halcyon Personal Care,paid_search,2024-08,19,-0.39482258797222275,-1.1811002817690819,-0.39482258797222275,False,0.770210000571814,1.2830637521626898,1.7450539006099026,-1.4052219157633927,-0.07093581352956582,0.6149126863453609,1.0096209253903032,-1.1650325885440367,-1.6778863401349124,0.07093581352956582,0,1.2933834112272458,0.33573743836225456,1.4093164622476482,0.0,0.125
Nimbus Home,social,2024-08,19,-1.5882647131423842,-0.99319779612948,-0.99319779612948,False,-1.0491348900542181,-0.17370164858821818,0.18756447574149324,-0.24095437745868523,1.88596884308181,-1.57875985512542,-1.0350477748866944,-0.539129823088166,-1.414563064554166,-1.88596884308181,1,1.1144281758808874,0.7580823181860374,-0.5705178424445442,0.0,0.125
Aster Wellness,paid_search,2024-08,19,,,,False,,,,-0.7216731658031468,-0.2613983373674327,0.12435700591356393,0.8633052268482141,,,0.2613983373674327,0,,-0.865805475129321,,0.2,0.1
Solstice Foods,social,2024-08,19,-0.4976978834394729,-0.26759072332560996,-0.26759072332560996,False,-1.9398273424920158,-0.3384520046404612,-0.7044356255239214,-1.457049059556162,-0.0520863032995159,-0.6086937271589333,0.020474213493522353,1.4421294590525429,-0.1592458787990117,0.0520863032995159,1,0.10559735199416331,-0.3885428324470255,-0.3158927930768959,0.3333333333333333,0.07692307692307693
Ridgeway Grocery,tv,2024-08,19,0.6286508688618471,0.34638883477065113,0.6286508688618471,True,-0.0532450141868426,-0.837285870152168,0.30972823257331433,-0.5260373239390144,,1.0565089280155435,-0.3979603124555331,0.6818958830486896,1.465936739014015,,1,1.2936231126891047,-0.4999638655585635,0.8096920981318778,0.3333333333333333,0.07692307692307693
Verdant Snacks,paid_search,2024-08,19,0.7355546785934126,,0.7355546785934126,True,-0.8599342795412113,-0.10430060665622651,-0.2288203660178999,-0.2949840770084728,-1.8830111280737016,0.6956426519375404,-0.12256491011937015,1.5954889581346239,0.8398552852496391,1.8830111280737016,0,-0.07168167988446791,0.19065003032149824,-0.41947039633939814,0.0,0.125
Ridgeway Grocery,affiliate,2024-08,19,4.948121761510143,0.11413608558958849,4.948121761510143,True,5.255371692856694,4.375028070628304,-0.609548333127504,5.1014278277650424,-2.022550224939665,6.225047293439253,-0.11018100822771243,-0.30724993134655065,0.5730936908818398,2.022550224939665,1,-0.11402597009676578,-0.4999638655585635,-0.10958446756894052,0.16666666666666666,0.07692307692307693
Verdant Snacks,affiliate,2024-08,19,-0.16269993398054822,-1.5035587741961323,-0.16269993398054822,False,1.2739439383717623,2.1419443007003323,-0.2476816878071156,-0.548585338654407,-0.8244199474332752,1.573600446829662,-2.351592760532015,-1.4366438723523105,-2.3046442346808806,0.8244199474332752,0,0.1864052679991188,0.19065003032149824,-0.4383317181286138,0.0,0.125
Crestline Beverages,retail_media,2024-08,19,-0.19863033375204173,-0.772046430078651,-0.19863033375204173,False,0.037038839721739714,-1.0403469173271587,-0.6201330298357886,0.36290148786491483,-0.42190099178344714,-1.4406011227291626,0.5435852405662016,-0.23566917347378144,0.8417165835751169,0.42190099178344714,0,-0.40914744029453953,-0.1692415014500206,-0.45089152838576796,0.0,0.13157894736842105
Nimbus Home,display,2024-08,19,0.3466538751531418,0.22255116990042734,0.3466538751531418,False,-0.17417697105395052,-0.6673868277131553,-0.5623259834728439,-0.13999728214875584,0.5101839493767006,,0.39406180668052765,0.5208308462070923,1.014040702866297,-0.5101839493767006,1,0.7475388216674206,0.7580823181860374,-1.3204083016588815,0.0,0.125
Solstice Foods,tv,2024-08,19,1.2168868375840223,0.21301508292694263,1.2168868375840223,True,1.478927578852381,0.5710464718102874,-0.12249225855754331,3.6824667053113607,,2.639337927096071,1.0345619448883805,-0.26204074126835875,0.6458403657737348,,1,0.7245280055531821,-0.3885428324470255,0.26605057388948217,0.16666666666666666,0.07692307692307693
Aster Wellness,audio,2024-08,19,-0.611193256981443,0.5067248816130855,0.5067248816130855,True,-1.0946090221125748,0.04660134149621803,1.2753463281003847,-1.2639245892141626,-2.523437555012443,-0.31902827310910903,-0.05837585574093168,0.4834157651311318,-0.657794598477661,2.523437555012443,1,2.4486681928479483,-0.865805475129321,2.1411518032297057,0.2,0.1
Ridgeway Grocery,paid_search,2024-08,19,2.5051160947071565,0.2589375966665397,2.5051160947071565,True,4.617917516144996,2.7408260192483485,-0.3844600761134544,5.36006362955663,-2.7801840173023047,2.3990650550579242,0.37602524188183395,-2.11280142143784,-0.235709924541192,2.7801840173023047,1,0.631803514122966,-0.4999638655585635,0.11550378944510908,0.16666666666666666,0.07692307692307693
Nimbus Home,paid_search,2024-08,19,0.8915175747410713,-0.2961840575936354,0.8915175747410713,True,0.42672206710328736,1.5131940875671295,-1.9652699941800376,0.33213362831454435,-0.7920126530759447,-0.4811753656779184,-0.6857709878317026,0.46479550763778393,-0.6216765128260582,0.7920126530759447,1,-1.404858154702479,0.7580823181860374,-2.723352312366075,0.0,0.125
Crestline Beverages,social,2024-08,19,-0.4293565268335069,-1.4921662620339848,-0.4293565268335069,False,-2.6104040263504475,-2.6425991872473036,-0.15786476517862444,1.5632002172451,,0.4826784769628742,-1.2813338284602924,2.1810474995169407,2.2132426604137967,,0,0.1638216621286091,-0.1692415014500206,0.011376736271396154,0.0,0.13157894736842105
Solstice Foods,display,2024-08,19,1.4747160402605655,0.43209308738023783,1.4747160402605655,True,0.41679632319900467,-0.3643879239225141,-0.9152061372569894,0.4491189070067963,0.6093267790360564,1.0565578127052253,0.6353150348599762,1.0579197170615608,1.8391039641830795,-0.6093267790360564,1,-1.1921651106311548,-0.3885428324470255,-0.5266633048099639,0.16666666666666666,0.07692307692307693
Aster Wellness,retail_media,2024-08,19,0.01208592159966961,-0.0807303902922819,0.01208592159966961,False,0.3033496099889732,-0.5041227365962534,2.1014514819563406,0.19685665343939784,-0.08235812927354176,-0.33983536667136227,1.4003320656555962,-0.2912636883893036,0.516208658195923,0.08235812927354176,0,1.370104272269623,-0.865805475129321,2.9672569570856617,0.2,0.1
Crestline Beverages,tv,2024-08,19,0.2520753409351098,-0.4339907551503962,0.2520753409351098,False,-0.552152946391566,-1.9829772120662126,-0.7268844387734856,-0.2673438168290745,,0.3374789546090218,-0.12345286628049404,0.8042282873266757,2.2350525530013226,,0,-1.9869261237177804,-0.1692415014500206,-0.557642937323465,0.0,0.13157894736842105
Halcyon Personal Care,affiliate,2024-08,19,0.8230543201217725,-0.7816187265793674,0.8230543201217725,True,-0.8046098609315385,-0.47426737904487,1.1155279760878087,-1.3789076666527915,0.29605312245846704,0.19197587271108474,0.15521906178381922,1.627664181053311,1.2973216991666425,-0.29605312245846704,1,-0.6195909648262594,0.33573743836225456,0.7797905377255542,0.0,0.125
Crestline Beverages,paid_search,2024-08,19,0.21781943703030415,-0.3725649951419794,0.21781943703030415,False,-0.5875494575782245,-0.73891764469155,0.04712640534673113,0.12938938864413874,-0.4319410340469545,-0.7920440942563098,-0.1639190594719661,0.8053688946085287,0.9567370817218541,0.4319410340469545,0,1.5679423196473252,-0.1692415014500206,0.21636790679675172,0.0,0.13157894736842105
Ridgeway Grocery,retail_media,2024-08,19,-0.696511516247918,-1.0333862806115446,-0.696511516247918,False,-0.9512112783290266,-1.3501081701803415,-0.50713826430372,,-0.551644715430985,-0.10321428955486839,2.247633196797553,0.25469976208110867,0.6535966539324235,0.551644715430985,0,-0.36142005222359097,-0.4999638655585635,-0.007174398745156518,0.3333333333333333,0.07692307692307693
Solstice Foods,affiliate,2024-08,19,0.8535263681888396,-0.0012854236777693421,0.8535263681888396,True,-0.37421891722195944,-1.0096750237071586,-0.5072817143053086,0.25569538590927227,2.777268274467826,1.6285570066651902,1.999745360591762,1.227745285410799,1.8632013918959982,-2.777268274467826,1,0.2259506562205375,-0.3885428324470255,-0.11873888185828307,0.3333333333333333,0.07692307692307693
Halcyon Personal Care,display,2024-08,19,-0.7959432452598794,-0.3715562257012459,-0.3715562257012459,False,-0.2768872481874987,-0.0332373726549998,1.779373886991399,-0.48697113670251263,0.015475195443079293,-0.3376563687801691,-0.21473110076751234,-0.5190559970723807,-0.7627058726048795,-0.015475195443079293,1,-0.09491653689153168,0.33573743836225456,1.4436364486291446,0.0,0.125
Crestline Beverages,affiliate,2024-08,19,-0.19804206493319884,-1.0422814919196168,-0.19804206493319884,False,0.15480524796565803,1.079941999435649,-0.2653910883463676,-0.5322268620141462,0.4259297036104464,1.8080932270483743,0.46889335537712296,-0.35284731289885685,-1.2779840643688478,-0.4259297036104464,0,0.6252464933963299,-0.1692415014500206,-0.096149586896347,0.0,0.13157894736842105
Verdant Snacks,digital_video,2024-08,19,0.13955328879650247,0.23681663852979232,0.23681663852979232,False,-2.0821685807063064,-2.487444771904613,-0.30503031689217086,0.07580268236665288,-0.061101654300321946,0.9484080498860534,0.23145880250755035,2.221721869502809,2.6269980607011156,0.061101654300321946,0,0.0058954648440684276,0.19065003032149824,-0.4956803472136691,0.0,0.125
Aster Wellness,digital_video,2024-08,19,-0.6245194233562736,-0.7650101305777364,-0.6245194233562736,False,1.0846715449231117,-0.1049404649746762,0.9242602863360465,-0.05538958546799089,1.7394572205107717,1.7178042977848638,0.8674474444926583,-1.7091909682793853,-0.5195789583815974,-1.7394572205107717,0,1.5794861723700695,-0.865805475129321,1.7900657614653674,0.2,0.1
Verdant Snacks,display,2024-08,19,0.5460829663335562,0.041647539763243445,0.5460829663335562,True,-0.21237181716695225,-0.7236904411470135,-0.19174988869583473,-1.0567055571933892,1.372588165725229,0.7190607280797559,-0.981972488584551,0.7584547835005084,1.2697734074805698,-1.372588165725229,1,-0.37960418511253036,0.19065003032149824,-0.38239991901733295,0.0,0.125
Crestline Beverages,ooh,2024-08,19,-0.46492527287103846,-1.2065881448343714,-0.46492527287103846,False,-0.3127705729718302,0.033287558529492806,-0.4626109678331626,0.7797495030773245,,-0.29255017644189696,-0.39218249059257276,-0.15215469989920827,-0.4982128314005313,,0,-1.1798323049425041,-0.1692415014500206,-0.293369466383142,0.0,0.13157894736842105
Solstice Foods,paid_search,2024-08,19,-0.11395184729560882,0.0041336095909416965,0.0041336095909416965,False,-1.0383226411654318,-1.5959478510724434,-0.6159938646979431,0.42390317951966977,-0.04926965520254823,0.5562662040928456,0.3038524296112552,0.924370793869823,1.4819960037768345,0.04926965520254823,1,-0.08319259615625911,-0.3885428324470255,-0.22745103225091767,0.3333333333333333,0.07692307692307693
Nimbus Home,retail_media,2024-08,19,-0.07593126561058257,-1.0294178883070912,-0.07593126561058257,False,-0.061302677452004836,-2.5891883851941615,-0.42117452784813125,-0.7363140296657543,0.11217341775449823,-0.3658400679902188,1.082221780869666,-0.014628588158577732,2.513257119583579,-0.11217341775449823,0,0.98170164267256,0.7580823181860374,-1.1792568460341686,0.0,0.125
Ridgeway Grocery,display,2024-08,19,0.4774263023933397,-0.06238653071971116,0.4774263023933397,False,-1.1121219062092995,-1.7931882743877121,0.09498009469237322,-0.05820147736565898,0.5738761393936238,0.7566874388336233,1.159868906569834,1.5895482086026393,2.270614576781052,-0.5738761393936238,1,1.37899418576371,-0.4999638655585635,0.5949439602509367,0.3333333333333333,0.07692307692307693
Nimbus Home,audio,2024-08,19,0.13266926571970425,-0.18065851041743747,0.13266926571970425,False,0.058778161246500586,-1.0170770477945887,-1.7472475418875555,-1.2887283233921547,0.6320550334823204,-0.370684706937845,0.5622039088300945,0.07389110447320366,1.149746313514293,-0.6320550334823204,0,-0.4544792026940317,0.7580823181860374,-2.505329860073593,0.0,0.125
Ridgeway Grocery,social,2024-08,19,-0.08076223553576432,-0.22526026987233852,-0.08076223553576432,False,-0.6036816660078416,-0.30638434979677565,-1.6966389364791636,-0.23666465983212137,0.6986489170529017,-1.2276828273260345,0.17647528938779938,0.5229194304720772,0.2256221142610113,-0.6986489170529017,0,-1.2760395942681386,-0.4999638655585635,-1.1966750709206002,0.3333333333333333,0.07692307692307693
Verdant Snacks,retail_media,2024-08,19,-1.6296741883389214,-0.3882678743457553,-0.3882678743457553,False,1.0801254941910392,0.8211638695250073,-0.4548484035120949,1.1576220054411201,-0.7576727446421679,-0.6064004835633989,1.0400343484135939,-2.709799682529961,-2.450838057863929,0.7576727446421679,1,-0.21521726665301352,0.19065003032149824,-0.6454984338335932,0.0,0.125
Halcyon Personal Care,social,2024-08,19,-0.5404056635324227,-1.3491606415869473,-0.5404056635324227,False,-2.3587232239352516,-0.6393789336139493,1.7597365215196825,,1.3540937703060147,,-0.42620398670455206,1.818317560402829,0.09897327008152657,-1.3540937703060147,0,1.4388202238836216,0.33573743836225456,1.4239990831574278,0.0,0.125
Pinebrook Pet Co.,display,2024-09,20,,,,False,,,,-0.3713161968021372,0.23036816578673103,-0.5867575579884964,0.503654081275412,,,-0.23036816578673103,0,,-8.23499875866495,,0.4,0.15217391304347827
Pinebrook Pet Co.,paid_search,2024-09,20,0.028495809573107718,,0.028495809573107718,False,0.5440641249090566,1.3207354669049571,-5.521823009140272,-0.9219569152212336,0.7760416283244288,0.01903572644171516,-1.0896031065410907,-0.5155683153359489,-1.2922396573318493,-0.7760416283244288,0,1.18847327250405,-8.23499875866495,2.7131757495246784,0.4,0.15217391304347827
Crestline Beverages,ooh,2024-09,20,3.796043058540813,0.3383384375916979,3.796043058540813,True,-1.098899272646494,0.6415697851194961,-0.4267864749468391,0.9928441823182614,,-2.41930999630649,0.5547441152217794,4.894942331187307,3.154473273421317,,1,-1.7202290366857347,0.19084769314375205,-0.6176341680905911,0.2857142857142857,0.13636363636363635
Solstice Foods,affiliate,2024-09,20,-0.6882008809773391,0.18771304109258916,0.18771304109258916,False,0.7159337826747398,0.8752207954008973,-0.11105196651377545,1.8671511245883021,-0.8599918053658321,-0.4276468311070292,-0.33582815905136426,-1.404134663652079,-1.5634216763782365,0.8599918053658321,1,-1.8187582348432765,0.13470413793388125,-0.24575610444765672,0.16666666666666666,0.17777777777777778
Aster Wellness,social,2024-09,20,-0.2253193570089305,-0.03323913880840747,-0.03323913880840747,False,-1.4268083840229964,-0.6350135734643283,0.5573751023990993,-0.6968284572218943,1.0176968731994234,-0.048369599670171626,0.7406991000216301,1.201489027014066,0.40969421645539783,-1.0176968731994234,1,-1.05915237316119,-0.186443809157825,0.7438189115569243,0.2,0.17391304347826086
Aster Wellness,paid_search,2024-09,20,0.4269624507072666,,0.4269624507072666,False,2.8580817720804035,-0.14449804721341356,1.6488653724947766,-1.9783223479329957,0.9907365234398129,-0.027520521343639956,0.6740780395997944,-2.431119321373137,0.5714604979206802,-0.9907365234398129,0,1.0913720135640046,-0.186443809157825,1.8353091816526015,0.2,0.17391304347826086
Solstice Foods,retail_media,2024-09,20,0.20718106279824075,0.09146342118855788,0.20718106279824075,False,0.23759862711146998,-0.7235008181781882,0.5631255333297847,1.9034905124031087,0.07912613479009399,-1.3279610213032529,0.06371487016214594,-0.03041756431322923,0.930681880976429,-0.07912613479009399,1,-0.14134560890356593,0.13470413793388125,0.4284213953959034,0.16666666666666666,0.17777777777777778
Pinebrook Pet Co.,social,2024-09,20,-0.8397140952184493,,-0.8397140952184493,False,0.24452963689090015,1.7589030027405623,-4.44779253146513,-0.1840702361906955,-0.17297056102995012,0.17195752611626544,-0.8169460336010805,-1.0842437321093494,-2.5986170979590115,0.17297056102995012,0,1.721129028241188,-8.23499875866495,3.78720622719982,0.4,0.15217391304347827
Verdant Snacks,paid_search,2024-09,20,,,,False,,,,0.4452603441104089,-0.03272696668700651,0.5632597430025383,0.9085389353179248,,,0.03272696668700651,0,,-0.01857590119582229,,0.2,0.17391304347826086
Pinebrook Pet Co.,retail_media,2024-09,20,1.1836341694767079,,1.1836341694767079,True,-0.8768821028945566,-1.3751571729766794,-6.345182208059642,1.9946226325358143,-0.13181330586316936,0.5761229892245678,-0.01952060239988132,2.0605162723712644,2.5587913424533872,0.13181330586316936,0,-1.0396544565533534,-8.23499875866495,1.8898165506053086,0.2,0.15217391304347827
Crestline Beverages,audio,2024-09,20,1.663099433365011,0.977491446581103,1.663099433365011,True,0.9848766809726857,-0.1335393056039115,-0.43613584616220585,1.1870420553472016,-0.18751578507228986,-1.3435202299751183,0.7580548804882098,0.6782227523923254,1.7966387389689227,0.18751578507228986,1,2.216661675287021,0.19084769314375205,-0.626983539305958,0.2857142857142857,0.13636363636363635
Ridgeway Grocery,affiliate,2024-09,20,0.5657635275689624,0.9811814013206983,0.9811814013206983,True,-0.8064022561021292,2.181082121215393,0.2000813701458044,1.3567480188122025,,-0.10968808239736791,-1.021919846779834,1.3721657836710917,-1.6153185936464305,,0,-1.0751501083467148,-0.02133640346601791,0.2214177736118223,0.0,0.2
Ridgeway Grocery,paid_search,2024-09,20,-0.8302198144274071,0.39760033297793673,0.39760033297793673,False,-0.5314017010859327,0.26740987206662264,-0.10789898427434315,-2.324559494466239,0.19965823284200596,-0.7657332851614684,-1.0031896169679693,-0.29881811334147446,-1.0976296864940298,-0.19965823284200596,1,-1.054667762020017,-0.02133640346601791,-0.08656258080832524,0.0,0.2
Solstice Foods,display,2024-09,20,0.5722920244741714,0.9753607839596669,0.9753607839596669,True,-0.727291149393853,0.6851754460931968,0.3108923968778699,0.34491171880811267,0.049220503493188836,-1.3130372948564553,,1.2995831738680244,-0.11288342161902543,-0.049220503493188836,0,0.19542522832931009,0.13470413793388125,0.17618825894398865,0.16666666666666666,0.17777777777777778
Aster Wellness,retail_media,2024-09,20,-0.13089490276031113,0.18658953086673236,0.18658953086673236,False,-0.693951769423648,-0.4045927806724789,0.6140885081262114,0.01266687775250408,-1.3155992283669053,-0.1362817461633374,-0.48744284261457854,0.5630568666633369,0.27369787791216776,1.3155992283669053,0,-1.0676057230755924,-0.186443809157825,0.8005323172840364,0.2,0.17391304347826086
Ridgeway Grocery,retail_media,2024-09,20,0.6041663111949845,-0.3333717214769396,0.6041663111949845,True,0.3149551090605541,1.1726537827091579,0.23926634272676375,0.25852854017219074,-1.0274889330644008,-1.2785409085844057,0.7532102563289872,0.28921120213443047,-0.5684874715141733,1.0274889330644008,1,-0.5087644367591632,-0.02133640346601791,0.2606027461927817,0.0,0.2
Verdant Snacks,digital_video,2024-09,20,0.05739400431093381,0.48832277313446154,0.48832277313446154,False,-0.15017761919917358,-0.6540290318466943,-0.2645021048426206,1.1016502321822725,-0.1616343875395103,-0.07406153988488273,-0.8866587248134202,0.20757162351010738,0.711423036157628,0.1616343875395103,0,1.3332268418827877,-0.01857590119582229,-0.24592620364679832,0.2,0.17391304347826086
Ridgeway Grocery,display,2024-09,20,-0.7419877246384327,-0.06684783378049375,-0.06684783378049375,False,-0.9272672894333005,-0.8230813796104627,0.7602891840756305,0.6000288219283224,1.1174780057718396,-0.8655517091226673,-0.5561004921151516,0.18527956479486785,0.08109365497203003,-1.1174780057718396,1,1.6869226389518555,-0.02133640346601791,0.7816255875416485,0.0,0.2
Verdant Snacks,display,2024-09,20,1.054088795700791,1.061595887699841,1.061595887699841,True,-0.8804217729535747,0.2769338406436356,-0.45325036001750785,-1.4778035049181075,3.044794674228595,0.385904345456989,-0.16846913192534868,1.9345105686543658,0.7771549550571554,-3.044794674228595,0,0.6473722061855992,-0.01857590119582229,-0.43467445882168554,0.0,0.17391304347826086
Aster Wellness,digital_video,2024-09,20,1.1832045506480249,-0.07001122945340259,1.1832045506480249,True,-0.15437365429506955,-0.7686759158456904,1.7915001459853668,1.7162164515748701,0.7564974886380381,1.0265766052725356,-0.21240951902120886,1.3375782049430944,1.9518804664937153,-0.7564974886380381,1,0.9605437370344259,-0.186443809157825,1.9779439551431919,0.0,0.17391304347826086
Aster Wellness,audio,2024-09,20,0.008825682001157454,0.17976362697993056,0.17976362697993056,False,-0.5602596205559446,-0.5779338199098413,0.2280614112575073,-0.4318426818614218,,-1.3283006018566659,-0.16839030342920974,0.569085302557102,0.5867595019109987,,0,-0.4947338520903826,-0.186443809157825,0.41450522041533233,0.2,0.17391304347826086
Solstice Foods,paid_search,2024-09,20,-1.085936253580824,-0.1613456233538989,-0.1613456233538989,False,-0.1697730026771436,0.040662542822317294,0.8566872489195289,-1.766774166472549,2.076233282841832,-1.034757399061568,-0.1775107078584602,-0.9161632509036803,-1.1265987964031412,-2.076233282841832,1,1.0885373327135355,0.13470413793388125,0.7219831109856476,0.16666666666666666,0.17777777777777778
Crestline Beverages,digital_video,2024-09,20,-0.03294130582774491,-0.07856771433254496,-0.03294130582774491,False,-0.7769537885867934,-0.7299488721325603,-0.604636424854056,0.03241030874454194,0.6873624989241836,1.2010829999890704,-0.7213515688829109,0.7440124827590485,0.6970075663048154,-0.6873624989241836,0,1.1357797725301544,0.19084769314375205,-0.795484117997808,0.42857142857142855,0.13636363636363635
Solstice Foods,digital_video,2024-09,20,-0.16684517342989227,0.18924317955246409,0.18924317955246409,False,0.5445780129367557,0.981349459487415,0.8892996762037623,0.3621581977817002,1.1009171229042485,0.7252663087718393,-0.41611643325892567,-0.7114231863666479,-1.1481946329173074,-1.1009171229042485,0,0.31123283422664705,0.13470413793388125,0.754595538269881,0.16666666666666666,0.17777777777777778
Ridgeway Grocery,audio,2024-09,20,-0.03191121726076591,0.021375057364751014,0.021375057364751014,False,0.23492038266413046,0.1847430824577237,0.8251581862258971,0.339917491338119,-0.04009938760473012,-1.841896438610734,0.19994243794994526,-0.26683159992489636,-0.2166542997184896,0.04009938760473012,1,0.6573523589943365,-0.02133640346601791,0.846494589691915,0.0,0.2
Aster Wellness,display,2024-09,20,-1.2766010308860551,0.43145836666849685,0.43145836666849685,False,-1.0460637688176024,-0.7961985639128306,0.20121506224084218,-1.6459551241184838,2.154591371963929,-2.5714442617876565,-0.034466020998011326,-0.2305372620684527,-0.48040246697322453,-2.154591371963929,1,-1.0987452928572081,-0.186443809157825,0.38765887139866717,0.2,0.17391304347826086
Verdant Snacks,affiliate,2024-09,20,-0.25165141193812235,-0.8802187871076416,-0.25165141193812235,False,-0.881981427041079,1.2500082445848335,-1.188534470158601,,-0.7903148069416517,-0.4038461267274154,-0.6259611806257337,0.6303300151029566,-1.5016596565229559,0.7903148069416517,0,0.18475212476442746,-0.01857590119582229,-1.1699585689627787,0.2,0.17391304347826086
Solstice Foods,tv,2024-09,20,2.410525306750566,1.2427571282834362,2.410525306750566,True,7.080241376281229,5.247675309928732,-0.35574239171253513,8.697209338659762,,4.512026010901707,-0.8896567307617522,-4.669716069530663,-2.8371500031781656,,1,-1.2112833553685998,0.13470413793388125,-0.4904465296464164,0.0,0.17777777777777778
Solstice Foods,social,2024-09,20,-0.6373180718673687,-0.17394560231398376,-0.17394560231398376,False,-0.644994325391083,0.4167826648877368,0.623143336543877,-0.8606161634717343,1.5446311832937722,-0.6889320446463114,0.40356950608527037,0.007676253523714371,-1.0541007367551054,-1.5446311832937722,1,-0.3164275436551567,0.13470413793388125,0.48843919860999574,0.16666666666666666,0.17777777777777778
Ridgeway Grocery,tv,2024-09,20,-1.4012604593547862,-0.0677561921177676,-0.0677561921177676,False,1.0410656537492116,1.7696998920749378,-0.2578255945451316,0.9641971709618428,,-0.12129860941668634,-1.2094578750866392,-2.4423261131039977,-3.170960351429724,,1,-0.9048284484689593,-0.02133640346601791,-0.2364891910791137,0.0,0.2
Ridgeway Grocery,social,2024-09,20,-0.015554363642096431,0.014090033695811474,0.014090033695811474,False,-0.7080196610502835,-0.05338954058216628,-0.26284011704457133,-1.1567110528993996,-0.35943087928373785,-3.996026191804228,0.31952359356956367,0.6924652974081871,0.037835176940069846,0.35943087928373785,1,-1.5392712707275242,-0.02133640346601791,-0.24150371357855344,0.0,0.2
Crestline Beverages,affiliate,2024-09,20,,,,False,,,,,-1.225316657558729,0.6145658805525184,0.15269252911554454,,,1.225316657558729,0,,0.19084769314375205,,0.42857142857142855,0.13636363636363635
Verdant Snacks,retail_media,2024-09,20,0.36758247778524017,0.17942385603160105,0.36758247778524017,False,-0.29860131074886664,0.40695330914576056,-0.5865721886081289,1.5395732687977335,0.7970620598476628,-0.5690903308838219,-0.06994973588437883,0.6661837885341069,-0.039370831360520386,-0.7970620598476628,1,0.19809817156239676,-0.01857590119582229,-0.5679962874123066,0.2,0.17391304347826086
Nimbus Home,audio,2024-09,20,0.6170003744532053,0.28078259036025505,0.6170003744532053,True,-0.22814422138571658,0.14431237832901084,-1.1892404288591816,0.2064455069771144,-0.08668990171026845,-0.7352246009583245,0.5135095210885944,0.8451445958389219,0.4726879961241945,0.08668990171026845,1,-1.2941621581164615,0.41334564640522764,-1.6025860752644092,0.2,0.17391304347826086
Halcyon Personal Care,display,2024-09,20,,,,False,,,,-0.1701703191286019,0.735374961064715,0.4380337649476196,0.9111099001766599,,,-0.735374961064715,0,,-1.2782780335535073,,0.0,0.1956521739130435
Nimbus Home,social,2024-09,20,-0.5727568677002962,-0.8455194160312232,-0.5727568677002962,False,-1.7394048504112665,-2.139131005986591,0.5470319446915901,-0.10171872597706133,0.13598810229291114,-2.265286219713761,-0.4060095270868702,1.1666479827109701,1.566374138286295,-0.13598810229291114,0,0.39656914938587773,0.41334564640522764,0.13368629828636247,0.2,0.17391304347826086
Nimbus Home,digital_video,2024-09,20,2.2629679103909712,0.7419321612798035,2.2629679103909712,True,1.787682936140648,1.6034008340692325,1.5765052123380632,0.502338626782739,0.1007729284733572,-0.159650684754249,-1.1520375659977309,0.4752849742503231,0.6595670763217387,-0.1007729284733572,1,1.1328401947343945,0.41334564640522764,1.1631595659328355,0.0,0.17391304347826086
Halcyon Personal Care,social,2024-09,20,-1.3075453327946325,-0.9284321202673355,-0.9284321202673355,False,-2.29944597539443,-1.9665996696195809,0.7738395323544436,-1.5481049332109775,-1.2557216450892985,-0.8075550347834818,-0.8686416079939876,0.9919006425997976,0.6590543368249484,1.2557216450892985,1,2.6806335318793892,-1.2782780335535073,2.0521175659079507,0.0,0.1956521739130435
Verdant Snacks,social,2024-09,20,-0.6876979368442758,0.19170142142995072,0.19170142142995072,False,-2.6547859465797368,-0.5055785615668499,-0.46570700508683865,-1.4487550862181056,0.18646172758982407,-0.5386008183406485,0.554560563934596,1.9670880097354608,-0.18211937527742594,-0.18646172758982407,1,0.6535807169592599,-0.01857590119582229,-0.44713110389101635,0.2,0.17391304347826086
Halcyon Personal Care,retail_media,2024-09,20,0.2180157578162265,0.29032920894680647,0.29032920894680647,False,-1.0078540231553643,-1.2523311988134112,1.0348274518154794,-0.2094595496123029,-0.9753883574311024,-0.17066858934507026,0.5208878434315771,1.2258697809715908,1.4703469566296377,0.9753883574311024,0,1.791688434938934,-1.2782780335535073,2.313105485368987,0.0,0.1956521739130435
Crestline Beverages,tv,2024-09,20,-1.0072127429942033,-0.4616820858631821,-0.4616820858631821,False,0.28506605689531794,0.04472580241368118,-0.9054718625850344,-0.15590873679800385,,-0.39081441441554354,0.47706837956413645,-1.2922787998895213,-1.0519385454078845,,1,0.23028380080658895,0.19084769314375205,-1.0963195557287864,0.42857142857142855,0.13636363636363635
Pinebrook Pet Co.,digital_video,2024-09,20,3.7667916052156705,,3.7667916052156705,True,-1.9872303479516145,-1.9506115867169491,-4.117968081754255,-1.6699463056231498,-1.438408414703397,0.4996557852169723,0.3828714093907004,5.754021953167285,5.71740319193262,1.438408414703397,0,5.344954178971994,-8.23499875866495,4.117030676910695,0.2,0.15217391304347827
Halcyon Personal Care,digital_video,2024-09,20,0.260946589641063,-0.05667739147325877,0.260946589641063,False,0.6168062975165013,1.363194860731482,2.953638544920227,-0.14725870488239934,-0.7835438959413584,0.526686693514954,-0.4741608305900546,-0.3558597078754383,-1.1022482710904191,0.7835438959413584,1,4.0038918405897865,-1.2782780335535073,4.231916578473735,0.0,0.1956521739130435
Crestline Beverages,paid_search,2024-09,20,-0.27204645777124997,-0.15338924773674234,-0.15338924773674234,False,0.262404243485041,-0.05986338201402256,-0.4169230649728342,0.14933068446054015,1.177309543009893,0.17270528584536293,0.5161146649730531,-0.5344507012562909,-0.21218307575722742,-1.177309543009893,1,1.969699838581582,0.19084769314375205,-0.6077707581165863,0.42857142857142855,0.13636363636363635
Crestline Beverages,retail_media,2024-09,20,-0.4082315634606901,-0.645528876517547,-0.4082315634606901,False,0.3031245187832793,-1.3034060510245888,-0.17622059724342354,-0.7632470281708252,-0.06914848583730387,-1.944190596729406,0.13831110048303646,-0.7113560822439694,0.8951744875638987,0.06914848583730387,0,2.509292352046611,0.19084769314375205,-0.3670682903871756,0.42857142857142855,0.13636363636363635
Nimbus Home,display,2024-09,20,-1.0043403981182277,0.06770223037857424,0.06770223037857424,False,-0.8000391790091426,-1.8438153519903528,0.0685326867211083,-0.34302045321844693,1.0589648778297176,-0.3289234601850375,0.3213661699918158,-0.20430121910908516,0.8394749538721251,-1.0589648778297176,1,0.9406183896107589,0.41334564640522764,-0.34481295968411935,0.2,0.17391304347826086
Halcyon Personal Care,paid_search,2024-09,20,0.06189651050528918,-0.2246110278486733,0.06189651050528918,False,0.5044799614874351,-0.29332884017851873,1.2812608743916236,-0.6807178957640142,1.710892369919143,0.3170777315014987,0.7614053121186397,-0.44258345098214597,0.3552253506838079,-1.710892369919143,0,3.2095395771961726,-1.2782780335535073,2.559538907945131,0.0,0.1956521739130435
Crestline Beverages,social,2024-09,20,3.014329622191166,0.13737807128406945,3.014329622191166,True,-1.893750403028076,-2.130306571850904,-0.7550372125592623,-1.937325612771982,-0.019324010154322543,-2.1081867693068506,-8.085235872306617,4.908080025219242,5.14463619404207,0.019324010154322543,1,0.15181922112479787,0.19084769314375205,-0.9458849057030143,0.2857142857142857,0.13636363636363635
Nimbus Home,retail_media,2024-09,20,-0.14823788430165877,-0.4856582240322798,-0.14823788430165877,False,0.2540552829533693,-1.1574572458518535,0.05942340772315338,-0.46124934252383326,0.5309995601694932,0.7404485265227441,-0.6198600699949437,-0.40229316725502806,1.0092193615501948,-0.5309995601694932,0,0.08232918948367338,0.41334564640522764,-0.3539222386820743,0.2,0.17391304347826086
Pinebrook Pet Co.,affiliate,2024-09,20,-0.10572770702733188,,-0.10572770702733188,False,0.6685585903348905,1.3268561222071154,-4.8497326994259184,0.6263810219475969,0.8074944474927291,0.8897511692290715,0.03390611118336967,-0.7742862973622224,-1.4325838292344473,-0.8074944474927291,0,2.8924505700821763,-8.23499875866495,3.385266059239032,0.4,0.15217391304347827
Halcyon Personal Care,affiliate,2024-09,20,,,,False,,,,-0.6319213870101082,-1.8896099028572404,-0.21989354827513571,,,,1.8896099028572404,0,,-1.2782780335535073,,0.0,0.1956521739130435
Nimbus Home,paid_search,2024-09,20,0.2635246376943055,0.09348710959508372,0.2635246376943055,False,0.558536651650841,1.340052716671103,-0.762014156434573,-0.29984891086037313,0.36969139484710595,-0.5633186991478978,-1.3167494406769384,-0.2950120139565355,-1.0765280789767975,-0.36969139484710595,1,-1.5430124062571215,0.41334564640522764,-1.1753598028398007,0.2,0.17391304347826086
Aster Wellness,paid_search,2024-10,21,0.6223071831849137,,0.6223071831849137,True,1.4937779800990156,0.4732965897461595,-0.40817938210326915,-1.8327210447564497,-1.565860753868325,-0.20823299526203495,-1.3291556818500077,-0.8714707969141019,0.14901059343875422,1.565860753868325,0,-0.20528469434978425,-0.06496308882081898,-0.3432162932824502,0.2,0.17391304347826086
Nimbus Home,display,2024-10,21,0.5764930007915305,-0.009021502463728324,0.5764930007915305,True,0.272076914736972,-0.9253480296056804,0.9851663040925713,0.32071825346159333,0.42401709820777905,-1.1705999650929704,-0.4207832342575796,0.30441608605455855,1.501841030397211,-0.42401709820777905,1,1.8897766484888687,0.04791949708204957,0.9372468070105218,0.0,0.1956521739130435
Crestline Beverages,retail_media,2024-10,21,-0.40709368817616315,-0.33798519512963193,-0.33798519512963193,False,0.34738976469852884,-0.8388451478803818,-1.1171390665175014,-0.18150912409539488,0.8688333077471272,0.46838618348615596,1.7855236665626806,-0.754483452874692,0.43175145970421863,-0.8688333077471272,1,3.905206515418711,-2.1344542460051965,1.0173151794876951,0.2857142857142857,0.1590909090909091
Pinebrook Pet Co.,retail_media,2024-10,21,3.415128882432143,,3.415128882432143,True,4.999684166431361,1.8022513264250515,-6.351455108766054,3.6759205660585783,-2.9365726453164975,5.378254652137307,0.39375552123262003,-1.5845552839992183,1.6128775560070916,2.9365726453164975,0,-2.6922470182363396,1.1469119702388204,-7.498367079004874,0.2,0.15217391304347827
Solstice Foods,social,2024-10,21,-0.3323780746421303,-0.48913134331632396,-0.3323780746421303,False,-0.38817965206529004,-0.8699946419248089,2.1787153421200456,-0.01965953152753812,0.4432924459648739,1.099386277376255,-0.22979681832207277,0.05580157742315972,0.5376165672826786,-0.4432924459648739,0,2.547004701712996,-0.3442671247561558,2.5229824668762015,0.16666666666666666,0.17777777777777778
Halcyon Personal Care,retail_media,2024-10,21,0.6590630050881994,0.42221762827093784,0.6590630050881994,True,1.3971039170957045,-0.2809454445238807,-0.80361818497476,0.6606720260380841,-0.9723647869841681,0.47247594492258704,2.144229981730587,-0.7380409120075051,0.9400084496120801,0.9723647869841681,1,-1.2022258576800526,0.4277616895210779,-1.231379874495838,0.2,0.17391304347826086
Solstice Foods,tv,2024-10,21,1.7656880183353953,1.797700054223328,1.797700054223328,True,3.896745584359918,3.376707600435608,0.1357038060263732,5.325935669280623,,2.3278297822599097,0.16941084092393227,-2.1310575660245226,-1.6110195821002127,,0,-1.083532813584524,-0.3442671247561558,0.47997093078252895,0.0,0.17777777777777778
Nimbus Home,social,2024-10,21,-0.6292841665481929,-0.9301019157969579,-0.6292841665481929,False,-0.11427384926676241,-3.2883738373161977,0.918893327228192,2.142153892777199,-1.0955153107518587,-1.0588427007660777,1.0119887070797182,-0.5150103172814304,2.659089670768005,1.0955153107518587,0,0.876232931818495,0.04791949708204957,0.8709738301461424,0.0,0.1956521739130435
Pinebrook Pet Co.,digital_video,2024-10,21,0.5941776494616017,,0.5941776494616017,True,-1.5351620879403995,-1.494656670982583,-3.498338779014509,-0.9424913055772816,-0.4887969710343889,-1.3811306305890907,0.5781902705554189,2.129339737402001,2.088834320444185,0.4887969710343889,0,3.3172929143557006,1.1469119702388204,-4.6452507492533295,0.4,0.15217391304347827
Pinebrook Pet Co.,social,2024-10,21,3.1701924879694867,,3.1701924879694867,True,6.762318053762222,5.052525708861838,-4.465494794485214,4.603554687872981,-3.6969541563541544,4.5954500901397894,0.3389025861791989,-3.592125565792735,-1.8823332208923511,3.6969541563541544,0,0.016705410500405686,1.1469119702388204,-5.612406764724034,0.2,0.15217391304347827
Pinebrook Pet Co.,affiliate,2024-10,21,0.041522447491521945,,0.041522447491521945,False,0.5733747263207764,1.304893353836527,-4.662859233887443,-0.1070850413876448,0.31080736253621205,-0.20920171450088873,-0.1194529877478423,-0.5318522788292545,-1.2633709063450052,-0.31080736253621205,0,2.024569779589687,1.1469119702388204,-5.809771204126263,0.4,0.15217391304347827
Crestline Beverages,social,2024-10,21,0.48602927549083347,0.6824449712996651,0.6824449712996651,True,0.16459566152386843,-1.433728273299513,-0.3834958956553612,0.7792228284782143,0.6747248633449694,0.5745262979194902,-0.6656020027911963,0.321433613966965,1.9197575487903464,-0.6747248633449694,0,5.756878307819293,-2.1344542460051965,1.7509583503498354,0.2857142857142857,0.1590909090909091
Solstice Foods,display,2024-10,21,0.09076279781284487,0.7125902875158604,0.7125902875158604,True,0.1831337062080122,-0.46373693530933846,0.569697021870372,-0.06359433392878784,-1.9094473165040053,-0.002985987179755582,1.236843198332202,-0.09237090839516733,0.5544997331221834,1.9094473165040053,0,-0.6681772368284378,-0.3442671247561558,0.9139641466265278,0.16666666666666666,0.17777777777777778
Crestline Beverages,ooh,2024-10,21,3.581986409523629,1.5362453767096451,3.581986409523629,True,-0.8849825236427025,-0.29478451924008986,0.256232507466765,-0.3233743029544486,,3.8981612633720957,0.5578603628522361,4.466968933166331,3.876770928763719,,1,2.9405782403818357,-2.1344542460051965,2.3906867534719614,0.14285714285714285,0.1590909090909091
Solstice Foods,digital_video,2024-10,21,-0.8511697763802437,-0.21315134210605663,-0.21315134210605663,False,0.5532480380419652,0.523513318367313,1.8102084363210247,-0.9509215672740317,0.17539170411133764,-0.02663678069214444,1.000369341541879,-1.4044178144222088,-1.3746830947475566,-0.17539170411133764,1,1.248363086652446,-0.3442671247561558,2.1544755610771804,0.16666666666666666,0.17777777777777778
Aster Wellness,social,2024-10,21,1.203495504798845,0.07595356221986446,1.203495504798845,True,-0.21585093792769872,-0.4191632945646215,-0.24665164435761283,1.4473557471478826,2.399991559404973,3.0397407821443103,0.2008237292459636,1.4193464427265436,1.6226587993634665,-2.399991559404973,1,0.3731024941091398,-0.06496308882081898,-0.18168855553679386,0.0,0.17391304347826086
Ridgeway Grocery,tv,2024-10,21,-0.2881834994601485,-0.23573179776735279,-0.23573179776735279,False,1.2581343939027065,1.0696857071041985,0.5237086108798957,-0.8985600722845936,,-0.09570156871169613,0.43456582555627166,-1.546317893362855,-1.357869206564347,,1,0.7890147649554161,-0.8160949322240799,1.3398035431039756,0.16666666666666666,0.17777777777777778
Ridgeway Grocery,affiliate,2024-10,21,-0.35193760400846275,1.147099485571254,1.147099485571254,True,-1.3267590306220465,0.9609951429798435,0.1345675499922711,0.041398356217535466,2.05074705599771,-0.3483281037332489,-0.12284569874002615,0.9748214266135837,-1.3129327469883063,-2.05074705599771,0,0.491014581141023,-0.8160949322240799,0.950662482216351,0.0,0.17777777777777778
Halcyon Personal Care,social,2024-10,21,-0.32692133265937656,-0.7249574429954772,-0.32692133265937656,False,0.7130096520324803,-0.48765189910829293,0.3270227750693788,1.5535844092606026,0.8957459724623148,-2.652313730781033,-0.9475422097481603,-1.039930984691857,0.16073056644891637,-0.8957459724623148,0,0.7748999960190657,0.4277616895210779,-0.10073891445169908,0.2,0.17391304347826086
Solstice Foods,paid_search,2024-10,21,-0.5571033055176381,-0.585663802131357,-0.5571033055176381,False,0.7305540186037816,0.7567647084456897,0.9144864880619229,0.3018719212258398,-0.02303622381302878,0.8281706640658808,-0.7463567558809988,-1.2876573241214198,-1.3138680139633276,0.02303622381302878,0,0.36505194195676277,-0.3442671247561558,1.2587536128180787,0.16666666666666666,0.17777777777777778
Solstice Foods,affiliate,2024-10,21,-0.47837525705574385,-0.06956661552094288,-0.06956661552094288,False,-0.5530738861305311,0.14039363011556505,0.40278719473509506,-0.10807540141991316,0.6816055450638518,2.2320116308415043,1.4692147558650823,0.07469862907478725,-0.6187688871713088,-0.6816055450638518,1,-0.7162589641380611,-0.3442671247561558,0.7470543194912509,0.16666666666666666,0.17777777777777778
Crestline Beverages,affiliate,2024-10,21,0.37396294586511397,,0.37396294586511397,False,-1.4529405703145182,-0.8143943479753236,-1.359144722833167,0.30486406764096907,0.9076777255627494,-0.30713985555945716,0.8367141120296503,1.826903516179632,1.1883572938404376,-0.9076777255627494,0,3.5618970632610583,-2.1344542460051965,0.7753095231720295,0.2857142857142857,0.1590909090909091
Solstice Foods,retail_media,2024-10,21,-1.325663604487467,-0.2624998914750955,-0.2624998914750955,False,0.07933586482480223,-0.15541636318562868,1.131101770932883,1.0091316077252084,-0.1377269899514048,-0.6062673786321695,0.9099037469270703,-1.4049994693122692,-1.1702472413018383,0.1377269899514048,1,-0.6161946591461283,-0.3442671247561558,1.4753688956890387,0.16666666666666666,0.17777777777777778
Nimbus Home,digital_video,2024-10,21,0.5411526533555215,0.6093964840332531,0.6093964840332531,True,-0.5180136960430799,0.36569666842400417,1.1011299519117808,-0.128114593735283,2.325639245912598,-2.028865444173518,-0.13985542134167528,1.0591663493986014,0.17545598493151737,-2.325639245912598,0,0.8041060899547292,0.04791949708204957,1.0532104548297312,0.0,0.1956521739130435
Aster Wellness,retail_media,2024-10,21,-0.39308496941900584,-0.11375421123992153,-0.11375421123992153,False,-0.06649804891343536,-1.3354852459582833,-1.1415221387218168,0.3771047394969418,-0.6821203520817476,-0.663724905605474,1.1295408571313392,-0.3265869205055705,0.9424002765392775,0.6821203520817476,1,-0.2487967425150568,-0.06496308882081898,-1.0765590499009978,0.2,0.17391304347826086
Aster Wellness,audio,2024-10,21,0.8532861343919019,0.055759679869248166,0.8532861343919019,True,-1.2493810380628134,-1.872578605625725,-0.10619171056582592,-2.8605068404457175,1.31786845534019,-0.13552131570355633,-0.15458084240405207,2.1026671724547152,2.725864740017627,-1.31786845534019,1,0.36116609943819117,-0.06496308882081898,-0.04122862174500694,0.2,0.17391304347826086
Nimbus Home,audio,2024-10,21,0.12569363260624636,0.2917877575930519,0.2917877575930519,False,-0.09548491375143725,0.12800337778088672,-0.7860796525697706,-0.6642219647449998,0.5176933848726507,0.31726343482867037,-0.5329316426610026,0.2211785463576836,-0.0023097451746403597,-0.5176933848726507,0,-1.275339910609156,0.04791949708204957,-0.8339991496518202,0.0,0.1956521739130435
Verdant Snacks,display,2024-10,21,-1.3036098975589712,0.06590263655008355,0.06590263655008355,False,2.068146241582166,1.1042306970909963,-0.27811355707454455,-1.0028330712539426,-0.814390112826549,0.5664684344837652,0.18698243173674717,-3.3717561391411373,-2.4078405946499677,0.814390112826549,1,0.9369345679611949,0.03773514986565769,-0.31584870694020223,0.2,0.17391304347826086
Aster Wellness,digital_video,2024-10,21,-0.3172738439974689,0.026823475921586917,0.026823475921586917,False,0.27961911011989454,-0.733833726765959,0.32838906116210553,-0.5452447271490635,-0.46916381304018323,-0.5399542792576332,0.4186150115608342,-0.5968929541173634,0.41655988276849015,0.46916381304018323,1,0.2553727478658246,-0.06496308882081898,0.3933521499829245,0.2,0.17391304347826086
Ridgeway Grocery,paid_search,2024-10,21,,,,False,,,,0.171388689013149,-0.1669825221478309,0.46684724443305686,0.48848754020069385,,,0.1669825221478309,0,,-0.8160949322240799,,0.16666666666666666,0.17777777777777778
Crestline Beverages,paid_search,2024-10,21,0.47236602611838047,0.09291977897276335,0.47236602611838047,False,-0.49991250520531005,-0.23451050198501783,-0.9992889578709235,0.06519351773183073,-0.4388758064947316,0.3494738911500986,-0.07083409681497704,0.9722785313236906,0.7068765281033983,0.4388758064947316,1,3.425011924397098,-2.1344542460051965,1.135165288134273,0.2857142857142857,0.1590909090909091
Halcyon Personal Care,digital_video,2024-10,21,1.0074378840794338,0.08692689013927576,1.0074378840794338,True,0.008975076961409452,0.8212350367919709,0.6264038929082871,0.6342528338746064,1.0408627895551434,-2.8620465672149997,0.20694669953859185,0.9984628071180244,0.18620284728746295,-1.0408627895551434,1,0.2361354761590491,0.4277616895210779,0.19864220338720923,0.0,0.17391304347826086
Halcyon Personal Care,affiliate,2024-10,21,-0.10229376180871312,,-0.10229376180871312,False,0.31005348573392755,-0.5149732027462554,-0.06990413514179808,2.08378760606185,-0.11182534979689014,1.2530651693685833,1.3898780976986658,-0.4123472475426407,0.4126794409375422,0.11182534979689014,0,0.3059433386843398,0.4277616895210779,-0.497665824662876,0.2,0.17391304347826086
Halcyon Personal Care,display,2024-10,21,0.2145056239747284,,0.2145056239747284,False,0.44121146903368014,0.8703375292951031,0.21432327747623117,-0.15375775185552895,1.6660917400998572,-0.5562998997007491,-0.9106219456626985,-0.22670584505895175,-0.6558319053203747,-1.6660917400998572,0,0.5787904496007135,0.4277616895210779,-0.21343841204484673,0.2,0.17391304347826086
Crestline Beverages,audio,2024-10,21,,,,False,,,,0.4916710480364838,-0.7047793007579348,-0.19051702754808567,0.22317403894474702,,,0.7047793007579348,0,,-2.1344542460051965,,0.2857142857142857,0.1590909090909091
Crestline Beverages,digital_video,2024-10,21,1.0121752222023233,0.09837175269693615,1.0121752222023233,True,0.5970775177049223,-0.3323240322674642,-0.7539811153891258,-0.18222032049153078,-0.9522523672479462,-1.987408861579497,0.8033448372562313,0.4150977044974009,1.3444992544697874,0.9522523672479462,1,3.8570896643471575,-2.1344542460051965,1.3804731306160707,0.14285714285714285,0.1590909090909091
Verdant Snacks,paid_search,2024-10,21,0.17472420995190185,,0.17472420995190185,False,-0.6214880795762786,0.2383086385472577,-1.8365337665660126,1.3732981067067438,0.7349371967079031,1.210287205678348,-1.0880346373395633,0.7962122895281805,-0.06358442859535585,-0.7349371967079031,0,-1.0436056855795184,0.03773514986565769,-1.8742689164316704,0.2,0.17391304347826086
Nimbus Home,paid_search,2024-10,21,0.03607799508195655,0.39704006917244444,0.39704006917244444,False,-0.8538122506539857,1.4442663613371902,-0.42441540300502273,1.582510745021281,0.005718588309636541,0.16087482062179126,-0.7559652901358759,0.8898902457359422,-1.4081883662552337,-0.005718588309636541,0,-1.1408297654270159,0.04791949708204957,-0.4723349000870723,0.0,0.1956521739130435
Pinebrook Pet Co.,display,2024-10,21,0.5009566399581006,,0.5009566399581006,True,0.948285475518268,0.07234724605170476,-4.102222583668444,-2.507100750604706,-0.8360732852925276,,-0.24091814110022425,-0.44732883556016745,0.42860939390639585,0.8360732852925276,0,3.9901422045715327,1.1469119702388204,-5.249134553907264,0.4,0.15217391304347827
Ridgeway Grocery,retail_media,2024-10,21,-0.23943312992792787,-0.07372851888463594,-0.07372851888463594,False,0.3961730856044632,-0.29225021733626616,0.6925056975226649,0.9259090585563559,-1.775844740003427,0.9031578541644298,2.062792824092234,-0.635606215532391,0.05281708740833829,1.775844740003427,1,1.2109705997731406,-0.8160949322240799,1.508600629746745,0.16666666666666666,0.17777777777777778
Verdant Snacks,digital_video,2024-10,21,0.4831610846915164,0.2267027925996509,0.4831610846915164,False,0.9561748789259417,0.6430370956048282,-0.4417525792745891,-3.887341757254049,0.14395869701488723,-0.7874422854468114,-0.4602928374893095,-0.47301379423442524,-0.15987601091331183,-0.14395869701488723,1,0.3391990247132496,0.03773514986565769,-0.4794877291402468,0.2,0.17391304347826086
Pinebrook Pet Co.,paid_search,2024-10,21,0.7271326450854242,,0.7271326450854242,True,0.7117070507264532,0.3851478006292511,-5.599911766917733,0.6165930976229925,-0.3828206115080201,0.41182363932045096,0.01932439145107892,0.015425594358970951,0.3419848444561731,0.3828206115080201,0,-0.9293072112661229,1.1469119702388204,-6.746823737156554,0.4,0.15217391304347827
Ridgeway Grocery,audio,2024-10,21,-2.2998638625190844,-0.9165306216280932,-0.9165306216280932,False,1.035078190031443,1.6134923005889632,1.7527675915496017,-0.7047182211598363,0.29225135038346217,-0.49182975129776735,0.5546998250605478,-3.3349420525505273,-3.9133561631080473,-0.29225135038346217,1,1.9437559255290113,-0.8160949322240799,2.5688625237736815,0.16666666666666666,0.17777777777777778
Verdant Snacks,retail_media,2024-10,21,-0.33252569803368703,-0.35435942413052623,-0.33252569803368703,False,-0.36106799244639554,-2.1487838384344564,-0.7239725060162212,-1.0183246947802513,1.2780925620197983,2.52906452054261,0.6380617825170416,0.028542294412708502,1.8162581404007694,-1.2780925620197983,0,-0.13848744374620087,0.03773514986565769,-0.7617076558818789,0.2,0.17391304347826086
Verdant Snacks,social,2024-10,21,1.6970176033530102,0.06284456057042995,1.6970176033530102,True,-0.3999393162332064,-1.2976929263012833,-0.3783936542650606,-0.41839479818884534,0.48741255276719,3.3655359845515096,-0.046277122215886146,2.0969569195862166,2.9947105296542933,-0.48741255276719,1,0.6145527960203137,0.03773514986565769,-0.4161288041307183,0.0,0.17391304347826086
Verdant Snacks,affiliate,2024-10,21,0.43896208496027594,0.002734526560178375,0.43896208496027594,False,-0.4339737041329785,-0.14733047181895714,-2.394213678868167,0.9270014968578264,2.1639896846951103,0.7945694629977536,0.2947087749926469,0.8729357890932544,0.5862925567792331,-2.1639896846951103,1,-0.7201469208247132,0.03773514986565769,-2.431948828733825,0.2,0.17391304347826086
Nimbus Home,retail_media,2024-10,21,0.23560090515993914,0.001270195027521977,0.23560090515993914,False,-0.5358297418446706,-0.7694533412002927,1.0994750994955471,0.21095907541158165,1.1623987002685225,1.0179820247133418,0.4202985379659935,0.7714306470046097,1.0050542463602319,-1.1623987002685225,1,1.1488500890145852,0.04791949708204957,1.0515556024134975,0.0,0.1956521739130435
Ridgeway Grocery,social,2024-10,21,-0.48273925811901036,-0.1930186190989569,-0.1930186190989569,False,1.5320490465112648,0.47163701681252346,1.015259831099187,0.9954277588800705,1.8321562152962212,,0.827424065355499,-2.014788304630275,-0.9543762749315339,-1.8321562152962212,1,0.5897308174240438,-0.8160949322240799,1.831354763323267,0.16666666666666666,0.17777777777777778
Crestline Beverages,tv,2024-10,21,,,,False,,,,0.7428807195822156,,-0.3098103681440815,0.815715451031619,,,,0,,-2.1344542460051965,,0.2857142857142857,0.1590909090909091
Halcyon Personal Care,paid_search,2024-10,21,0.4720091158980161,0.030907341873573888,0.4720091158980161,False,-0.6498975835382473,-0.2302918683563256,-0.003834565503415745,1.2053780467913535,0.49860921397264063,-0.4121510632422918,0.48829274628923985,1.1219066994362634,0.7023009842543417,-0.49860921397264063,1,0.07081435676998406,0.4277616895210779,-0.43159625502449367,0.2,0.17391304347826086
Aster Wellness,display,2024-10,21,-0.7032682953860778,-0.40586478942306986,-0.40586478942306986,False,-1.3635891385401575,-1.959293417943857,-0.042314140688892735,-0.8970620127614326,0.2951070410608376,0.7037782383954112,0.2758194102475686,0.6603208431540797,1.2560251225577792,-0.2951070410608376,1,1.2598220735018577,-0.06496308882081898,0.02264894813192625,0.2,0.17391304347826086
Ridgeway Grocery,display,2024-10,21,-0.7216372061895292,-0.21915525076324932,-0.21915525076324932,False,-0.6057108045868521,-0.3501728638935331,1.5440104781169761,-1.3844561329468326,1.9752651834536203,-0.28518487729572484,-0.15050385847789544,-0.11592640160267709,-0.3714643422959961,-1.9752651834536203,1,3.0697568716300885,-0.8160949322240799,2.360105410341056,0.16666666666666666,0.17777777777777778
Ridgeway Grocery,display,2024-11,22,-1.1228585139867107,-0.8621611482715575,-0.8621611482715575,False,1.230797993288935,1.7261171102498098,1.264182438753119,-0.33520457984345847,-0.12235074570938999,1.868728012660737,0.17005518639499315,-2.3536565072756455,-2.8489756242365205,0.12235074570938999,1,0.046267214098890425,-0.3323605806968568,1.596543019449976,0.0,0.17777777777777778
Solstice Foods,digital_video,2024-11,22,-1.9258147290671497,-0.981276559625762,-0.981276559625762,False,0.26060289499977435,0.2387044069844272,3.1828685502502503,-0.7858918287372345,-0.7892759554220178,-1.0457211411761749,-0.7827591249687738,-2.186417624066924,-2.164519136051577,0.7892759554220178,1,2.1829688562328706,-0.5295611674505943,3.7124297177008447,0.0,0.17777777777777778
Crestline Beverages,digital_video,2024-11,22,0.9698857117850529,0.4331376951465847,0.9698857117850529,True,-1.6647535386445587,-0.06541655789711193,-0.6706369598008263,-0.568807193522524,0.7232333307194756,-2.4795063000906663,0.13774139909080163,2.6346392504296117,1.0353022696821648,-0.7232333307194756,1,1.349083839946863,0.16929983365533124,-0.8399367934561575,0.42857142857142855,0.11363636363636363
Aster Wellness,social,2024-11,22,-0.16308193172287702,0.09056602400744859,0.09056602400744859,False,-0.46877555363919643,-0.4791162460701058,-1.4883726325187103,1.7002476687865355,-0.4970362048959545,1.8703203319716104,-0.6632345522858019,0.30569362191631944,0.31603431434722873,0.4970362048959545,1,-0.3663958603534211,0.8297795825270067,-2.318152215045717,0.2,0.15217391304347827
Crestline Beverages,paid_search,2024-11,22,0.4647029064880155,0.14778277218558808,0.4647029064880155,False,0.7569613314738556,0.688175381059289,-1.440190876855402,0.22103091670700095,-0.5045892899496821,0.5785334439666004,0.008216670343332011,-0.2922584249858401,-0.2234724745712735,0.5045892899496821,1,-0.7682040420731511,0.16929983365533124,-1.6094907105107332,0.42857142857142855,0.11363636363636363
Ridgeway Grocery,social,2024-11,22,-1.6623323307689333,-0.7202086508433466,-0.7202086508433466,False,0.2879078715708257,0.0994426666806908,1.5683387365585704,,-0.8827945274327097,2.236134221941074,0.9829040007525387,-1.950240202339759,-1.7617749974496242,0.8827945274327097,1,-1.145619197218556,-0.3323605806968568,1.9006993172554272,0.0,0.17777777777777778
Aster Wellness,audio,2024-11,22,-1.782551286094878,-0.10227105218909091,-0.10227105218909091,False,0.0017979060880960265,-1.463056870823371,-0.11027328868760529,-1.0686468769392208,2.6171715040711887,-1.0513041024647893,0.7258495301710729,-1.784349192182974,-0.3194944152715069,-2.6171715040711887,1,0.7811373510444455,0.8297795825270067,-0.940052871214612,0.2,0.15217391304347827
Solstice Foods,affiliate,2024-11,22,-1.7868126718655766,-0.9844629366328864,-0.9844629366328864,False,-0.3780723855630386,0.6846962876063484,2.488189126184231,0.40907157411125883,-0.2718199777338929,0.6153054862191248,0.49861644097778657,-1.408740286302538,-2.471508959471925,0.2718199777338929,1,2.225609818676466,-0.5295611674505943,3.0177502936348253,0.0,0.17777777777777778
Ridgeway Grocery,paid_search,2024-11,22,0.19695732571136104,,0.19695732571136104,False,1.2540698213638153,-0.23826974683452307,1.830256718806843,0.19380259379423834,-0.9403188123500699,0.1714180787575571,0.5680165632298707,-1.0571124956524542,0.4352270725458841,0.9403188123500699,0,-0.34898919966933445,-0.3323605806968568,2.1626172995037,0.0,0.17777777777777778
Crestline Beverages,audio,2024-11,22,-1.3464961610801314,,-1.3464961610801314,False,0.48069531902802043,0.9975205625629437,-1.63002320142748,0.8781777009325805,0.475635080193697,0.7001871203726918,1.2055275099161002,-1.827191480108152,-2.344016723643075,-0.475635080193697,0,0.2874900651634815,0.16929983365533124,-1.7993230350828113,0.42857142857142855,0.11363636363636363
Nimbus Home,display,2024-11,22,3.3335789399325186,0.6457181205790715,3.3335789399325186,True,4.714909913890489,3.8171751921892287,1.5078140978515855,4.013307219696674,-3.9225461876999983,7.266865180114167,-0.034614928592592575,-1.3813309739579704,-0.4835962522567101,3.9225461876999983,1,2.0600115415278317,0.13153810517183562,1.3762759926797499,0.0,0.15217391304347827
Nimbus Home,digital_video,2024-11,22,-1.3845438564075303,0.31546149051976935,0.31546149051976935,False,-0.9060193980614707,-0.6709132549754158,1.8957064744196306,-0.5419347915328981,0.3040522556270822,0.491630734234697,-1.294543388867944,-0.4785244583460596,-0.7136306014321145,-0.3040522556270822,1,1.7678054821229514,0.13153810517183562,1.764168369247795,0.2,0.15217391304347827
Nimbus Home,paid_search,2024-11,22,0.5153161674712661,0.27163960008250937,0.5153161674712661,True,0.3542469168410073,0.5961716780024717,-0.47723939151685607,1.00452839852987,-1.2257580767658094,-1.305778114739597,1.6544230925959051,0.1610692506302588,-0.08085551053120565,1.2257580767658094,1,-1.4372111759458115,0.13153810517183562,-0.6087774966886916,0.2,0.15217391304347827
Ridgeway Grocery,tv,2024-11,22,-1.615683453914182,-1.1017091375763721,-1.1017091375763721,False,0.4808546519473272,0.5261396595675895,0.7678413844586448,-0.3615378391176356,,-1.5484556733308656,0.15144492026566,-2.096538105861509,-2.1418231134817716,,1,0.06277192191537759,-0.3323605806968568,1.1002019651555015,0.0,0.17777777777777778
Nimbus Home,social,2024-11,22,-0.4818191628071849,-0.5612867323518914,-0.4818191628071849,False,2.1997556440056028,-0.5006747304228902,0.8531677919162272,0.8895705495424989,-1.4200749948188798,1.2591796576068028,1.3502337517456233,-2.6815748068127876,0.018855567615705338,1.4200749948188798,0,0.5500572178820227,0.13153810517183562,0.7216296867443915,0.2,0.15217391304347827
Ridgeway Grocery,audio,2024-11,22,-1.6593361565945142,-1.3303704121247881,-1.3303704121247881,False,-1.9402728500839161,-1.1341217139757747,2.5386808267234104,-1.5604357088022935,-0.8301705788410364,0.4102864422646886,2.271747401538536,0.280936693489402,-0.5252144426187395,0.8301705788410364,1,1.6571810742373936,-0.3323605806968568,2.8710414074202673,0.0,0.17777777777777778
Crestline Beverages,retail_media,2024-11,22,-0.8292960257458002,-0.5482070924608847,-0.5482070924608847,False,-0.8066448593809256,-0.6610335411829305,-1.3490334822848837,0.16922621703991514,0.07807696841339067,-1.7215831562496966,0.11777435217661947,-0.02265116636487463,-0.16826248456286974,-0.07807696841339067,1,0.1371903438623239,0.16929983365533124,-1.518333315940215,0.42857142857142855,0.11363636363636363
Ridgeway Grocery,retail_media,2024-11,22,-0.13058323542817737,0.026016660648764317,0.026016660648764317,False,-1.1964607383735748,-0.03348608498323948,0.791955563500891,0.18831531485467137,-1.9870423187744355,0.10574434776356004,-1.0050536661145124,1.0658775029453975,-0.09709715044493789,1.9870423187744355,1,-2.0382771186661968,-0.3323605806968568,1.1243161441977478,0.0,0.17777777777777778
Verdant Snacks,social,2024-11,22,0.6060355053417735,0.3589678159667796,0.6060355053417735,True,1.5434346098877245,0.3717911111340169,-1.9882384149364016,0.7471015545557376,-0.32622739668400086,0.8835842098088371,-0.9798911457410076,-0.937399104545951,0.2342443942077566,0.32622739668400086,1,-1.206841253831424,-0.1892095615954592,-1.7990288533409424,0.2,0.15217391304347827
Ridgeway Grocery,affiliate,2024-11,22,0.6338910725977225,0.18838155470182716,0.6338910725977225,True,0.9165560805700809,0.17605094496065718,0.8734444237780195,-0.30563452695411797,1.0797059992891147,-0.583281859804881,0.517092280294415,-0.2826650079723584,0.4578401276370653,-1.0797059992891147,1,-2.0762620742863556,-0.3323605806968568,1.2058050044748763,0.0,0.17777777777777778
Crestline Beverages,affiliate,2024-11,22,-0.1136207632521769,,-0.1136207632521769,False,0.46966534269207694,-0.2483200437161331,-1.061954540868377,0.8698982126306629,0.6985147191918909,0.05694055701668156,-1.1581243619279327,-0.5832861059442538,0.13469928046395618,-0.6985147191918909,0,0.3117832756456051,0.16929983365533124,-1.2312543745237083,0.42857142857142855,0.11363636363636363
Solstice Foods,display,2024-11,22,-0.5970909395651193,0.014658640604865953,0.014658640604865953,False,0.5512563172007217,0.4463143303833048,1.3816305804819984,-0.5043517947499552,-0.2155219341680506,0.8011560541492123,1.2465145532810709,-1.1483472567658408,-1.043405269948424,0.2155219341680506,1,0.5164629971549151,-0.5295611674505943,1.9111917479325928,0.0,0.17777777777777778
Pinebrook Pet Co.,display,2024-11,22,1.1841986552841153,,1.1841986552841153,True,0.6291889543354363,-0.18268451044608086,-4.536059135456713,0.3727854937029438,2.0526054813495116,0.2740145676361549,-0.0670942454351467,0.555009700948679,1.366883165730196,-2.0526054813495116,0,3.3014671500186172,0.412700113018369,-4.948759248475082,0.2,0.13043478260869565
Halcyon Personal Care,display,2024-11,22,-0.8222395094299474,,-0.8222395094299474,False,0.24306083501495113,0.6888109867654308,0.10772924694451824,1.372777798514109,-0.643382414564931,0.9766974369173795,0.8968913871927778,-1.0653003444448985,-1.5110504961953781,0.643382414564931,0,0.7300579615428571,0.4799474340175881,-0.37221818707306986,0.0,0.17391304347826086
Aster Wellness,paid_search,2024-11,22,1.0698122028631816,0.7063606122517871,1.0698122028631816,True,-0.795072524094932,0.5003261449106771,-1.1036848343506602,-1.1523988634147222,-0.9567771450713366,1.3866022727613352,0.7094114735289314,1.8648847269581137,0.5694860579525045,0.9567771450713366,1,-0.9722638777505423,0.8297795825270067,-1.933464416877667,0.0,0.15217391304347827
Halcyon Personal Care,retail_media,2024-11,22,-0.1784371773079125,0.15525368568811407,0.15525368568811407,False,0.7469995109073144,1.11582479173013,-0.6051734019584939,-0.732779971285316,-0.7424277091350221,-0.6870899727216638,-0.48337027855725606,-0.925436688215227,-1.2942619690380426,0.7424277091350221,1,-0.34490466671622094,0.4799474340175881,-1.085120835976082,0.0,0.17391304347826086
Solstice Foods,social,2024-11,22,,,,False,,,,0.8937143762937494,-1.5686067593846476,-0.6050925149214764,-0.5326910908331671,,,1.5686067593846476,0,,-0.5295611674505943,,0.0,0.17777777777777778
Halcyon Personal Care,paid_search,2024-11,22,0.045425238248237215,0.19311028821718082,0.19311028821718082,False,-0.047003678282515844,-0.7807986310098428,-0.5587104103098551,-0.06009013905824866,-1.54393956045898,-0.7563929457862866,0.9841484794413762,0.09242891653075305,0.82622386925808,1.54393956045898,0,-0.774478302659557,0.4799474340175881,-1.0386578443274432,0.0,0.17391304347826086
Pinebrook Pet Co.,retail_media,2024-11,22,,,,False,,,,-0.18224260928644812,-1.7136242047417687,-0.8045138665021506,-1.3451584418193079,,,1.7136242047417687,0,,0.412700113018369,,0.4,0.13043478260869565
Halcyon Personal Care,digital_video,2024-11,22,-0.3279761711281495,0.20897962279829935,0.20897962279829935,False,0.27965007372696676,-0.21605010336956534,1.5251267774378543,0.40106376608045613,1.372880080457879,-0.6708470621718763,-0.4429133018908765,-0.6076262448551162,-0.11192606775858413,-1.372880080457879,1,1.817035987516228,0.4799474340175881,1.045179343420266,0.0,0.17391304347826086
Solstice Foods,tv,2024-11,22,-1.4441223616117205,0.607131325216498,0.607131325216498,True,-0.03556822367775811,1.838460201404586,1.6079296652656059,-2.3204188942023447,,-0.9776981196453535,-0.3044123691981551,-1.4085541379339623,-3.2825825630163066,,1,1.2933525618262873,-0.5295611674505943,2.1374908327162,0.0,0.17777777777777778
Aster Wellness,digital_video,2024-11,22,-1.3416791870161935,-0.10572188452569722,-0.10572188452569722,False,-1.5528016069331647,-1.481287183664353,0.8993198268518807,-0.9214787261112578,-0.14735088119866455,0.7877551226801571,-0.5836793888096825,0.21112241991697123,0.1396079966481596,0.14735088119866455,1,1.8736949497582263,0.8297795825270067,0.06954024432487405,0.2,0.15217391304347827
Nimbus Home,audio,2024-11,22,0.9739562137830649,0.5722167402808388,0.9739562137830649,True,5.099941401416116,1.5269016075340447,-0.16405554835223227,2.4644266356042093,-3.485149210007664,2.2669803863597906,2.089541064025169,-4.12598518763305,-0.5529453937509798,3.485149210007664,1,-1.0604086645714301,0.13153810517183562,-0.29559365352406786,0.2,0.15217391304347827
Aster Wellness,display,2024-11,22,-1.0741726077086597,-1.0180139779935973,-1.0180139779935973,False,-0.8517863456192356,-2.3694621416925137,-0.5352231808227752,-0.4502868296761136,0.8801745768069171,-1.7662797413286127,1.871053046869056,-0.22238626208942414,1.295289533983854,-0.8801745768069171,1,0.562639081969936,0.8297795825270067,-1.3650027633497819,0.2,0.15217391304347827
Crestline Beverages,tv,2024-11,22,1.212263508550968,,1.212263508550968,True,0.6151607160415811,0.5255590456258399,-1.8720837092256455,-0.5829537545276487,,0.5198723520429621,-0.9280624478050475,0.597102792509387,0.6867044629251282,,0,-0.44440967003282483,0.16929983365533124,-2.041383542880977,0.2857142857142857,0.11363636363636363
Verdant Snacks,affiliate,2024-11,22,1.1333771698556554,0.29348618730617976,1.1333771698556554,True,1.0082990907640377,-0.3951137407254293,-2.341409328395223,-1.710989700858127,0.709136793962104,-0.3248601060769784,-0.3043724437829423,0.12507807909161772,1.5284909105810847,-0.709136793962104,1,-0.8065816267042937,-0.1892095615954592,-2.1521997667997637,0.0,0.15217391304347827
Verdant Snacks,digital_video,2024-11,22,0.3897092445762647,0.31008811119290497,0.3897092445762647,False,-0.15423825817522283,0.13682819138472302,-0.49043177906012614,-1.9397285684905545,0.17186296796053366,1.819131377004769,-0.25391895680191706,0.5439475027514875,0.2528810531915417,-0.17186296796053366,1,2.4464287461278373,-0.1892095615954592,-0.30122221746466693,0.2,0.15217391304347827
Verdant Snacks,display,2024-11,22,0.17186615751284626,-0.00862832714948155,0.17186615751284626,False,0.055178320412594545,0.6862035148495976,-1.6415387331387754,0.49545674598260186,0.32633141339230426,1.0214755607207087,0.30903825294200105,0.11668783710025171,-0.5143373573367513,-0.32633141339230426,1,-0.08180707329317105,-0.1892095615954592,-1.4523291715433162,0.2,0.15217391304347827
Pinebrook Pet Co.,social,2024-11,22,-0.9498844151557333,0.15339933084392265,0.15339933084392265,False,2.9276888427584242,3.576629742717228,-3.938561202743577,1.3502771566781049,-1.073281797748152,0.6121896108664255,0.1306823462140519,-3.8775732579141575,-4.5265141578729615,1.073281797748152,1,1.2611388825473324,0.412700113018369,-4.351261315761946,0.4,0.13043478260869565
Pinebrook Pet Co.,paid_search,2024-11,22,0.6700570608155106,0.47522850515801424,0.6700570608155106,True,1.1147187290261593,2.446095072195405,-5.0884521812290675,-0.6619078993808492,0.3088551180390064,-0.5599487651558498,1.0704626747338561,-0.4446616682106487,-1.7760380113798941,-0.3088551180390064,1,0.10977953631283546,0.412700113018369,-5.5011522942474365,0.4,0.13043478260869565
Verdant Snacks,retail_media,2024-11,22,-0.8140453931386477,-0.1731085807526876,-0.1731085807526876,False,0.9764721019819955,0.49220014627229525,-1.0452160716707857,-0.017906317078096937,,-0.8976426257837486,0.7031404888815914,-1.790517495120643,-1.306245539410943,,1,-0.11552167972955331,-0.1892095615954592,-0.8560065100753265,0.2,0.15217391304347827
Pinebrook Pet Co.,digital_video,2024-11,22,2.356906998511196,2.239292084396156,2.356906998511196,True,-1.7910013770590256,-2.599956583029924,-2.152676673100954,0.9876656949748328,-0.23021690851709226,-0.24042365292933304,-0.06262643932212902,4.147908375570221,4.9568635815411195,0.23021690851709226,1,6.019925005227597,0.412700113018369,-2.565376786119323,0.2,0.13043478260869565
Pinebrook Pet Co.,affiliate,2024-11,22,-0.2929805957330245,-0.07937463450418542,-0.07937463450418542,False,0.5721819854447828,-0.09690599425410384,-4.6583009711894,1.1979794642471806,-0.2505010629670845,-1.3736041823689853,1.2524459589660377,-0.8651625811778073,-0.19607460147892064,0.2505010629670845,1,1.3700644873232608,0.412700113018369,-5.071001084207769,0.4,0.13043478260869565
Crestline Beverages,ooh,2024-11,22,1.9663577238929286,3.1147957306524567,3.1147957306524567,True,-0.5575555865069007,-0.5985398287743415,-0.10340690708457341,-0.6800888384460727,,-0.2458408335488413,-1.3510840414474548,2.5239133103998292,2.5648975526672704,,0,0.062620710995832,0.16929983365533124,-0.27270674073990464,0.2857142857142857,0.11363636363636363
Nimbus Home,retail_media,2024-11,22,-0.16010112580045893,-0.016164023320484125,-0.016164023320484125,False,0.17441850861354216,0.031817841789478635,0.17102926045386707,1.200520357995845,-0.3888127538217647,-0.7088725174518229,0.6907485858665651,-0.3345196344140011,-0.19191896758993757,0.3888127538217647,1,-0.34191223655288916,0.13153810517183562,0.039491155282031454,0.2,0.15217391304347827
Aster Wellness,retail_media,2024-11,22,0.14304984989004557,-0.08465111606428244,0.14304984989004557,False,-0.49624277371212305,-0.7032203060716611,-1.340379593563703,0.23597434313823995,-0.10367141956879813,1.5420763052088422,-0.6791234159228436,0.6392926236021687,0.8462701559617066,0.10367141956879813,1,-0.1411732098525445,0.8297795825270067,-2.17015917609071,0.2,0.15217391304347827
Verdant Snacks,paid_search,2024-11,22,0.15855074727830887,,0.15855074727830887,False,-0.1768283435136575,-0.377883572413637,-1.9866793235201823,-0.632142827690255,0.3202376307663319,-0.487139313353109,1.5081241512149672,0.33537909079196637,0.5364343196919459,-0.3202376307663319,0,0.6648366465953459,-0.1892095615954592,-1.797469761924723,0.2,0.15217391304347827
Solstice Foods,retail_media,2024-11,22,-1.3409540460002636,-0.5465414639309978,-0.5465414639309978,False,0.2624617876348476,-0.130405015201418,1.9634125691747386,1.465977034786931,-2.422349267696172,-0.21257631384059505,-0.9980529443491606,-1.6034158336351112,-1.2105490307988456,2.422349267696172,1,0.057255645085993456,-0.5295611674505943,2.492973736625333,0.0,0.17777777777777778
Halcyon Personal Care,social,2024-11,22,0.5900074115576849,-0.23210205642140538,0.5900074115576849,True,0.386965496265098,-0.1430546813637218,-0.2782809686556285,0.5135111615195105,-0.8187358033802238,-0.49694355888243463,-0.38308763801186974,0.20304191529258686,0.7330620929214067,0.8187358033802238,1,-0.3728710727410594,0.4799474340175881,-0.7582284026732167,0.0,0.17391304347826086
Halcyon Personal Care,affiliate,2024-11,22,0.03545950506479555,,0.03545950506479555,False,-0.8814469882588827,-0.5930353440772456,-0.2127536101936203,-0.19095549446856025,-0.32674915865454196,-2.0765195888462356,-0.3700527650454713,0.9169064933236782,0.6284948491420411,0.32674915865454196,0,0.07331137588759153,0.4799474340175881,-0.6927010442112084,0.0,0.17391304347826086
Crestline Beverages,social,2024-11,22,1.7073811090665079,1.735913335582836,1.735913335582836,True,-0.2554339120649037,-0.7877301047907398,-1.6697184759751398,-0.6085519931312036,-0.4547819233643654,0.14571913178215834,-0.24168863962353015,1.9628150211314115,2.4951112138572475,0.4547819233643654,0,-1.335500240950327,0.16929983365533124,-1.839018309630471,0.2857142857142857,0.11363636363636363
Solstice Foods,paid_search,2024-11,22,-0.7337455122328512,-0.792261690443771,-0.7337455122328512,False,0.4833857081784856,1.3910200390509608,1.4862237207425533,-0.12835917331985447,-0.0995334567592466,-0.1285261551595894,0.1322476848497435,-1.217131220411337,-2.124765551283812,0.0995334567592466,0,0.8556943236946964,-0.5295611674505943,2.0157848881931475,0.0,0.17777777777777778
Ridgeway Grocery,paid_search,2024-12,23,0.506108483216908,,0.506108483216908,True,-0.30783066867287995,0.7391684560865737,1.8061293656894226,-0.6890600163815084,-1.0422973096234316,0.872402053269498,0.07871456089545009,0.813939151889788,-0.23305997286966562,1.0422973096234316,0,-0.9130669025283387,0.004279365215944899,1.8018500004734777,0.0,0.24444444444444444
Halcyon Personal Care,digital_video,2024-12,23,0.7040689314525413,0.3074512543119612,0.7040689314525413,True,-1.753839493618843,-0.792191461447269,-1.2684263833671108,-0.9960157802842207,-1.6637887655248667,-0.5069813426664298,1.2643725906517924,2.4579084250713845,1.4962603928998104,1.6637887655248667,1,-0.9910403019158259,1.1026411282637596,-2.37106751163087,0.2,0.21739130434782608
Crestline Beverages,paid_search,2024-12,23,0.5638155953860187,0.5002948426641384,0.5638155953860187,True,0.6470123983575159,0.354729438529344,-1.228762869379211,-0.01966425352912736,0.751485953978936,-0.9288066706743008,0.9626410505506722,-0.08319680297149723,0.20908615685667464,-0.751485953978936,1,0.6474660588098202,-0.4778980824806272,-0.7508647868985838,0.5714285714285714,0.1590909090909091
Verdant Snacks,digital_video,2024-12,23,1.6399367258378867,0.8376023517018893,1.6399367258378867,True,0.31674137830077664,0.8793342517248054,-0.5713754774256395,-1.021805174724288,-1.2618504385153546,0.2459213931440456,1.1854217062104224,1.32319534753711,0.7606024741130814,1.2618504385153546,1,1.4693917670544814,-0.09216745459600192,-0.4792080228296376,0.6,0.15217391304347827
Aster Wellness,digital_video,2024-12,23,0.749408176133052,-0.20212107886235786,0.749408176133052,True,0.32713226976636367,0.2685685409964417,-0.1274861676647832,1.778763306363107,-1.3418366467180358,-1.0680665104949492,0.6238692137208235,0.4222759063666883,0.4808396351366103,1.3418366467180358,1,-0.017596202178993603,-0.2839038438540458,0.1564176761892626,0.0,0.2391304347826087
Verdant Snacks,retail_media,2024-12,23,1.0882959900357039,-0.012950022474806772,1.0882959900357039,True,-0.6068018765064576,-1.2134285490493417,-1.496453531874809,-0.0496602184690203,1.9317924600739755,2.137769735355663,0.42799353111768673,1.6950978665421614,2.3017245390850456,-1.9317924600739755,1,-0.5481961175894582,-0.09216745459600192,-1.404286077278807,0.6,0.15217391304347827
Nimbus Home,paid_search,2024-12,23,1.7165891558264568,0.7559944394598931,1.7165891558264568,True,0.517968172708582,0.6365924258876694,-0.1873807757238111,0.2426381323409169,0.9413670228482162,1.245946672619982,0.6698831587182659,1.1986209831178747,1.0799967299387874,-0.9413670228482162,1,-0.14067614027848566,-0.025886916617423594,-0.1614938591063875,0.0,0.21739130434782608
Verdant Snacks,paid_search,2024-12,23,-0.6448790928718098,-0.03462268173795551,-0.03462268173795551,False,0.13839424843695436,0.18942483085417627,-0.9439597302787104,1.175811655097004,-0.8081548617648545,-0.7021746002782151,0.5896543114299365,-0.7832733413087641,-0.834303923725986,0.8081548617648545,1,0.1668985065183648,-0.09216745459600192,-0.8517922756827084,0.8,0.15217391304347827
Ridgeway Grocery,display,2024-12,23,-0.7156105864602774,-0.8533687688788391,-0.7156105864602774,False,1.0716017372374473,1.7763842435036383,0.8022656239620911,1.294805741350313,-1.3319535418370487,0.04859586640484901,0.6974150581666096,-1.7872123236977249,-2.491994829963916,1.3319535418370487,0,-0.7765260545942199,0.004279365215944899,0.7979862587461463,0.0,0.24444444444444444
Verdant Snacks,display,2024-12,23,1.7460755648943256,0.13651818329960014,1.7460755648943256,True,1.0392382180041106,0.778750275158518,-1.8878997715019545,-1.4598881576892169,-2.6671281202210824,1.4313727979885136,0.2011543977977745,0.7068373468902149,0.9673252897358076,2.6671281202210824,1,-0.2104217260480551,-0.09216745459600192,-1.7957323169059527,0.6,0.15217391304347827
Halcyon Personal Care,affiliate,2024-12,23,1.2399971247308479,0.26070285955265116,1.2399971247308479,True,-0.3346488677834555,-1.5625920128460813,-0.2910837001911366,-0.15126966768634953,-0.29936351482505735,0.1098591125859262,0.7742187895461057,1.5746459925143035,2.802589137576929,0.29936351482505735,1,-0.10258444037086023,1.1026411282637596,-1.3937248284548962,0.0,0.21739130434782608
Crestline Beverages,audio,2024-12,23,0.1775654163843399,,0.1775654163843399,False,-0.21301709669308996,-0.9339565256599979,-1.8057687798981303,0.10013948226636112,-1.3436517026202335,-1.641262334664201,-1.3057555832096361,0.39058251307742986,1.1115219420443379,1.3436517026202335,0,1.697967324784,-0.4778980824806272,-1.3278706974175032,0.5714285714285714,0.1590909090909091
Aster Wellness,audio,2024-12,23,-0.9877650005429409,-0.4260067004990925,-0.4260067004990925,False,0.5452788148189748,-0.5525575257129374,0.12489001545660898,-1.187998525393588,0.035258735037066974,-1.2207722884371304,-0.4036603049026824,-1.5330438153619157,-0.43520747483000355,-0.035258735037066974,1,1.1600817723468742,-0.2839038438540458,0.4087938593106548,0.0,0.2391304347826087
Nimbus Home,audio,2024-12,23,-0.9609000541087268,0.030833287173463193,0.030833287173463193,False,0.9059739186478775,0.33783039355320865,-0.02114049771921272,,-1.2320945914188866,-0.17216700631895843,-1.1300039943813665,-1.8668739727566042,-1.2987304476619355,1.2320945914188866,1,0.17392885022026322,-0.025886916617423594,0.004746418898210876,0.2,0.21739130434782608
Aster Wellness,display,2024-12,23,-0.1125528896469501,-0.6299979309138958,-0.1125528896469501,False,0.44666443235910236,-0.8970767678650685,-1.5430695914165482,0.4983752435920832,0.34412916343855166,-0.062319550663324515,-1.308916195744511,-0.5592173220060525,0.7845238782181184,-0.34412916343855166,0,-0.7857435377564143,-0.2839038438540458,-1.2591657475625024,0.0,0.2391304347826087
Verdant Snacks,affiliate,2024-12,23,0.6105911976755073,0.727643484163813,0.727643484163813,True,-0.8305220646801936,-1.0737796920287281,-2.1288307804300657,-0.19143224501712988,0.19574840549772862,-0.15345850654677354,0.1520540070570897,1.4411132623557008,1.6843708897042355,-0.19574840549772862,0,-0.6504863435689265,-0.09216745459600192,-2.0366633258340636,0.8,0.15217391304347827
Solstice Foods,digital_video,2024-12,23,,,,False,,,,-0.48427668496674087,-0.4929336504754584,-0.3406852352752409,2.5060901734160397,,,0.4929336504754584,0,,-3.1364014928839787,,0.0,0.24444444444444444
Solstice Foods,display,2024-12,23,-1.0485744097243952,-0.34553390032814885,-0.34553390032814885,False,2.837695055593579,1.42234029288896,1.7070419361742735,-1.2592082623345073,0.8053902671363232,-1.4655825018377737,0.7831808012013358,-3.8862694653179743,-2.470914702613355,-0.8053902671363232,1,4.049097900813273,-3.1364014928839787,4.843443429058253,0.0,0.24444444444444444
Aster Wellness,retail_media,2024-12,23,-0.45528667175507354,-0.1567381758408963,-0.1567381758408963,False,1.6842014401790326,-0.015147561701618628,-1.2465161721519666,-1.491598762937546,-0.3992784686951911,-1.2646672951114104,1.2449726620247556,-2.139488111934106,-0.4401391100534549,0.3992784686951911,1,0.09489538020660328,-0.2839038438540458,-0.9626123282979209,0.0,0.2391304347826087
Halcyon Personal Care,social,2024-12,23,-0.8457080028447397,-0.12947153865476252,-0.12947153865476252,False,0.023123279640814797,0.28535320232521005,-0.4812322341834663,1.482995270290336,-0.8360934790490813,0.40757095692157685,0.5582003914501323,-0.8688312824855545,-1.1310612051699498,0.8360934790490813,1,-0.3941138086320519,1.1026411282637596,-1.5838733624472259,0.2,0.21739130434782608
Solstice Foods,affiliate,2024-12,23,-0.3697615225877378,-0.8783164838363526,-0.3697615225877378,False,-0.7846502554560469,-0.9980154634904204,2.466222636033738,0.11478729209496681,0.09928322194901444,-0.3416638629753239,-0.6414091376229142,0.41488873286830913,0.6282539409026826,-0.09928322194901444,0,3.5347878987393373,-3.1364014928839787,5.602624128917716,0.0,0.24444444444444444
Solstice Foods,paid_search,2024-12,23,-0.20036298568876085,-0.49707060114641677,-0.20036298568876085,False,-0.06870084460449406,1.0038236010068784,1.5760651623774198,-1.490470351501589,-1.93024651253359,0.8389493643880288,0.2915859564116878,-0.13166214108426677,-1.2041865866956392,1.93024651253359,0,3.2724858816302573,-3.1364014928839787,4.712466655261398,0.0,0.24444444444444444
Crestline Beverages,retail_media,2024-12,23,-0.9231072361194939,-0.719832316680486,-0.719832316680486,False,-0.241500387808459,-0.3885321759291466,-1.4270901236202105,-0.6685154952813056,0.06966411364254697,0.747273780541698,-0.07028825206626954,-0.6816068483110349,-0.5345750601903473,-0.06966411364254697,1,1.1546098192434406,-0.4778980824806272,-0.9491920411395833,0.5714285714285714,0.1590909090909091
Crestline Beverages,social,2024-12,23,1.5779582751993548,1.2571228865855655,1.5779582751993548,True,1.3876486704608562,1.526061191895593,-2.060082445651527,1.5761534172966274,0.05980840977361592,-0.5030973267204537,1.4933743478585269,0.19030960473849867,0.05189708330376175,-0.05980840977361592,1,-1.542430335229175,-0.4778980824806272,-1.5821843631709,0.42857142857142855,0.1590909090909091
Nimbus Home,digital_video,2024-12,23,-2.4804722782307627,-0.7386363291739493,-0.7386363291739493,False,-0.264036279064186,0.1451508117730267,0.18315553222122458,-1.1713313118229742,-0.23244041550443545,0.6039399457445216,0.9758221856139893,-2.2164359991665767,-2.6256230900037894,0.23244041550443545,1,0.1266636192506495,-0.025886916617423594,0.20904244883864817,0.2,0.21739130434782608
Ridgeway Grocery,tv,2024-12,23,-1.32047154040764,-1.0747794979273235,-1.0747794979273235,False,1.3132876590132878,0.8418802088191333,1.0189196175645576,-0.8886859868598542,,-0.3104795194790042,-0.9778414686549884,-2.6337591994209277,-2.162351749226773,,1,0.5819232137588286,0.004279365215944899,1.0146402523486127,0.0,0.24444444444444444
Halcyon Personal Care,display,2024-12,23,0.5053987657263184,-0.011370568858766738,0.5053987657263184,True,1.216789228745958,0.7533200886319008,-0.7413037399598299,0.9314086856234844,-0.3178575789727529,0.5725212084755399,-0.9201282517499073,-0.7113904630196397,-0.24792132290558244,0.3178575789727529,1,0.1506635578301052,1.1026411282637596,-1.8439448682235895,0.2,0.21739130434782608
Solstice Foods,retail_media,2024-12,23,,,,False,,,,-1.067511893280863,0.08854022063913242,0.32417877982807314,0.8874312283757436,,,-0.08854022063913242,0,,-3.1364014928839787,,0.0,0.24444444444444444
Verdant Snacks,social,2024-12,23,0.8117270629936392,1.0382600572294747,1.0382600572294747,True,0.9740773443640963,1.067294446206927,-1.177574367454113,0.16148000771696702,-0.7658493657741962,0.7450638054339151,-0.5561544673959903,-0.16235028137045715,-0.25556738321328776,0.7658493657741962,0,0.3672851501938608,-0.09216745459600192,-1.0854069128581112,0.6,0.15217391304347827
Halcyon Personal Care,retail_media,2024-12,23,-0.154850226074493,0.03619728907842154,0.03619728907842154,False,0.7185919913401155,1.2477912134989753,0.09898546400371308,-0.6081034451755971,0.10127243005405966,0.13199002133870427,0.8551940990286291,-0.8734422174146086,-1.4026414395734683,-0.10127243005405966,1,0.6248791003252723,1.1026411282637596,-1.0036556642600465,0.2,0.21739130434782608
Solstice Foods,social,2024-12,23,0.17553340985850763,,0.17553340985850763,False,0.6728501298679856,0.0741349154099698,2.7777278832142986,0.8113088924025411,-1.5352083708218394,-0.07697678822947306,0.3215700682054859,-0.497316720009478,0.10139849444853782,1.5352083708218394,0,2.699330349773011,-3.1364014928839787,5.914129376098277,0.0,0.24444444444444444
Halcyon Personal Care,paid_search,2024-12,23,0.1237710057992417,0.21373511998183167,0.21373511998183167,False,-0.7663227478000116,0.130338969097078,0.038644591826073646,0.3317097881693437,0.08682438899954577,2.7730646515054804,0.8108312563609134,0.8900937535992534,-0.006567963297836307,-0.08682438899954577,0,0.4999494013175135,1.1026411282637596,-1.063996536437686,0.2,0.21739130434782608
Solstice Foods,tv,2024-12,23,-0.4507354651857187,-0.028704401880454186,-0.028704401880454186,False,-0.3734158527433226,-0.47796918608643596,1.5744753371077982,-2.1579326525368248,,-1.204880731783285,1.6535430480585305,-0.0773196124423961,0.02723372090071724,,1,2.0027118951013345,-3.1364014928839787,4.710876829991777,0.0,0.24444444444444444
Crestline Beverages,affiliate,2024-12,23,1.1558113331814677,0.31470078128764545,1.1558113331814677,True,0.08001791346965917,-0.4396960515046826,-1.2988251888884483,-2.7598981640913105,-1.1161375678793675,-0.4264832479506692,0.6967246902085389,1.0757934197118084,1.5955073846861503,1.1161375678793675,1,-0.14503027373668512,-0.4778980824806272,-0.8209271064078212,0.42857142857142855,0.1590909090909091
Ridgeway Grocery,social,2024-12,23,-1.6224082950520051,-1.2558266279799828,-1.2558266279799828,False,0.4793114160453041,0.07067113193886948,2.103038969381944,2.612054136782518,0.9916210876315602,0.30669813216158165,-0.24592843939946346,-2.101719711097309,-1.6930794269908747,-0.9916210876315602,1,0.5156597888204089,0.004279365215944899,2.098759604165999,0.0,0.24444444444444444
Nimbus Home,display,2024-12,23,-1.1889655502555228,0.6046903089930059,0.6046903089930059,True,0.016227232396635805,1.3939654449992989,-0.23286060906661826,0.2652496055499175,-1.9620899913321415,0.27600501570081076,-1.760750416473264,-1.2051927826521585,-2.582930995254822,1.9620899913321415,1,0.599940248705938,-0.025886916617423594,-0.20697369244919467,0.2,0.21739130434782608
Crestline Beverages,tv,2024-12,23,0.6337195076062971,,0.6337195076062971,True,0.1203340664914862,0.3607159600296343,-2.0953061661892876,,,0.2864979045746796,-0.75120303603968,0.5133854411148109,0.27300354757666284,,0,-0.86379786222273,-0.4778980824806272,-1.6174080837086604,0.5714285714285714,0.1590909090909091
Ridgeway Grocery,retail_media,2024-12,23,-1.723862874670418,-0.697959746675508,-0.697959746675508,False,-0.4856901726701554,0.264191464361242,1.255311285130699,0.1559066407549508,1.6751321035653084,-0.5332911077359966,-1.2971373847755208,-1.2381727020002626,-1.98805433903166,-1.6751321035653084,1,0.06851445233054909,0.004279365215944899,1.251031919914754,0.0,0.24444444444444444
Aster Wellness,paid_search,2024-12,23,0.36640538361585867,0.6861749232213179,0.6861749232213179,True,-0.39614182669021675,-0.31548016794577377,-0.7323077543471915,-0.019861607634394884,-1.0081015911865856,-1.4384841319909334,0.8847953030361045,0.7625472103060754,0.6818855515616324,1.0081015911865856,0,-0.4419652265978492,-0.2839038438540458,-0.4484039104931457,0.0,0.2391304347826087
Nimbus Home,retail_media,2024-12,23,-1.8011282485753617,-0.3834729931590848,-0.3834729931590848,False,-0.19169105973719947,0.049212597771105884,0.15954318754078484,-0.18103501017261073,1.4146824613494098,-2.37030000138891,1.3311592500685414,-1.6094371888381622,-1.8503408463464677,-1.4146824613494098,1,0.856356386108249,-0.025886916617423594,0.18543010415820843,0.2,0.21739130434782608
Aster Wellness,social,2024-12,23,-0.3139574452938453,0.08071734753134695,0.08071734753134695,False,0.05170932097709158,0.4282893543480966,-0.865058736119992,1.9568778921978571,,0.19606207490771577,1.2212058899918894,-0.36566676627093686,-0.742246799641942,,1,0.30844172095344136,-0.2839038438540458,-0.5811548922659462,0.0,0.2391304347826087
Pinebrook Pet Co.,paid_search,2024-12,23,0.36887549295669453,0.5886883996192097,0.5886883996192097,True,-0.352250875039969,-0.8220430441500269,0.8212247370792275,-0.23448541319168903,0.09334852670550728,-0.6094038076138574,-0.4491048596041054,0.7211263679966635,1.1909185371067215,-0.09334852670550728,0,-0.22726111776434146,1.1445049793538975,-0.32328024227467,0.2,0.21739130434782608
Pinebrook Pet Co.,display,2024-12,23,2.597090324406604,1.4274152065496066,2.597090324406604,True,0.17048859437009167,0.6689882580380889,-5.154715112433115,0.12210153924947197,0.752458353384561,0.5148820905577424,0.15353206656903984,2.4266017300365124,1.928102066368515,-0.752458353384561,1,0.609151061880899,1.1445049793538975,-6.299220091787012,0.0,0.21739130434782608
Ridgeway Grocery,audio,2024-12,23,-1.3558500590521714,-1.7716833593885901,-1.3558500590521714,False,0.5374746390591661,0.013169489718277604,2.1441964670202283,-0.6874690072004376,-0.8480684965690412,-0.3466634263117956,-1.1760913525483203,-1.8933246981113374,-1.369019548770449,0.8480684965690412,0,0.9215819225318026,0.004279365215944899,2.1399171018042833,0.0,0.24444444444444444
Crestline Beverages,ooh,2024-12,23,-0.05841557448795363,1.2199841242063563,1.2199841242063563,True,0.7257992156554309,0.7804780268466366,-0.161847897207734,0.4977033725634452,,0.9399180983022226,-1.4962308054991185,-0.7842147901433846,-0.8388936013345902,,0,-0.1122667450223335,-0.4778980824806272,0.3160501852728932,0.42857142857142855,0.1590909090909091
Pinebrook Pet Co.,affiliate,2024-12,23,0.42098462176956436,0.03767254967290262,0.42098462176956436,False,0.8039496862911516,0.26482910651632835,0.37505534250522055,-1.452672289875942,0.19983149279014262,0.5691743964447747,-0.3217500837187595,-0.38296506452158724,0.156155515253236,-0.19983149279014262,1,0.16785536132841797,1.1445049793538975,-0.769449636848677,0.2,0.21739130434782608
Crestline Beverages,digital_video,2024-12,23,2.1338458701481646,1.371968934711847,2.1338458701481646,True,0.7894927926968408,0.6192670846516215,-1.5249102796241436,0.5491358923303,1.2775406779484393,0.6897715579465912,0.6999501556034085,1.344353077451324,1.5145787854965431,-1.2775406779484393,1,-0.22256057030866297,-0.4778980824806272,-1.0470121971435165,0.42857142857142855,0.1590909090909091
Pinebrook Pet Co.,retail_media,2024-12,23,0.7287382925614976,,0.7287382925614976,True,-0.539020583880952,0.5954923815970352,-5.673324502215832,-3.0897991825095033,1.6754162613096528,-0.05101596643472587,2.401017884477706,1.2677588764424494,0.13324591096446237,-1.6754162613096528,0,-2.8174613144108083,1.1445049793538975,-6.81782948156973,0.2,0.21739130434782608
Pinebrook Pet Co.,social,2024-12,23,-1.1126361184643636,0.12307466159437665,0.12307466159437665,False,0.39413552956798453,0.2906450144122439,0.16459376438767503,-0.9540726164084334,-0.05809376705259679,-1.3692830879977331,0.420767846627218,-1.506771648032348,-1.4032811328766075,0.05809376705259679,1,-1.0527967685633992,1.1445049793538975,-0.9799112149662225,0.2,0.21739130434782608
Nimbus Home,social,2024-12,23,0.720836662416728,-0.08672592598636669,0.720836662416728,True,-1.3446657054445283,-1.1868761155699923,-0.41550685275956195,1.16945445104877,-0.9240277383705643,0.7339258485901237,1.4003889722682203,2.0655023678612565,1.9077127779867202,0.9240277383705643,1,-0.4595148485350739,-0.025886916617423594,-0.38961993614213836,0.2,0.21739130434782608
Pinebrook Pet Co.,digital_video,2024-12,23,-1.2866547088902105,0.3698733197961304,0.3698733197961304,False,-0.48451360755556855,1.0846474978748213,0.6580338211480276,1.5457559497272741,0.34934407455677513,0.6927554687230085,1.9933501505691467,-0.802141101334642,-2.371302206765032,-0.34934407455677513,1,-0.9617291013595644,1.1445049793538975,-0.48647115820586995,0.2,0.21739130434782608
Ridgeway Grocery,affiliate,2024-12,23,-0.5145455854533361,-0.051687137080905846,-0.051687137080905846,False,-0.6835069087462997,-1.5638226416566159,1.888839292585574,-0.3028851304134755,-0.3380963272618731,-0.024268991628946444,0.08564277744739501,0.16896132329296365,1.0492770562032798,0.3380963272618731,1,-0.26852817211260316,0.004279365215944899,1.884559927369629,0.0,0.24444444444444444
Solstice Foods,tv,2025-01,24,,,,False,,,,-1.8501390308626535,,-1.0996427611310273,0.12326669195952822,,,,0,,-0.9008325189365253,,0.16666666666666666,0.022222222222222223
Pinebrook Pet Co.,paid_search,2025-01,24,-1.155397238274341,-0.012940520500237307,-0.012940520500237307,False,-0.4296013903183637,0.07274422506046684,0.25539960291517233,-2.945351239809603,0.6490013597596886,0.5152600067555744,0.557773892582724,-0.7257958479559772,-1.2281414633348078,-0.6490013597596886,1,0.7998861804087539,-1.9678138111022698,2.223213414017442,0.0,0.043478260869565216
Aster Wellness,paid_search,2025-01,24,-1.5096572117764147,-0.008159958366374953,-0.008159958366374953,False,0.3084208196620873,-0.5835855001173776,0.07231209151618243,-0.8510493005340046,0.9981453403988758,-1.1566039189102144,-0.909253132824539,-1.8180780314385019,-0.926071711659037,-0.9981453403988758,1,0.842903509883534,0.1514662695159088,-0.07915417799972638,0.0,0.043478260869565216
Ridgeway Grocery,retail_media,2025-01,24,-0.2177336619121266,-0.6907265906702408,-0.2177336619121266,False,-1.068813865900411,0.40724842397882816,-0.486382970680467,-1.559964385184198,,-1.235866878937446,-0.15644671327276274,0.8510802039882843,-0.6249820858909547,,0,-0.4419830806475483,0.2529692490254269,-0.7393522197058939,0.0,0.044444444444444446
Crestline Beverages,tv,2025-01,24,-0.7347320193706802,0.2469446659525745,0.2469446659525745,False,-0.21065285182193835,0.05041981192957296,0.3252716120960016,-0.057219767191603904,,0.21610746262462568,-1.2090391261613207,-0.5240791675487418,-0.7851518313002532,,1,-0.05220314277850072,0.44010515996927835,-0.11483354787327676,0.14285714285714285,0.022727272727272728
Halcyon Personal Care,retail_media,2025-01,24,-2.1316864403779743,-0.8216579479201266,-0.8216579479201266,False,-1.470872700495101,0.30887211569279693,0.6763752224784073,-0.16519905424234055,-0.14291711974939314,-1.3288125538393891,0.8910320520130348,-0.6608137398828733,-2.440558556070771,0.14291711974939314,1,0.031290200749815984,0.44438074785447634,0.23199447462393097,0.0,0.043478260869565216
Solstice Foods,social,2025-01,24,0.6608918807552804,,0.6608918807552804,True,0.26410711942542187,1.279236268274342,-0.7520170006373021,-0.17440156964850764,-0.43634912133143106,-0.8740979620589184,-1.508549734982454,0.3967847613298585,-0.6183443875190615,0.43634912133143106,0,1.065840162325242,-0.9008325189365253,0.14881551829922313,0.16666666666666666,0.022222222222222223
Nimbus Home,social,2025-01,24,-0.9837582374715834,-0.16549794174712015,-0.16549794174712015,False,-0.17008614204102027,1.1580305509701734,0.4381788860565153,0.4175146412389675,-0.7816912281392734,0.9152749913601941,0.3116356952519314,-0.8136720954305632,-2.141788788441757,0.7816912281392734,1,-0.14266777615782705,-0.10628883898280428,0.5444677250393195,0.0,0.043478260869565216
Ridgeway Grocery,audio,2025-01,24,-0.035131664006382776,-1.0167726265510229,-0.035131664006382776,False,-1.4291367204271337,-1.7531745795507259,-0.652994330925609,0.18725808668248117,1.607999965705722,-1.3352869962192093,0.9579014727773227,1.394005056420751,1.718042915544343,-1.607999965705722,0,-0.44997202034306977,0.2529692490254269,-0.9059635799510359,0.0,0.044444444444444446
Solstice Foods,retail_media,2025-01,24,-1.7388416223183378,,-1.7388416223183378,False,0.19586018391298077,-0.3028382763036547,-0.2734273143483176,-2.226532069593747,-1.1142520885358118,0.7623167497615149,0.3866750434675027,-1.9347018062313186,-1.436003346014683,1.1142520885358118,0,2.0899506857543186,-0.9008325189365253,0.6274052045882077,0.16666666666666666,0.022222222222222223
Nimbus Home,paid_search,2025-01,24,-1.3551249485738677,0.1948400832719678,0.1948400832719678,False,-1.4747846354674385,-1.8231001735157648,0.2169862141217154,-0.3360555714700887,0.9287579078890459,-1.319906922735158,0.46475588354090225,0.11965968689357087,0.46797522494189714,-0.9287579078890459,1,-0.1514413349506726,-0.10628883898280428,0.32327505310451965,0.0,0.043478260869565216
Pinebrook Pet Co.,retail_media,2025-01,24,-1.5193467117499426,,-1.5193467117499426,False,-0.033033460891790684,-0.9816094763411428,0.5732807587845675,-1.6880901505077988,0.7321345075629923,-2.0239934444163556,0.29361143934334766,-1.486313250858152,-0.5377372354087998,-0.7321345075629923,0,1.7710636829361983,-1.9678138111022698,2.5410945698868375,0.0,0.043478260869565216
Aster Wellness,display,2025-01,24,-0.7748978404180894,-0.6538744459245662,-0.6538744459245662,False,-0.31401836085881457,-0.690990563051166,0.20368167318573166,1.2683451232836733,-0.16912377657351077,0.20202713233290573,0.17141732628993822,-0.46087947955927483,-0.08390727736692338,0.16912377657351077,1,0.9055629075649599,0.1514662695159088,0.05221540366982286,0.0,0.043478260869565216
Crestline Beverages,audio,2025-01,24,-1.2662639693493896,-0.5411543808989292,-0.5411543808989292,False,-2.1408269302174165,-0.5079681344484422,-0.22142314142266137,-0.5127609002115968,0.4834687272114632,0.2955372671156985,0.888951613648993,0.874562960868027,-0.7582958349009473,-0.4834687272114632,1,-0.07073840592018155,0.44010515996927835,-0.6615283013919397,0.14285714285714285,0.022727272727272728
Crestline Beverages,paid_search,2025-01,24,-1.2925779483364228,-0.02933993849582091,-0.02933993849582091,False,-0.363187486682331,0.04966624185960927,-0.2437566044641092,-0.5313429488560325,0.27255772489091046,0.2754984864099975,1.2475157196500912,-0.9293904616540918,-1.342244190196032,-0.27255772489091046,1,-1.545900824136393,0.44010515996927835,-0.6838617644333875,0.14285714285714285,0.022727272727272728
Halcyon Personal Care,paid_search,2025-01,24,-1.1782561301988257,-0.1121177651279274,-0.1121177651279274,False,-0.25904547230717123,-1.180578689502358,-0.22112644288705083,-1.3459897127512774,0.34824432737089966,0.1909642778490107,0.2747991394050131,-0.9192106578916545,0.002322559303532312,-0.34824432737089966,1,-0.8592801342188073,0.44438074785447634,-0.6655071907415272,0.0,0.043478260869565216
Halcyon Personal Care,social,2025-01,24,-0.30210942283490133,-0.12395778091599026,-0.12395778091599026,False,0.6381106405236436,1.129758008948463,0.41673955452229694,2.1707159862514414,0.8295866508074671,0.7075459336275569,0.44586311269961193,-0.9402200633585449,-1.4318674317833642,-0.8295866508074671,1,0.22070279369662393,0.44438074785447634,-0.027641193332179403,0.0,0.043478260869565216
Ridgeway Grocery,paid_search,2025-01,24,-1.4184542811463,-0.07948760802422564,-0.07948760802422564,False,0.3869791496409064,0.23883438070122776,-0.059920916093323104,-0.5920929635058744,2.266960817183966,-1.3100033941152784,1.0731475575434593,-1.8054334307872062,-1.6572886618475278,-2.266960817183966,1,0.5359448785451427,0.2529692490254269,-0.31289016511875,0.0,0.044444444444444446
Nimbus Home,digital_video,2025-01,24,-1.9951135957628463,-1.9533765768003801,-1.9533765768003801,False,-0.4756510471856014,-1.4522953894848087,0.35224518549584694,0.6393129953303553,-0.2943360543826527,0.30126138577458805,-1.0287931844682032,-1.5194625485772448,-0.5428182062780376,0.2943360543826527,1,-0.07485129385532695,-0.10628883898280428,0.4585340244786512,0.0,0.043478260869565216
Crestline Beverages,retail_media,2025-01,24,-1.3214838775836582,-1.0246290464829844,-1.0246290464829844,False,-0.871905892563464,-0.1790562291471647,0.275939090920644,-0.953807913050974,-1.2902871327490626,-2.0446517908869746,0.7359523545100582,-0.4495779850201942,-1.1424276484364935,1.2902871327490626,1,-0.4054327180057039,0.44010515996927835,-0.16416606904863434,0.14285714285714285,0.022727272727272728
Ridgeway Grocery,affiliate,2025-01,24,0.1416303434534024,0.057994629021730845,0.1416303434534024,False,-0.3309238670765486,-0.792898513610496,-0.8972425379081705,-1.2645860434784828,-0.1907890190614742,-2.933323788555562,-0.49513517660668277,0.47255421052995095,0.9345288570638984,0.1907890190614742,1,-2.005336405313698,0.2529692490254269,-1.1502117869335975,0.0,0.044444444444444446
Solstice Foods,affiliate,2025-01,24,-0.5949329548322556,-0.9171690497618566,-0.5949329548322556,False,-1.0270421531972966,-1.2490519005512144,0.4957760662608062,0.17693932171283414,1.2419347404525476,-1.402332288392281,-0.538001484804912,0.432109198365041,0.6541189457189588,-1.2419347404525476,0,2.324078736841298,-0.9008325189365253,1.3966085851973316,0.16666666666666666,0.022222222222222223
Crestline Beverages,affiliate,2025-01,24,-1.3064981417688817,-0.05873501596435357,-0.05873501596435357,False,-0.9707640576066057,-0.5437376094712121,0.817651271350548,-1.1901538498148359,1.6787199438532763,-0.1957224212514257,-0.6653585475889858,-0.335734084162276,-0.7627605322976696,-1.6787199438532763,1,0.6882620047943742,0.44010515996927835,0.3775461113812697,0.14285714285714285,0.022727272727272728
Aster Wellness,social,2025-01,24,-1.2973939259327485,-0.5914777676498236,-0.5914777676498236,False,-0.13683873845736771,1.5323608566072304,-0.15997621013492283,0.5055396855267327,1.673808091102116,0.1777267231219991,-0.5111896749872329,-1.1605551874753808,-2.829754782539979,-1.673808091102116,1,0.5251653658432205,0.1514662695159088,-0.3114424796508316,0.0,0.043478260869565216
Verdant Snacks,social,2025-01,24,-1.5795360837094554,-0.01797483504156023,-0.01797483504156023,False,-0.4444877381640041,0.3796678902612143,1.2959418529268534,1.7665730032927918,-0.27726504218893017,-1.2292673940288341,0.10045627719726669,-1.1350483455454512,-1.9592039739706697,0.27726504218893017,1,0.5307203834670093,0.28314532353067046,1.012796529396183,0.0,0.043478260869565216
Pinebrook Pet Co.,social,2025-01,24,-0.5504485175372307,-0.8709896837191091,-0.5504485175372307,False,-0.569764417410461,-1.2450772339576095,0.6053893722559546,-0.7218404923278837,0.6402206422373659,-0.5945890933958778,-0.30667893255678924,0.019315899873230347,0.6946287164203788,-0.6402206422373659,0,1.2912634165836687,-1.9678138111022698,2.5732031833582245,0.0,0.043478260869565216
Solstice Foods,digital_video,2025-01,24,1.4958325716260976,,1.4958325716260976,True,1.3789788368138842,0.4121534176776662,-0.5587135855927825,-1.7011395065537598,-0.35111084113542057,1.0490156782093276,-0.10571718570669686,0.1168537348122134,1.0836791539484314,0.35111084113542057,0,0.22690270090360423,-0.9008325189365253,0.34211893334374277,0.0,0.022222222222222223
Ridgeway Grocery,social,2025-01,24,-0.5758631357422819,-1.2868679205210733,-0.5758631357422819,False,-0.3043829924474196,-0.2523913532877259,-0.13112162109939698,-0.10646738027937334,0.3123870990119893,0.7336079035189141,0.8301462921174008,-0.27148014329486225,-0.323471782454556,-0.3123870990119893,0,0.17099723563713554,0.2529692490254269,-0.3840908701248239,0.0,0.044444444444444446
Pinebrook Pet Co.,affiliate,2025-01,24,-2.4093116481083197,-0.5069572493492844,-0.5069572493492844,False,-1.4238616877748174,-1.485686586948203,0.9161636678885349,-1.213529039396937,2.216958411200516,-0.6220144588156178,0.4271196938067004,-0.9854499603335023,-0.9236250611601167,-2.216958411200516,1,1.592171742671805,-1.9678138111022698,2.8839774789908046,0.0,0.043478260869565216
Nimbus Home,display,2025-01,24,-0.006405928128623093,0.23757860683870813,0.23757860683870813,False,0.5325819558731919,0.7165279003502957,0.7481287645992933,1.032237742039789,-0.520325637246929,-0.681870323098914,-0.5083402009083345,-0.538987884001815,-0.7229338284789187,0.520325637246929,0,-0.43985616779136927,-0.10628883898280428,0.8544176035820976,0.0,0.043478260869565216
Crestline Beverages,ooh,2025-01,24,1.1048757875672992,0.6695150971049497,1.1048757875672992,True,1.8106187029164507,0.9160506890660615,-0.6600324830983187,-0.5488024569553215,,-0.08464803132969265,0.0037348311308083026,-0.7057429153491515,0.18882509850123774,,1,-1.4801642144922504,0.44010515996927835,-1.100137643067597,0.0,0.022727272727272728
Solstice Foods,display,2025-01,24,-1.8783527422954318,-1.1746726971949821,-1.1746726971949821,False,-1.219866064769595,0.07357331305629107,-0.03884232691141709,0.202159846334969,1.1959254206681322,0.2523679558576013,-1.3363223423433337,-0.6584866775258369,-1.9519260553517228,-1.1959254206681322,1,2.924868755067178,-0.9008325189365253,0.8619901920251082,0.16666666666666666,0.022222222222222223
Aster Wellness,retail_media,2025-01,24,,,,False,,,,-1.8764490083423402,-0.06454955445638859,-2.108584313786063,0.12047143461554627,,,0.06454955445638859,0,,0.1514662695159088,,0.0,0.043478260869565216
Solstice Foods,paid_search,2025-01,24,0.073210866685437,-0.19131058471915008,0.073210866685437,False,0.5089698629038414,0.8859617447817486,-0.5678149404664473,-1.464192593856349,1.5069437995648045,-0.6566226073643022,0.1888999172363584,-0.4357589962184044,-0.8127508780963116,-1.5069437995648045,0,1.4418499088419943,-0.9008325189365253,0.33301757847007796,0.16666666666666666,0.022222222222222223
Nimbus Home,audio,2025-01,24,-0.6415264768620985,-0.139660070486169,-0.139660070486169,False,-0.4700837969774696,-0.02144398979881251,0.34383938428341915,-0.7795273075572201,0.5142464565380914,-0.5376494900323217,-0.24030631582031806,-0.1714426798846289,-0.6200824870632861,-0.5142464565380914,1,-0.3050374711650479,-0.10628883898280428,0.4501282232662234,0.0,0.043478260869565216
Crestline Beverages,social,2025-01,24,-1.1546869897567458,0.47347830989091483,0.47347830989091483,False,0.06892991687518034,0.6017387004001734,0.25072793450426994,-0.34768463474944605,0.3482671789469453,-0.5294114489938913,0.05883359043525327,-1.223616906631926,-1.7564256901569193,-0.3482671789469453,1,-0.6292720899072651,0.44010515996927835,-0.1893772254650084,0.14285714285714285,0.022727272727272728
Ridgeway Grocery,tv,2025-01,24,-0.7398286719038007,-1.2253278887418741,-0.7398286719038007,False,-1.0419009783361513,-0.46505889441052206,0.1740426219301033,-0.3340109010658793,,-1.396905446504708,-1.3002825981847919,0.3020723064323505,-0.2747697774932787,,0,0.3748603042120355,0.2529692490254269,-0.07892662709532358,0.0,0.044444444444444446
Crestline Beverages,digital_video,2025-01,24,-0.7114329109069919,0.5316219268947168,0.5316219268947168,True,0.7581481055157645,1.6092157815848356,-0.14358091595938924,1.906192264544436,0.5282376290685366,1.539341528602976,0.04789728439753144,-1.4695810164227563,-2.3206486924918277,-0.5282376290685366,1,-1.8650333537491983,0.44010515996927835,-0.5836860759286676,0.14285714285714285,0.022727272727272728
Verdant Snacks,affiliate,2025-01,24,-0.3104417111434576,0.3185614791972678,0.3185614791972678,False,-1.0519062691244752,-1.2633083818161688,0.600218738359117,-2.1692235414374093,-0.23594244264755465,0.052386616717561965,1.8488801993657704,0.7414645579810175,0.9528666706727111,0.23594244264755465,0,-0.18237326404556944,0.28314532353067046,0.31707341482844653,0.0,0.043478260869565216
Verdant Snacks,display,2025-01,24,0.22703127030581713,0.7149909975709963,0.7149909975709963,True,0.0226841327085274,-0.5909879455446654,0.4518751262220114,1.3256905614989236,-1.6797564728467924,-1.2384301830032745,0.2887945094355526,0.20434713759728973,0.8180192158504825,1.6797564728467924,0,-0.2283894630973765,0.28314532353067046,0.16872980269134097,0.0,0.043478260869565216
Aster Wellness,digital_video,2025-01,24,-0.969108497612424,-0.34697322411012566,-0.34697322411012566,False,0.5973546412999318,0.8900632272426475,0.025778246345206413,-0.7709208679475262,0.2541831768480885,-0.7820732725449313,-0.9588969160619243,-1.5664631389123558,-1.8591717248550714,-0.2541831768480885,1,0.6172736822781437,0.1514662695159088,-0.12568802317070238,0.0,0.043478260869565216
Halcyon Personal Care,digital_video,2025-01,24,-1.0135171803743543,-0.14164987112221394,-0.14164987112221394,False,-0.16589541100444213,-0.154245932392888,-0.13503758590728993,-0.5698029308350061,0.5864353137011494,-0.8719490591274885,-1.004268689189243,-0.8476217693699122,-0.8592712479814664,-0.5864353137011494,1,-0.6387548733832238,0.44438074785447634,-0.5794183337617662,0.0,0.043478260869565216
Halcyon Personal Care,affiliate,2025-01,24,0.43399207049026123,0.569816233428635,0.569816233428635,True,0.1205774639218312,0.02461748941037616,0.8758684050850005,0.48592056254493976,0.5162023942200118,-0.9031641860175605,1.0747008227515842,0.31341460656843,0.40937458107988506,-0.5162023942200118,0,-0.2645922607728194,0.44438074785447634,0.4314876572305242,0.0,0.043478260869565216
Verdant Snacks,retail_media,2025-01,24,-1.5111189426433638,-0.27485963238806826,-0.27485963238806826,False,-0.36292059910128793,-0.41141354575857936,0.4029376130207473,-1.0704393340236247,0.33622807494006757,-0.1916861297864065,-0.42869363532966537,-1.148198343542076,-1.0997053968847843,-0.33622807494006757,1,-0.282911410398681,0.28314532353067046,0.11979228949007686,0.0,0.043478260869565216
Verdant Snacks,digital_video,2025-01,24,-3.35817982434663,-0.14761487265916423,-0.14761487265916423,False,-0.37223740457240867,0.6050232955305076,-0.05899069187736809,0.10670483303687509,1.9394604779236349,1.5873846618913041,0.04984968409341012,-2.9859424197742213,-3.9632031198771376,-1.9394604779236349,1,-2.5150624188279456,0.28314532353067046,-0.34213601540803856,0.0,0.043478260869565216
Halcyon Personal Care,display,2025-01,24,-1.7796743413319869,-0.4658922411190257,-0.4658922411190257,False,-0.057670555304157683,1.2001471886656705,0.9174793733032226,-1.2928967675620748,-0.9794448424925092,-0.5983956746840405,-0.3824026703272989,-1.7220037860278292,-2.9798215299976576,0.9794448424925092,1,0.13362577173771095,0.44438074785447634,0.47309862544874626,0.0,0.043478260869565216
Ridgeway Grocery,display,2025-01,24,0.293744966604096,-0.34327202974286486,0.293744966604096,False,0.19696523895418536,0.6366264892531198,-0.4569810683096979,0.0795213240136262,-1.2374470870430612,0.9921546376183888,0.11148921406197904,0.09677972764991064,-0.34288152264902383,1.2374470870430612,0,-0.13769840159917004,0.2529692490254269,-0.7099503173351248,0.0,0.044444444444444446
Verdant Snacks,paid_search,2025-01,24,-1.267704339524705,-0.38978504113737916,-0.38978504113737916,False,0.08150566046707663,-0.10275417169196555,1.1181714284582416,-1.9479128213033094,0.3978718710008212,-0.9426436348856635,0.13545079177857133,-1.3492099999917815,-1.1649501678327394,-0.3978718710008212,1,1.6065939981787902,0.28314532353067046,0.8350261049275711,0.0,0.043478260869565216
Pinebrook Pet Co.,display,2025-01,24,-0.8686380394465757,0.6472557644986985,0.6472557644986985,True,-0.5803318846068564,-0.23008746214030243,0.5493474144494778,-1.2374265596649465,-0.44869752170789,0.1640290166396592,1.1693718674570475,-0.28830615483971933,-0.6385505773062733,0.44869752170789,1,1.3572897363982868,-1.9678138111022698,2.5171612255517477,0.0,0.043478260869565216
Nimbus Home,retail_media,2025-01,24,-1.3828426714429523,-1.1146906819395908,-1.1146906819395908,False,-0.7514119588502713,-0.7111350346538663,0.7662963034645112,-0.07483613027347713,-0.6309802191775028,0.004928027912017759,0.8583803761345107,-0.6314307125926809,-0.671707636789086,0.6309802191775028,1,0.14268148731516012,-0.10628883898280428,0.8725851424473154,0.0,0.043478260869565216
Aster Wellness,audio,2025-01,24,-0.38082341868760444,-1.050379901775141,-0.38082341868760444,False,-1.214503237019464,-2.5618967385711247,-0.0020091727903109296,0.5670654439210374,1.180627630648125,-0.3304685051271064,-0.3250564039898679,0.8336798183318594,2.18107331988352,-1.180627630648125,0,0.7342053463282702,0.1514662695159088,-0.15347544230621973,0.0,0.043478260869565216
Pinebrook Pet Co.,digital_video,2025-01,24,,,,False,,,,-0.31781105756205885,1.5680217191156467,-0.07921247095784778,-0.9347684657640062,,,-1.5680217191156467,0,,-1.9678138111022698,,0.0,0.043478260869565216
Ridgeway Grocery,tv,2025-02,25,2.0178250595811504,-0.009438922828953384,2.0178250595811504,True,0.19326379367691504,0.781232367238002,-0.3450696503019601,-1.5552200096438653,,0.07135847463371756,1.1606523457599716,1.8245612659042354,1.2365926923431485,,1,0.022447950161850413,0.271702898836488,-0.6167725491384481,0.8333333333333334,0.4444444444444444
Nimbus Home,digital_video,2025-02,25,0.4076496264624404,-0.9039858327847043,0.4076496264624404,False,0.4327460268422656,0.04974308310360467,0.39137684205401874,-1.047132677390294,-1.086546479982685,-0.2930107502526773,0.9275782407865696,-0.02509640037982519,0.35790654335883576,1.086546479982685,0,0.12001081722875409,0.3001213262727731,0.09125551578124563,0.4,0.5217391304347826
Halcyon Personal Care,social,2025-02,25,-0.23868316113827512,-0.46216686227263876,-0.23868316113827512,False,0.251792863055539,0.8365773678294636,0.18433754241526296,1.176493118254808,,0.14612337469622105,0.7012810734313243,-0.4904760241938141,-1.0752605289677386,,0,-0.06419615224350302,1.0213614748781892,-0.8370239324629263,0.0,0.5652173913043478
Crestline Beverages,ooh,2025-02,25,-0.8476324624817612,0.022091972288620497,0.022091972288620497,False,2.2503940492042385,2.2387897970127626,0.47142410622038805,-1.205672338438801,,-0.9597159598883132,1.3445759705766016,-3.0980265116859997,-3.086422259494524,,1,1.4027440948145051,-0.3680536482416841,0.8394777544620722,0.5714285714285714,0.5
Nimbus Home,display,2025-02,25,-0.5409780621899605,-0.5787831801913687,-0.5409780621899605,False,0.16064831172108288,-0.23437309785755706,1.1807867140596962,0.09694383349417159,1.4017389280902008,-1.039189385341175,0.7169129117702677,-0.7016263739110433,-0.3066049643324034,-1.4017389280902008,0,0.8240345413286346,0.3001213262727731,0.880665387786923,0.4,0.5217391304347826
Solstice Foods,display,2025-02,25,1.5093324435088191,-0.3150210463357796,1.5093324435088191,True,1.6450075084656328,2.3075796764248744,-0.5571032192623625,-0.8427680628474561,-2.300490311826876,-0.6734345195762955,0.39382069686440674,-0.1356750649568137,-0.7982472329160553,2.300490311826876,1,1.406110063550267,-2.085274953359587,1.5281717340972243,0.6666666666666666,0.4666666666666667
Halcyon Personal Care,digital_video,2025-02,25,-0.041988533875546206,-0.07809706284385767,-0.041988533875546206,False,-0.7410932659177819,-0.5617719696155115,-0.9992659733706409,-2.016748336186913,-0.0794582637558178,0.11317316305888926,0.04234881687400771,0.6991047320422357,0.5197834357399652,0.0794582637558178,0,-0.7061446048216203,1.0213614748781892,-2.0206274482488302,0.0,0.5652173913043478
Nimbus Home,retail_media,2025-02,25,2.2631496735079004,-0.20462694366898065,2.2631496735079004,True,3.9553240728735184,2.558375610712447,0.9152710593637553,3.223412115861798,-0.8043958564187915,4.458171523060413,0.11451158550058915,-1.692174399365618,-0.2952259372045467,0.8043958564187915,1,0.1709636009247923,0.3001213262727731,0.6151497330909822,0.2,0.5217391304347826
Pinebrook Pet Co.,social,2025-02,25,-1.1163981558775822,-0.9264942639597256,-0.9264942639597256,False,-0.3126978380948136,-0.8145764334873642,0.6863819383491743,-0.47363004881036486,1.0720713028082205,-1.36481637909337,-0.8045326369374495,-0.8037003177827686,-0.301821722390218,-1.0720713028082205,1,-0.9757622756295997,0.25505887125064536,0.4313230670985289,0.4,0.5217391304347826
Crestline Beverages,digital_video,2025-02,25,3.0082116069075546,0.9845832369219394,3.0082116069075546,True,1.3858036163999077,1.9238632437040297,0.4192679860207799,0.921946466432928,-0.9345290557588604,-1.0289945518336112,0.09221710694241464,1.622407990507647,1.084348363203525,0.9345290557588604,1,-0.5416398727545122,-0.3680536482416841,0.787321634262464,0.42857142857142855,0.5
Crestline Beverages,retail_media,2025-02,25,2.128740317446554,-0.02574462139035521,2.128740317446554,True,0.6570333824303415,1.1024930637947252,0.5571018985540255,-1.6215271869533976,-0.48114668857234805,-1.0355455958603905,0.12370062665678153,1.4717069350162126,1.0262472536518288,0.48114668857234805,1,-0.5092404089217571,-0.3680536482416841,0.9251555467957095,0.42857142857142855,0.5
Solstice Foods,paid_search,2025-02,25,1.2030727907617997,0.23909348261299457,1.2030727907617997,True,-0.15952749409689054,0.5168179440677334,-0.7775397347401298,0.5691643575108221,1.6526180474423198,-0.8752325258090893,-0.4119572365659879,1.3626002848586902,0.6862548466940663,-1.6526180474423198,1,0.7194663737999816,-2.085274953359587,1.307735218619457,0.6666666666666666,0.4666666666666667
Aster Wellness,retail_media,2025-02,25,0.58728853184295,,0.58728853184295,True,2.867448328259245,2.1189914958155383,0.09782859931852261,2.1879655815742916,-2.4686426219422004,1.4168609258329028,1.1688811560084749,-2.280159796416295,-1.531702963972588,2.4686426219422004,0,-0.26919244754866395,0.21020574248891807,-0.11237714317039546,0.2,0.5434782608695652
Crestline Beverages,affiliate,2025-02,25,0.5850188567965915,0.09651823293537276,0.5850188567965915,True,-1.1244797523091,-1.3035055118144983,0.6061776731405891,-0.8027074305092272,-0.13443548589887624,0.7023115157373603,-0.8331994375457119,1.7094986091056914,1.8885243686110897,0.13443548589887624,1,-0.014971205051932631,-0.3680536482416841,0.9742313213822732,0.5714285714285714,0.5
Pinebrook Pet Co.,digital_video,2025-02,25,-0.5929130772800018,,-0.5929130772800018,False,2.032887338776601,1.916599308005152,0.7708628988063099,-0.49743183977527794,-1.0153438776904142,1.2138624531705882,0.6247693488863018,-2.625800416056603,-2.509512385285154,1.0153438776904142,0,0.3496054755106082,0.25505887125064536,0.5158040275556646,0.4,0.5217391304347826
Ridgeway Grocery,social,2025-02,25,1.052862371213332,-0.25453534657354543,1.052862371213332,True,1.6563470607049027,0.9069366793544781,-0.5529309599844455,0.4501088298241529,2.6676762911884024,1.6520574443542289,-0.7596898720342249,-0.6034846894915706,0.14592569185885396,-2.6676762911884024,1,0.6507309745220722,0.271702898836488,-0.8246338588209335,0.8333333333333334,0.4444444444444444
Verdant Snacks,social,2025-02,25,1.1242440967577345,0.07920779467598198,1.1242440967577345,True,0.8670382365613408,0.665500887804352,0.6125989863685766,0.8612293253890778,1.7424931297222466,0.3410576224880704,0.13341335144050892,0.2572058601963937,0.4587432089533825,-1.7424931297222466,1,-0.14805695330279736,0.23103560094805964,0.38156338542051693,1.0,0.43478260869565216
Crestline Beverages,social,2025-02,25,1.0671035582255555,0.3311944097040366,1.0671035582255555,True,1.6390734551471695,1.509840563157727,0.5702400492105499,-0.46593273924925444,0.5679937816286612,2.54629260933034,-0.14500837332291489,-0.571969896921614,-0.4427370049321715,-0.5679937816286612,1,0.27249787663505,-0.3680536482416841,0.938293697452234,0.42857142857142855,0.5
Nimbus Home,audio,2025-02,25,-0.666233834287993,-0.7562201217529395,-0.666233834287993,False,0.3239521994167816,-0.7124235182999147,0.05104324751263998,-0.371076499146778,0.3600430412276322,-0.17572724231622763,-0.6702793878236885,-0.9901860337047745,0.046189684011921694,-0.3600430412276322,0,-0.4670261607033833,0.3001213262727731,-0.24907807876013313,0.4,0.5217391304347826
Solstice Foods,digital_video,2025-02,25,3.9537543046481485,,3.9537543046481485,True,2.4210624152875924,1.9776742927140212,-0.5515503386824983,,0.2583530248179506,0.4215909426249214,0.026137944426990467,1.5326918893605561,1.9760800119341273,-0.2583530248179506,0,1.1360514516801652,-2.085274953359587,1.5337246146770886,0.6666666666666666,0.4666666666666667
Ridgeway Grocery,affiliate,2025-02,25,0.8061557233003965,0.09627566251121397,0.8061557233003965,True,0.9786246297066213,0.22848261791235347,-0.5444788004487409,-0.7234430993856162,0.5922699597473849,3.330341939149155,0.437714392512642,-0.1724689064062248,0.5776731053880431,-0.5922699597473849,1,1.0128017747987859,0.271702898836488,-0.8161816992852289,1.0,0.4444444444444444
Aster Wellness,audio,2025-02,25,-0.05697971074861819,-0.475189376659721,-0.05697971074861819,False,-0.04317667869896121,-0.6485102824504412,-0.5330931968786715,-0.9724451600175705,-0.33507339775209616,-0.06905966583115417,-0.910714231368373,-0.01380303204965698,0.591530571701823,0.33507339775209616,0,-0.7031504317211645,0.21020574248891807,-0.7432989393675896,0.2,0.5434782608695652
Ridgeway Grocery,display,2025-02,25,2.2325575266200004,0.4023759792808486,2.2325575266200004,True,1.9479003019073524,2.7061152855990294,-1.3290409319604666,-0.23547079419358485,-1.943608643491089,-0.6139471642649277,0.49258860488479905,0.284657224712648,-0.47355775897902896,1.943608643491089,1,-1.117375550155115,0.271702898836488,-1.6007438307969546,0.8333333333333334,0.4444444444444444
Solstice Foods,affiliate,2025-02,25,2.7530522633092316,0.19870642065435984,2.7530522633092316,True,-0.15467206941805103,-0.5855994665981277,0.10120450668711321,-0.8070862949432489,0.7597819886710263,-1.3358259511514001,-0.3728666987948076,2.9077243327272826,3.338651729907359,-0.7597819886710263,1,1.2531536906885534,-2.085274953359587,2.1864794600467,0.6666666666666666,0.4666666666666667
Nimbus Home,social,2025-02,25,-0.12735498300993764,-0.08672812401439856,-0.08672812401439856,False,0.6415764224448783,-0.04752172600548748,0.10194196845698235,-0.5544350936212916,0.5049007520633705,1.8481702325707934,-1.018823632980672,-0.768931405454816,-0.07983325700445015,-0.5049007520633705,1,-0.5565897870809434,0.3001213262727731,-0.19817935781579077,0.4,0.5217391304347826
Verdant Snacks,paid_search,2025-02,25,1.923606302060625,0.0012247632960122137,1.923606302060625,True,-0.07226055336762016,0.3345734640977066,0.8493706538854976,0.6377850661335751,1.7545180112002918,-0.09010893220409784,0.23272450669183653,1.9958668554282453,1.5890328379629186,-1.7545180112002918,1,1.157782637500862,0.23103560094805964,0.618335052937438,1.0,0.43478260869565216
Aster Wellness,social,2025-02,25,-0.41121681557805195,-0.6741893956015486,-0.41121681557805195,False,-1.0504773099791733,0.1377243409903161,0.3506598295120967,-0.970469910106173,1.2278855342085147,-0.40725649932637537,-0.7534184702158115,0.6392604944011213,-0.5489411565683681,-1.2278855342085147,0,0.12960593955632999,0.21020574248891807,0.1404540870231786,0.2,0.5434782608695652
Pinebrook Pet Co.,affiliate,2025-02,25,-1.470016836568527,-0.7685208584238405,-0.7685208584238405,False,0.5995980744780374,-0.20363550107884557,0.7403086228480936,-0.7878383601141499,0.10776968240188105,-0.1788956085813837,-0.2537129370179192,-2.0696149110465645,-1.2663813354896816,-0.10776968240188105,1,-0.5408504389022614,0.25505887125064536,0.48524975159744826,0.4,0.5217391304347826
Halcyon Personal Care,affiliate,2025-02,25,0.07469991401688353,0.5828963697459976,0.5828963697459976,True,0.8881476279377714,1.920523543234949,0.7641722855564524,1.0803442345001764,0.4817274049410623,-1.0355536770449607,-2.420440174089733,-0.8134477139208878,-1.8458236292180654,-0.4817274049410623,0,1.2696155229355197,1.0213614748781892,-0.25718918932173673,0.0,0.5652173913043478
Ridgeway Grocery,paid_search,2025-02,25,1.4954764877938118,0.12958459774764886,1.4954764877938118,True,-1.09753371747517,-0.3690430483962698,-1.2132127523286442,0.07820106474137889,-0.016780219179877074,-0.32265626153957033,0.10213450045501726,2.593010205268982,1.8645195361900817,0.016780219179877074,1,-0.9012408254081825,0.271702898836488,-1.4849156511651322,0.8333333333333334,0.4444444444444444
Halcyon Personal Care,paid_search,2025-02,25,-0.5420781355626341,-0.35479183554715954,-0.35479183554715954,False,-0.4434748733506304,-0.6398271613716645,0.20555715948709652,-1.7172914161480188,-0.3775781869529068,-2.2677726561652753,0.14624283789422127,-0.09860326221200366,0.09774902580903044,0.3775781869529068,1,0.11633370334453609,1.0213614748781892,-0.8158043153910927,0.0,0.5652173913043478
Verdant Snacks,digital_video,2025-02,25,2.708818528834454,0.22012787340571355,2.708818528834454,True,0.8340077318003015,0.654845987037413,0.6460433932012176,0.19410574992767654,-0.8497338573734147,-0.14408901173605126,0.4407353678150247,1.8748107970341525,2.053972541797041,0.8497338573734147,1,-0.4746220257125881,0.23103560094805964,0.415007792253158,1.0,0.43478260869565216
Crestline Beverages,audio,2025-02,25,1.8816210638787862,0.17620500242527476,1.8816210638787862,True,-0.7328847213572945,-0.973604928554566,-0.0598858663831933,-2.395516327053143,0.21840182626936622,-0.06652360828967396,-0.961980030945267,2.614505785236081,2.8552259924333523,-0.21840182626936622,1,-1.5289895478224236,-0.3680536482416841,0.30816778185849075,0.42857142857142855,0.5
Solstice Foods,tv,2025-02,25,-0.18456528827965052,,-0.18456528827965052,False,-1.3718435245927223,-1.5098837247044474,-0.5401956001219946,-1.113340541847094,,-2.3209609251223946,0.11362592510782282,1.1872782363130718,1.325318436424797,,0,1.1122928836861528,-2.085274953359587,1.5450793532375924,0.8333333333333334,0.4666666666666667
Ridgeway Grocery,audio,2025-02,25,2.692176619120592,0.14457721067355975,2.692176619120592,True,-0.4133261378491124,-1.1538081282356976,-0.6978270572975447,0.72723576003058,-0.5232653798253717,0.529633472568033,0.7746915858985806,3.1055027569697042,3.8459847473562894,0.5232653798253717,1,0.31279094655472867,0.271702898836488,-0.9695299561340327,0.8333333333333334,0.4444444444444444
Crestline Beverages,paid_search,2025-02,25,0.9898557769032601,0.05802076087841253,0.9898557769032601,True,-0.5521978618596348,-0.22872118486854323,0.8302295873235632,1.0262244570935841,-0.08873409477845827,-0.486887932972368,0.7659221317369999,1.542053638762895,1.2185769617718034,0.08873409477845827,1,0.5141592947428577,-0.3680536482416841,1.1982832355652473,0.5714285714285714,0.5
Nimbus Home,paid_search,2025-02,25,3.3707945621398383,0.8293908376427616,3.3707945621398383,True,2.7927617637222624,0.9817561040651833,1.2179533220767755,4.328822620215123,-3.051972373199545,3.4111730140476464,0.6949858798068475,0.5780327984175759,2.389038458074655,3.051972373199545,1,0.8270051947104416,0.3001213262727731,0.9178319958040024,0.2,0.5217391304347826
Pinebrook Pet Co.,retail_media,2025-02,25,2.4514101472553054,0.36906705068152446,2.4514101472553054,True,5.685801118681282,2.5974506966322544,0.668717796165117,2.543742194875759,-2.6950110773763294,1.9330214099779501,0.9388527676083863,-3.234390971425977,-0.146040549376949,2.6950110773763294,1,-1.375950871594396,0.25505887125064536,0.4136589249144716,0.2,0.5217391304347826
Aster Wellness,display,2025-02,25,0.38298215288414883,-0.11210412826242006,0.38298215288414883,False,0.2055600460720207,0.7329602277073672,0.15438186322661693,0.6810709826435443,-0.37092759461819624,-0.7854070115608479,-0.6725025828003341,0.17742210681212814,-0.3499780748232184,0.37092759461819624,1,-0.26439580845013816,0.21020574248891807,-0.055823879262301146,0.2,0.5434782608695652
Solstice Foods,social,2025-02,25,1.9535740440457248,0.9299997782198376,1.9535740440457248,True,0.4366325636753543,0.3702489407383311,-0.7160792002882443,0.025967691935053085,1.4024676670451797,0.38150419788969886,-0.2930821947574914,1.5169414803703705,1.5833251033073936,-1.4024676670451797,1,0.6807458903424228,-2.085274953359587,1.3691957530713426,0.6666666666666666,0.4666666666666667
Aster Wellness,digital_video,2025-02,25,1.3632170340991974,0.25411482502662786,1.3632170340991974,True,1.0588903705429218,1.331326561480295,-0.1265538748913764,0.6851827462494123,-0.5128672975002321,-1.3892380326823777,1.2010303232337995,0.3043266635562756,0.03189047261890243,0.5128672975002321,1,-0.7112055826092433,0.21020574248891807,-0.3367596173802945,0.0,0.5434782608695652
Halcyon Personal Care,display,2025-02,25,-0.6495222096527777,-0.42751061894632136,-0.42751061894632136,False,0.8756483032833162,0.2419325989198439,0.5917941775427956,0.7347335152883052,0.4611466168268942,-0.7619962407443875,-0.1817492227470222,-1.525170512936094,-0.8914548085726216,-0.4611466168268942,1,-0.3530758807602341,1.0213614748781892,-0.42956729733539356,0.0,0.5652173913043478
Halcyon Personal Care,retail_media,2025-02,25,0.39394594553972045,-0.42057571575838815,0.39394594553972045,False,-1.410197214850036,0.38324217035749675,0.7486823680932324,0.40148663560000664,-0.12859434882739507,-0.8593363788356755,-0.5538946770681036,1.8041431603897564,0.010703775182223707,0.12859434882739507,0,0.2868021517552503,1.0213614748781892,-0.27267910678495677,0.0,0.5652173913043478
Verdant Snacks,retail_media,2025-02,25,1.4249105052843967,0.22268612281705272,1.4249105052843967,True,1.965328560709384,-0.1826771989695969,0.3747993046968729,-0.4570280294118136,-0.8495256121755589,-1.5404223564817883,-0.02855087960853958,-0.5404180554249873,1.6075877042539934,0.8495256121755589,1,-0.47396595974028133,0.23103560094805964,0.14376370374881325,1.0,0.43478260869565216
Verdant Snacks,display,2025-02,25,1.5564900587711192,1.1765322979904207,1.5564900587711192,True,1.659513932317122,0.9330348654955062,0.5732099968662359,0.6150009637634407,-0.014832816924583957,1.8977378702193264,0.21546475162573936,-0.10302387354600273,0.623455193275613,0.014832816924583957,1,0.10223984791036027,0.23103560094805964,0.3421743959181762,1.0,0.43478260869565216
Solstice Foods,retail_media,2025-02,25,,,,False,,,,0.32689875412454517,-2.353286454937349,-1.5063749619269977,0.07396315397850198,,,2.353286454937349,0,,-2.085274953359587,,0.8333333333333334,0.4666666666666667
Pinebrook Pet Co.,display,2025-02,25,1.2743328500855098,0.6672855855656752,1.2743328500855098,True,0.5727768651141996,2.1014595562059313,0.5939830417892856,1.943226051924832,-1.7229642270729637,1.405610306713722,-1.5118249773335757,0.7015559849713102,-0.8271267061204215,1.7229642270729637,1,-0.7488399158542361,0.25505887125064536,0.33892417053864027,0.2,0.5217391304347826
Crestline Beverages,tv,2025-02,25,0.9098169935140816,0.17973432927771082,0.9098169935140816,True,-0.722910709070408,-0.08702336102624322,0.6588342142121406,-0.2887579914290056,,-1.4362666197303071,0.9680130426204638,1.6327277025844897,0.9968403545403248,,1,0.40445581954549,-0.3680536482416841,1.0268878624538247,0.5714285714285714,0.5
Verdant Snacks,affiliate,2025-02,25,4.161184626762057,0.9914075807320236,4.161184626762057,True,1.312177847144959,1.2513330163149408,1.424674197229031,-1.006546789279066,1.0688632971503396,-0.20691587322612676,-0.30815502695464847,2.849006779617098,2.909851610447116,-1.0688632971503396,1,1.4492044317855217,0.23103560094805964,1.1936385962809715,1.0,0.43478260869565216
Ridgeway Grocery,retail_media,2025-02,25,2.635896297763035,0.07714441790894333,2.635896297763035,True,1.4957824461136775,1.0836782080049512,-0.49508936975563267,-0.29853049603613246,1.8939020695555469,-0.7940568433358767,0.03935125900708658,1.1401138516493574,1.5522180897580837,-1.8939020695555469,1,1.4400287567554764,0.271702898836488,-0.7667922685921207,0.8333333333333334,0.4444444444444444
Aster Wellness,paid_search,2025-02,25,-1.4568714196266876,-0.577805166174943,-0.577805166174943,False,-0.6384200146721897,-0.19893689099251105,1.346982897337156,0.772058924349931,1.0715759529897875,-0.770882022264574,-0.4923988834099134,-0.818451404954498,-1.2579345286341765,-1.0715759529897875,1,1.096271901669868,0.21020574248891807,1.136777154848238,0.2,0.5434782608695652
Pinebrook Pet Co.,paid_search,2025-02,25,0.5836564651439614,-0.022540586685964998,0.5836564651439614,True,0.09844367656292023,0.34015633690998176,0.8976763605431023,-1.012660089703673,-0.4392438292157656,-0.34203216770662237,0.2255711636044211,0.48521278858104117,0.24350012823397965,0.4392438292157656,1,-0.9083970436292231,0.25505887125064536,0.642617489292457,0.4,0.5217391304347826
Crestline Beverages,retail_media,2025-03,26,-0.7102858211862735,0.010774513186291301,0.010774513186291301,False,0.23522862499900515,0.7921518246921808,0.7747465932037106,0.05499511143227109,-0.4026935123565039,0.34884471046745424,-0.16467639178569526,-0.9455144461852787,-1.5024376458784543,0.4026935123565039,1,-1.30820882346092,-0.14440826561503642,0.919154858818747,0.14285714285714285,0.5909090909090909
Aster Wellness,social,2025-03,26,3.0660582488354775,0.150827500813853,3.0660582488354775,True,-0.11509466824905085,0.6659568221080657,1.2408735511879363,0.01262646536958409,-1.1250882686834518,-0.6542787698620283,-0.6953573556846608,3.1811529170845283,2.400101426727412,1.1250882686834518,1,1.9202395476254746,-0.29880146605063884,1.5396750172385751,0.6,0.5
Ridgeway Grocery,tv,2025-03,26,1.2164507890810372,0.5543215948351969,1.2164507890810372,True,-1.621656863654227,-1.6030834183841223,-0.9246244638691131,-1.9247056911065121,,-0.5149355199657667,-1.3922488969156834,2.838107652735264,2.8195342074651597,,1,-1.229840700978729,-0.1349694671956653,-0.7896549966734479,0.16666666666666666,0.5555555555555556
Solstice Foods,tv,2025-03,26,-2.093619213429786,,-2.093619213429786,False,-1.0712047100725968,-1.4527332298872682,-0.7882975293548617,-0.3639782373133982,,-2.9791318786722165,0.3674892675976399,-1.0224145033571894,-0.640885983542518,,0,-0.7546806526422143,-0.8493711868732325,0.061073657518370794,0.5,0.5333333333333333
Nimbus Home,digital_video,2025-03,26,2.1558720292764226,0.1263129022168925,2.1558720292764226,True,2.6903980373775878,1.5479751946010345,0.10105756562406662,-0.08507635028913244,1.7034410332669911,0.17553998092076198,0.34721302077856303,-0.5345260081011651,0.6078968346753881,-1.7034410332669911,1,0.8034437043398761,-2.0400036795901855,2.141061245214252,0.8,0.4782608695652174
Solstice Foods,affiliate,2025-03,26,0.23357413101730556,0.5314874309987293,0.5314874309987293,True,0.44617583403368477,-0.40686138324208937,-0.32145286635796866,1.0482999007918132,-1.1660593912188613,-0.9289586801702052,0.12862102984447926,-0.2126017030163792,0.6404355142593949,1.1660593912188613,0,-1.598060009113186,-0.8493711868732325,0.5279183205152639,0.5,0.5333333333333333
Pinebrook Pet Co.,paid_search,2025-03,26,2.976484985852787,0.5343876028272017,2.976484985852787,True,0.9627609914794767,0.4704211049946119,0.13042703562358404,-1.5881794287668258,-0.29869894042693745,-1.1608583866342363,,2.0137239943733105,2.506063880858175,0.29869894042693745,1,-1.6271613238513716,0.3986119532570672,-0.2681849176334832,0.8,0.4782608695652174
Aster Wellness,display,2025-03,26,0.9665140006109472,0.12768851401711268,0.9665140006109472,True,0.8911129780617216,0.7657339716566832,0.1551289068904296,0.8722972347943049,-0.06320977148202163,0.11373764999210832,0.8809307636752125,0.07540102254922554,0.20078002895426394,0.06320977148202163,1,0.790357073648003,-0.29880146605063884,0.4539303729410684,0.8,0.5
Aster Wellness,audio,2025-03,26,1.2738280899727739,0.0928916622818391,1.2738280899727739,True,0.21341633368962,-0.05092705572226937,-1.2774720583213945,-1.2927950235717764,0.3487430989511399,0.6765621875310587,0.8898053387509638,1.0604117562831539,1.3247551456950433,-0.3487430989511399,1,0.8031928078153221,-0.29880146605063884,-0.9786705922707557,0.6,0.5
Crestline Beverages,tv,2025-03,26,-0.3530371288631639,-0.03954492327105828,-0.03954492327105828,False,-2.3679740630998345,-1.5484242717131138,1.2164453535730457,-0.6301730731609952,,-0.5390237441382438,0.16669799858017859,2.0149369342366708,1.1953871428499498,,1,0.30495696608089196,-0.14440826561503642,1.3608536191880822,0.14285714285714285,0.5909090909090909
Verdant Snacks,affiliate,2025-03,26,0.8724165831833893,1.0495909997337751,1.0495909997337751,True,0.40473183479740676,0.14542734601103702,0.9761131671425067,-0.3956449125756989,-1.3158952843627005,-0.2555376164929247,-0.14378493593302094,0.46768474838598256,0.7269892371723523,1.3158952843627005,0,0.15409038950313786,3.872520077178132,-2.8964069100356253,0.0,0.5652173913043478
Ridgeway Grocery,affiliate,2025-03,26,-0.347811275741592,0.13332773133604597,0.13332773133604597,False,-0.9473227769556504,-0.6616245586690803,-0.9254402289894967,-1.1587091699115633,0.8852721701022802,-1.0413419111701492,1.0045415706117153,0.5995115012140584,0.31381328292748834,-0.8852721701022802,1,-0.11092426269924208,-0.1349694671956653,-0.7904707617938315,0.3333333333333333,0.5555555555555556
Verdant Snacks,paid_search,2025-03,26,0.24898347740456983,0.20108565332010875,0.24898347740456983,False,0.5597443636798816,0.020304769824275315,0.6760292195003212,-1.3714334711156162,1.513097003405714,-1.2402856208581434,-0.10366563131681203,-0.31076088627531173,0.22867870758029452,-1.513097003405714,1,-0.7548237042631457,3.872520077178132,-3.196490857677811,0.2,0.5652173913043478
Verdant Snacks,retail_media,2025-03,26,-0.3597407775670721,-0.09909982553911972,-0.09909982553911972,False,-0.95576325294449,-1.0921461269205928,0.7365081018928946,0.7195608190713279,-1.055840070393167,0.10286223035798098,-0.160023244212254,0.5960224753774179,0.7324053493535206,1.055840070393167,1,-0.33054847698079454,3.872520077178132,-3.1360119752852373,0.2,0.5652173913043478
Crestline Beverages,social,2025-03,26,-0.4897507011198214,-0.12829647392244703,-0.12829647392244703,False,-0.6241494516118611,0.2708219303525559,1.308326655968378,0.5905193623800655,1.2497430865530474,0.48126153009271194,0.11802416656172127,0.1343987504920397,-0.7605726314723773,-1.2497430865530474,1,0.7065473154489271,-0.14440826561503642,1.4527349215834144,0.14285714285714285,0.5909090909090909
Halcyon Personal Care,display,2025-03,26,1.5166652517597037,-0.20278473316112466,1.5166652517597037,True,2.35382417554718,1.7775600705313617,0.4895813917708284,-0.15007392465134986,0.7393541236898101,,0.6777866405355261,-0.8371589237874761,-0.260894818771658,-0.7393541236898101,1,-1.4909765313560919,1.7840191244596681,-1.2944377326888397,1.0,0.45652173913043476
Solstice Foods,retail_media,2025-03,26,0.27647641544783963,,0.27647641544783963,False,-1.3482115633099006,0.5635416475495952,-1.107927522649978,-0.8407506867927713,0.6952692681662297,1.8429625105063228,0.2479864328495944,1.6246879787577402,-0.2870652321017556,-0.6952692681662297,0,-1.1180746734163165,-0.8493711868732325,-0.2585563357767455,0.5,0.5333333333333333
Pinebrook Pet Co.,social,2025-03,26,1.3935075975090805,-0.06074201686794057,1.3935075975090805,True,0.985313081363038,-0.3649411412235676,0.2878284808709406,-0.011252388549468825,-0.06564895744754246,-0.5057626460860817,0.17205143727689817,0.4081945161460425,1.758448738732648,0.06564895744754246,1,-0.4353028127301481,0.3986119532570672,-0.11078347238612662,0.8,0.4782608695652174
Solstice Foods,paid_search,2025-03,26,1.0553061744960899,0.7771966106477753,1.0553061744960899,True,-1.0393606055223408,0.08024633691060762,-1.1218973720018837,0.32520461725600097,0.29288392431256594,-0.558299783812149,-0.24670177512915656,2.0946667800184304,0.9750598375854822,-0.29288392431256594,1,-2.1501281764563203,-0.8493711868732325,-0.2725261851286511,0.3333333333333333,0.5333333333333333
Aster Wellness,paid_search,2025-03,26,2.269201360770073,-0.15496161569622874,2.269201360770073,True,-0.4873256664194192,0.19027782590107226,0.009337216521643932,-1.4054906392927804,0.2805044368092655,-0.9702598776854426,-0.03292616600226103,2.7565270271894926,2.0789235348690007,-0.2805044368092655,1,0.5582463372435182,-0.29880146605063884,0.3081386825722828,0.6,0.5
Halcyon Personal Care,social,2025-03,26,1.8082674435805672,0.14083053995637673,1.8082674435805672,True,0.16596712675011097,0.5990560050386434,0.11659187167756209,0.8824995935593474,0.4609707870415872,-0.42596768767725307,-0.5166023867916272,1.6423003168304562,1.209211438541924,-0.4609707870415872,1,-0.45033372823134404,1.7840191244596681,-1.6674272527821061,1.0,0.45652173913043476
Pinebrook Pet Co.,affiliate,2025-03,26,2.2948786727396064,-0.3520999582082756,2.2948786727396064,True,0.0391286908580391,-0.5847660263804632,0.14871565626831643,0.014535407436550466,-0.29803843791181156,0.3853622937163238,-0.4142044349999388,2.2557499818815674,2.8796446991200697,0.29803843791181156,1,-0.7914265624676124,0.3986119532570672,-0.2498962969887508,0.8,0.4782608695652174
Halcyon Personal Care,digital_video,2025-03,26,2.2021141913994433,0.12740094190550472,2.2021141913994433,True,0.6601143335981279,0.6034047508096639,0.24458017189136538,0.39914774226970423,-0.9618239488656369,0.3658617144796816,-0.45501924367022134,1.5419998578013154,1.5987094405897793,0.9618239488656369,1,-0.5159611075202847,1.7840191244596681,-1.5394389525683028,1.0,0.45652173913043476
Halcyon Personal Care,retail_media,2025-03,26,5.460347706650018,0.8272460470692811,5.460347706650018,True,0.8756842417378037,0.5101252579677497,0.4007795477779174,1.3541337780271376,0.9257774996165276,-0.5774582259614323,-8.958618101222568,4.584663464912214,4.950222448682268,-0.9257774996165276,1,-0.6540212885780238,1.7840191244596681,-1.3832395766817507,1.0,0.45652173913043476
Aster Wellness,retail_media,2025-03,26,6.574915024602233,,6.574915024602233,True,5.1165967060439534,3.39041803843789,0.4019224871855771,4.671745417667172,-1.8668272157976207,3.4443835318778064,-0.833041788335205,1.4583183185582795,3.184496986164343,1.8668272157976207,0,1.851839176207099,-0.29880146605063884,0.700723953236216,0.6,0.5
Solstice Foods,display,2025-03,26,0.05215089469746392,-0.03520771156546102,0.05215089469746392,False,0.21012080895695692,0.3375038620031606,-1.131010159176997,-0.16716226449052196,2.3637781060934904,0.4261586721182606,-0.2444266391267519,-0.157969914259493,-0.2853529673056967,-2.3637781060934904,1,-3.3321330656751993,-0.8493711868732325,-0.28163897230376445,0.5,0.5333333333333333
Pinebrook Pet Co.,display,2025-03,26,4.2028080910023125,1.024111755920277,4.2028080910023125,True,4.426945090505528,1.5216371517972702,0.4113890914894515,2.5996492489329754,-2.418208217408826,2.7102617258102852,-4.511570776946811,-0.22413699950321586,2.6811709392050425,2.418208217408826,1,-0.7664410075743151,0.3986119532570672,0.0127771382323843,0.8,0.4782608695652174
Aster Wellness,digital_video,2025-03,26,,,,False,,,,-0.526014411912768,-0.9157565417968767,-0.1727746680328872,,,,0.9157565417968767,0,,-0.29880146605063884,,0.8,0.5
Pinebrook Pet Co.,retail_media,2025-03,26,0.7179499319918056,0.36666963722159296,0.7179499319918056,True,0.6491425350108347,0.6544808735183927,0.8064240585339864,-0.8855397486901195,0.339449751211747,-1.1893679451868673,0.36520280576397346,0.06880739698097083,0.06346905847341289,-0.339449751211747,1,-0.035228849146984965,0.3986119532570672,0.40781210527691913,1.0,0.4782608695652174
Verdant Snacks,social,2025-03,26,0.5210066481697352,0.014603258048447764,0.5210066481697352,True,-0.7878663543904559,-1.0043249570908472,0.6269450408091561,-0.3443695748440112,0.6716520339497294,-1.624515937375444,-1.1058258688678193,1.3088730025601911,1.5253316052605825,-0.6716520339497294,1,-0.4305157629964107,3.872520077178132,-3.245575036368976,0.2,0.5652173913043478
Halcyon Personal Care,affiliate,2025-03,26,1.6557446444244852,0.7214788763105432,1.6557446444244852,True,-0.11563175496300226,0.39978781714305267,0.6389170537805082,-1.0195307489409104,-0.6263202417580094,1.0283959457316258,-0.8689157887454793,1.7713763993874876,1.2559568272814325,0.6263202417580094,1,0.3284971072118145,1.7840191244596681,-1.14510207067916,1.0,0.45652173913043476
Pinebrook Pet Co.,digital_video,2025-03,26,1.5426875869918757,,1.5426875869918757,True,2.6185022648794765,1.3190884743815672,-0.27310359021971603,-0.1294519739046932,0.7451439059753862,-0.3387723715046213,-0.46177143485917616,-1.0758146778876008,0.22359911261030851,-0.7451439059753862,0,-0.839214341513987,0.3986119532570672,-0.6717155434767832,0.8,0.4782608695652174
Halcyon Personal Care,paid_search,2025-03,26,1.726077671158791,0.0006381561552590348,1.726077671158791,True,0.888351312814508,0.8837567973788479,0.3798103410895327,-1.5242956569272557,0.020527690917332336,-2.286452454756482,-1.0841841971885258,0.8377263583442831,0.8423208737799431,-0.020527690917332336,1,-0.5551358760253322,1.7840191244596681,-1.4042087833701355,1.0,0.45652173913043476
Verdant Snacks,digital_video,2025-03,26,0.7067111898443632,0.012744420962708336,0.7067111898443632,True,1.5014279328910138,1.2055531421825756,0.5915322064002387,0.6516168810012417,1.4250503724879497,-0.2199989839471232,-0.304142384209094,-0.7947167430466506,-0.4988419523382124,-1.4250503724879497,1,-0.952548830424022,3.872520077178132,-3.2809878707778934,0.2,0.5652173913043478
Verdant Snacks,display,2025-03,26,-0.782790334208322,0.22238466552635872,0.22238466552635872,False,1.6167995695378592,0.5458343214944142,0.6223204397006754,,-1.3743151540862268,0.4238769005987688,1.0001849789927255,-2.399589903746181,-1.3286246557027361,1.3743151540862268,1,-0.943488900094422,3.872520077178132,-3.250199637477457,0.2,0.5652173913043478
Nimbus Home,audio,2025-03,26,1.4730391088535817,0.018364310855943353,1.4730391088535817,True,-0.6908575906354194,-0.7317021662163865,-0.670035655750357,-1.057732461490924,2.0225835866485693,0.8108841250667398,-0.5084713461793896,2.163896699489001,2.204741275069968,-2.0225835866485693,1,0.34293729577905707,-2.0400036795901855,1.3699680238398284,0.8,0.4782608695652174
Solstice Foods,digital_video,2025-03,26,1.1355977498087058,2.1950615420276507,2.1950615420276507,True,0.7587934245591308,1.0410715637325776,-0.5572882849837095,-0.8240499489516498,0.8621650746540115,-0.06244255743883746,0.43127676203442433,0.37680432524957497,0.09452618607612817,-0.8621650746540115,0,-0.8750176486468506,-0.8493711868732325,0.292082901889523,0.3333333333333333,0.5333333333333333
Nimbus Home,social,2025-03,26,3.62733766219242,0.2795804935234331,3.62733766219242,True,0.39247953481290604,1.9913535920627121,0.8845300533168085,1.2152372061038057,0.6992512488867414,1.2087254614825778,,3.2348581273795136,1.6359840701297077,-0.6992512488867414,1,1.6414391633052192,-2.0400036795901855,2.924533732906994,0.8,0.4782608695652174
Solstice Foods,social,2025-03,26,1.3687485212630275,1.3277381486880109,1.3687485212630275,True,-1.2220723618416904,-0.46504120523354897,-0.8686858326463539,1.2806277972591862,-0.9264519576542941,0.8337445548143899,-0.745941443519154,2.590820883104718,1.8337897264965766,0.9264519576542941,1,-1.5743094174185814,-0.8493711868732325,-0.019314645773121364,0.3333333333333333,0.5333333333333333
Nimbus Home,retail_media,2025-03,26,,,,False,,,,-1.2702423444937554,1.2062812677494505,-1.6658214756320637,0.14314265818188496,,,-1.2062812677494505,0,,-2.0400036795901855,,1.0,0.4782608695652174
Crestline Beverages,audio,2025-03,26,-0.16514914295144745,0.05002310573088324,0.05002310573088324,False,-0.13628484965311666,-0.6190946769603779,0.6219943903663593,-2.512161384963549,0.4639929268628449,-1.0305721803157304,-0.8975474702528158,-0.02886429329833079,0.45394553400893045,-0.4639929268628449,1,-0.8171195753076954,-0.14440826561503642,0.7664026559813957,0.14285714285714285,0.5909090909090909
Nimbus Home,display,2025-03,26,2.3604062745192658,0.2014469204667425,2.3604062745192658,True,0.40154043522353994,-0.222802788289482,0.5467823465183772,1.8370197334154266,-0.6907192793075474,-0.0619941393161704,0.9377928785211848,1.9588658392957259,2.5832090628087476,0.6907192793075474,1,1.2489053607900704,-2.0400036795901855,2.5867860261085625,0.8,0.4782608695652174
Ridgeway Grocery,social,2025-03,26,0.49089010315176623,0.21508651969395925,0.49089010315176623,False,-2.3368069436171766,-0.5615708754241389,-0.7389283019363647,0.6380610664791764,-2.2111548583062572,0.008354211281474585,-0.17180469230304168,2.8276970467689426,1.0524609785759051,2.2111548583062572,1,-0.14555638114599254,-0.1349694671956653,-0.6039588347406994,0.3333333333333333,0.5555555555555556
Ridgeway Grocery,display,2025-03,26,0.8614859517673055,1.129262814997134,1.129262814997134,True,-0.2979075657813976,0.5577520999049823,-1.7547262161655506,3.529400555101592,-0.4881566629470609,0.1963941103016923,-0.08545173903013861,1.1593935175487031,0.30373385186232316,0.4881566629470609,0,-2.394895209174666,-0.1349694671956653,-1.6197567489698852,0.16666666666666666,0.5555555555555556
Crestline Beverages,paid_search,2025-03,26,-0.5023678373907255,-0.17890889084975284,-0.17890889084975284,False,-0.07023862230023149,-0.7613132138096049,0.3606544098222503,-1.6410738941825107,0.3003291982989231,-1.599854661759595,-1.2802454194202562,-0.43212921509049407,0.2589453764188794,-0.3003291982989231,1,-2.169358221124741,-0.14440826561503642,0.5050626754372867,0.14285714285714285,0.5909090909090909
Ridgeway Grocery,audio,2025-03,26,0.8643220456454246,0.7825260001688075,0.8643220456454246,True,-0.21929063080833996,-0.9770041126172488,-0.6183098585030666,-0.5685241668419138,1.193702123160859,-0.44474634646898736,-0.9172426948419035,1.0836126764537646,1.8413261582626734,-1.193702123160859,1,0.3570649296580001,-0.1349694671956653,-0.48334039130740136,0.3333333333333333,0.5555555555555556
Crestline Beverages,affiliate,2025-03,26,-0.43308113695973716,-0.2565689826515616,-0.2565689826515616,False,-1.1619336284632686,-1.424741693987437,0.3888745881336344,0.1646068853127602,-1.7046569635748694,-0.4706139777931646,-0.07539004277118536,0.7288524915035315,0.9916605570277,1.7046569635748694,1,-2.4736661517597653,-0.14440826561503642,0.5332828537486708,0.14285714285714285,0.5909090909090909
Ridgeway Grocery,retail_media,2025-03,26,-0.10521516519845095,0.2569941634058286,0.2569941634058286,False,-0.10647642603213714,-0.46363749928619025,-0.6110125227552552,-1.8860333225435493,0.9975011582436967,1.4509756743441573,0.11120797130816581,0.0012612608336861897,0.35842233408773927,-0.9975011582436967,0,0.45666376458580404,-0.1349694671956653,-0.4760430555595899,0.3333333333333333,0.5555555555555556
Crestline Beverages,digital_video,2025-03,26,1.0373287197296286,0.7409127590511535,1.0373287197296286,True,-1.4734801883481332,-0.6722868124736825,0.9315076226386257,-1.1032375744301741,-0.2978305136484697,0.13596204013927018,-0.014288006182212876,2.510808908077762,1.709615532203311,0.2978305136484697,1,-0.02625952062387997,-0.14440826561503642,1.0759158882536621,0.0,0.5909090909090909
Crestline Beverages,ooh,2025-03,26,-1.617173866878081,-0.30220678706500953,-0.30220678706500953,False,-0.648975571557844,-1.8766424646052076,0.12541549262439722,0.9544327504561998,,-2.7288320534191475,0.4652808778008875,-0.968198295320237,0.2594685977271265,,1,0.5708410450449679,-0.14440826561503642,0.2698237582394336,0.14285714285714285,0.5909090909090909
Ridgeway Grocery,paid_search,2025-03,26,-0.5250986372857359,-0.09957254014182755,-0.09957254014182755,False,-1.323715167091506,-1.7867869135523766,0.1321015516236791,-1.854042985186775,-0.8193856314709308,-0.5682136286225465,-0.5114225206535816,0.79861652980577,1.2616882762666406,0.8193856314709308,1,0.774831737817839,-0.1349694671956653,0.26707101881934436,0.3333333333333333,0.5555555555555556
Nimbus Home,paid_search,2025-03,26,2.524252086375529,1.0088714888758887,2.524252086375529,True,0.34628032386322916,0.4332359319187195,0.09991582941249068,-0.6089124891090476,0.25999305567507164,-0.900694661089889,0.32434717144291314,2.1779717625123,2.0910161544568098,-0.25999305567507164,1,0.46181751955152134,-2.0400036795901855,2.1399195090026764,0.8,0.4782608695652174
Aster Wellness,paid_search,2025-04,27,-0.20958873072093256,0.06697124560249472,0.06697124560249472,False,-1.4222984055223098,0.20140303391805767,0.6262602722119842,1.3523708179712655,-0.9329365847999519,0.035561798219179486,1.035629199204434,1.2127096748013773,-0.41099176463899023,0.9329365847999519,1,2.1437381819798094,-1.5574593456216668,2.183719617833651,0.6,0.30434782608695654
Ridgeway Grocery,retail_media,2025-04,27,1.813878970272882,0.9654578006305479,1.813878970272882,True,0.860530001766896,-0.6154636074085864,-4.086957140255085,1.8412863220990108,-0.36782537818004307,0.6675921514953743,-0.08759485086144783,0.9533489685059859,2.429342577681468,0.36782537818004307,1,-6.799452001066728,-1.1538173863808083,-2.9331397538742765,0.5,0.28888888888888886
Nimbus Home,social,2025-04,27,-1.7910160256602472,0.18988518372469276,0.18988518372469276,False,-1.0284814935871214,-0.20637309340348584,0.03441588749104496,0.23325852753167256,0.16138265486508016,-1.1617515319617868,-0.9444914431636267,-0.7625345320731258,-1.5846429322567614,-0.16138265486508016,1,0.7297159838359066,-0.18082979784197484,0.2152456853330198,0.6,0.30434782608695654
Pinebrook Pet Co.,retail_media,2025-04,27,-0.8549748736584283,0.5143078234641516,0.5143078234641516,True,-0.5304596034692902,-0.009981283359737534,-0.08720850879463594,0.2989517048583087,0.9611679119709323,-0.4917697207686815,-0.01989633861172388,-0.32451527018913806,-0.8449935902986907,-0.9611679119709323,1,-0.26546583052108014,0.28583707006326614,-0.37304557885790207,0.4,0.32608695652173914
Halcyon Personal Care,retail_media,2025-04,27,0.7981434006275961,2.2174790176057786,2.2174790176057786,True,0.058766320557084306,-0.9553105206733895,-0.05622692734600381,0.778957440439705,0.3836279948516546,0.5698168248356895,0.4991541140683973,0.7393770800705118,1.7534539213009857,-0.3836279948516546,0,0.5352075800187428,0.5343556309280739,-0.5905825582740777,0.2,0.32608695652173914
Crestline Beverages,affiliate,2025-04,27,-0.04476988069962316,0.011907537681914573,0.011907537681914573,False,-0.015117125361247794,-1.6017850250421684,0.47209098936546867,-0.7155293817998136,0.33912881636565834,0.4329818256670328,-0.3423061200964514,-0.02965275533837537,1.5570151443425453,-0.33912881636565834,1,-0.9378303464929655,0.2798013289379009,0.1922896604275678,0.2857142857142857,0.3409090909090909
Aster Wellness,social,2025-04,27,0.5771085792132368,0.7182111138823695,0.7182111138823695,True,-0.9087041303652877,-1.1392533115760162,-1.078124360125532,0.0738719390416937,-0.40836015175942736,-1.3492297681384928,-0.3429947681850218,1.4858127095785245,1.716361890789253,0.40836015175942736,0,-0.28319227044318085,-1.5574593456216668,0.47933498549613485,0.6,0.30434782608695654
Solstice Foods,social,2025-04,27,-0.4496466117661386,0.6383724341205808,0.6383724341205808,True,-0.5658527726206332,0.11323786014661857,0.19119975778232473,0.38614418547387336,2.5209913633686813,0.4733059035215508,-0.3826445818276736,0.11620616085449453,-0.5628844719127573,-2.5209913633686813,0,-0.65523052417783,-1.7342124097603355,1.9254121675426603,0.0,0.37777777777777777
Aster Wellness,audio,2025-04,27,0.5278808327052602,0.38771760265098143,0.5278808327052602,True,-0.43554030559885293,-0.15346648669948926,-0.6167628601498548,0.6440585416217749,-0.353993612796514,-0.007898859784768009,1.4130505114565552,0.9634211383041131,0.6813473194047495,0.353993612796514,1,0.5222886296200953,-1.5574593456216668,0.940696485471812,0.6,0.30434782608695654
Solstice Foods,retail_media,2025-04,27,0.4395359536679168,,0.4395359536679168,False,0.17528237946058492,0.11555808981878746,-0.11120254533498777,0.6597510769493234,0.9507480325412777,-0.7391933925008531,0.7083947705417974,0.26425357420733186,0.32397786384912935,-0.9507480325412777,0,2.583587536999768,-1.7342124097603355,1.6230098644253477,0.0,0.37777777777777777
Verdant Snacks,social,2025-04,27,-0.3420426186852066,0.2896018058316141,0.2896018058316141,False,-0.18121768645110348,-0.583070062779668,0.14584890851417937,0.1075772957627311,0.06870169858122831,0.18465676093149072,-0.22297296055449473,-0.1608249322341031,0.24102744409446142,-0.06870169858122831,1,-0.7841387557779643,-0.029267232324659,0.17511614083883836,0.2,0.34782608695652173
Crestline Beverages,digital_video,2025-04,27,0.40023775852728155,1.4819260283881548,1.4819260283881548,True,-1.6228583966499666,-1.2576469111217223,0.09328791010988408,-0.8259025332135351,-0.09867525275932146,0.3925971361408491,-1.4923329028781227,2.023096155177248,1.657884669649004,0.09867525275932146,0,-1.5294699588922693,0.2798013289379009,-0.1865134188280168,0.14285714285714285,0.3409090909090909
Verdant Snacks,paid_search,2025-04,27,-0.4112399633436798,0.3914110702492255,0.3914110702492255,False,-1.258175790763516,-0.641237025003849,0.3263335589332564,0.48659752972083026,-2.745884638715359,-0.37409929615383963,0.8406920646381093,0.8469358274198362,0.22999706166016926,2.745884638715359,1,-0.8476696285606674,-0.029267232324659,0.3556007912579154,0.2,0.34782608695652173
Nimbus Home,display,2025-04,27,0.17073702586291487,0.44225894182049347,0.44225894182049347,False,0.8416390186591016,-0.3634746087014667,-0.8784912461600218,-1.7371519421975328,-0.06886190039250589,-1.1138757346964092,-0.0012441580688041243,-0.6709019927961868,0.5342116345643816,0.06886190039250589,0,-0.8477531795788399,-0.18082979784197484,-0.697661448318047,0.6,0.30434782608695654
Solstice Foods,display,2025-04,27,0.1221797133959161,0.5612210172007329,0.5612210172007329,True,0.1798563479075269,0.6941053672052347,-0.6217081463936099,-0.46393304131787355,-1.1885148330242137,1.8055494323936507,-1.6416877837250723,-0.057676634511610786,-0.5719256538093187,1.1885148330242137,0,-0.2915352020313742,-1.7342124097603355,1.1125042633667257,0.0,0.37777777777777777
Ridgeway Grocery,display,2025-04,27,2.457932576423947,1.850658684937084,2.457932576423947,True,0.9650498968513758,0.7030811901180404,-2.333707906492727,-0.15676700793448325,1.6297052821906874,-0.5686904284237555,0.7050170456756888,1.492882679572571,1.7548513863059063,-1.6297052821906874,1,-2.533186817876075,-1.1538173863808083,-1.1798905201119188,0.5,0.28888888888888886
Ridgeway Grocery,social,2025-04,27,0.5994783870440227,0.7144102871363737,0.7144102871363737,True,-0.6281268341654067,-0.6288639326291714,-0.3314770512339326,-0.3859601770060979,-0.4040478283628013,-0.3960182616991717,-0.5102024882256403,1.2276052212094295,1.2283423196731942,0.4040478283628013,0,2.4022836160615846,-1.1538173863808083,0.8223403351468757,0.6666666666666666,0.28888888888888886
Nimbus Home,audio,2025-04,27,1.2385538359147756,0.4545242467734143,1.2385538359147756,True,-0.9477992539839691,-0.8313671891443936,-1.2642902104494615,0.2635110855592302,0.46188101612853305,0.23688639045103133,2.4305100773985884,2.186353089898745,2.0699210250591693,-0.46188101612853305,1,-0.9797975568320658,-0.18082979784197484,-1.0834604126074867,0.4,0.30434782608695654
Aster Wellness,retail_media,2025-04,27,3.210217896276492,3.4574738175738915,3.4574738175738915,True,3.9339010344050966,4.8356144799755905,-0.3706440128899861,7.067995529355247,-2.478697739662806,2.7176183438239856,-0.08810552935696699,-0.7236831381286049,-1.6253965836990987,2.478697739662806,0,1.1932688170760577,-1.5574593456216668,1.1868153327316806,0.4,0.30434782608695654
Pinebrook Pet Co.,digital_video,2025-04,27,0.19172449970521058,0.2536664465371299,0.2536664465371299,False,0.4744655493126298,-0.0948571904119708,-0.3075491815222357,3.0174791830756775,-0.6519116083903126,-0.9910350616962255,-0.26025846859941554,-0.2827410496074192,0.2865816901171814,0.6519116083903126,0,0.1387039205042621,0.28583707006326614,-0.5933862515855018,0.4,0.32608695652173914
Halcyon Personal Care,social,2025-04,27,0.1606830825181336,0.38450385888009453,0.38450385888009453,False,-1.4202841794607381,-1.801135310383532,-0.2868487250571731,-0.41284790322377507,0.6468813118444435,-1.1020137493018862,-0.5573778790437369,1.5809672619788717,1.9618183929016655,-0.6468813118444435,0,0.3842268938829551,0.5343556309280739,-0.8212043559852471,0.4,0.32608695652173914
Nimbus Home,retail_media,2025-04,27,0.16719349159140376,,0.16719349159140376,False,-0.1631624647229285,0.032228844315247085,0.16564933862873477,-0.7721017194482398,-0.11856286823270755,-1.9486917307098732,-1.1430436631253669,0.33035595631433223,0.13496464727615667,0.11856286823270755,0,1.1123365679001416,-0.18082979784197484,0.3464791364707096,0.6,0.30434782608695654
Pinebrook Pet Co.,social,2025-04,27,-0.13946993517094858,0.015293278495616612,0.015293278495616612,False,0.984475346925405,-0.23942738876436254,0.0017025173230554825,-0.06231384234495218,-0.506427632795086,-0.8661399272543042,0.06031354565123534,-1.1239452820963536,0.09995745359341396,0.506427632795086,1,0.22984824452802058,0.28583707006326614,-0.28413455274021066,0.4,0.32608695652173914
Solstice Foods,digital_video,2025-04,27,,,,False,,,,-0.7416164138484671,-0.5068312159581424,-1.0234962145026163,0.5291751562606458,,,0.5068312159581424,0,,-1.7342124097603355,,0.0,0.37777777777777777
Solstice Foods,paid_search,2025-04,27,-0.30659817899162656,0.4337290636147251,0.4337290636147251,False,-0.790952399636865,-0.3721447547086512,-0.8527072357851757,0.9948936605902102,-0.4172292286063032,0.1529307505933984,1.3037059379700406,0.4843542206452385,0.06554657571702466,0.4172292286063032,0,-0.43635107289615527,-1.7342124097603355,0.8815051739751598,0.0,0.37777777777777777
Crestline Beverages,social,2025-04,27,-0.07967530576997564,0.055297505703973154,0.055297505703973154,False,-0.618998826790971,-0.16353218913977996,0.7054901752216282,2.249513524685436,0.9906440516023483,-0.7343252126413652,0.8642307161554279,0.5393235210209953,0.08385688336980432,-0.9906440516023483,1,0.4816701947552432,0.2798013289379009,0.4256888462837273,0.2857142857142857,0.3409090909090909
Halcyon Personal Care,digital_video,2025-04,27,-0.37227149466138226,0.19865046254027935,0.19865046254027935,False,-0.3467867514366527,-0.5044097693315667,-0.5655416649368727,1.808190949254973,0.2211535752235769,-0.9458810579025753,0.39853899068391374,-0.025484743224729545,0.1321382746701844,-0.2211535752235769,1,0.20437288233748954,0.5343556309280739,-1.0998972958649467,0.4,0.32608695652173914
Pinebrook Pet Co.,affiliate,2025-04,27,-1.2808554278830084,-0.10133190926931758,-0.10133190926931758,False,-0.8341054804281989,-0.3533972396338987,-0.5780098632367044,-0.31407398390461877,-0.29729107596937226,1.1376846707295818,0.06845900862849225,-0.44674994745480956,-0.9274581882491097,0.29729107596937226,1,-0.9993470827720193,0.28583707006326614,-0.8638469332999705,0.4,0.32608695652173914
Verdant Snacks,display,2025-04,27,-0.7200348368234291,0.005962765304374229,0.005962765304374229,False,0.8246353500846894,0.9683712925962645,0.8447483785133587,-0.3363928179182432,-0.37471274255171033,-0.6025868116260172,0.6796899332876873,-1.5446701869081183,-1.6884061294196937,0.37471274255171033,1,0.12597390360994343,-0.029267232324659,0.8740156108380177,0.2,0.34782608695652173
Crestline Beverages,ooh,2025-04,27,0.20888046103985647,-0.5013168596266633,0.20888046103985647,False,-1.0384747944887973,-0.833437013637333,1.262043744230222,0.9101787609422402,,-0.8200877778748097,0.4476536489415567,1.2473552555286538,1.0423174746771895,,0,1.1539909444404426,0.2798013289379009,0.982242415292321,0.2857142857142857,0.3409090909090909
Pinebrook Pet Co.,paid_search,2025-04,27,0.10018463751148202,1.22010869616941,1.22010869616941,True,-1.0263486980863286,-1.4995942001853362,0.4930464982742486,1.2890613597819551,,-0.17879289119071126,-0.8045566623686135,1.1265333355978107,1.5997788376968183,,0,0.6285804934490303,0.28583707006326614,0.20720942821098248,0.2,0.32608695652173914
Crestline Beverages,tv,2025-04,27,-0.27294474402730134,0.03153723562484628,0.03153723562484628,False,-0.19329600046115566,-0.4358295206644985,1.570149352562417,0.8215605037856499,,0.6174222757092981,-0.5379029276757576,-0.07964874356614568,0.16288477663719714,,1,0.8052406365595465,0.2798013289379009,1.2903480236245162,0.2857142857142857,0.3409090909090909
Nimbus Home,digital_video,2025-04,27,0.7369063999395798,1.1001426852261476,1.1001426852261476,True,1.0569854884795291,0.31322944813246567,-0.5239430999688446,-0.22318593742881324,-1.1788706203034434,-1.0131721572352745,0.7668670934460196,-0.32007908853994926,0.4236769518071142,1.1788706203034434,0,-0.2804382916045388,-0.18082979784197484,-0.34311330212686975,0.4,0.30434782608695654
Crestline Beverages,paid_search,2025-04,27,0.48118275490615053,0.21526015431526346,0.48118275490615053,False,-0.6489336575602768,-0.6520280118835957,0.8081992760494915,-0.21306267288186823,0.6311684509866843,-0.07484195648279088,0.8726026069917326,1.1301164124664274,1.1332107667897462,-0.6311684509866843,1,0.10795973690871981,0.2798013289379009,0.5283979471115906,0.2857142857142857,0.3409090909090909
Nimbus Home,paid_search,2025-04,27,0.4118377774778033,2.1022948086643907,2.1022948086643907,True,0.7552282934725318,1.6352251520361998,-0.6126903190368496,-0.2664236123019997,-0.515343065930297,0.6545508665377193,-1.0630136632940004,-0.34339051599472853,-1.2233873745583965,0.515343065930297,0,-0.06595406226412476,-0.18082979784197484,-0.4318605211948747,0.4,0.30434782608695654
Aster Wellness,display,2025-04,27,1.326458612118374,0.8919849218711567,1.326458612118374,True,-0.12481066590501681,0.48220748584299766,-6.937194690979335,-0.11065664163065189,0.908269334389136,-0.029204553115085456,0.5889566411421784,1.4512692780233907,0.8442511262753762,-0.908269334389136,1,-6.061971452082594,-1.5574593456216668,-5.379735345357668,0.4,0.30434782608695654
Verdant Snacks,retail_media,2025-04,27,0.3821773604464055,0.3216326862586068,0.3821773604464055,False,-1.0715104347189834,-1.0248765269269544,0.933752309728682,1.632297845696525,-1.0005028071256825,,0.9252099980942105,1.453687795165389,1.40705388737336,1.0005028071256825,1,1.001439780913277,-0.029267232324659,0.963019542053341,0.2,0.34782608695652173
Aster Wellness,digital_video,2025-04,27,1.130443579735625,,1.130443579735625,True,-1.0643781214754025,-0.6003354830664386,-1.622239376153644,-1.348312073183166,-0.7679691647773921,-0.24220035158783965,1.174079277369897,2.194821701211027,1.7307790628020636,0.7679691647773921,0,0.0341583713701909,-1.5574593456216668,-0.06478003053197723,0.4,0.30434782608695654
Ridgeway Grocery,affiliate,2025-04,27,-0.9955878510204182,-0.1193874229914697,-0.1193874229914697,False,0.377862503927601,-0.38911202979097137,-1.0211199984569526,-0.782152190103268,0.5387699063066874,0.7894860068562191,-0.20508140339821207,-1.3734503549480193,-0.6064758212294469,-0.5387699063066874,1,0.9800922064937487,-1.1538173863808083,0.13269738792385577,0.6666666666666666,0.28888888888888886
Ridgeway Grocery,paid_search,2025-04,27,0.19000949699363293,0.2578638550003797,0.2578638550003797,False,-1.0668063097959395,0.7481010529577559,-1.0082031567841694,-0.2780173381196976,-1.141780214936324,-0.28818353293488547,-0.23278097453345026,1.2568158067895725,-0.558091555964123,1.141780214936324,0,0.2738721845354385,-1.1538173863808083,0.14561422959663894,0.6666666666666666,0.28888888888888886
Halcyon Personal Care,display,2025-04,27,1.4255176188885352,0.5094801468878803,1.4255176188885352,True,0.5486541247026872,0.5184672996303328,-1.4518539813125433,-0.625956719311426,0.5680232834674427,0.06793049084457727,-0.24632667900673752,0.8768634941858481,0.9070503192582025,-0.5680232834674427,1,-1.0056956788427995,0.5343556309280739,-1.9862096122406172,0.2,0.32608695652173914
Halcyon Personal Care,affiliate,2025-04,27,0.05053350109416286,0.5936593531785105,0.5936593531785105,True,-0.40424087681977294,-0.4217730591163588,-0.8997711472776301,-0.24096378981559705,0.8664764995036375,-0.8887276575476569,-0.376217024031425,0.4547743779139358,0.4723065602105217,-0.8664764995036375,0,-0.9323808696305748,0.5343556309280739,-1.434126778205704,0.4,0.32608695652173914
Solstice Foods,tv,2025-04,27,0.32456245739404166,-0.4341382320700878,0.32456245739404166,False,-1.19167053654662,-1.3139889959876263,-0.4021263629860792,0.9801494408575651,,2.653056765779248,1.1680215780959533,1.5162329939406618,1.6385514533816679,,0,0.8451576482713133,-1.7342124097603355,1.3320860467742563,0.0,0.37777777777777777
Verdant Snacks,affiliate,2025-04,27,-0.07143570247553126,1.1027034461044254,1.1027034461044254,True,-1.0752162930508053,-0.8790007589279357,0.5415444372902822,2.078101110438013,0.035504443493490676,2.411264331850205,0.11070566843517787,1.0037805905752741,0.8075650564524045,-0.035504443493490676,0,-0.2688094344755622,-0.029267232324659,0.5708116696149412,0.0,0.34782608695652173
Crestline Beverages,audio,2025-04,27,0.6508621310826108,0.5260742337799889,0.6508621310826108,True,1.3738747503580984,0.9463158144655162,0.9770117050210977,-0.609742757190749,-0.7533404892553702,1.3359360547537888,-0.8325426964494287,-0.7230126192754875,-0.29545368338290534,0.7533404892553702,1,0.47738897812126047,0.2798013289379009,0.6972103760831968,0.2857142857142857,0.3409090909090909
Verdant Snacks,digital_video,2025-04,27,-2.078536743065829,0.29710955013621954,0.29710955013621954,False,-0.9099906240410658,0.2075597240720766,1.1265402886086373,0.6330236377776637,-1.5950287544989639,-0.1047006854447374,-0.05935663329417057,-1.1685461190247632,-2.286096467137906,1.5950287544989639,1,0.265527233369972,-0.029267232324659,1.1558075209332963,0.2,0.34782608695652173
Ridgeway Grocery,tv,2025-04,27,1.1721591577954769,1.4688116688192216,1.4688116688192216,True,-0.3624873061718182,-0.49793687359190275,0.008157023879641612,0.355606833562014,,-0.8539090621173894,1.6767399840634487,1.534646463967295,1.6700960313873796,,0,2.4259064662989465,-1.1538173863808083,1.16197441026045,0.5,0.28888888888888886
Crestline Beverages,retail_media,2025-04,27,1.163020934607018,0.5736612068593994,1.163020934607018,True,-0.5627969661033752,-0.17607978386153375,1.1510173107261992,-1.2598171972461214,1.2514607584917552,-0.5847291245342726,0.40000227711451536,1.725817900710393,1.3391007184685517,-1.2514607584917552,1,0.23516640467772315,0.2798013289379009,0.8712159817882983,0.14285714285714285,0.3409090909090909
Pinebrook Pet Co.,display,2025-04,27,3.6372629219366495,3.038134621008157,3.6372629219366495,True,4.107743007780006,2.6893978742097304,-0.37720475793494035,2.723517063114886,-3.4720596488625755,4.866780061336603,-6.420038244907322,-0.47048008584335665,0.947865047726919,3.4720596488625755,1,-0.9199012908252988,0.28583707006326614,-0.6630418279982064,0.2,0.32608695652173914
Solstice Foods,affiliate,2025-04,27,-0.36039087156832944,0.5836078939462684,0.5836078939462684,True,1.0830211532039173,-0.3813740986615813,-0.7381231600364659,0.015138255006715963,1.3239176631497724,0.19749762950962604,-0.904943378272352,-1.4434120247722468,0.020983227093251844,-1.3239176631497724,0,-0.8367533377475782,-1.7342124097603355,0.9960892497238696,0.0,0.37777777777777777
Halcyon Personal Care,paid_search,2025-04,27,0.41940107493487205,0.3563112467846731,0.41940107493487205,False,-0.020501333553478288,0.8574025720690116,-0.29033632691024785,-1.322441525476379,-0.428591235779327,-0.16664091579306117,-0.11689481271056346,0.4399024084883503,-0.43800149713413955,0.428591235779327,1,0.008553127592571446,0.5343556309280739,-0.8246919578383218,0.4,0.32608695652173914
Ridgeway Grocery,audio,2025-04,27,0.6874068951162763,1.4146351866274312,1.4146351866274312,True,0.033221625445888234,-0.2744804916873543,-0.6151068454808147,-0.49752914724526404,,0.49520808773929426,0.3316126566930727,0.654185269670388,0.9618873868036306,,0,1.111869535784191,-1.1538173863808083,0.5387105408999936,0.5,0.28888888888888886
Ridgeway Grocery,display,2025-05,28,-0.12581012157381116,0.7096907570260981,0.7096907570260981,True,-0.17594080452518782,0.23562207245658587,0.5275137942878073,,1.5921498265376954,-0.037313349520606276,0.2992621256912782,0.050130682951376654,-0.36143219403039706,-1.5921498265376954,0,0.7729781723860948,0.44843614940538934,0.07907764488241797,0.16666666666666666,0.3111111111111111
Aster Wellness,retail_media,2025-05,28,2.208739444314789,3.9979574550645047,3.9979574550645047,True,0.2746969146585059,0.4463450214029855,-0.5503731462299992,0.1483163203189338,-0.2102904105676746,-0.3845964730886449,0.6165995290638432,1.934042529656283,1.7623944229118034,0.2102904105676746,0,0.5091177439768131,-0.382855549652493,-0.1675175965775062,0.6,0.2391304347826087
Nimbus Home,paid_search,2025-05,28,-1.0598837967746546,0.4169346815730395,0.4169346815730395,False,-2.133744098932544,-0.5598822480072211,-0.3464312855317791,-2.180998738802643,0.10956619038415595,-0.4035618518841578,-0.2608307841778255,1.0738603021578894,-0.5000015487674335,-0.10956619038415595,1,0.27725454699822455,0.6413724413230959,-0.9878037268548749,0.2,0.30434782608695654
Crestline Beverages,tv,2025-05,28,-0.2914971360455397,-0.3058263363120015,-0.2914971360455397,False,-0.8143473483942884,-0.8277528257752154,1.382828088505164,1.6126636751705363,,-0.842012938492889,0.6567837722451556,0.5228502123487486,0.5362556897296757,,0,3.0233829741994964,-1.3350652333237178,2.717893321828882,0.14285714285714285,0.3181818181818182
Aster Wellness,digital_video,2025-05,28,0.04158712588994205,,0.04158712588994205,False,-0.3514544395503319,-0.7783227854872258,-0.6943800600258054,-1.6750067322950186,2.453284084151513,0.7149464220346492,0.8126028795941477,0.39304156544027397,0.8199099113771678,-2.453284084151513,0,-0.39588655075299856,-0.382855549652493,-0.3115245103733124,0.8,0.2391304347826087
Halcyon Personal Care,social,2025-05,28,-0.1778922699385103,0.39801294581337565,0.39801294581337565,False,-0.1426773419758841,-1.2461382485283186,-0.4664060202879068,-0.15789670371099707,-0.41776192974174464,0.8518419400960413,0.8109140619159093,-0.03521492796262618,1.0682459785898082,0.41776192974174464,0,0.4633660324750055,-1.027723848157347,0.5613178278694402,0.4,0.2826086956521739
Solstice Foods,display,2025-05,28,1.069093215928004,0.4144746080071278,1.069093215928004,True,0.27629926423031576,-1.0682116305154614,-0.13891226547660943,-0.2166913863149868,0.5723146330399707,-0.8730015773731541,1.5904090119698064,0.7927939516976883,2.1373048464434654,-0.5723146330399707,1,-1.1306516303156764,0.3160837185981589,-0.4549959840747684,0.6666666666666666,0.2222222222222222
Crestline Beverages,ooh,2025-05,28,0.5483645954950273,-0.09554764559368858,0.5483645954950273,True,0.806238774576303,-0.17119246289837817,-0.3104255049110313,0.8089226610726967,,0.053463329529795094,-0.023117042438622337,-0.25787417908127575,0.7195570583934054,,1,0.28381137638328047,-1.3350652333237178,1.0246397284126865,0.14285714285714285,0.3181818181818182
Verdant Snacks,affiliate,2025-05,28,-2.1086518493161357,-0.29059354857961717,-0.29059354857961717,False,-1.5868456570344416,-0.8872906827358075,0.5697836538817562,2.99758935221901,-0.19945607784804664,0.01475504716989935,0.1385907460490679,-0.5218061922816941,-1.2213611665803281,0.19945607784804664,1,1.960833655062014,-2.089160925944422,2.658944579826178,0.0,0.32608695652173914
Pinebrook Pet Co.,social,2025-05,28,-1.1641410317484793,0.009988514509961386,0.009988514509961386,False,-2.078983020755435,-0.37973036884535244,-0.06924765024804268,0.4573610006617636,0.5661206670082509,0.43907676444904903,0.9975644176727118,0.9148419890069559,-0.7844106629031269,-0.5661206670082509,1,0.06302974111498222,1.2369567288480712,-1.3062043790961138,0.2,0.30434782608695654
Verdant Snacks,digital_video,2025-05,28,-1.7878857528149885,-0.702158068008101,-0.702158068008101,False,-0.14917281621921016,0.12865428459773548,1.0343163448879356,0.09799038240794157,-1.0540692320256493,-1.4794039002730284,0.6445280158751995,-1.6387129365957784,-1.916540037412724,1.0540692320256493,1,0.8763997115104266,-2.089160925944422,3.1234772708323577,0.0,0.32608695652173914
Nimbus Home,display,2025-05,28,-0.3403619170417796,0.4868403074089781,0.4868403074089781,False,-1.4329539330690046,-0.5961484936454075,0.057036365888790914,-2.562735882057342,0.9560816097216176,-0.8793139664529738,0.1640103591076067,1.092592016027225,0.25578657660362786,-0.9560816097216176,0,0.7014552963534808,0.6413724413230959,-0.584336075434305,0.2,0.30434782608695654
Halcyon Personal Care,display,2025-05,28,0.22278310810561908,1.0549886595846194,1.0549886595846194,True,-1.3020333713928065,0.08567637867351816,-1.117459638157642,0.29919879429031476,-1.8216545723095368,0.9806093014531784,1.3633565884782897,1.5248164794984256,0.13710672943210092,1.8216545723095368,0,0.05490747018220277,-1.027723848157347,-0.08973579000029508,0.2,0.2826086956521739
Verdant Snacks,social,2025-05,28,0.0967523572650884,0.061270308166581675,0.0967523572650884,False,-0.5481207535342952,-1.4195954178974768,0.5958933600613098,-0.9795559616340899,-1.4905745535692487,-0.5580945709816287,0.6037890789357083,0.6448731107993837,1.5163477751625651,1.4905745535692487,1,1.5582447087096523,-2.089160925944422,2.685054286005732,0.0,0.32608695652173914
Solstice Foods,paid_search,2025-05,28,1.5474434003607187,0.5102558657478181,1.5474434003607187,True,2.6132933134455034,1.649029285401851,-0.734154127900176,0.14533041177877015,-1.7916952414748863,0.8529735682347398,0.254721897259879,-1.0658499130847847,-0.1015858850411322,1.7916952414748863,1,-2.40641516105831,0.3160837185981589,-1.0502378464983348,0.6666666666666666,0.2222222222222222
Crestline Beverages,paid_search,2025-05,28,2.877667585547579,0.6347738895695565,2.877667585547579,True,2.413452272503805,0.6124533719419514,0.6093188826783213,1.6585804567293168,0.3385867830567887,3.418750060875571,-0.5269361970798969,0.4642153130437743,2.2652142136056277,-0.3385867830567887,1,0.6539886423748509,-1.3350652333237178,1.9443841160020392,0.0,0.3181818181818182
Verdant Snacks,retail_media,2025-05,28,0.04932969234935712,0.015948061161931294,0.04932969234935712,False,-0.6958675838056538,-1.261502942145495,0.556776760403498,0.44185401561050736,1.2209978971603408,-2.24266936796248,0.7014378615312996,0.745197276155011,1.3108326344948522,-1.2209978971603408,1,1.8354025023359162,-2.089160925944422,2.6459376863479203,0.0,0.32608695652173914
Verdant Snacks,display,2025-05,28,-0.2005342021136055,-0.5677864577151189,-0.2005342021136055,False,-0.6397795208702738,-0.05556472637958051,1.2318092246772239,-0.5242807171349831,1.4131136657138348,0.22122152814599363,-0.6891226556460697,0.4392453187566683,-0.144969475734025,-1.4131136657138348,0,2.3921593404180292,-2.089160925944422,3.320970150621646,0.0,0.32608695652173914
Solstice Foods,social,2025-05,28,1.7939463123417454,0.6028996048530297,1.7939463123417454,True,3.9403686516246115,3.7292715229995417,0.41455869341708795,3.943256798445678,-3.256644038490371,4.333411044880594,-0.7909071616798782,-2.146422339282866,-1.9353252106577963,3.256644038490371,1,-1.2200962205734966,0.3160837185981589,0.09847497481892903,0.6666666666666666,0.2222222222222222
Halcyon Personal Care,paid_search,2025-05,28,-0.5069741925513416,0.36411212300940476,0.36411212300940476,False,-1.1957356003057606,1.5218313916836788,-1.3085987095707408,-0.6579711451278946,-0.7492867330222426,0.44937546911887855,1.598791389405228,0.6887614077544191,-2.0288055842350206,0.7492867330222426,1,-0.5425684858527152,-1.027723848157347,-0.2808748614133938,0.4,0.2826086956521739
Ridgeway Grocery,audio,2025-05,28,-0.8634581613054731,0.15294906210138393,0.15294906210138393,False,0.14240166518597,-0.4213376129128192,-0.403851179063329,-1.1470851722620523,0.3065254249115985,-1.1357404964028663,0.3328719708899308,-1.0058598264914431,-0.44212054839265397,-0.3065254249115985,1,-0.5118737358940313,0.44843614940538934,-0.8522873284687184,0.16666666666666666,0.3111111111111111
Halcyon Personal Care,retail_media,2025-05,28,0.03582680182856326,2.098105969702059,2.098105969702059,True,-0.5579105945973157,-0.466210491887454,-0.7886704308026267,0.32254202712945185,0.29204659282236406,-1.645891120587738,0.3041560445696895,0.593737396425879,0.5020372937160172,-0.29204659282236406,0,0.04715291238710697,-1.027723848157347,0.2390534173547203,0.2,0.2826086956521739
Pinebrook Pet Co.,affiliate,2025-05,28,-0.12163788550661145,0.09915392881666515,0.09915392881666515,False,-1.7579235610434274,-1.0519294992762216,-0.25657797217692324,0.17277968624007026,0.49917355044600364,-0.18512728960433286,0.17421372350543834,1.636285675536816,0.9302916137696101,-0.49917355044600364,1,-0.43354729804196124,1.2369567288480712,-1.4935347010249944,0.2,0.30434782608695654
Pinebrook Pet Co.,digital_video,2025-05,28,-0.2644341786050062,0.32666175735379555,0.32666175735379555,False,-0.77728279744201,0.01139217646817387,0.09091509567909867,0.46676228403586945,-0.9952555303660809,1.4444826582786552,1.0343141357973318,0.5128486188370038,-0.27582635507318004,0.9952555303660809,0,0.43119294181912127,1.2369567288480712,-1.1460416331689725,0.2,0.30434782608695654
Solstice Foods,tv,2025-05,28,-0.15995365480801602,-0.4286689801875023,-0.15995365480801602,False,0.15832192668053036,-0.5656535315841681,0.27396719506691564,-0.08876322468863711,,1.738117152447387,0.533058880525429,-0.3182755814885464,0.40569987677615205,,0,0.5241180725430108,0.3160837185981589,-0.04211652353124329,0.8333333333333334,0.2222222222222222
Aster Wellness,paid_search,2025-05,28,-0.021813810931282523,0.22642209101309532,0.22642209101309532,False,0.528205379012403,0.502405230125026,-0.6939011605222962,0.49348969008129623,0.41614889847381153,-0.964407818592578,0.22789876617222166,-0.5500191899436856,-0.5242190410563086,-0.41614889847381153,0,-1.3510618827775398,-0.382855549652493,-0.3110456108698032,0.8,0.2391304347826087
Aster Wellness,display,2025-05,28,2.247267927665398,1.5134135134649067,2.247267927665398,True,2.9532757823435967,2.5202173832247206,-0.4766286071459768,2.8362952316904786,-3.7637962558921045,2.852929040924288,0.18819036979162984,-0.7060078546781985,-0.2729494555593224,3.7637962558921045,1,0.20099459362044866,-0.382855549652493,-0.0937730574934838,0.6,0.2391304347826087
Solstice Foods,retail_media,2025-05,28,4.44112430442797,1.719045557847909,4.44112430442797,True,6.069181992655579,3.831629203779266,-0.49811804843190216,3.236809465603472,-3.214785649543585,3.9512283872229856,-0.8317047921631466,-1.6280576882276083,0.6094951006487044,3.214785649543585,1,-1.0315211180230377,0.3160837185981589,-0.8142017670300611,0.6666666666666666,0.2222222222222222
Pinebrook Pet Co.,display,2025-05,28,-0.616758243290173,1.6051806154775088,1.6051806154775088,True,-0.525065879253267,0.20470806173534692,0.10153497563154114,-1.021601835581533,2.2480625229863125,-2.1203225710429625,0.742600024277186,-0.09169236403690606,-0.82146630502552,-2.2480625229863125,0,-0.011936080838711793,1.2369567288480712,-1.13542175321653,0.0,0.30434782608695654
Halcyon Personal Care,digital_video,2025-05,28,0.7559800892983708,0.5746272857858736,0.7559800892983708,True,-0.3853583738601224,0.001726165980542958,-0.8589280074381787,-1.747945329876599,-1.0827734710082104,-1.1434974324616702,0.4801449924957041,1.141338463158493,0.7542539233178278,1.0827734710082104,1,0.29447386228858186,-1.027723848157347,0.1687958407191683,0.4,0.2826086956521739
Pinebrook Pet Co.,paid_search,2025-05,28,-0.006953094849847225,0.6821592285587603,0.6821592285587603,True,0.45756025537476974,-0.6649672412396707,-0.2726177366732492,1.1057501664541116,0.7127113957938991,0.3783503835315523,0.691899018736069,-0.464513350224617,0.6580141463898235,-0.7127113957938991,0,-0.911007440044084,1.2369567288480712,-1.5095744655213204,0.2,0.30434782608695654
Crestline Beverages,social,2025-05,28,-0.26673057296966834,-0.2787188599531551,-0.26673057296966834,False,-0.38701803441395594,0.3608987507186015,1.124873117189393,0.12241297609572223,-0.11448457466406382,0.4089816544861388,0.29195732536668034,0.12028746144428759,-0.6276293236882698,0.11448457466406382,0,2.51031890003397,-1.3350652333237178,2.459938350513111,0.14285714285714285,0.3181818181818182
Ridgeway Grocery,paid_search,2025-05,28,1.9267977785912909,0.35371303073315286,1.9267977785912909,True,-0.1764873123255671,-0.03913838952782356,-1.0942743544611777,-0.9925955205518309,-1.2318014866227525,-0.007286075590835038,0.11444984629064084,2.103285090916858,1.9659361681191143,1.2318014866227525,1,-0.9390046180753395,0.44843614940538934,-1.5427105038665672,0.0,0.3111111111111111
Ridgeway Grocery,retail_media,2025-05,28,0.4025936746518576,0.46916832882806403,0.46916832882806403,False,-0.6538906445884093,-0.5954481444323113,-0.2243938002231238,0.1386211493976573,-1.070487326015231,0.09579637294736215,0.4318238646636441,1.0564843192402669,0.9980418190841689,1.070487326015231,0,0.33479152436963316,0.44843614940538934,-0.6728299496285132,0.16666666666666666,0.3111111111111111
Pinebrook Pet Co.,retail_media,2025-05,28,0.001766357958914533,-0.015028731523078688,0.001766357958914533,False,-1.2385572899321264,-0.8162550747982611,-0.20438425873513832,0.7698155605811001,0.7475540993539689,-0.21617701818873125,0.04468590658972399,1.2403236478910409,0.8180214327571756,-0.7475540993539689,0,-0.29007882289156695,1.2369567288480712,-1.4413409875832095,0.2,0.30434782608695654
Crestline Beverages,audio,2025-05,28,0.6073300498389824,0.2428984528822546,0.6073300498389824,True,-1.1560500232333233,0.45113110917079646,0.7207390734767645,-0.27075330088263894,0.5807372459115991,-0.894320917032446,,1.7633800730723057,0.15619894066818596,-0.5807372459115991,1,1.0438259063025674,-1.3350652333237178,2.055804306800482,0.14285714285714285,0.3181818181818182
Nimbus Home,social,2025-05,28,0.8560338574836963,0.5983012208924151,0.8560338574836963,True,1.3647776784619894,1.555493606534285,-0.4367996632815686,2.137273607237781,1.3970211659885827,0.11715409029591603,-0.1149960188469773,-0.5087438209782931,-0.6994597490505887,-1.3970211659885827,1,0.10542834888686012,0.6413724413230959,-1.0781721046046644,0.2,0.30434782608695654
Aster Wellness,audio,2025-05,28,2.021330514432711,1.2743464790369152,2.021330514432711,True,3.3776841946283724,3.4705118414131495,-1.0369586813540466,3.1878775202019973,-1.0351232471561482,2.723050253587196,-0.39204564089697913,-1.3563536801956615,-1.4491813269804386,1.0351232471561482,1,-1.1846122256888902,-0.382855549652493,-0.6541031317015535,0.6,0.2391304347826087
Ridgeway Grocery,affiliate,2025-05,28,0.0646460008899867,-0.28416736130489406,0.0646460008899867,False,-0.777588478527299,-0.9005842188535165,-0.2959772152883062,-0.3314129377260183,0.6479122044501349,-0.5927363832308012,-0.3704979082154877,0.8422344794172857,0.9652302197435032,-0.6479122044501349,0,0.4202212078745966,0.44843614940538934,-0.7444133646936955,0.16666666666666666,0.3111111111111111
Halcyon Personal Care,affiliate,2025-05,28,-0.4399537551375693,0.28140542008468417,0.28140542008468417,False,-0.43251580244640164,-0.044935949330846006,-0.5574339064410646,0.4149517889535295,-0.41616914133642585,0.08177405722845091,,-0.007437952691167649,-0.3950178058067233,0.41616914133642585,1,0.5089224361877452,-1.027723848157347,0.47028994171628236,0.4,0.2826086956521739
Nimbus Home,retail_media,2025-05,28,0.6505133503063041,,0.6505133503063041,True,0.27269272556781327,-0.7369957821779772,-0.3135118070740123,0.5310546710676972,-0.6120863370684236,0.4945774983631211,-0.2527604221120135,0.3778206247384908,1.3875091324842814,0.6120863370684236,0,0.47257477357735506,0.6413724413230959,-0.9548842483971083,0.2,0.30434782608695654
Crestline Beverages,retail_media,2025-05,28,,,,False,,,,0.311539532785865,0.6832588644548355,0.28749345193367476,-0.67103339110762,,,-0.6832588644548355,0,,-1.3350652333237178,,0.14285714285714285,0.3181818181818182
Crestline Beverages,digital_video,2025-05,28,-0.5286168649546017,0.20198880295606852,0.20198880295606852,False,0.5062152501787205,-1.5003935615146833,0.8658154668338646,0.9488242885926087,-1.474610970176914,0.5408281201915076,-0.31720915365091584,-1.0348321151333222,0.9717766965600816,1.474610970176914,1,1.0509024873172867,-1.3350652333237178,2.2008807001575823,0.14285714285714285,0.3181818181818182
Solstice Foods,affiliate,2025-05,28,1.0836373494387022,0.21262680197503972,1.0836373494387022,True,-1.1270251792365735,-0.438447072043692,-0.20609043637871205,-0.14696469184051764,-0.8214620171987944,0.3592741561755635,-5.1661780272324735,2.2106625286752757,1.522084421482394,0.8214620171987944,1,-0.6425007022044006,0.3160837185981589,-0.522174154976871,0.6666666666666666,0.2222222222222222
Nimbus Home,audio,2025-05,28,1.0664708928072146,1.2593546125251907,1.2593546125251907,True,0.05691713659146513,-1.1138471992989591,-0.5876154529905022,0.9518186329476214,-1.2732956358383982,1.2481265993465618,-0.8035553484017355,1.0095537562157495,2.180318092106174,1.2732956358383982,0,-0.5067431334517011,0.6413724413230959,-1.2289878943135981,0.0,0.30434782608695654
Ridgeway Grocery,social,2025-05,28,-0.1907846010551595,0.1999075309201399,0.1999075309201399,False,0.08443186252482095,0.026715164029846028,-0.6423671876703081,-0.5427849298172014,0.7108817641839276,-0.030160680097508,-0.3153818495847588,-0.2752164635799804,-0.21749976508500551,-0.7108817641839276,0,-0.18845145086992035,0.44843614940538934,-1.0908033370756973,0.16666666666666666,0.3111111111111111
Solstice Foods,digital_video,2025-05,28,-1.7646144507169137,,-1.7646144507169137,False,-1.064410088043546,-0.9337475783521358,0.16286296377127943,-1.5060911281856382,-0.24555466948933746,-0.7502007033359478,0.7011192510409755,-0.7002043626733676,-0.8308668723647779,0.24555466948933746,0,-0.5261122386980049,0.3160837185981589,-0.1532207548268795,0.8333333333333334,0.2222222222222222
Verdant Snacks,paid_search,2025-05,28,,,,False,,,,-0.11301788075402676,-0.4894198381647142,,-0.5720187684127687,,,0.4894198381647142,0,,-2.089160925944422,,0.0,0.32608695652173914
Nimbus Home,digital_video,2025-05,28,-1.0290082954637114,0.4141711408338423,0.4141711408338423,False,-1.1069680845340004,-0.5421457231810131,-0.7291214912012174,1.3095361486239498,-1.3839282909062804,0.02198199783769083,0.9317100319506777,0.077959789070289,-0.48686257228269836,1.3839282909062804,1,-0.6311458042669713,0.6413724413230959,-1.3704939325243133,0.2,0.30434782608695654
Crestline Beverages,affiliate,2025-05,28,-0.38196647302876563,-0.2866058302293753,-0.2866058302293753,False,-0.5584775594450138,-0.39534429691945217,0.643862689706279,1.1683142162458604,1.0782072069826865,0.8005471128664439,0.16474244691729173,0.17651108641624813,0.013377823890686535,-1.0782072069826865,1,1.3436148321058763,-1.3350652333237178,1.978927923029997,0.14285714285714285,0.3181818181818182
Ridgeway Grocery,tv,2025-05,28,-0.7303114994936394,0.36851076608508326,0.36851076608508326,False,-0.09697721097907228,-0.640005736793529,0.3960457775774564,0.7469475105406389,,0.5957449248024029,1.1417991963825735,-0.6333342885145671,-0.09030576270011037,,1,1.789065542447963,0.44843614940538934,-0.052390371827932936,0.16666666666666666,0.3111111111111111
Aster Wellness,social,2025-05,28,0.8768314168501499,1.5066660816329547,1.5066660816329547,True,1.4785441145473484,0.42432784312833105,0.016130346779355653,0.7699019560410221,-1.380372357645829,-0.22489237627953046,0.17573856448727387,-0.6017126976971985,0.4525035737218188,1.380372357645829,0,0.5007040311127681,-0.382855549652493,0.3989858964318487,0.6,0.2391304347826087
Crestline Beverages,paid_search,2025-06,29,-0.41770256773446274,0.6535883939376149,0.6535883939376149,True,-2.069444513974761,-1.2368659733030207,0.9695121296139748,-0.17454991555127997,-1.2099708283200925,0.1978314119229203,-0.7163649283383478,1.651741946240298,0.8191634055685579,1.2099708283200925,0,-1.0783492701797421,0.19801753247237208,0.7714945971416027,0.0,0.18181818181818182
Nimbus Home,retail_media,2025-06,29,0.9230269353310351,0.5802445924095809,0.9230269353310351,True,3.280313924859784,1.4600956693715708,-1.1213597960567063,,-1.7196149357643407,2.791291299386541,-0.9349117166687897,-2.357286989528749,-0.5370687340405357,1.7196149357643407,1,-0.38154594375813533,0.14848349261431526,-1.2698432886710216,0.2,0.15217391304347827
Ridgeway Grocery,audio,2025-06,29,-0.6563895952465902,-0.18498685809684157,-0.18498685809684157,False,-1.436031749493312,0.31767588565666754,-0.14874089441215008,-0.17969492942619958,1.4604285130731458,-0.5055740857151684,1.0153328773804913,0.7796421542467217,-0.9740654809032578,-1.4604285130731458,1,0.7766827342887163,1.3053308304189681,-1.4540717248311181,0.0,0.17777777777777778
Pinebrook Pet Co.,affiliate,2025-06,29,-0.4850897280921544,-0.6291943471605914,-0.4850897280921544,False,-0.9232909159404334,-0.6543974657187741,-0.35753548465178203,0.1059875955345547,0.5868373843240077,-0.5180676915061301,-0.545636082597363,0.43820118784827905,0.16930773762661971,-0.5868373843240077,0,-0.023655612613293145,0.4397988242828641,-0.7973343089346461,0.2,0.15217391304347827
Crestline Beverages,retail_media,2025-06,29,-2.1952640135135986,,-2.1952640135135986,False,0.07801644538555363,-0.5346633802746961,1.61297690072806,0.6922374941639275,0.4821559261208851,0.5073984808601691,-0.44498460142653323,-2.273280458899152,-1.6606006332389025,-0.4821559261208851,0,0.1189953051995929,0.19801753247237208,1.414959368255688,0.0,0.18181818181818182
Pinebrook Pet Co.,retail_media,2025-06,29,1.4720251197050682,0.13751480089012322,1.4720251197050682,True,4.229577254630757,1.3178073536017343,-0.17563133788439617,1.4600672864930209,-2.3029623930113416,,-0.11613319672869882,-2.757552134925689,0.15421776610333393,2.3029623930113416,1,0.29149957106850244,0.4397988242828641,-0.6154301621672602,0.0,0.15217391304347827
Halcyon Personal Care,retail_media,2025-06,29,-1.698676171285705,-0.09607844098106061,-0.09607844098106061,False,0.40687333493658556,-0.8898819185791754,-1.4009535783319191,1.7548600644039576,-0.12108234403061807,-1.2591096181323165,-0.5964944006712387,-2.1055495062222906,-0.8087942527065296,0.12108234403061807,1,-1.144736364656581,-1.1398686089040488,-0.2610849694278703,0.2,0.15217391304347827
Solstice Foods,paid_search,2025-06,29,1.021862310818234,0.502823896041628,1.021862310818234,True,0.7002045994919047,0.43957636514114445,-0.7568263365001043,4.0723717684146346,-1.2967209641775232,1.822591881806416,0.49926052573929375,0.32165771132632937,0.5822859456770897,1.2967209641775232,1,-1.4377466141868043,1.0132127672590212,-1.7700391037591254,0.3333333333333333,0.1111111111111111
Aster Wellness,paid_search,2025-06,29,-0.38263187848960006,-0.20467814004727178,-0.20467814004727178,False,-1.4704217715206354,-1.6202576675627094,-0.8838033350616157,0.41218221261744936,0.17234118833437118,0.5816752268797933,-0.40019542846102885,1.0877898930310352,1.2376257890731093,-0.17234118833437118,1,-1.5563134191848247,0.9537987388879917,-1.8376020739496073,0.4,0.13043478260869565
Aster Wellness,display,2025-06,29,0.6194292754664268,1.3977186050833996,1.3977186050833996,True,0.8958592090506706,1.0509654451210748,0.06299643996494632,1.1079465508543624,-1.7942366343627345,2.508975720132591,-0.20967850534410748,-0.27642993358424384,-0.431536169654648,1.7942366343627345,0,0.6002784822011035,0.9537987388879917,-0.8908022989230454,0.2,0.13043478260869565
Solstice Foods,tv,2025-06,29,-0.23373838463858426,-0.015362129345013027,-0.015362129345013027,False,-0.07961187275692909,-0.3806307429241481,-0.8092779458441147,0.01348713163008834,,0.6294265522930392,0.23926940439912836,-0.15412651188165516,0.14689235828556385,,1,-0.716955428618213,1.0132127672590212,-1.8224907131031358,0.5,0.1111111111111111
Crestline Beverages,social,2025-06,29,-1.3034327468893456,-0.5499462085429966,-0.5499462085429966,False,0.2978532813558893,-0.024540359828007563,0.9028833578833005,-0.8041855799996251,0.1089980992294931,0.5939123311471912,,-1.601286028245235,-1.278892387061338,-0.1089980992294931,1,-0.541386717834319,0.19801753247237208,0.7048658254109285,0.0,0.18181818181818182
Halcyon Personal Care,paid_search,2025-06,29,-1.5596765929604426,-0.3660554912393138,-0.3660554912393138,False,-1.8367383609207713,-0.2464943660628504,-1.4419984620812096,-0.6432787185481111,-2.3643885492042314,0.5926325134312669,0.9230457216615827,0.27706176796032866,-1.3131822268975921,2.3643885492042314,1,-0.848862792655541,-1.1398686089040488,-0.3021298531771608,0.2,0.15217391304347827
Verdant Snacks,display,2025-06,29,-0.8341707700207123,-0.5849132696525823,-0.5849132696525823,False,-1.0109166640789964,-0.8765514419831776,1.676081719254689,-0.9318300724419559,1.8763863950499333,-2.2215792821998144,-0.4861053786728714,0.17674589405828411,0.04238067196246531,-1.8763863950499333,1,0.8825585156064701,-0.1887227289939286,1.8648044482486177,0.0,0.17391304347826086
Verdant Snacks,social,2025-06,29,-1.1303182744817002,-0.3056907857559595,-0.3056907857559595,False,-0.48771362934121376,-0.6237891777570986,0.41340469974415084,0.037513169014144,1.9322199452184852,-0.207803983390593,-1.3689661642918716,-0.6426046451404864,-0.5065290967246016,-1.9322199452184852,1,-1.3200159444400816,-0.1887227289939286,0.6021274287380795,0.0,0.17391304347826086
Nimbus Home,social,2025-06,29,1.3838059619979488,0.09973862084919943,1.3838059619979488,True,-0.5715902587875887,-0.8074378166128336,-1.3201923794163648,-0.8808657632771021,-0.1673260075666348,-0.2385296802374922,-1.1678902366085784,1.9553962207855375,2.1912437786107826,0.1673260075666348,1,-0.7630635107053546,0.14848349261431526,-1.46867587203068,0.0,0.15217391304347827
Pinebrook Pet Co.,digital_video,2025-06,29,-0.8742331189920236,-0.21043173286484873,-0.21043173286484873,False,-0.2467429525263382,-0.7053614725569854,-0.3515309790329266,-1.1619770491732706,3.4678883514766046,1.1864308186541053,0.11057590907544573,-0.6274901664656853,-0.16887164643503816,-3.4678883514766046,1,0.13007443998878693,0.4397988242828641,-0.7913298033157907,0.2,0.15217391304347827
Solstice Foods,retail_media,2025-06,29,0.883708642584494,1.9214563002267937,1.9214563002267937,True,-0.20242523043471627,2.4669046690163787,-1.3660533619632707,0.5873840598518748,-0.8691713814407646,-1.6440682524358885,-0.9047445049569766,1.0861338730192103,-1.5831960264318847,0.8691713814407646,0,-1.9984154026083458,1.0132127672590212,-2.379266129222292,0.3333333333333333,0.1111111111111111
Halcyon Personal Care,digital_video,2025-06,29,0.22360130055274588,0.13495775448660752,0.22360130055274588,False,0.42810738373569857,0.8419956935981201,-0.14156956815379607,1.2026382954726023,0.40269128379783126,0.9516724475682801,-0.6178609511071145,-0.20450608318295269,-0.6183943930453742,-0.40269128379783126,1,1.2546581550436646,-1.1398686089040488,0.9982990407502528,0.2,0.15217391304347827
Solstice Foods,affiliate,2025-06,29,1.552211553858953,0.5056573403842947,1.552211553858953,True,-1.2663353405066553,-1.5364912413609058,-1.2103642912983654,-0.805732838889256,0.10503038648826205,0.6695165359724201,-7.077880917101098,2.8185468943656082,3.0887027952198585,-0.10503038648826205,1,-1.260734229869536,1.0132127672590212,-2.2235770585573866,0.3333333333333333,0.1111111111111111
Verdant Snacks,retail_media,2025-06,29,-0.4032743299707804,0.006273938405551682,0.006273938405551682,False,-0.5940701277193524,-0.7396097309478117,0.2571543197313461,-0.2706108864575296,-0.49599352067835284,-1.2356127604097018,-0.08019389561929047,0.19079579774857203,0.3363354009770313,0.49599352067835284,1,-2.0229421206632536,-0.1887227289939286,0.4458770487252747,0.0,0.17391304347826086
Nimbus Home,audio,2025-06,29,0.19741093045811067,0.8341452197267003,0.8341452197267003,True,1.5890529028618143,0.7377552015879792,-0.2967125368501935,1.78506182812277,-2.343348659261712,0.9436517921199504,1.2444586709544279,-1.3916419724037037,-0.5403442711298686,2.343348659261712,0,-0.12231616998547275,0.14848349261431526,-0.44519602946450876,0.2,0.15217391304347827
Solstice Foods,social,2025-06,29,-0.5472818581791282,0.08855753804405317,0.08855753804405317,False,-0.8230144879619138,1.0628081243758594,-1.1067399852989452,1.0582461025024221,-0.8663888210171731,-0.3693722825166492,-0.5527787947772852,0.27573262978278557,-1.6100899825549875,0.8663888210171731,1,-2.0322611968995767,1.0132127672590212,-2.1199527525579667,0.5,0.1111111111111111
Ridgeway Grocery,retail_media,2025-06,29,-0.4777067158993483,0.38639242867230894,0.38639242867230894,False,0.7862718885424322,0.07598946491783054,-0.06974229319215179,-0.36698910735678547,-0.35061876231041555,0.37785097423067565,0.16767255551006083,-1.2639786044417805,-0.5536961808171789,0.35061876231041555,1,1.1006418418366497,1.3053308304189681,-1.37507312361112,0.0,0.17777777777777778
Aster Wellness,social,2025-06,29,0.6220227690709675,0.691987588378118,0.691987588378118,True,1.5891148680593978,0.4592231073179885,-1.0994524300350872,1.610224269611072,-0.9450533953526786,0.5956905126237083,-0.8510844765909006,-0.9670920989884303,0.16279966175297905,0.9450533953526786,0,-0.916379607896112,0.9537987388879917,-2.053251168923079,0.4,0.13043478260869565
Crestline Beverages,digital_video,2025-06,29,-1.2292738656916506,-0.3017006604708824,-0.3017006604708824,False,-1.6190611568009579,-1.3888171285785635,1.251330540944764,-1.9900679113714885,-0.5126221798020053,0.2578103736217428,0.6827265342872285,0.3897872911093072,0.1595432628869129,0.5126221798020053,1,0.3292553267615068,0.19801753247237208,1.0533130084723918,0.0,0.18181818181818182
Crestline Beverages,ooh,2025-06,29,-1.8764060518994126,-0.12435122170716989,-0.12435122170716989,False,-0.11136152991155812,0.07597774822789713,0.5841245786486878,-0.9714924812616342,,-1.203152579286205,-0.47401673848961046,-1.7650445219878543,-1.9523838001273097,,1,0.6678670005640505,0.19801753247237208,0.38610704617631575,0.0,0.18181818181818182
Aster Wellness,audio,2025-06,29,0.0936402369618457,0.8809505280332726,0.8809505280332726,True,-0.6493281409599461,0.5129394519511082,0.6155762623461779,-1.029732971365972,0.4206555128633751,0.8451690280353958,-0.12612331710738778,0.7429683779217917,-0.41929921498926254,-0.4206555128633751,0,0.6672876823550365,0.9537987388879917,-0.3382224765418138,0.4,0.13043478260869565
Aster Wellness,digital_video,2025-06,29,-0.11770155058465179,0.23429536778687005,0.23429536778687005,False,-2.52322706719801,-2.265903047521576,-0.11648345412984232,0.12576378573051922,1.1194332594234735,1.2547664167872563,1.0732128202505977,2.4055255166133582,2.148201496936924,-1.1194332594234735,0,0.8386922136403027,0.9537987388879917,-1.0702821930178341,0.4,0.13043478260869565
Crestline Beverages,audio,2025-06,29,0.22120020790755512,0.49313079627638273,0.49313079627638273,False,0.9247208493845751,1.244501042059995,1.0068207821598927,-0.7732749726847368,2.3917072567125297,-0.38476396095635257,-0.5916744210195418,-0.70352064147702,-1.0233008341524399,-2.3917072567125297,0,-0.6545316606791518,0.19801753247237208,0.8088032496875206,0.0,0.18181818181818182
Aster Wellness,retail_media,2025-06,29,-0.000531417900073152,1.204094649486935,1.204094649486935,True,1.6664656779816382,3.888822728494401,-1.4155369011238395,2.840866862318475,-1.4381675053038827,0.23511195349327416,-0.08764718001685215,-1.6669970958817113,-3.8893541463944743,1.4381675053038827,0,-0.6927012192542532,0.9537987388879917,-2.369335640011831,0.2,0.13043478260869565
Ridgeway Grocery,social,2025-06,29,-0.884453938019275,-0.10572447822898036,-0.10572447822898036,False,-0.06592502427207186,1.0272137243975132,-1.8938625983878954,-1.634504990827864,0.6852973927485955,-0.027824918180033513,-1.4600910384529395,-0.8185289137472032,-1.911667662416788,-0.6852973927485955,1,-1.40533766366239,1.3053308304189681,-3.1991934288068635,0.0,0.17777777777777778
Solstice Foods,digital_video,2025-06,29,-1.6558540084338054,,-1.6558540084338054,False,-0.9386113634928521,-0.6213857291286304,0.14350238264624768,-0.012571375266656748,1.9283891439917624,,0.6271642055477186,-0.7172426449409532,-1.034468279305175,-1.9283891439917624,0,0.11220036380603911,1.0132127672590212,-0.8697103846127735,0.5,0.1111111111111111
Ridgeway Grocery,tv,2025-06,29,-0.06317880474407543,0.04207431706197355,0.04207431706197355,False,-0.06510798952748245,-1.0881435460693092,-0.9268025164023412,-0.3540196272011342,,-0.15850713107783607,1.7152007640451767,0.0019291847834070203,1.0249647413252339,,1,-0.7097737887289446,1.3053308304189681,-2.2321333468213096,0.0,0.17777777777777778
Crestline Beverages,affiliate,2025-06,29,-1.9972668425200413,-0.8080010654161432,-0.8080010654161432,False,0.7969987625947429,0.4792550241184926,0.46243070173644546,0.2556944395757078,-0.42611631480135687,1.834319947609757,-1.7036618430927284,-2.7942656051147843,-2.476521866638534,0.42611631480135687,1,-1.785987943866918,0.19801753247237208,0.2644131692640734,0.0,0.18181818181818182
Solstice Foods,display,2025-06,29,-0.8521524545032307,0.07536010551570865,0.07536010551570865,False,-0.373831294033964,-0.09692789769423449,0.6795714835808514,-1.5748497294781316,0.7872904365055458,0.04423023758862265,0.4528069162373055,-0.47832116046926676,-0.7552245568089963,-0.7872904365055458,1,0.27522756388919845,1.0132127672590212,-0.3336412836781698,0.5,0.1111111111111111
Crestline Beverages,tv,2025-06,29,-0.6362232050683309,-0.40022169504705724,-0.40022169504705724,False,-0.4118019388631092,-0.31339581520821774,1.3896368967061055,-0.4132511387659252,,-0.8102853378456397,2.0896935763425213,-0.22442126620522168,-0.3228273898601131,,1,0.5436599547454604,0.19801753247237208,1.1916193642337334,0.0,0.18181818181818182
Nimbus Home,paid_search,2025-06,29,-0.3136774209328578,-0.21371632005104646,-0.21371632005104646,False,-4.62464822482268,-2.3705965332018017,-0.7953055571930865,-0.544055290020953,0.4476564703154444,-0.3192294465491689,-0.44820780436087004,4.3109708038898225,2.056919112268944,-0.4476564703154444,1,-0.3795757421316569,0.14848349261431526,-0.9437890498074017,0.2,0.15217391304347827
Verdant Snacks,affiliate,2025-06,29,-1.0750731167317509,-1.0850535561744727,-1.0750731167317509,False,-0.3989893646732269,-0.41825396591313324,0.8500797946750325,1.456041772340506,0.46139611119982143,-0.9554419133287149,-0.509414032149913,-0.676083752058524,-0.6568191508186176,-0.46139611119982143,0,0.4202707539382608,-0.1887227289939286,1.038802523668961,0.0,0.17391304347826086
Nimbus Home,display,2025-06,29,-0.014463209726025777,-0.04090846686775334,-0.014463209726025777,False,-1.7243054802471227,-1.3255651889750253,0.05304592914547024,-0.4613841922242805,1.071588165021932,0.39480861566517295,1.2151263009090778,1.709842270521097,1.3111019792489995,-1.071588165021932,0,0.7417642719506052,0.14848349261431526,-0.09543756346884502,0.2,0.15217391304347827
Verdant Snacks,paid_search,2025-06,29,-1.7865078513711072,,-1.7865078513711072,False,-1.3134437669287706,-1.2846594241295528,0.8294596972215369,-0.5048317227546529,0.769629540583047,,-0.4056355941588638,-0.4730640844423366,-0.5018484272415544,-0.769629540583047,0,-0.6368312257666635,-0.1887227289939286,1.0181824262154655,0.0,0.17391304347826086
Halcyon Personal Care,social,2025-06,29,1.059095770853675,0.23153035187406623,1.059095770853675,True,-1.2952456160200936,-1.8413550704757624,-1.1968018661639754,-0.3797986586323963,-0.5177425791554465,0.035204909322120906,0.3556385110275728,2.3543413868737684,2.9004508413294374,0.5177425791554465,1,-0.6956910315139399,-1.1398686089040488,-0.056933257259926595,0.0,0.15217391304347827
Halcyon Personal Care,display,2025-06,29,-0.4062611094838884,0.2760088038911702,0.2760088038911702,False,-1.4699421189216189,-1.7311757536566246,0.40752216780245337,-0.9119861368189118,-0.23584771528168263,0.6982299091319221,-0.23020967665832584,1.0636810094377305,1.3249146441727362,0.23584771528168263,1,1.6498947822710635,-1.1398686089040488,1.5473907767065023,0.2,0.15217391304347827
Pinebrook Pet Co.,display,2025-06,29,-1.0012860187857835,0.2243576288734103,0.2243576288734103,False,-0.4629220844554697,-0.365543085317842,0.29116712672280787,-0.47882826018558267,1.1299242988692078,-1.5413888913098495,0.8990817010200649,-0.5383639343303138,-0.6357429334679414,-1.1299242988692078,1,0.7228285245654108,0.4397988242828641,-0.14863169756005623,0.2,0.15217391304347827
Ridgeway Grocery,affiliate,2025-06,29,-0.5446054246090356,-0.32789939438654825,-0.32789939438654825,False,-0.28361139704996385,0.6166642121398902,-0.5224291525209821,-0.3173163821520497,-0.7566931161421745,-0.09654465505073681,0.23394364788674182,-0.26099402755907175,-1.161269636748926,0.7566931161421745,1,-0.057132177022196556,1.3053308304189681,-1.8277599829399502,0.0,0.17777777777777778
Ridgeway Grocery,display,2025-06,29,-0.7542101971365107,0.17532358419040275,0.17532358419040275,False,-0.864355569636456,-1.2946906170807893,0.6684424937901103,-1.736701096017759,1.421954203705418,-0.8172521536347866,-0.5150354330010043,0.11014537249994527,0.5404804199442785,-1.421954203705418,1,0.9961952434411215,1.3053308304189681,-0.6368883366288578,0.0,0.17777777777777778
Ridgeway Grocery,paid_search,2025-06,29,-0.13074609056486658,0.4413469300044571,0.4413469300044571,False,-1.0001898830335112,-0.7319722294859471,-0.98667065185512,0.42343019097032786,1.0401805417622918,-0.4278578147662698,0.7680982826061278,0.8694437924686447,0.6012261389210805,-1.0401805417622918,0,-1.1817315060892335,1.3053308304189681,-2.292001482274088,0.0,0.17777777777777778
Nimbus Home,digital_video,2025-06,29,0.1468761444302588,-0.0161361945659859,0.1468761444302588,False,0.00038714399757862057,-0.6943081200533704,0.02187326565696561,-0.49985127819634767,0.9396851535055168,,-0.3450003089295453,0.14648900043268018,0.8411842644836292,-0.9396851535055168,1,1.0410663690125768,0.14848349261431526,-0.12661022695734964,0.2,0.15217391304347827
Verdant Snacks,digital_video,2025-06,29,0.38401271552442745,-0.7738688400791978,0.38401271552442745,False,-0.8593566719598297,-1.4925278582581802,2.3979381489747618,-0.10685250610653345,1.8160455116711098,1.5490048108119323,-0.9744097074719543,1.243369387484257,1.8765405737826077,-1.8160455116711098,0,0.7060289555503207,-0.1887227289939286,2.5866608779686904,0.0,0.17391304347826086
Pinebrook Pet Co.,social,2025-06,29,-0.4089831629074117,-0.5708647099422799,-0.4089831629074117,False,-1.3203710774064965,-0.5495772947046398,-0.7117803586639336,-0.7117693019979637,0.4338563702047026,,-0.30514733189953913,0.9113879144990849,0.14059413179722807,-0.4338563702047026,0,-0.5726836984769748,0.4397988242828641,-1.1515791829467976,0.2,0.15217391304347827
Halcyon Personal Care,affiliate,2025-06,29,-1.7170624951795204,-0.46810727760509485,-0.46810727760509485,False,-1.1266432717185304,0.37029129358038954,-0.6531923250423067,-0.03678224884898203,0.5138144466060623,0.1785494358069563,-0.5801306028295746,-0.59041922346099,-2.08735378875991,-0.5138144466060623,1,0.17623833132517364,-1.1398686089040488,0.4866762838617421,0.2,0.15217391304347827
Pinebrook Pet Co.,paid_search,2025-06,29,-0.6012069420695435,-0.11288342209064636,-0.11288342209064636,False,-1.4540516204663454,-1.4255498844032695,-0.6130283818923159,,-0.07645810564269855,-0.24215769861009365,0.5595626577313821,0.8528446783968019,0.824342942333726,0.07645810564269855,1,-0.7810523895100482,0.4397988242828641,-1.05282720617518,0.2,0.15217391304347827
Pinebrook Pet Co.,retail_media,2025-07,30,-0.3573758880786768,0.24809235324117912,0.24809235324117912,False,-1.8483948318475845,-1.3032292819643294,-0.8510684756722839,-0.7029946753103029,0.29400627596398976,-0.2558470428934457,0.6586865225553712,1.4910189437689076,0.9458533938856526,-0.29400627596398976,1,-1.3799186636922125,0.3334890659931089,-1.1845575416653928,0.4,0.13043478260869565
Ridgeway Grocery,tv,2025-07,30,-0.10815161801301608,-0.3005473074169103,-0.10815161801301608,False,1.0139313815723596,0.4088524234197172,-0.8309437664068965,3.2168796997952818,,1.2822074063952027,0.6921519546567062,-1.1220829995853756,-0.5170040414327333,,0,-0.4410501778291531,-0.12024000906763226,-0.7107037573392643,0.0,0.17777777777777778
Solstice Foods,social,2025-07,30,-0.18630067450979276,0.11781819773920271,0.11781819773920271,False,1.3052964681658235,0.6584349919078455,0.1296000446744312,1.2634218533848478,0.21065576650650783,-0.877864104787841,0.15775605259375491,-1.4915971426756163,-0.8447356664176382,-0.21065576650650783,1,0.41629370145815153,0.1268360295506835,0.002764015123747715,0.3333333333333333,0.13333333333333333
Halcyon Personal Care,retail_media,2025-07,30,-0.6249828904606196,-0.5084071688706135,-0.5084071688706135,False,-2.009283871290485,-1.9340964582427937,-0.42503680901827545,-0.774665926010079,0.9574879654158643,0.6434013949913366,0.8636097439650485,1.3843009808298654,1.3091135677821741,-0.9574879654158643,1,-0.9473073023275306,-0.11618878413701683,-0.3088480248812586,0.0,0.17391304347826086
Aster Wellness,digital_video,2025-07,30,-0.9602216502813,-0.23029690555022436,-0.23029690555022436,False,-0.46825905335581547,-0.20358403925770702,1.061338327388776,-1.1298644042180637,-1.1742288681809436,0.9448259855617417,0.019217965863999042,-0.49196259692548455,-0.7566376110235931,1.1742288681809436,1,0.9344693055830673,0.37777358754999857,0.6835647398387774,0.4,0.13043478260869565
Nimbus Home,paid_search,2025-07,30,-0.7307142483929158,-0.7014251553668095,-0.7014251553668095,False,-1.4247329893912946,-2.667164524475467,-0.6203117923510205,0.03836512919086798,-0.23469082671905644,-1.1658364873769047,-0.5744559931826244,0.6940187409983788,1.9364502760825513,0.23469082671905644,1,-0.03142120787767846,-0.005783958854932436,-0.6145278334960881,0.2,0.15217391304347827
Verdant Snacks,display,2025-07,30,-0.9731169492188738,-0.6692739737843972,-0.6692739737843972,False,-0.13120716034209157,0.0053016675628112875,0.9817022946646978,-0.408385189898332,0.5110365142143892,-3.1212411760456806,-0.8177585433228024,-0.8419097888767823,-0.9784186167816851,-0.5110365142143892,1,0.7379321345257006,1.287559156875684,-0.30585686221098607,0.0,0.17391304347826086
Nimbus Home,retail_media,2025-07,30,1.3737020597441851,0.9824141151271748,1.3737020597441851,True,3.8880178220071566,1.7517928700719059,-1.6632445277790613,1.693476858803363,-0.9275271214306114,1.9234536791669732,0.08334724399282345,-2.5143157622629717,-0.37809081032772074,0.9275271214306114,1,-1.2151705861695894,-0.005783958854932436,-1.6574605689241289,0.0,0.15217391304347827
Verdant Snacks,digital_video,2025-07,30,0.4041023628967725,-0.11108563048819872,0.4041023628967725,False,-0.08625941061884117,-0.3069185742026371,1.3054832347020884,1.765720804309856,-0.608176458625437,0.4219044934007258,-0.41542551103495307,0.49036177351561366,0.7110209370994096,0.608176458625437,1,0.3625000829369426,1.287559156875684,0.017924077826404483,0.0,0.17391304347826086
Aster Wellness,social,2025-07,30,3.2112212728918883,1.5700251529376683,3.2112212728918883,True,3.621895550847176,2.19546813128839,0.08791571657317011,2.8492353376222157,-0.6588445179785095,2.490343640908431,0.925867976132972,-0.4106742779552879,1.0157531416034984,0.6588445179785095,1,-0.47114903444573225,0.37777358754999857,-0.28985787097682847,0.2,0.13043478260869565
Verdant Snacks,social,2025-07,30,-0.30455667031688544,-0.2973605750074437,-0.2973605750074437,False,-1.1223969614656921,-0.9515043816431491,1.5119834370736642,0.15881467666049004,-0.7628577004574246,-0.7368721669978932,-0.4901614479861052,0.8178402911488067,0.6469477113262636,0.7628577004574246,1,0.7780365313259545,1.287559156875684,0.22442428019798033,0.0,0.17391304347826086
Halcyon Personal Care,display,2025-07,30,0.2058937123566907,0.004981269106315917,0.2058937123566907,False,-1.076072762563561,-1.892304570481737,-0.39287952191716996,-0.7954208208033202,-2.712698093355415,,0.034778607855780186,1.2819664749202517,2.098198282838428,2.712698093355415,1,-1.3652291206781575,-0.11618878413701683,-0.27669073778015313,0.0,0.17391304347826086
Pinebrook Pet Co.,paid_search,2025-07,30,0.14299944311104232,-0.10336902084629963,0.14299944311104232,False,-0.21141749714153954,-0.5094449455228853,-0.34149846018602653,1.1334113162553514,0.17879027931114058,1.1233206795662691,-0.6120677541024917,0.35441694025258186,0.6524443886339276,-0.17879027931114058,1,0.22689658769314783,0.3334890659931089,-0.6749875261791354,0.4,0.13043478260869565
Halcyon Personal Care,affiliate,2025-07,30,0.7531103442941941,-0.3119790902273101,0.7531103442941941,True,-0.4945695397352606,0.28780924988726064,0.20948331415067545,0.5218850179468439,0.5212188120265131,-1.845345704248736,0.45691454045244384,1.2476798840294547,0.46530109440693346,-0.5212188120265131,1,-0.239314222146772,-0.11618878413701683,0.3256720982876923,0.0,0.17391304347826086
Solstice Foods,tv,2025-07,30,0.8330421398745186,0.048816677825324256,0.8330421398745186,True,0.20963499440151023,0.2737938111171636,-1.8727901917582446,0.36913509347692797,,-0.22018896664610832,0.4927382356197593,0.6234071454730084,0.559248328757355,,1,-1.1146011245151746,0.1268360295506835,-1.999626221308928,0.3333333333333333,0.13333333333333333
Ridgeway Grocery,paid_search,2025-07,30,-0.17044459730604455,0.18062301008004217,0.18062301008004217,False,-0.004746645088628035,-0.19711779614533156,-0.09129005088551258,0.7395422022919474,2.2917078448594923,0.8299127561071303,-0.34164833791484533,-0.1656979522174165,0.02667319883928701,-2.2917078448594923,0,0.9507568924593215,-0.12024000906763226,0.02894995818211968,0.0,0.17777777777777778
Ridgeway Grocery,affiliate,2025-07,30,-0.42604866450564477,-0.2013351307165986,-0.2013351307165986,False,-0.7428319329702674,-0.46594541309564,-1.1746351318690198,0.2231824573233343,-0.642951291683948,1.9558654545638043,1.301120769356249,0.3167832684646226,0.03989674858999526,0.642951291683948,1,-0.4400832385602421,-0.12024000906763226,-1.0543951228013875,0.0,0.17777777777777778
Ridgeway Grocery,audio,2025-07,30,-1.1822684913828934,-0.9007054159783189,-0.9007054159783189,False,-1.4944778076202765,-1.6370975107837968,-1.278804979282727,0.3800593260690044,0.44924705106452617,-0.46186044774759555,-0.21612202983108397,0.3122093162373831,0.4548290194009035,-0.44924705106452617,1,-0.3495257678870156,-0.12024000906763226,-1.1585649702150946,0.0,0.17777777777777778
Pinebrook Pet Co.,affiliate,2025-07,30,1.8624773816317544,0.13952775200366538,1.8624773816317544,True,-0.5508101801989029,-1.2010762880919668,-0.5223248749946944,0.8546970415195272,-2.0592098101469776,-2.1264516732859082,0.3798723477736743,2.413287561830657,3.063553669723721,2.0592098101469776,1,-0.07835121424269198,0.3334890659931089,-0.8558139409878033,0.2,0.13043478260869565
Pinebrook Pet Co.,display,2025-07,30,-0.7195644243063936,-0.7792028954607834,-0.7195644243063936,False,-1.5247346458107758,-1.707850663096623,0.05558995727274959,-0.6964066775334227,0.6628235633946622,-1.3504334303557841,0.5514496213247132,0.8051702215043822,0.9882862387902295,-0.6628235633946622,0,0.6852271843343298,0.3334890659931089,-0.27789910872035933,0.4,0.13043478260869565
Crestline Beverages,retail_media,2025-07,30,-2.2583443909617884,,-2.2583443909617884,False,0.5040696827813786,-0.678877392419483,1.2256034961419027,0.39937801932472605,1.5522963042052729,-0.7885589484778831,-0.5283977310328438,-2.762414073743167,-1.5794669985423053,-1.5522963042052729,0,0.38680788339645894,-0.1712144959519657,1.3968179920938684,0.14285714285714285,0.1590909090909091
Nimbus Home,digital_video,2025-07,30,-0.47938977824039036,-0.30256042872752076,-0.30256042872752076,False,0.5159378255155476,1.528182354476088,-0.3592493878710181,0.4999510881149924,-0.17293602753546017,-0.0882562619763451,0.2914464328258412,-0.995327603755938,-2.0075721327164784,0.17293602753546017,1,0.44815340254343766,-0.005783958854932436,-0.3534654290160857,0.2,0.15217391304347827
Crestline Beverages,digital_video,2025-07,30,-1.4227428304055312,-1.0602111870172612,-1.0602111870172612,False,0.085331093660869,0.16760789078152233,0.8048683352371789,-0.5523311900914538,0.0751704787206488,0.7163361463150927,-0.1525423096787451,-1.5080739240664003,-1.5903507211870536,-0.0751704787206488,1,0.6083451660796321,-0.1712144959519657,0.9760828311891446,0.14285714285714285,0.1590909090909091
Verdant Snacks,affiliate,2025-07,30,-1.3142170424682995,-1.4993140028387286,-1.3142170424682995,False,0.839243073313468,1.1166845179038905,0.41937105929094837,-1.448920207206278,0.7366379137798632,2.0953073856709024,0.018920774671676854,-2.1534601157817677,-2.43090156037219,-0.7366379137798632,0,-0.5022850509146151,1.287559156875684,-0.8681880975847356,0.0,0.17391304347826086
Halcyon Personal Care,paid_search,2025-07,30,-0.5905072987357793,-0.8857193614158545,-0.5905072987357793,False,1.2572932755978765,0.32657955173046516,1.0721705591463393,1.5280842605617422,0.814660023718829,-0.07482570637536193,0.09276628246563806,-1.8478005743336559,-0.9170868504662445,-0.814660023718829,0,1.0918049771845675,-0.11618878413701683,1.1883593432833561,0.0,0.17391304347826086
Crestline Beverages,tv,2025-07,30,-0.4851202087703336,-0.47094684996140135,-0.47094684996140135,False,-0.03886920759639675,-0.4560529134053394,0.24423936807031058,0.8082541068425568,,0.792950128856484,-1.018840004031328,-0.4462510011739369,-0.02906729536499425,,1,-1.2631788345260615,-0.1712144959519657,0.41545386402227624,0.14285714285714285,0.1590909090909091
Crestline Beverages,audio,2025-07,30,-0.6478725339467751,0.04014616084439162,0.04014616084439162,False,-0.41085960173055563,-0.5071825467216767,0.4306216588476875,,0.23337921674947779,-0.9307356196993717,1.362482222479139,-0.2370129322162195,-0.1406899872250984,-0.23337921674947779,1,-0.3286577641522307,-0.1712144959519657,0.6018361547996531,0.14285714285714285,0.1590909090909091
Solstice Foods,affiliate,2025-07,30,-0.8050852526312882,0.4068363668147482,0.4068363668147482,False,0.18562580073168705,0.05440169754878932,-1.3502202043095295,-0.6758788963576068,0.07345705480908316,-0.3373952671573264,0.8004072143898463,-0.9907110533629753,-0.8594869501800775,-0.07345705480908316,1,-1.2210137604182272,0.1268360295506835,-1.477056233860213,0.3333333333333333,0.13333333333333333
Aster Wellness,display,2025-07,30,0.04190748509044853,0.9695348960740913,0.9695348960740913,True,2.4568291531717525,3.035815759949555,1.2457114577271386,1.6338677232448338,-2.800287062839607,2.6159150370538313,-0.6714148255292359,-2.414921668081304,-2.993908274859107,2.800287062839607,0,0.715601872000208,0.37777358754999857,0.8679378701771401,0.4,0.13043478260869565
Crestline Beverages,paid_search,2025-07,30,-0.489103979713186,0.2189845597888812,0.2189845597888812,False,0.7025931321294823,-0.08514422343601094,0.8908490603735623,0.569272784745726,0.5449412286073263,-1.3162152732186458,-0.8083347997446831,-1.1916971118426682,-0.40395975627717506,-0.5449412286073263,1,0.19676511576237993,-0.1712144959519657,1.062063556325528,0.14285714285714285,0.1590909090909091
Ridgeway Grocery,display,2025-07,30,0.2574361199689474,-0.1383520441647499,0.2574361199689474,False,0.5346095815769772,-0.5158328926887613,0.05945789152424803,-0.2186132099689454,0.21124324379331583,-0.7101426687456278,-1.5023467031438225,-0.27717346160802986,0.7732690126577086,-0.21124324379331583,1,0.2859431552789758,-0.12024000906763226,0.1796979005918803,0.0,0.17777777777777778
Ridgeway Grocery,retail_media,2025-07,30,0.07678212575499058,0.000370907668333198,0.07678212575499058,False,0.4696215393511504,-0.47803607871027276,-1.6104431328239632,0.8083256888552715,0.19123057316828132,-0.8501262543625568,-0.8447115357545942,-0.3928394135961598,0.5548182044652633,-0.19123057316828132,1,-1.428720606680156,-0.12024000906763226,-1.490203123756331,0.0,0.17777777777777778
Crestline Beverages,affiliate,2025-07,30,2.8472299760433524,0.051999628943838395,2.8472299760433524,True,3.3123858807044035,3.309854821033042,0.6277375824917605,4.181132126180663,-4.754098021182038,3.4472424814157643,0.42175569303754684,-0.46515590466105117,-0.4626248449896897,4.754098021182038,1,-0.06435465620326529,-0.1712144959519657,0.7989520784437262,0.0,0.1590909090909091
Nimbus Home,audio,2025-07,30,0.8526048562566394,0.7054955598406548,0.8526048562566394,True,3.7475243255713075,2.2119641509222743,-1.088974033979579,2.2135589533732873,-2.41307828861811,0.7540707870695688,1.3665809598487246,-2.8949194693146683,-1.359359294665635,2.41307828861811,1,-0.015797766269168685,-0.005783958854932436,-1.0831900751246466,0.2,0.15217391304347827
Solstice Foods,digital_video,2025-07,30,-0.3733289261797276,-1.2645991284434823,-0.3733289261797276,False,0.10519825477833628,0.2697430433686114,-0.28778054699764927,0.20551039168443808,-1.1952994064336104,1.205296076016088,0.07652068165999171,-0.4785271809580639,-0.643071969548339,1.1952994064336104,0,0.6218945574629786,0.1268360295506835,-0.4146165765483327,0.3333333333333333,0.13333333333333333
Aster Wellness,retail_media,2025-07,30,2.02439495389271,0.9405784400683169,2.02439495389271,True,-0.33063220229449125,0.829493610557417,-0.16802333199975883,2.3202631565501717,-1.2487678118984291,1.6808403619473968,-0.2545922859421935,2.3550271561872016,1.1949013433352933,1.2487678118984291,1,-0.6372287103232421,0.37777358754999857,-0.5457969195497574,0.2,0.13043478260869565
Solstice Foods,retail_media,2025-07,30,-0.37326260610208134,1.1003489646467517,1.1003489646467517,True,-0.2255130665688193,1.4031740448433694,-0.8374467792682141,-0.0956790978199697,1.708690437851429,0.5845984781903554,0.9691321919249867,-0.14774953953326203,-1.7764366509454508,-1.708690437851429,0,-0.2329748950168022,0.1268360295506835,-0.9642828088188976,0.16666666666666666,0.13333333333333333
Halcyon Personal Care,social,2025-07,30,-0.7772535772914033,0.011549991513751233,0.011549991513751233,False,-0.18294444085356543,0.43274377369654565,0.716112916099588,-0.15918050586254331,0.19707953945940657,-2.669976916930601,-0.9394497730489775,-0.5943091364378379,-1.209997350987949,-0.19707953945940657,1,0.6928672262011073,-0.11618878413701683,0.8323017002366049,0.0,0.17391304347826086
Ridgeway Grocery,social,2025-07,30,0.8615345201690185,-0.04748978197898128,0.8615345201690185,True,-1.4013035312223519,-0.10640183104610873,-0.6407694205390589,-0.5785015325429035,0.09060792962219143,-1.1589542682370257,0.7749092977617084,2.2628380513913706,0.9679363512151273,-0.09060792962219143,1,0.18025667023532305,-0.12024000906763226,-0.5205294114714267,0.0,0.17777777777777778
Aster Wellness,audio,2025-07,30,0.38464608406610196,0.8332056118202198,0.8332056118202198,True,-1.3625897156818993,-0.27721587252079577,0.00010420209284374627,-0.6264536028812134,0.9435217945604579,-0.08853806273537321,0.4291054611704037,1.7472357997480013,0.6618619565868977,-0.9435217945604579,0,-1.300091852843487,0.37777358754999857,-0.37766938545715484,0.4,0.13043478260869565
Crestline Beverages,social,2025-07,30,-0.9353116618361647,-0.8351583272317261,-0.8351583272317261,False,-0.40471029666891006,-0.04396904305030702,0.942744532168161,0.7195814065106346,0.43744150733993176,0.759847751021114,0.5077942374484903,-0.5306013651672545,-0.8913426187858576,-0.43744150733993176,1,0.8984561505461894,-0.1712144959519657,1.1139590281201266,0.14285714285714285,0.1590909090909091
Solstice Foods,display,2025-07,30,-0.6870531831233583,-0.1044694270441301,-0.1044694270441301,False,0.8153709845593743,-0.5384726809683188,0.5187367773491659,-0.42823566417993925,0.09561127660484789,-0.9006343405682594,-0.6945606234142282,-1.5024241676827326,-0.14858050215503948,-0.09561127660484789,1,1.1648607476282606,0.1268360295506835,0.3919007477984824,0.3333333333333333,0.13333333333333333
Verdant Snacks,paid_search,2025-07,30,-0.21283173299943972,,-0.21283173299943972,False,-1.1590443673790056,-0.8961574517629189,0.777525410560315,0.4246056666692366,1.217364703129026,0.8637441596188544,-0.23547364250044514,0.9462126343795659,0.6833257187634793,-1.217364703129026,0,-0.4048522382186054,1.287559156875684,-0.5100337463153689,0.0,0.17391304347826086
Nimbus Home,social,2025-07,30,-0.134116501628386,0.46793851507850187,0.46793851507850187,False,0.9342000071590243,0.26204370762392437,-0.5432956707425035,-0.3130426324919259,0.04476340144384543,-0.7450984191880928,0.3567961865697633,-1.0683165087874102,-0.3961602092523104,-0.04476340144384543,0,0.22881656161332056,-0.005783958854932436,-0.5375117118875711,0.2,0.15217391304347827
Verdant Snacks,retail_media,2025-07,30,-0.15427237991466491,-0.11293711500801952,-0.11293711500801952,False,-1.5018896577836365,-2.7482110504839117,0.2525296126951285,1.4687677846207596,-0.34125814902534346,-0.9967693920411961,0.28216260625947287,1.3476172778689715,2.593938670569247,0.34125814902534346,1,-0.8971303850534657,1.287559156875684,-1.0350295441805555,0.0,0.17391304347826086
Nimbus Home,display,2025-07,30,-0.3471092756643791,-0.23397813414406132,-0.23397813414406132,False,-0.5361025559126494,-1.6130191851225577,0.03651551834132558,0.15832550141373153,0.09918318602771793,0.1694768751439748,0.2784299234794979,0.18899328024827033,1.2659099094581787,-0.09918318602771793,1,1.540366403495083,-0.005783958854932436,0.04229947719625802,0.2,0.15217391304347827
Aster Wellness,paid_search,2025-07,30,-0.38795525176889295,-0.2641336470632586,-0.2641336470632586,False,0.24692098310287253,0.3560715825227648,0.5938804976576694,-0.027084690544608693,0.6517587884720668,0.3832864406108884,0.35338474664221436,-0.6348762348717655,-0.7440268342916577,-0.6517587884720668,1,0.1304200400832359,0.37777358754999857,0.2161069101076708,0.4,0.13043478260869565
Crestline Beverages,ooh,2025-07,30,-0.03572213090982637,-0.3030585749587137,-0.03572213090982637,False,-0.5163187463695961,0.39970694696033027,-1.5694179115667801,0.8364774877787077,,2.620948476365156,0.7998265506485649,0.4805966154597697,-0.4354290778701566,,0,-1.1370010160072,-0.1712144959519657,-1.3982034156148144,0.14285714285714285,0.1590909090909091
Halcyon Personal Care,digital_video,2025-07,30,-0.9004210608651629,0.0175911842191007,0.0175911842191007,False,-1.6080360861263268,0.11450215305915927,0.21357154737033798,0.42873484803327,1.002556041312871,-1.7260773427889713,0.1281422503763563,0.7076150252611638,-1.0149232139243223,-1.002556041312871,1,0.26610342519311836,-0.11618878413701683,0.32976033150735484,0.0,0.17391304347826086
Pinebrook Pet Co.,digital_video,2025-07,30,0.6940677005954831,-0.09879991044478816,0.6940677005954831,True,-0.6161576896085011,-0.41013497765099566,-0.3210110765362963,0.42680132979822083,1.0091528420406144,-0.3102007050435466,0.031416799448923116,1.3102253902039842,1.1042026782464787,-1.0091528420406144,1,0.2840243131770212,0.3334890659931089,-0.6545001425294052,0.4,0.13043478260869565
Solstice Foods,paid_search,2025-07,30,1.4369574974885801,1.3354210695558442,1.4369574974885801,True,4.2734126669034165,1.9824977953112415,-0.4585900309823451,7.6112260980868935,-3.8329180830565264,2.25307751109605,0.6993075769883935,-2.8364551694148363,-0.5455402978226613,3.8329180830565264,1,-0.2921355892197611,0.1268360295506835,-0.5854260605330286,0.16666666666666666,0.13333333333333333
Pinebrook Pet Co.,social,2025-07,30,1.2360100604439346,-0.07491425204710145,1.2360100604439346,True,0.023744950985377287,-0.16288334834770976,-0.23102279813892085,-1.6947412821364856,-0.3374612158816317,-1.2593930762080967,-0.7376924669102058,1.2122651094585573,1.3988934087916443,0.3374612158816317,1,0.4612756543282376,0.3334890659931089,-0.5645118641320297,0.2,0.13043478260869565
Ridgeway Grocery,display,2025-08,31,-0.07034517974799205,-0.12602650153679007,-0.07034517974799205,False,-0.8673453142304097,-1.5195179063367847,0.2498643532726506,-0.3517007103330916,0.0016364463136058264,1.735659021235663,-0.42048184117639414,0.7970001344824177,1.4491727265887926,-0.0016364463136058264,0,0.6049900431925123,-0.08937987670777066,0.33924422998042125,0.0,0.06666666666666667
Ridgeway Grocery,paid_search,2025-08,31,-0.529324805232129,-0.2768384977010134,-0.2768384977010134,False,-1.423738153165236,-1.3975386776597043,-0.047841003229258494,1.2259248723440792,-0.032903186828721134,,-0.14216246054188086,0.894413347933107,0.8682138724275753,0.032903186828721134,1,0.6419710854256886,-0.08937987670777066,0.041538873478512164,0.0,0.06666666666666667
Pinebrook Pet Co.,social,2025-08,31,-1.432575459811499,-0.13456634717221694,-0.13456634717221694,False,-0.3290022636689571,-0.7172598240887645,-0.6475650441680663,0.5918298632559249,0.42668135176233674,0.38670765946186936,-0.9444257189684959,-1.103573196142542,-0.7153156357227345,-0.42668135176233674,1,0.5658207947562244,-0.6312582728899674,-0.016306771278098875,0.2,0.043478260869565216
Solstice Foods,digital_video,2025-08,31,0.6902008002412492,-0.297551585416063,0.6902008002412492,True,-1.5991482175032476,-0.7698760458990164,-1.7813056189231196,0.25600903194690217,0.26610848153993966,-0.8636987822250648,0.754582654391793,2.289349017744497,1.4600768461402656,-0.26610848153993966,1,-0.8710414286543126,0.22466375767005467,-2.0059693765931743,0.0,0.06666666666666667
Aster Wellness,audio,2025-08,31,0.14194090653684419,0.20674240918826425,0.20674240918826425,False,-0.7660634754104263,-1.827387309327364,2.9043883538325193,-0.042833216775672193,0.019658756921890744,-0.05451623185978808,-0.7155710917083266,0.9080043819472705,1.9693282158642083,-0.019658756921890744,0,0.6329816930060435,0.20472246399459937,2.6996658898379198,0.2,0.043478260869565216
Aster Wellness,display,2025-08,31,-1.7105001260879427,-0.11657370728122964,-0.11657370728122964,False,-1.1600213317706738,-0.35827822781021235,2.390314716159867,-1.2733834267523687,0.8251933168698049,-1.8176847822690347,-0.4271141985016616,-0.5504787943172689,-1.3522218982777303,-0.8251933168698049,1,0.31766425942897203,0.20472246399459937,2.1855922521652675,0.2,0.043478260869565216
Verdant Snacks,social,2025-08,31,-0.7777989758726582,-0.737557973557081,-0.737557973557081,False,-0.5648425001229251,-0.6987761163896439,-1.2210660344037692,0.4182290017659511,1.1523466444856743,-0.7882148352530591,1.2008546853460658,-0.2129564757497331,-0.07902285948301435,-1.1523466444856743,1,-2.151092008770154,1.440228857186221,-2.66129489158999,0.0,0.06521739130434782
Solstice Foods,tv,2025-08,31,-0.034023461530643465,0.06280892152281009,0.06280892152281009,False,-0.2300639257889145,0.30303025759662344,-0.4997286479117286,0.2067409061848429,,,0.4743865789946747,0.19604046425827104,-0.3370537191272669,,0,-0.24578349105703307,0.22466375767005467,-0.7243924055817833,0.0,0.06666666666666667
Solstice Foods,paid_search,2025-08,31,-0.9155761003454284,0.3429430462136412,0.3429430462136412,False,-2.3467215329376914,-1.55444253745331,-0.6578866354240096,-0.12284026967725578,0.3435216643502517,-2.222612772282833,0.34379866285298916,1.431145432592263,0.6388664371078816,-0.3435216643502517,1,-0.023669633912825193,0.22466375767005467,-0.8825503930940642,0.0,0.06666666666666667
Pinebrook Pet Co.,paid_search,2025-08,31,-0.22912030069520786,-0.15273951103415756,-0.15273951103415756,False,-0.655616074513098,-0.11360224671345706,-0.5799540685940945,0.5947547765756226,0.2196031706533935,-0.7355832732715188,1.2543322677214328,0.42649577381789017,-0.1155180539817508,-0.2196031706533935,1,0.8374072290423693,-0.6312582728899674,0.0513042042958729,0.2,0.043478260869565216
Aster Wellness,social,2025-08,31,2.4597659783817054,2.0976700067815206,2.4597659783817054,True,4.145273716663983,3.3389959702673657,0.29564576192617453,2.7253854286268866,-1.471163125555928,2.979481578620831,0.6740930967099358,-1.6855077382822774,-0.8792299918856603,1.471163125555928,1,-0.9969190442705803,0.20472246399459937,0.09092329793157516,0.0,0.043478260869565216
Verdant Snacks,affiliate,2025-08,31,-1.372779679093426,-1.2540232794311588,-1.2540232794311588,False,-0.3292191178529817,0.6680503989975353,0.5593564299224889,-0.8022221455494791,0.33329580590880753,0.46325398603099643,0.35083340887386016,-1.0435605612404442,-2.040830078090961,-0.33329580590880753,1,1.264828848545933,1.440228857186221,-0.880872427263732,0.0,0.06521739130434782
Ridgeway Grocery,audio,2025-08,31,0.054033330231787136,-0.3965832791994881,0.054033330231787136,False,-0.07132159159118431,-0.3466039296756172,-0.5943908473965588,1.9563327138461872,-0.3120369695005524,0.1463303729584651,-0.8162886346574124,0.12535492182297145,0.40063725990740434,0.3120369695005524,0,-0.08926048212098969,-0.08937987670777066,-0.5050109706887881,0.0,0.06666666666666667
Verdant Snacks,digital_video,2025-08,31,-0.9131440112027526,-0.01389210364239473,-0.01389210364239473,False,0.8233952012584047,-0.5292591935870449,-1.2730398604133255,-1.385762356371096,-0.17617425965093653,-0.44174285071449165,-0.2254582505506128,-1.7365392124611572,-0.3838848176157077,0.17617425965093653,1,-1.3195255371560555,1.440228857186221,-2.7132687175995462,0.0,0.06521739130434782
Halcyon Personal Care,social,2025-08,31,0.48118761631897644,0.16956217997361062,0.48118761631897644,False,-1.3727275486253832,-0.5788014214271845,1.8473571967934592,-0.29552184635611933,1.4744743866423595,-1.6453602445391964,0.11581228225802376,1.8539151649443597,1.059989037746161,-1.4744743866423595,1,0.14363591754186186,-0.13692499362337532,1.9842821904168346,0.2,0.043478260869565216
Aster Wellness,digital_video,2025-08,31,0.03202135581725712,-0.23242263223304327,0.03202135581725712,False,0.015664415565042326,0.32551856668885104,1.142430098694149,-1.0532899623971947,0.24807725705705794,1.3360707327155412,0.330218235003267,0.01635694025221479,-0.2934972108715939,-0.24807725705705794,0,-0.2780880510888382,0.20472246399459937,0.9377076346995495,0.2,0.043478260869565216
Pinebrook Pet Co.,affiliate,2025-08,31,-0.727449347603123,0.0722153673262752,0.0722153673262752,False,0.2468933189312013,-0.5493471971909765,-0.38437809173791104,-0.7841213679736362,1.9886842563843066,-0.650194945036881,-0.6155462858097788,-0.9743426665343242,-0.1781021504121465,-1.9886842563843066,1,0.9892581495120115,-0.6312582728899674,0.24688018115205634,0.2,0.043478260869565216
Nimbus Home,paid_search,2025-08,31,-0.2415163360771646,-0.4286360018009794,-0.2415163360771646,False,-0.020742261354260234,-1.8486482579398387,-1.6969466618122437,1.60788114808078,0.6952763545335269,0.8896738295179625,0.330017493749065,-0.22077407472290436,1.607131921862674,-0.6952763545335269,0,-0.2394646790670924,-0.3423211906197876,-1.3546254711924561,0.0,0.06521739130434782
Verdant Snacks,paid_search,2025-08,31,-0.055973120431036645,-0.6851042349338613,-0.055973120431036645,False,-0.6901312060448944,-0.47814033445103543,1.3399243000106988,-1.5471261465271817,-0.9093357501483984,0.04289244853079519,1.4224980032931072,0.6341580856138578,0.4221672140199988,0.9093357501483984,0,2.0577937045294243,1.440228857186221,-0.10030455717552211,0.0,0.06521739130434782
Solstice Foods,display,2025-08,31,0.8586399404964882,-0.15123682158446694,0.8586399404964882,True,-0.25298113217366164,0.01866039730745589,-0.7947580009544672,-0.43153916838504225,-0.7701307421303526,-0.46208728382232117,-0.6168760730163341,1.1116210726701499,0.8399795431890322,0.7701307421303526,1,-0.47644558065287296,0.22466375767005467,-1.019421758624522,0.0,0.06666666666666667
Ridgeway Grocery,tv,2025-08,31,0.06609585491667505,-0.023385459520092543,0.06609585491667505,False,-1.4045976628372336,-0.9278438799882692,-0.19254313487123126,-0.4039116757945273,,-1.072719561294239,-0.6336841599151692,1.4706935177539087,0.9939397349049442,,1,-0.5146283534549259,-0.08937987670777066,-0.1031632581634606,0.0,0.06666666666666667
Ridgeway Grocery,affiliate,2025-08,31,-1.0586439147446791,-0.67643266795312,-0.67643266795312,False,-0.11380866620450125,-0.3004447652606222,-0.8150754039364528,1.9844828857191688,-0.8807838722347735,-0.8817072660539927,-1.187399833423805,-0.9448352485401779,-0.758199149484057,0.8807838722347735,1,-0.5251238018205736,-0.08937987670777066,-0.7256955272286821,0.0,0.06666666666666667
Halcyon Personal Care,display,2025-08,31,-0.6867246726240706,-0.19713157105583734,-0.19713157105583734,False,2.1025338332024375,-0.18746236189051702,2.264273441943986,-0.7588511931907187,1.197702853046093,0.04782771429664659,0.3092104509393012,-2.789258505826508,-0.49926231073355354,-1.197702853046093,1,-0.054938369938301035,-0.13692499362337532,2.4011984355673612,0.2,0.043478260869565216
Crestline Beverages,tv,2025-08,31,0.9077176284908172,-0.047472396743966035,0.9077176284908172,True,0.905001075472955,0.2846205478362426,-0.055115293666321404,-0.22849047742336123,,-0.9447100256834559,0.380777163278087,0.002716553017862111,0.6230970806545746,,1,-0.49089094486102136,0.27570549147928336,-0.33082078514560476,0.0,0.06818181818181818
Nimbus Home,display,2025-08,31,0.07220392604458131,-0.0643041242990718,0.07220392604458131,False,-0.8475719745053999,-2.000528694348301,-1.6326862652653744,1.9952659354363373,-1.6011122265889377,-0.028774079002893683,-0.6616312803828641,0.9197759005499813,2.0727326203928826,1.6011122265889377,1,-0.46542531835538636,-0.3423211906197876,-1.2903650746455868,0.0,0.06521739130434782
Halcyon Personal Care,affiliate,2025-08,31,1.8123287533021868,0.18852813387041348,1.8123287533021868,True,3.6448365687904145,3.104206048633434,1.553183150265622,4.136902173772846,-4.32838532170441,2.6124349691842768,-0.45264789584542886,-1.8325078154882277,-1.2918772953312474,4.32838532170441,1,0.4312430086404806,-0.13692499362337532,1.6901081438889973,0.0,0.043478260869565216
Crestline Beverages,audio,2025-08,31,0.09569369633332726,-0.03677540330065476,0.09569369633332726,False,-0.46410513831596817,0.6900587865889686,-0.47723049688657254,-0.04820514076990119,0.06093786489383158,1.587589519365304,0.25891116501070094,0.5597988346492955,-0.5943650902556413,-0.06093786489383158,1,-0.4493701597525776,0.27570549147928336,-0.752935988365856,0.0,0.06818181818181818
Pinebrook Pet Co.,display,2025-08,31,0.11645699199888522,-0.3565318780207315,0.11645699199888522,False,-0.25554785769371885,-1.3829110360096992,-1.3745223225985033,-1.200638878389106,-0.2073646833459653,-0.02994331411750761,1.240244075594088,0.37200484969260406,1.4993680280085844,0.2073646833459653,0,0.3197254261171577,-0.6312582728899674,-0.7432640497085359,0.2,0.043478260869565216
Pinebrook Pet Co.,digital_video,2025-08,31,1.188036680803008,0.22397139164588165,1.188036680803008,True,-0.42458621980702477,-0.3279226088737475,-1.0325431163182541,-0.8246618555374925,-0.07311957504286491,-0.06360681190049061,-0.0444100659686239,1.6126229006100328,1.5159592896767555,0.07311957504286491,1,0.0906487297834848,-0.6312582728899674,-0.40128484342828674,0.0,0.043478260869565216
Crestline Beverages,affiliate,2025-08,31,-0.5479748299778558,0.03355425594949505,0.03355425594949505,False,0.31276063281374017,0.8172576214679996,-0.7913840611140431,-1.8079655932170062,0.6161840308907229,-0.9517330600014047,-0.05836617893105883,-0.860735462791596,-1.3652324514458556,-0.6161840308907229,1,-0.39549144607800174,0.27570549147928336,-1.0670895525933264,0.0,0.06818181818181818
Nimbus Home,digital_video,2025-08,31,0.9320979921111582,0.13324096851133915,0.9320979921111582,True,0.2482599325925534,-0.0406118081169309,-1.316547006183956,-1.717314785451635,2.7569875508722603,-0.18318996781883393,-0.2644278715645862,0.6838380595186048,0.9727098002280891,-2.7569875508722603,1,-0.2728529528600015,-0.3423211906197876,-0.9742258155641683,0.0,0.06521739130434782
Nimbus Home,social,2025-08,31,-0.14249018226920784,0.1230221420111505,0.1230221420111505,False,-0.21416663811302689,-0.3976648355199296,-1.153476628375791,0.790706988148712,0.2966799953799297,-0.45111659495137224,0.8073259730491897,0.07167645584381904,0.25517465325072175,-0.2966799953799297,1,-0.16028382580362305,-0.3423211906197876,-0.8111554377560033,0.0,0.06521739130434782
Crestline Beverages,ooh,2025-08,31,0.5038219071328508,-0.31295695015030844,0.5038219071328508,True,-1.7437341338789394,-0.5469411250306144,-0.46411162357513464,-0.09345222212144945,,-0.13125466864708993,0.06823059222862138,2.2475560410117903,1.0507630321634651,,1,-0.4707768192449836,0.27570549147928336,-0.7398171150544179,0.0,0.06818181818181818
Ridgeway Grocery,social,2025-08,31,-0.06752981662603955,-0.020099829883621273,-0.020099829883621273,False,0.35405830330771937,1.0051434067848974,-2.0145584122217217,0.7766906380137217,2.8929190267831886,0.1356272449596666,-0.43421618285456043,-0.4215881199337589,-1.072673223410937,-2.8929190267831886,1,-0.9314075044833716,-0.08937987670777066,-1.925178535513951,0.0,0.06666666666666667
Pinebrook Pet Co.,retail_media,2025-08,31,0.6653194600209974,0.3955485981438642,0.6653194600209974,True,-0.47247053118528864,-1.0009085072310544,-3.554637582862013,-0.5318727700529368,1.0090390896291404,0.06626884631304954,0.19936675261843437,1.137789991206286,1.666227967252052,-1.0090390896291404,1,-6.346114230915273,-0.6312582728899674,-2.9233793099720455,0.2,0.043478260869565216
Halcyon Personal Care,digital_video,2025-08,31,0.5606361407174101,-0.012909291066111949,0.5606361407174101,True,0.1692301067781049,0.5605339707148533,0.8315875876366725,-1.8798238935638834,0.5631954613316004,0.3217206301763256,0.28077293865172576,0.3914060339393052,0.00010217000255674513,-0.5631954613316004,1,-0.6418729745641653,-0.13692499362337532,0.9685125812600478,0.2,0.043478260869565216
Verdant Snacks,display,2025-08,31,0.6048210996792557,-0.26721480434674005,0.6048210996792557,True,0.37333570994450604,0.8740923164004946,-1.0704760101946873,-1.320451052760604,-0.31128155596521057,-0.05683976698695768,-1.8936054351331444,0.23148538973474964,-0.2692712167212389,0.31128155596521057,1,-1.5381305972235468,1.440228857186221,-2.510704867380908,0.0,0.06521739130434782
Crestline Beverages,retail_media,2025-08,31,0.4695036617222009,-0.885356609500708,0.4695036617222009,False,0.2686704862232256,0.6301239670561093,0.0711313460713674,-1.0007572593497667,-0.5207339382759418,1.0202383291976556,-0.1290638332087965,0.20083317549897534,-0.16062030533390836,0.5207339382759418,0,0.5497742313063945,0.27570549147928336,-0.20457414540791596,0.0,0.06818181818181818
Solstice Foods,retail_media,2025-08,31,-0.7634525194628118,-0.05622366288453313,-0.05622366288453313,False,-0.7389805811040567,-2.8812264088397406,-0.8631356008754998,-0.2208904790617506,0.5252326803302467,-0.7977748433535402,1.0181432502666115,-0.024471938358755052,2.1177738893769287,-0.5252326803302467,1,0.10365912378893967,0.22466375767005467,-1.0877993585455545,0.0,0.06666666666666667
Aster Wellness,paid_search,2025-08,31,-1.510787238698988,-0.760458122985827,-0.760458122985827,False,-0.9529295896063539,-0.7045450865515002,1.0786707058068898,-0.435075242039784,-1.0501050556167322,-0.3519216130645811,0.7588600039694117,-0.5578576490926341,-0.8062421521474878,1.0501050556167322,1,-0.11146913450629725,0.20472246399459937,0.8739482418122905,0.2,0.043478260869565216
Verdant Snacks,retail_media,2025-08,31,0.15115631571013274,-0.0903089764834027,0.15115631571013274,False,0.14492803544802757,-0.23373694271708143,0.4821106086982604,0.8630935442199529,0.618212141991363,0.7487408683569091,0.6249431012115371,0.006228280262105174,0.38489325842721417,-0.618212141991363,1,1.6398984511759196,1.440228857186221,-0.9581182484879606,0.0,0.06521739130434782
Crestline Beverages,social,2025-08,31,0.13527786617871163,-0.4674370094548441,0.13527786617871163,False,-0.22685588427950598,-0.7356690781031582,-0.3847534212239561,0.5892909663667891,1.585392809627038,-2.421449903912653,0.45129505488003957,0.3621337504582176,0.8709469442818698,-1.585392809627038,0,0.22635298844135152,0.27570549147928336,-0.6604589127032394,0.0,0.06818181818181818
Crestline Beverages,paid_search,2025-08,31,-1.100982774768166,-0.6692631074052714,-0.6692631074052714,False,-0.7437160923744595,-0.2781764710601573,-0.30173565798671415,4.515915892923833,0.8411777255079453,-0.4860092385049071,0.26027630088615533,-0.3572666823937065,-0.8228063037080087,-0.8411777255079453,1,-0.11752503240212314,0.27570549147928336,-0.5774411494659974,0.0,0.06818181818181818
Crestline Beverages,digital_video,2025-08,31,0.1571002781674688,-0.5544258706510473,0.1571002781674688,False,0.5326811095180946,0.4701389485340058,-0.6107007736944722,-0.07905661921440992,0.8482877764586912,-1.1489233750036203,0.44666618008576825,-0.37558083135062575,-0.313038670366537,-0.8482877764586912,0,-0.15483982661513346,0.27570549147928336,-0.8864062651737555,0.0,0.06818181818181818
Halcyon Personal Care,retail_media,2025-08,31,-1.7171520173479493,-1.346937026364758,-1.346937026364758,False,-0.01517192919279121,0.12862993195807662,1.6159188385491468,-0.30742400817825244,-1.4742257808372636,0.4353360274372085,0.44539518414213536,-1.701980088155158,-1.845781949306026,1.4742257808372636,1,0.4065418239079811,-0.13692499362337532,1.7528438321725222,0.2,0.043478260869565216
Aster Wellness,retail_media,2025-08,31,-2.513905351343466,-0.10889818118907316,-0.10889818118907316,False,-3.3893879333141457,-0.4687102986290812,0.9246445090618548,-1.3975479052656348,1.1118641169787127,-2.267898129435882,0.4214433126570764,0.8754825819706795,-2.045195052714385,-1.1118641169787127,1,-0.29929209107335847,0.20472246399459937,0.7199220450672554,0.2,0.043478260869565216
Nimbus Home,audio,2025-08,31,-0.3710033865540277,0.15089164448016051,0.15089164448016051,False,0.8806220804596799,1.2843529638504716,-0.9901146271422527,1.2065344735068062,-1.1512183158877602,0.7032360358265847,-1.2616928592280912,-1.2516254670137077,-1.6553563504044992,1.1512183158877602,1,0.42282746561389084,-0.3423211906197876,-0.6477934365224651,0.0,0.06521739130434782
Nimbus Home,retail_media,2025-08,31,-1.239892328693686,0.23485259252922985,0.23485259252922985,False,-2.976282353297191,-0.27645001926381624,-1.20748470415452,0.070854262545598,2.0381081958713523,-1.1888687941796672,0.7908804615726558,1.736390024603505,-0.9634423094298699,-2.0381081958713523,1,0.3244956991575846,-0.3423211906197876,-0.8651635135347324,0.0,0.06521739130434782
Solstice Foods,affiliate,2025-08,31,-1.3855926490491604,-0.1418814106269989,-0.1418814106269989,False,-1.1106813061319563,-0.7852923437897952,-0.6461533667712809,-1.5244348882759218,0.40205734003687305,-0.11321366477015203,0.024644610273680256,-0.2749113429172041,-0.6003003052593652,-0.40205734003687305,1,-0.6082894544630048,0.22466375767005467,-0.8708171244413355,0.0,0.06666666666666667
Ridgeway Grocery,retail_media,2025-08,31,-1.1358693918450151,-0.34150977377541625,-0.34150977377541625,False,0.3345348476756976,0.5080542969092522,-0.46858076756961525,-0.2809084314913501,0.9088862663959145,0.11032796606604618,1.5982384505801035,-1.4704042395207126,-1.6439236887542674,-0.9088862663959145,1,-0.07905198703494558,-0.08937987670777066,-0.3792008908618446,0.0,0.06666666666666667
Solstice Foods,social,2025-08,31,-1.1238169580921307,-0.6191331635936839,-0.6191331635936839,False,-0.7938175460598331,-1.8384303433492204,-0.06584931176740183,-2.2189142119898033,-0.30646635540585376,0.006081612585693639,0.8325769381644609,-0.32999941203229755,0.7146133852570897,0.30646635540585376,1,0.27173161461901346,0.22466375767005467,-0.2905130694374565,0.0,0.06666666666666667
Halcyon Personal Care,paid_search,2025-08,31,-1.9124892985669897,-1.3542243967544039,-1.3542243967544039,False,-0.05183103680671981,-0.14830563021798351,1.6550806032065482,0.2940233194885786,2.3589599390808846,-1.4824285465968692,0.2929623069453047,-1.8606582617602698,-1.7641836683490062,-2.3589599390808846,1,0.15181416226372194,-0.13692499362337532,1.7920055968299236,0.2,0.043478260869565216
Crestline Beverages,tv,2025-09,32,0.9535749717605364,0.3058160869957822,0.9535749717605364,True,-0.2840304119332043,-0.4963356487746626,-0.8154959684344707,-2.0975551902784844,,-1.2165520237036522,-0.008628659580710149,1.2376053836937406,1.449910620535199,,1,-0.5095905807159129,2.5805732044447582,-3.396069172879229,0.8571428571428571,0.8409090909090909
Halcyon Personal Care,display,2025-09,32,1.5899639172354374,0.2464739904373462,1.5899639172354374,True,0.4079541065941421,-0.7001144600328671,2.3506794429968467,0.6693420373859043,1.5183721141171909,0.5381273497698681,0.44299061942992407,1.1820098106412953,2.2900783772683044,-1.5183721141171909,1,0.06678454363649722,2.9324267482867743,-0.5817473052899276,0.8,0.8260869565217391
Solstice Foods,retail_media,2025-09,32,2.088417141262035,0.10574466841079357,2.088417141262035,True,0.6725354393771948,-0.8060114031126148,0.3956705358927173,-0.3503734533725661,0.5141138386057275,-0.7898921054900623,-1.4352871485066685,1.4158817018848402,2.89442854437465,-0.5141138386057275,1,0.15073644049867727,-0.09046163189806876,0.48613216779078605,0.6666666666666666,0.8444444444444444
Ridgeway Grocery,tv,2025-09,32,1.899449420448905,0.41275414607834754,1.899449420448905,True,0.05199201366654047,0.5783844072592881,-0.6408606561655183,-1.532589042690345,,-2.832405448053667,-0.2721446451103227,1.8474574067823646,1.3210650131896169,,1,-1.6227025338318006,0.02180007924224967,-0.662660735407768,1.0,0.8
Nimbus Home,social,2025-09,32,1.415815742008557,0.12657878423455143,1.415815742008557,True,0.07788333747494267,0.33829612846792395,-0.4603104820437951,-1.1859583000245477,-0.49765878628277327,-0.6461695982151108,0.6463939353943127,1.3379324045336145,1.077519613540633,0.49765878628277327,1,-0.59989210419318,-0.09876724362292144,-0.36154323842087366,0.8,0.8260869565217391
Verdant Snacks,paid_search,2025-09,32,3.718321764927847,0.3832796568330411,3.718321764927847,True,1.5007976963796048,2.0326999858675365,0.34691491731332674,-0.5494524110559279,0.3859429649617431,-0.7953332741814452,0.5701659668799562,2.217524068548242,1.6856217790603103,-0.3859429649617431,1,2.283057849629177,2.053186496685555,-1.7062715793722283,1.0,0.8043478260869565
Verdant Snacks,retail_media,2025-09,32,1.0187992593550852,0.22570737670012297,1.0187992593550852,True,3.040928743904636,0.6368257282013262,0.1731804413251186,-0.9932205960349061,-0.9412658047997222,,0.9155913507243423,-2.022129484549551,0.381973531153759,0.9412658047997222,1,1.3020819920057103,2.053186496685555,-1.8800060553604365,1.0,0.8043478260869565
Solstice Foods,social,2025-09,32,0.5040675299527929,-0.17912224503314006,0.5040675299527929,True,2.060313705438931,0.06481129240437197,0.5024289466378318,-1.6094769288736552,0.9688162148824132,-1.2960943736910013,1.5281665139579534,-1.5562461754861383,0.4392562375484209,-0.9688162148824132,1,-0.5212604631740375,-0.09046163189806876,0.5928905785359005,0.8333333333333334,0.8444444444444444
Aster Wellness,digital_video,2025-09,32,1.4451436866252219,0.11487630936915086,1.4451436866252219,True,2.0648059138725032,2.345161471835503,1.3584901534002645,-0.6946512103535095,1.6811842294654493,-0.5411391063520165,,-0.6196622272472814,-0.9000177852102813,-1.6811842294654493,1,-0.8444310914602544,0.19641904883450392,1.1620711045657606,0.8,0.8260869565217391
Verdant Snacks,digital_video,2025-09,32,4.830067155553454,0.9602278904994386,4.830067155553454,True,1.6236311213510028,0.2340926187260373,-1.678503814709921,0.44596700730619304,0.2925366078726549,0.7039022825306761,0.13114339245629408,3.2064360342024516,4.595974536827417,-0.2925366078726549,1,-2.238665511728404,2.053186496685555,-3.731690311395476,1.0,0.8043478260869565
Aster Wellness,audio,2025-09,32,1.9499981979551408,0.8255283961860292,1.9499981979551408,True,0.6426315399228058,-1.9666975045556563,1.2906912173405425,0.7759765810886421,0.3620551199537995,-0.6287461123337399,-0.10203113565686733,1.307366658032335,3.916695702510797,-0.3620551199537995,1,-2.013646104384359,0.19641904883450392,1.0942721685060386,0.8,0.8260869565217391
Nimbus Home,retail_media,2025-09,32,0.2688333464848703,0.08947623945230433,0.2688333464848703,False,0.040560710331489606,-0.1402743564575685,-0.4535122145030092,-1.9227665325113381,-0.2002935794750112,-0.009829859532873408,0.2765249993847252,0.22827263615338067,0.4091077029424388,0.2002935794750112,1,-0.5467350691843231,-0.09876724362292144,-0.3547449708800878,1.0,0.8260869565217391
Halcyon Personal Care,social,2025-09,32,1.02670761577595,0.16236481217856064,1.02670761577595,True,0.5713234547082096,0.738067195482931,2.141198331572709,0.0987695300528785,-0.12236016608982994,-0.3356206698636224,1.5345123377824295,0.4553841610677405,0.28864042029301906,0.12236016608982994,1,-0.0007121970967206734,2.9324267482867743,-0.7912284167140653,0.8,0.8260869565217391
Crestline Beverages,retail_media,2025-09,32,2.9857905468141652,0.2659888483499061,2.9857905468141652,True,2.261131556123333,2.8819108773039477,-1.4891224093011297,2.8041172981990057,-0.5776101172646844,-0.5175061831298662,1.1031097063756254,0.7246589906908323,0.10387966951021754,0.5776101172646844,1,-1.487190178376494,2.5805732044447582,-4.069695613745888,0.7142857142857143,0.8409090909090909
Solstice Foods,display,2025-09,32,1.7835114694683634,0.43446627263144283,1.7835114694683634,True,0.5561089213803487,0.3237323133223259,-0.1302913304718282,2.1834238075107537,-1.4668426999230568,-0.8433683228511837,0.19203401522378089,1.2274025480880146,1.4597791561460376,1.4668426999230568,1,-0.43449056849586093,-0.09046163189806876,-0.03982969857375944,0.6666666666666666,0.8444444444444444
Verdant Snacks,display,2025-09,32,2.4862376972562994,0.4706537439370402,2.4862376972562994,True,1.2553461844810359,2.2535850936484025,-2.1087364170739535,0.7009312355980893,1.5835988716572185,-0.7509952404450653,-0.7914054927213254,1.2308915127752635,0.23265260360789686,-1.5835988716572185,1,-3.6515352721083243,2.053186496685555,-4.161922913759509,1.0,0.8043478260869565
Pinebrook Pet Co.,display,2025-09,32,1.030798232127806,0.09504239996006615,1.030798232127806,True,0.9127110550249566,-0.6760289121126107,-0.6317640601300952,0.29544074120006547,0.3412070317266008,-0.9497667828015081,0.6141956828267708,0.11808717710284933,1.7068271442404166,-0.3412070317266008,1,-0.13755599907746094,-0.015230974911858375,-0.6165330852182369,0.6,0.8478260869565217
Aster Wellness,retail_media,2025-09,32,1.252945264914858,0.16965219276980043,1.252945264914858,True,-0.5010276955085022,-0.6964914467828875,0.6063460672230051,-0.8494723341322921,1.3532095552595134,-1.4375131170379576,-0.8788401080136947,1.7539729604233603,1.9494367116977456,-1.3532095552595134,1,-1.4278565984758451,0.19641904883450392,0.4099270183885012,0.8,0.8260869565217391
Pinebrook Pet Co.,affiliate,2025-09,32,2.3715378524177506,0.7792368636547515,2.3715378524177506,True,1.6919791235349835,1.576203286991007,-0.39487550823859735,-0.6674837467529772,-0.5623750686911113,-0.1370247962824634,1.4598873185955055,0.6795587288827671,0.7953345654267436,0.5623750686911113,1,-0.5351248518143034,-0.015230974911858375,-0.379644533326739,0.6,0.8478260869565217
Nimbus Home,audio,2025-09,32,2.6305524304730943,0.6915897555946012,2.6305524304730943,True,2.2626821458143054,1.069661203720105,-1.3315830785536567,1.0704685247892958,-0.7860636070917875,1.8926946682689847,-0.9937044659393222,0.3678702846587889,1.5608912267529893,0.7860636070917875,1,-1.0310470098199818,-0.09876724362292144,-1.2328158349307352,0.8,0.8260869565217391
Crestline Beverages,paid_search,2025-09,32,2.230817728839037,0.0711923304841873,2.230817728839037,True,1.5636126696216288,0.9274325302295855,-0.37866039114077377,-0.10071266503526051,1.384028877220141,0.8776360635776869,0.9344177264288135,0.6672050592174084,1.3033851986094516,-1.384028877220141,1,-0.03520896373300098,2.5805732044447582,-2.9592335955855322,0.7142857142857143,0.8409090909090909
Pinebrook Pet Co.,retail_media,2025-09,32,0.13680093324723488,0.09883211226434564,0.13680093324723488,False,0.9566796950499525,-0.02240815295301518,-0.1412343386074702,0.08365961973500786,0.5464313071244072,0.9387004305575439,0.12310498881376933,-0.8198787618027177,0.15920908620025007,-0.5464313071244072,1,0.030598434593728418,-0.015230974911858375,-0.12600336369561183,0.8,0.8478260869565217
Nimbus Home,paid_search,2025-09,32,1.8886820896138976,0.10182794501597967,1.8886820896138976,True,2.931092084272038,1.1719265794987295,0.720751142816341,3.0051315903116853,-3.103061016169629,1.036738582587259,,-1.0424099946581402,0.7167555101151681,3.103061016169629,1,0.7361758439537834,-0.09876724362292144,0.8195183864392624,0.8,0.8260869565217391
Verdant Snacks,affiliate,2025-09,32,2.657765586223484,-0.0064958078529426064,2.657765586223484,True,0.488360572220273,1.6024008187114445,-0.08451962634145808,-0.02746469287708025,1.8144930423573957,1.7391636753629574,0.11302080705595796,2.169405014003211,1.0553647675120394,-1.8144930423573957,1,1.058342464112778,2.053186496685555,-2.137706123027013,1.0,0.8043478260869565
Solstice Foods,affiliate,2025-09,32,2.4449491424850405,0.028252360089399152,2.4449491424850405,True,-0.18336843643211803,-0.5009935976666491,-0.032156807378004734,0.886269703861504,-0.6598997797185542,-0.055453177358779596,0.6176693237928673,2.6283175789171587,2.9459427401516898,0.6598997797185542,1,-0.7962925386349753,-0.09046163189806876,0.058304824520064025,0.6666666666666666,0.8444444444444444
Crestline Beverages,ooh,2025-09,32,1.6699989255330456,0.4751330448346822,1.6699989255330456,True,1.5072395664700007,-0.05175040478390438,0.0698904132521116,-0.28063681848527716,,0.22462276647810697,-0.8268484225126882,0.16275935906304495,1.72174933031695,,1,-1.4018628239770545,2.5805732044447582,-2.5106827911926466,0.7142857142857143,0.8409090909090909
Pinebrook Pet Co.,digital_video,2025-09,32,0.8396082769984482,0.9072375527989798,0.9072375527989798,True,0.4275928007065228,0.11491067020623877,-0.034932139612676584,1.8261203018587517,1.1467680855453468,0.16229435787443208,0.02327148941174556,0.4120154762919254,0.7246976067922094,-1.1467680855453468,0,-0.5672852967682073,-0.015230974911858375,-0.01970116470081821,0.8,0.8478260869565217
Solstice Foods,paid_search,2025-09,32,0.533663268104755,0.23445437005509023,0.533663268104755,True,0.3364481174570089,-0.4662061545788576,0.07417410067714378,-1.2556132511553046,0.41333597459274357,-0.2715370976577498,1.013129522131426,0.19721515064774603,0.9998694226836126,-0.41333597459274357,1,-0.5144145705709792,-0.09046163189806876,0.16463573257521252,0.8333333333333334,0.8444444444444444
Solstice Foods,tv,2025-09,32,1.562067229534735,0.5246857573063578,1.562067229534735,True,-1.0921889354375156,-0.03658472723278968,-0.6295213753558982,-0.7188348233583886,,-0.4747016465765069,0.3252570639819527,2.6542561649722507,1.5986519567675248,,1,-0.6090413828288472,-0.09046163189806876,-0.5390597434578295,0.6666666666666666,0.8444444444444444
Verdant Snacks,social,2025-09,32,1.6993379776463544,0.06855359238409016,1.6993379776463544,True,0.5529256872917693,1.481818602512829,-1.454092563447507,-2.253826572742725,1.104970224608874,-1.6146837914197842,2.1876002302894646,1.146412290354585,0.21751937513352537,-1.104970224608874,1,-2.3447388290521856,2.053186496685555,-3.507279060133062,1.0,0.8043478260869565
Ridgeway Grocery,social,2025-09,32,1.22829477071611,0.4493998831686865,1.22829477071611,True,1.7714109784662728,2.2099855478688273,1.1827014843267576,0.5518427745728373,-0.1272164568992912,-0.3408155267930445,0.17855869609120778,-0.5431162077501628,-0.9816907771527172,0.1272164568992912,1,-0.4954830766091259,0.02180007924224967,1.160901405084508,1.0,0.8
Crestline Beverages,digital_video,2025-09,32,2.696186144568009,0.3178985760733215,2.696186144568009,True,2.01401750910309,1.7612947073020153,-0.64879759805292,-0.10694307194963877,-1.7617989431997694,0.2722251368962736,1.0816285910868597,0.6821686354649192,0.9348914372659938,1.7617989431997694,1,-0.543535664842213,2.5805732044447582,-3.2293708024976784,0.7142857142857143,0.8409090909090909
Aster Wellness,display,2025-09,32,-0.4358141898580828,-0.46764596241235024,-0.4358141898580828,False,-0.48119871666168773,0.14286161617235746,2.828849964677831,-1.3212980268903385,1.4381836086850597,-1.697000329765894,0.6160089704190186,0.04538452680360494,-0.5786758060304402,-1.4381836086850597,0,1.5801709776545612,0.19641904883450392,2.632430915843327,1.0,0.8260869565217391
Ridgeway Grocery,display,2025-09,32,1.2303183414278742,0.3149798403664065,1.2303183414278742,True,0.3532416136512522,0.20001560752091668,0.4696419548454538,3.758164760279903,-0.10814490947143038,0.16796130617746852,0.6832325750460263,0.877076727776622,1.0303027339069575,0.10814490947143038,1,0.3712884595311845,0.02180007924224967,0.4478418756032041,1.0,0.8
Nimbus Home,display,2025-09,32,2.4850754539230597,0.4911489120673916,2.4850754539230597,True,0.8119897386892724,0.9581794146969882,-0.9665696860573109,0.47932524427415313,0.12624334262965894,0.9337087557534649,1.3186495829950171,1.6730857152337872,1.5268960392260715,-0.12624334262965894,1,-0.8730257844430461,-0.09876724362292144,-0.8678024424343894,0.8,0.8260869565217391
Aster Wellness,social,2025-09,32,-0.9137216319623701,1.0571701376247162,1.0571701376247162,True,-0.9871001896899375,1.293746615161988,0.7446613406575355,-1.184340759744079,1.8715364164585107,-0.76223318140949,1.656321604635616,0.0733785577275674,-2.2074682471243583,-1.8715364164585107,0,-0.46062292061042287,0.19641904883450392,0.5482422918230316,0.8,0.8260869565217391
Ridgeway Grocery,retail_media,2025-09,32,1.8435372148274605,0.17432221083054122,1.8435372148274605,True,0.35235504711949306,1.349998231264074,0.11696820429290525,-0.7241001808422631,-0.359389727572031,-0.9501235665172453,-1.006701630428327,1.4911821677079673,0.49353898356338655,0.359389727572031,1,-0.9170654734702149,0.02180007924224967,0.09516812505065558,1.0,0.8
Pinebrook Pet Co.,paid_search,2025-09,32,1.148149296454935,0.23600631974905983,1.148149296454935,True,0.6110780207867842,1.022264384595531,-0.31220629455213844,-0.8436778414658298,-0.4574097680991165,-0.7950058355882006,-0.7754213409416018,0.5370712756681507,0.12588491185940387,0.4574097680991165,1,-0.24718245112613413,-0.015230974911858375,-0.29697531964028007,0.6,0.8478260869565217
Halcyon Personal Care,digital_video,2025-09,32,1.8103310906279584,0.32678803788448996,1.8103310906279584,True,0.24469976432346247,-0.29668129752949773,1.769962707264609,-0.6199105201696473,0.48389441621112095,0.1824245100947623,-0.48559265678923547,1.5656313263044959,2.107012388157456,-0.48389441621112095,1,-0.5770117237471597,2.9324267482867743,-1.1624640410221654,0.8,0.8260869565217391
Pinebrook Pet Co.,social,2025-09,32,1.6828423636437426,0.33028376983915064,1.6828423636437426,True,0.9119172776822729,1.541036411918005,-0.3890119121100959,-0.6613204164225442,0.39255385303672824,-0.030466576831012025,0.6263182080946422,0.7709250859614697,0.14180595172573773,-0.39255385303672824,1,-0.6355501626081212,-0.015230974911858375,-0.3737809371982375,0.6,0.8478260869565217
Ridgeway Grocery,paid_search,2025-09,32,1.8891339456089813,0.1321516158967564,1.8891339456089813,True,1.180341648696654,-0.174471149107705,0.3673018502421075,-1.27268606727055,0.7008197349822758,-1.5150349694811123,1.0480743096356153,0.7087922969123273,2.0636050947166864,-0.7008197349822758,1,-0.44880415922598627,0.02180007924224967,0.3455017709998578,1.0,0.8
Crestline Beverages,audio,2025-09,32,2.158879218300922,0.3570445290416609,2.158879218300922,True,0.784732485306575,0.5703663892543713,-0.47455425569847104,2.069811717182447,2.170217593134219,0.7789835217025942,-0.18285652435128255,1.374146732994347,1.5885128290465507,-2.170217593134219,1,0.045691466703262636,2.5805732044447582,-3.0551274601432294,0.7142857142857143,0.8409090909090909
Crestline Beverages,affiliate,2025-09,32,1.77912557472332,0.9063068268419592,1.77912557472332,True,1.0112160723380097,1.6391937261079976,-1.512469223639878,-0.36520629645080716,0.10191720607255712,-0.6535657425016622,-0.5407481241570685,0.7679095023853102,0.13993184861532226,-0.10191720607255712,1,-1.1872703272722056,2.5805732044447582,-4.093042428084637,0.7142857142857143,0.8409090909090909
Nimbus Home,digital_video,2025-09,32,1.2528079225080955,0.3790035858619696,1.2528079225080955,True,0.8430168674812731,0.31231547649161256,-0.1928538986202406,0.8098638800621418,-2.009849636853504,2.864472735658541,0.15829322123969958,0.40979105502682234,0.940492446016483,2.009849636853504,1,-0.8263492381446,-0.09876724362292144,-0.09408665499731916,0.8,0.8260869565217391
Halcyon Personal Care,paid_search,2025-09,32,2.002093827679835,-0.11131172658287426,2.002093827679835,True,0.14699996683855882,-1.06076570794012,1.2923230110610862,-1.3154446474763823,-0.7729209858095745,0.6488997583640811,0.17951803857870624,1.855093860841276,3.062859535619955,0.7729209858095745,1,-0.6624179808513854,2.9324267482867743,-1.6401037372256881,0.8,0.8260869565217391
Ridgeway Grocery,audio,2025-09,32,1.789072711697771,0.14685278901036997,1.789072711697771,True,0.777768035860631,-0.4208636764721596,0.02488283319331704,-0.8639403577941316,-0.6923114603205858,0.1381679401277644,-0.4340022776309252,1.01130467583714,2.2099363881699308,0.6923114603205858,1,-0.8557468904627896,0.02180007924224967,0.003082753951067368,1.0,0.8
Ridgeway Grocery,affiliate,2025-09,32,2.68956807855342,0.13387505547812178,2.68956807855342,True,2.7741539320308095,1.2912793121310522,0.8048799894571695,1.7135028173540012,1.2057699865297011,0.604123169050868,-1.291917481796602,-0.08458585347738934,1.398288766422368,-1.2057699865297011,1,-0.46240923556996383,0.02180007924224967,0.7830799102149198,1.0,0.8
Halcyon Personal Care,retail_media,2025-09,32,1.9193390961722485,-0.09395462480807121,1.9193390961722485,True,0.8886787807180935,1.0950345546414864,1.4169428684877292,-1.3926473896548606,1.1469703988821462,-0.7305860697642107,-1.6297001453251345,1.030660315454155,0.8243045415307622,-1.1469703988821462,1,-0.5161702219928213,2.9324267482867743,-1.515483879799045,0.8,0.8260869565217391
Halcyon Personal Care,affiliate,2025-09,32,-0.07880331827991116,0.5525857287369933,0.5525857287369933,True,0.7505132174252004,1.5865500391072374,0.8694255161873055,-0.623037744806842,1.2881262946936287,-0.38654164493261445,0.5041502205109349,-0.8293165357051115,-1.6653533573871484,-1.2881262946936287,0,-1.5533390139959136,2.9324267482867743,-2.063001232099469,1.0,0.8260869565217391
Solstice Foods,digital_video,2025-09,32,1.7319798301692695,0.45530037871795354,1.7319798301692695,True,1.685380407338249,0.21251810404979726,0.6526939160429319,-0.39387726456318783,-1.8795965420324912,2.0229676903617073,0.2720257682115687,0.046599422831020476,1.5194617261194723,1.8795965420324912,1,-0.44275892274212975,-0.09046163189806876,0.7431555479410007,0.6666666666666666,0.8444444444444444
Crestline Beverages,social,2025-09,32,0.7047800177415858,-0.010583753101763023,0.7047800177415858,True,1.4715801766836982,0.3267697454410156,-0.6392822300343651,0.5780477314998884,-1.3462418349110106,0.014163025898294313,0.6187365044204529,-0.7668001589421124,0.3780102723005702,1.3462418349110106,1,-0.08753849068279425,2.5805732044447582,-3.2198554344791233,0.8571428571428571,0.8409090909090909
Aster Wellness,paid_search,2025-09,32,1.1786302003441063,-0.16002495336083886,1.1786302003441063,True,-0.08073910611735467,0.9534569060008047,0.7677427352322056,-0.8805471368329097,-0.9001311208163981,0.315723878881808,-0.04440183048853644,1.2593693064614608,0.22517329434330158,0.9001311208163981,1,-0.15998062918202566,0.19641904883450392,0.5713236863977017,0.8,0.8260869565217391
Ridgeway Grocery,display,2025-10,33,-0.2575979590357553,0.10026391140490296,0.10026391140490296,False,-0.4825654493434489,-0.9100844890966456,0.9741980574049339,3.130501342822778,,-0.7670822168238384,0.9207204105605284,0.22496749030769364,0.6524865300608904,,1,1.6756177725862333,-2.9749149389988405,3.9491129964037746,0.0,0.13333333333333333
Crestline Beverages,tv,2025-10,33,0.14629309906394694,0.6691952331051003,0.6691952331051003,True,-0.8105814450801453,0.0035174411830139773,-1.6223044884382003,-1.2605746709409666,,0.09624026270007399,-0.16827375224219085,0.9568745441440922,0.14277565788093297,,0,-1.3143069841540733,4.0703954338060955,-5.692699922244296,0.2857142857142857,0.09090909090909091
Aster Wellness,digital_video,2025-10,33,-1.252584978229834,0.049906680936143324,0.049906680936143324,False,-0.7361512385030636,1.1029704785546337,-0.1129363269653766,3.257467167574879,1.6097513339076892,-0.49495878100975177,-0.7956108446575224,-0.5164337397267703,-2.355555456784468,-1.6097513339076892,1,1.1344596301097094,-2.116709289870508,2.0037729629051317,0.0,0.13043478260869565
Verdant Snacks,display,2025-10,33,1.0494572004911862,1.380171999142247,1.380171999142247,True,-0.740438127555676,0.7187835591561054,-2.9454617432250987,1.60013681465689,0.11454370774950985,0.48208177276934333,1.8381951043323852,1.7898953280468621,0.3306736413350808,-0.11454370774950985,0,-3.6659429594235795,-0.08595653768141975,-2.859505205543679,0.4,0.06521739130434782
Verdant Snacks,social,2025-10,33,1.2977201361906892,0.49316869732541907,1.2977201361906892,True,-0.03925065099303349,0.0032444269479912583,-2.232568824763824,-0.014919761763512413,-1.2377907364115044,0.4824941877569829,0.42891650973776035,1.3369707871837226,1.294475709242698,1.2377907364115044,1,-2.6680468836446303,-0.08595653768141975,-2.1466122870824043,0.4,0.06521739130434782
Pinebrook Pet Co.,affiliate,2025-10,33,-0.35285532288537125,0.14347035354769516,0.14347035354769516,False,0.6858075613748915,2.57904127460091,0.19846106560649104,0.33684673487643385,0.9761769753071213,1.002284886174228,0.49123878111323876,-1.0386628842602628,-2.9318965974862814,-0.9761769753071213,1,0.4633253808195432,-0.12708269903489722,0.32554376464138823,0.0,0.13043478260869565
Nimbus Home,retail_media,2025-10,33,-1.123037492255576,-0.46535477210319814,-0.46535477210319814,False,-0.28449211010837094,-0.5730974953385427,0.03553213945978793,-1.4798201143063268,1.5053566553524889,0.3988366558529812,-0.3256155757067287,-0.838545382147205,-0.5499399969170332,-1.5053566553524889,1,3.9004691585041757,-5.084346739108114,5.119878878567902,0.2,0.10869565217391304
Pinebrook Pet Co.,digital_video,2025-10,33,0.1313492039271713,0.7196647205762092,0.7196647205762092,True,-1.1790289112928838,-0.3398890720592721,0.3837449632785114,0.5350466105554209,0.6613997503443964,-1.0121279733033863,0.019001922151359874,1.310378115220055,0.4712382759864434,-0.6613997503443964,0,-0.17112654332923705,-0.12708269903489722,0.5108276623134086,0.0,0.13043478260869565
Verdant Snacks,paid_search,2025-10,33,-0.13345044522395522,0.392099799919206,0.392099799919206,False,-0.05505044225102007,-0.1281274224776252,0.1071761232132556,0.7055076558494325,-0.45796146397469606,-0.5884962649805794,-0.9015945041990366,-0.07840000297293515,-0.005323022746330008,0.45796146397469606,0,2.6026640706380966,-0.08595653768141975,0.19313266089467535,0.6,0.06521739130434782
Crestline Beverages,audio,2025-10,33,0.7572521718748991,1.0039416955030493,1.0039416955030493,True,0.00027716264879309294,-0.12336581265068138,-1.2416981180189233,0.020252506538229197,-2.468318393340266,-0.7618540900304989,0.30362130218130334,0.756975009226106,0.8806179845255805,2.468318393340266,0,-1.1964368657028073,4.0703954338060955,-5.3120935518250185,0.14285714285714285,0.09090909090909091
Halcyon Personal Care,digital_video,2025-10,33,-1.0736721915913492,0.28828778661200416,0.28828778661200416,False,-0.7428187801413063,-1.038862915588333,0.570000394414778,-0.4886146599694241,0.25914744201165807,0.24910927423911974,0.99063785472593,-0.3308534114500429,-0.03480927600301609,-0.25914744201165807,1,0.0699671501504211,0.011306012616773211,0.5586943817980048,0.0,0.13043478260869565
Aster Wellness,audio,2025-10,33,0.2563504581201791,0.7827631875373883,0.7827631875373883,True,1.036461167407966,0.33680196812929536,0.13670301023224415,-0.8169632845799465,0.2668506543613716,-2.3191594011768224,0.42159230837347655,-0.7801107092877869,-0.08045151000911627,-0.2668506543613716,0,2.9849851607823163,-2.116709289870508,2.2534123001027524,0.0,0.13043478260869565
Halcyon Personal Care,affiliate,2025-10,33,-0.8988646857461886,0.09274008325289856,0.09274008325289856,False,0.9094882562708168,1.9062857166996263,-0.034375659694717044,1.4236617275576777,-1.3258538691587014,0.67401319153454,-0.7302204043183689,-1.8083529420170055,-2.8051504024458147,1.3258538691587014,1,-0.18076682148787382,0.011306012616773211,-0.04568167231149026,0.0,0.13043478260869565
Verdant Snacks,digital_video,2025-10,33,1.4331742048447154,1.1889105220434257,1.4331742048447154,True,0.05225286838267754,-0.11149382900024085,-3.324722153409802,2.311262078015596,-0.6525981583736897,0.01189342820471161,0.16376063497616916,1.3809213364620379,1.5446680338449563,0.6525981583736897,1,-3.7615961243567777,-0.08595653768141975,-3.2387656157283824,0.4,0.06521739130434782
Solstice Foods,social,2025-10,33,-0.425990860991699,-0.23238673091800816,-0.23238673091800816,False,-1.0779305758994504,-2.7385157560363664,1.5329151664523786,1.417313266902237,1.7965873785984972,-0.31844199191975137,0.5658648265997462,0.6519397149077514,2.3125248950446675,-1.7965873785984972,1,0.5145148977475694,-0.9485092559691628,2.4814244224215414,0.0,0.13333333333333333
Crestline Beverages,affiliate,2025-10,33,-1.5610038903556542,-0.07330069902448669,-0.07330069902448669,False,-0.8908032016341155,-0.7734648829060518,-0.8485001183254745,-0.9811368788404802,1.711509497385163,-1.5292865319834077,0.009598939838136034,-0.6702006887215387,-0.7875390074496025,-1.711509497385163,1,0.23699309321144058,4.0703954338060955,-4.91889555213157,0.2857142857142857,0.09090909090909091
Nimbus Home,audio,2025-10,33,,,,False,,,,1.2397187500315976,-0.8144816823519406,1.850720192560071,0.6262631554681943,,,0.8144816823519406,0,,-5.084346739108114,,0.2,0.10869565217391304
Crestline Beverages,ooh,2025-10,33,-1.5602281058744059,0.13635393928699788,0.13635393928699788,False,-0.22413547401581488,-0.12217486881272058,1.11117716568854,-0.2591852339644983,,-0.9297527360194658,-0.09975148146119106,-1.336092631858591,-1.4380532370616852,,1,-1.3111164574351406,4.0703954338060955,-2.9592182681175556,0.2857142857142857,0.09090909090909091
Pinebrook Pet Co.,retail_media,2025-10,33,-0.003585423477393,0.17745221550907536,0.17745221550907536,False,-0.6458561490063128,-0.7609192034390988,0.14156881649787992,0.412873158385389,-0.8848154086079157,0.5118241831780216,-0.1530542580260169,0.6422707255289198,0.7573337799617058,0.8848154086079157,0,0.04856717170347887,-0.12708269903489722,0.2686515155327771,0.0,0.13043478260869565
Solstice Foods,digital_video,2025-10,33,0.2072446490950604,0.8764750931685263,0.8764750931685263,True,1.4263761957043153,0.7026318254798721,1.730619245710988,2.2267612629041533,-0.7163648557104872,1.0796231192588477,-0.6820973448419795,-1.219131546609255,-0.4953871763848117,0.7163648557104872,0,-0.005006100572567414,-0.9485092559691628,2.6791285016801507,0.0,0.13333333333333333
Solstice Foods,retail_media,2025-10,33,-0.19586119706447855,0.1254559360816383,0.1254559360816383,False,0.6882700533156844,-1.3984821127473885,1.3740135312934567,-0.8440543390252143,0.6917378568537446,1.037454186279076,,-0.8841312503801629,1.20262091568291,-0.6917378568537446,1,0.37428583749299427,-0.9485092559691628,2.3225227872626197,0.0,0.13333333333333333
Ridgeway Grocery,retail_media,2025-10,33,-2.524942338090434,-0.4038387811351086,-0.4038387811351086,False,-2.7851032830009697,-0.2343783814067385,2.1034641768659417,-0.1339849342062438,-0.13896744637314068,-1.144751102418357,0.7529115655001729,0.26016094491053554,-2.2905639566836955,0.13896744637314068,1,2.585044800596526,-2.9749149389988405,5.078379115864783,0.0,0.13333333333333333
Halcyon Personal Care,retail_media,2025-10,33,-0.6921297231141097,-0.10887614317551343,-0.10887614317551343,False,-1.593363493410223,-0.015172032230829614,0.6197675645611881,-0.3414754061625522,0.12840413928942965,0.25365464785514275,0.384591322297597,0.9012337702961133,-0.6769576908832801,-0.12840413928942965,1,0.42103914301962736,0.011306012616773211,0.6084615519444149,0.0,0.13043478260869565
Crestline Beverages,social,2025-10,33,0.3999815454432137,0.4133464764545037,0.4133464764545037,False,0.24090350112793285,-0.07915678489182394,-0.7583933492386473,-0.930989180243896,1.1767748041257056,2.3359850984407897,0.786616023542215,0.15907804431528083,0.4791383303350376,-1.1767748041257056,0,0.32813842644939917,4.0703954338060955,-4.828788783044743,0.2857142857142857,0.09090909090909091
Nimbus Home,social,2025-10,33,,,,False,,,,-0.7708661799569796,0.455053753153288,0.6880515967337051,0.8841001650536667,,,-0.455053753153288,0,,-5.084346739108114,,0.2,0.10869565217391304
Aster Wellness,paid_search,2025-10,33,0.8767602944810683,0.12102294580581918,0.8767602944810683,True,0.9823484721773273,0.9037153854807911,-0.7033773581236,0.9170339219741886,-0.0894515711519803,-0.8900162767591021,0.7229208597224694,-0.10558817769625906,-0.02695509099972282,0.0894515711519803,1,0.480376405341786,-2.116709289870508,1.4133319317469082,0.0,0.13043478260869565
Aster Wellness,retail_media,2025-10,33,-0.12945139025364366,-0.30898032815161147,-0.12945139025364366,False,0.19833454801782432,-0.16778401952511546,-0.24696909124755548,0.7461036185161399,0.6159437203730215,-0.16736842150376616,0.6192366554011591,-0.32778593827146796,0.038332629271471796,-0.6159437203730215,0,1.6103483646898376,-2.116709289870508,1.8697401986229527,0.0,0.13043478260869565
Crestline Beverages,paid_search,2025-10,33,-0.1766915669816202,0.1059048207876946,0.1059048207876946,False,0.4032981240072791,0.3705345882272027,-0.7346824047604785,2.5243988766232937,-0.7537470183169638,-0.7696068343251914,0.16423504579979803,-0.5799896909888993,-0.5472261552088229,0.7537470183169638,1,-0.9534043905746232,4.0703954338060955,-4.805077838566574,0.2857142857142857,0.09090909090909091
Halcyon Personal Care,social,2025-10,33,-0.051743292350127396,0.3235893199432886,0.3235893199432886,False,-0.949376526507191,-0.4992698927496706,-0.21462599092833434,0.2931256281041225,0.4516019314186954,1.5192991000116238,0.3479845323987346,0.8976332341570635,0.4475266003995432,-0.4516019314186954,0,-1.0794467615760013,0.011306012616773211,-0.22593200354510756,0.0,0.13043478260869565
Solstice Foods,paid_search,2025-10,33,-1.3721613384907607,-0.38979426016254093,-0.38979426016254093,False,-1.0987753694989497,-1.377201630848232,1.3689058783752899,-0.9232306094098139,0.6186999873229705,-0.22943406466627386,-1.2374835566407976,-0.273385968991811,0.005040292357471277,-0.6186999873229705,1,0.1484974181925048,-0.9485092559691628,2.3174151343444525,0.0,0.13333333333333333
Solstice Foods,display,2025-10,33,-0.17208173241522107,0.5489043727888067,0.5489043727888067,True,-1.3319748198108785,-2.141490623068634,0.671814799329973,2.4257731701408214,0.23217261798114325,2.944610866149844,0.2141576225718412,1.1598930873956574,1.969408890653413,-0.23217261798114325,0,0.10852676377162576,-0.9485092559691628,1.6203240552991358,0.0,0.13333333333333333
Nimbus Home,display,2025-10,33,-0.3803289508017136,0.48376676203687274,0.48376676203687274,False,-0.21752781019408293,-0.39612350028245213,-0.18674847607829784,-0.93470236325068,-0.8442344250073781,0.0982099732507052,0.7467868101047977,-0.16280114060763065,0.01579454948073855,0.8442344250073781,0,3.7998105630273,-5.084346739108114,4.897598263029816,0.2,0.10869565217391304
Pinebrook Pet Co.,social,2025-10,33,0.18915844186733735,0.09765007682212903,0.18915844186733735,False,0.4984536692652616,1.1140755679983299,0.21584305744085516,0.8731490249682127,0.01639324464024031,-1.4767669536672434,0.29905918664483305,-0.30929522739792426,-0.9249171261309925,-0.01639324464024031,1,-0.004682857943172733,-0.12708269903489722,0.3429257564757524,0.0,0.13043478260869565
Ridgeway Grocery,social,2025-10,33,0.4711473257110082,0.3626471732891286,0.4711473257110082,False,-0.4333862744743691,-0.1090718844927549,2.30008188279926,-0.2074159356988558,-0.05465156752391945,-0.6703015140460407,1.485887977944149,0.9045336001853773,0.5802192102037631,0.05465156752391945,1,3.2102628819974535,-2.9749149389988405,5.2749968217981005,0.0,0.13333333333333333
Crestline Beverages,retail_media,2025-10,33,0.2405692019858269,1.2319544701740643,1.2319544701740643,True,0.4612803498553794,2.852406406387345,-1.7457829771395843,-1.1801254152859462,-0.6935350300770622,0.7292437157641308,1.1650917858085426,-0.2207111478695525,-2.611837204401518,0.6935350300770622,0,-2.935343789689644,4.0703954338060955,-5.81617841094568,0.14285714285714285,0.09090909090909091
Ridgeway Grocery,affiliate,2025-10,33,,,,False,,,,0.5283802955661054,-0.0887269428905891,,-0.4259308178752752,,,0.0887269428905891,0,,-2.9749149389988405,,0.0,0.13333333333333333
Halcyon Personal Care,paid_search,2025-10,33,-0.7486176780133268,-0.14644736642232925,-0.14644736642232925,False,-0.18840139359759916,-1.2465806652670357,0.1294996848069272,1.2130820697637645,0.9417836488605185,0.8073286332713393,-0.899224582530414,-0.5602162844157277,0.4979629872537089,-0.9417836488605185,1,0.12096435703949701,0.011306012616773211,0.11819367219015399,0.0,0.13043478260869565
Nimbus Home,paid_search,2025-10,33,1.28761360707383,0.6521731912467916,1.28761360707383,True,2.86454339517664,2.8496342606792866,-0.15903974301831544,2.816807748568463,-1.7473136575647354,2.4478852986159767,0.2538152108735002,-1.5769297881028101,-1.5620206536054566,1.7473136575647354,1,4.067903633764009,-5.084346739108114,4.925306996089799,0.0,0.10869565217391304
Pinebrook Pet Co.,display,2025-10,33,-0.09383445855618722,0.23409350346011204,0.23409350346011204,False,-1.235908642437345,-0.5224294543456571,-0.4203636931432713,0.5201154292623846,0.4253239222441435,1.006470420512219,0.811050669497157,1.142074183881158,0.4285949957894699,-0.4253239222441435,0,-0.40157274804861465,-0.12708269903489722,-0.2932809941083741,0.0,0.13043478260869565
Ridgeway Grocery,tv,2025-10,33,-0.15278305734082434,0.40283604844994564,0.40283604844994564,False,-1.4128902567076236,-0.011728870368713389,0.32606744855351794,-0.16413613473281527,,-1.1596087745817893,1.150653656836039,1.2601071993667992,-0.14105418697211095,,0,1.6467501601375971,-2.9749149389988405,3.3009823875523585,0.0,0.13333333333333333
Halcyon Personal Care,display,2025-10,33,0.024182551445063996,0.2060937324569847,0.2060937324569847,False,-0.07812046571411672,0.21319221390240692,0.34083365039507363,1.2037052873870215,1.686992561533154,0.6118320386274283,1.182537397093668,0.10230301715918072,-0.1890096624573429,-1.686992561533154,0,-0.09771438967016155,0.011306012616773211,0.3295276377783004,0.0,0.13043478260869565
Aster Wellness,social,2025-10,33,0.24479161695174603,0.39796354741579587,0.39796354741579587,False,-1.3964355075582204,-0.1482274209474345,-0.9415110147019489,-1.7936336876722205,1.9073364064690532,-1.2518268691273813,0.34687543642298035,1.6412271245099666,0.3930190378991805,-1.9073364064690532,0,0.46227488471878037,-2.116709289870508,1.1751982751685595,0.0,0.13043478260869565
Verdant Snacks,affiliate,2025-10,33,-0.4982873090443067,0.08741095534286125,0.08741095534286125,False,0.9574134299335912,1.3079223851859143,-0.7504583118799892,-1.5632219652712118,0.943882777049482,0.7092164603742077,-0.975284929266236,-1.455700738977898,-1.806209694230221,-0.943882777049482,1,1.2672726263916299,-0.08595653768141975,-0.6645017741985695,0.6,0.06521739130434782
Ridgeway Grocery,audio,2025-10,33,-0.07185340531960438,0.39361169702443416,0.39361169702443416,False,1.2124016721562132,1.2986262681402159,1.9853549896334877,0.9470527147761754,0.7602909150583681,-0.7236581598327043,0.9674542941760386,-1.2842550774758177,-1.3704796734598204,-0.7602909150583681,0,2.9997132568959097,-2.9749149389988405,4.960269928632329,0.0,0.13333333333333333
Pinebrook Pet Co.,paid_search,2025-10,33,0.21660227178141261,0.252362503898031,0.252362503898031,False,1.182936103347089,1.849082760627154,-0.17280648472314117,0.4685828619040915,-1.2991655530123807,0.11156529316750248,-1.0307396190309597,-0.9663338315656764,-1.6324804888457414,1.2991655530123807,0,-0.6953253263300037,-0.12708269903489722,-0.04572378568824395,0.0,0.13043478260869565
Ridgeway Grocery,paid_search,2025-10,33,,,,False,,,,-1.1202266940581103,,0.21906834216723559,0.14791568990798268,,,,0,,-2.9749149389988405,,0.0,0.13333333333333333
Nimbus Home,digital_video,2025-10,33,-0.20899046030251248,0.43909232318149793,0.43909232318149793,False,-0.345432587523977,-0.1099865101192754,0.9067895223021636,0.11614647883452993,0.7079339096217833,0.7049331658629733,0.009253819448720724,0.1364421272214645,-0.09900395018323707,-0.7079339096217833,0,4.274998344301309,-5.084346739108114,5.991136261410277,0.2,0.10869565217391304
Verdant Snacks,retail_media,2025-10,33,-1.4279161094463775,-0.028662281597906562,-0.028662281597906562,False,0.23344544932231426,-0.3544971462188337,-0.29058777188904233,-0.9826324609926467,0.2286557364704227,0.9248680351856455,-0.20475578107640932,-1.6613615587686916,-1.0734189632275437,-0.2286557364704227,1,2.1014310664768083,-0.08595653768141975,-0.20463123420762258,0.6,0.06521739130434782
Solstice Foods,tv,2025-10,33,-0.07432438399531467,0.16152437600097522,0.16152437600097522,False,-1.6906361557070553,-0.4937679794590186,0.3763315197975689,0.12165629447111807,,-1.5452345239640708,-0.3073359040100976,1.6163117717117406,0.41944359546370397,,0,0.30518849392905933,-0.9485092559691628,1.3248407757667318,0.0,0.13333333333333333
Crestline Beverages,digital_video,2025-10,33,-0.19362409592877403,0.5910360726237119,0.5910360726237119,True,0.23559396927426401,0.9878719361020429,-0.6176316614404606,0.2846788865975339,0.39016868932510756,-0.12276719532986632,-0.1981456810817933,-0.42921806520303807,-1.181496032030817,-0.39016868932510756,0,0.3103082437881462,4.0703954338060955,-4.688027095246556,0.2857142857142857,0.09090909090909091
Solstice Foods,affiliate,2025-10,33,0.6571779905111851,0.38145210754379233,0.6571779905111851,True,1.719342468108319,0.5241738817542376,-2.625775290582918,-2.0672181333302304,-1.147956478081245,0.2260172096147011,1.0200728733924191,-1.062164477597134,0.13300410875694746,1.147956478081245,1,-3.9480118769895984,-0.9485092559691628,-1.6772660346137553,0.0,0.13333333333333333
Aster Wellness,display,2025-10,33,,,,False,,,,-0.8569083702338282,1.450904852931978,-1.3141331350447876,0.5667832888510984,,,-1.450904852931978,0,,-2.116709289870508,,0.0,0.13043478260869565
Verdant Snacks,paid_search,2025-11,34,1.9354400960251912,1.2267358701620183,1.9354400960251912,True,1.9342672534378673,1.5995216032557547,-3.0124355173613697,1.8600559254298685,1.4947159803492038,-0.008083947990235324,0.08337320947176818,0.0011728425873238635,0.3359184927694365,-1.4947159803492038,1,-0.6131664427997686,0.6213050164528999,-3.6337405338142696,0.6,0.043478260869565216
Solstice Foods,display,2025-11,34,-0.4969589671812363,0.12383008554132285,0.12383008554132285,False,-0.2593589284489786,-1.4493836500006838,2.0335896564995126,3.8871749166705105,-1.1745090382442234,2.527394034922034,-0.44845902110160446,-0.23760003873225766,0.9524246828194476,1.1745090382442234,1,-0.38474632874143544,0.2830540599971545,1.7505355965023581,0.0,0.13333333333333333
Halcyon Personal Care,affiliate,2025-11,34,-1.0266838323646394,-0.6681172787969131,-0.6681172787969131,False,-0.8859708996962606,-0.13912858887595236,-0.524045373043239,-1.838795593694917,-0.41699391201532954,0.7836153377122138,1.0966185030990636,-0.1407129326683788,-0.8875552434886871,0.41699391201532954,1,-0.3711586989274235,-0.4498764769362313,-0.07416889610700766,0.0,0.13043478260869565
Crestline Beverages,retail_media,2025-11,34,0.25269385302420283,1.1596845339413981,1.1596845339413981,True,-1.2138106759928615,0.972664507594502,-1.7120830776865903,-0.42892290421064905,1.8558257173048847,0.0019560846656747504,-0.7454001638661174,1.4665045290170644,-0.7199706545702991,-1.8558257173048847,0,-1.0052324106288817,1.347563159849119,-3.059646237535709,0.0,0.11363636363636363
Solstice Foods,affiliate,2025-11,34,-1.2558779743833635,0.41027759080285825,0.41027759080285825,False,0.5797640791315795,-0.37387810273351724,3.036182477142081,1.9370205116695196,-0.4215967804263188,3.1068965129187185,0.489327883000798,-1.835642053514943,-0.8819998716498463,0.4215967804263188,1,0.26068791923800894,0.2830540599971545,2.753128417144927,0.0,0.13333333333333333
Nimbus Home,audio,2025-11,34,-1.7475236461905577,,-1.7475236461905577,False,-1.3849899163365271,-0.7825532481358165,1.1394605840688927,-1.7880907469302665,0.2453257937337304,-0.5914291316312668,0.6726508008638334,-0.36253372985403054,-0.9649703980547412,-0.2453257937337304,0,0.8590023207802515,0.17354197188272913,0.9659186121861636,0.0,0.13043478260869565
Ridgeway Grocery,tv,2025-11,34,0.14168862913923788,0.41963444272162637,0.41963444272162637,False,0.32654400556710994,0.6642472278127567,1.6039979343429693,0.005523914835520325,,-0.4688974922613211,-0.4042543117946337,-0.18485537642787206,-0.5225585986735188,,0,1.1735553777667385,-1.9700951553319475,3.574093089674917,0.0,0.13333333333333333
Halcyon Personal Care,social,2025-11,34,-0.6559165122139037,0.035449756801324284,0.035449756801324284,False,0.6055064857315107,0.4112185136714859,0.06109615473782931,0.9573118200799672,-0.5494896829417829,0.5053771324233675,-0.1283149178454429,-1.2614229979454143,-1.0671350258853896,0.5494896829417829,1,0.30669327384545014,-0.4498764769362313,0.5109726316740606,0.0,0.13043478260869565
Aster Wellness,social,2025-11,34,,,,False,,,,-0.06414151808679552,0.7738228809445843,-0.08466337493092656,0.4621577407031403,,,-0.7738228809445843,0,,-0.9891353134373977,,0.2,0.10869565217391304
Verdant Snacks,social,2025-11,34,1.0550609340698511,1.3507063493022986,1.3507063493022986,True,1.4959238490378612,0.8273110775451634,-1.2341798463257692,1.2207413375358707,-0.13190667433995842,-1.074546679358702,1.350325652468358,-0.4408629149680101,0.2277498565246877,0.13190667433995842,0,-0.076980851054576,0.6213050164528999,-1.855484862778669,0.6,0.043478260869565216
Aster Wellness,retail_media,2025-11,34,1.0206611429202301,0.4764788927958765,1.0206611429202301,True,0.6270970412608212,1.6373365517018892,-0.6584218047331354,0.6249364332107284,0.007165827466399259,0.7693749346337171,-1.4975465127375887,0.3935641016594089,-0.616675408781659,-0.007165827466399259,1,1.4733836195695007,-0.9891353134373977,0.3307135087042623,0.0,0.10869565217391304
Verdant Snacks,retail_media,2025-11,34,-0.7877996330966097,-0.26598144070842256,-0.26598144070842256,False,-0.23704625353507813,-0.22803728115091404,-2.29438876500596,0.612660590009668,0.8304409601344103,0.8212897848171531,0.2903147148886079,-0.5507533795615316,-0.5597623519456957,-0.8304409601344103,1,-0.5959017905375191,0.6213050164528999,-2.91569378145886,0.8,0.043478260869565216
Ridgeway Grocery,social,2025-11,34,-1.5482139937877981,0.03360624503096006,0.03360624503096006,False,-0.14978196818304507,0.010159013524328742,4.133198168304435,1.1023340701527389,-1.285196985930209,0.1596739921485034,0.628842651174677,-1.398432025604753,-1.558373007312127,1.285196985930209,1,2.64187415205349,-1.9700951553319475,6.103293323636382,0.0,0.13333333333333333
Crestline Beverages,digital_video,2025-11,34,-0.06012603735181416,0.27138177903193567,0.27138177903193567,False,0.0818049124094733,1.4443112551023816,-1.1357640545812824,0.8662938082822705,0.8327836440133738,-1.1658395383212172,0.33218469556102886,-0.14193094976128745,-1.5044372924541958,-0.8327836440133738,0,0.4463847506722918,1.347563159849119,-2.4833272144304015,0.14285714285714285,0.11363636363636363
Nimbus Home,digital_video,2025-11,34,-0.9400949095797646,0.011524728069535355,0.011524728069535355,False,0.8286572544126641,0.5006564720960116,2.1840088238948163,-0.16858221400720239,0.6833214054117985,-0.5173321205398651,-0.6006886156827886,-1.7687521639924286,-1.4407513816757762,-0.6833214054117985,1,1.722078550610808,0.17354197188272913,2.010466852012087,0.0,0.13043478260869565
Aster Wellness,audio,2025-11,34,-0.7796537322336294,0.31704331640926475,0.31704331640926475,False,-0.8283094913412931,-0.32118523918888015,-1.2043634579479603,-0.5552777385481863,0.16767686681925906,-0.027137461736355256,0.7560113095988169,0.04865575910766362,-0.4584684930447493,-0.16767686681925906,1,2.1090576368824343,-0.9891353134373977,-0.2152281445105626,0.2,0.10869565217391304
Nimbus Home,social,2025-11,34,-1.141873346690731,,-1.141873346690731,False,-0.1253023983622228,-0.945660347906485,0.7973664914165752,-0.18544327131152707,0.06582442966274658,-0.13978753972644495,-0.3215117991336211,-1.0165709483285081,-0.19621299878424592,-0.06582442966274658,0,0.29184139345818855,0.17354197188272913,0.6238245195338461,0.0,0.13043478260869565
Solstice Foods,digital_video,2025-11,34,-0.6023032453187201,0.2970936075434688,0.2970936075434688,False,-1.183674998285748,-1.0073659037755958,5.407948763294389,-1.3536375761815604,-0.3410784340296194,-0.8915233860666708,0.6873753062057522,0.5813717529670278,0.4050626584568756,0.3410784340296194,1,1.3204564577741498,0.2830540599971545,5.124894703297234,0.0,0.13333333333333333
Pinebrook Pet Co.,affiliate,2025-11,34,-0.16369420604615856,0.20610981372069126,0.20610981372069126,False,-0.20763856488959787,1.8468475663869914,0.2312521113773831,-0.14221248848225634,-1.0549235058073032,1.3993647108621108,-0.5593564809464963,0.04394435884343931,-2.01054177243315,1.0549235058073032,0,0.16501843321643958,0.5385571386231414,-0.30730502724575826,0.0,0.13043478260869565
Crestline Beverages,affiliate,2025-11,34,0.8058680109905393,0.22755326563515668,0.8058680109905393,True,-1.079354151933608,-1.023878992234779,-1.8270822254791093,-1.2070937083410944,-0.18071169322528433,,1.789291008702288,1.8852221629241472,1.8297470032253185,0.18071169322528433,1,-1.3201288688294543,1.347563159849119,-3.174645385328228,0.14285714285714285,0.11363636363636363
Nimbus Home,paid_search,2025-11,34,-0.40894474481027415,0.6149668781949895,0.6149668781949895,True,0.12360170834545911,1.390983171845324,0.16690973466412107,-1.3374536772209327,0.17123551217280916,-0.10907687222428618,-0.4238097821779203,-0.5325464531557332,-1.7999279166555981,-0.17123551217280916,0,-1.129444082711804,0.17354197188272913,-0.006632237218608061,0.0,0.13043478260869565
Pinebrook Pet Co.,display,2025-11,34,0.03181969386504337,0.2152852149859249,0.2152852149859249,False,0.9689121758953985,1.2792138909936253,-0.20298849749694634,-1.160297163179381,-0.1433070005597653,0.5481504682168891,1.0772709298611336,-0.9370924820303551,-1.2473941971285818,0.1433070005597653,0,-0.12017599115431776,0.5385571386231414,-0.7415456361200877,0.0,0.13043478260869565
Aster Wellness,digital_video,2025-11,34,-0.5475027052224957,-0.07887644373935729,-0.07887644373935729,False,0.3194405255443489,1.5487391473949499,0.4003753732866593,0.7957805176540769,-1.130136128235127,-0.09505168252165372,-0.5354283247351349,-0.8669432307668445,-2.0962418526174456,1.130136128235127,1,2.696486293799966,-0.9891353134373977,1.389510686724057,0.2,0.10869565217391304
Halcyon Personal Care,display,2025-11,34,0.1480048808260314,0.5873837831688444,0.5873837831688444,True,0.728699227800509,-0.7051183741898832,-0.6342188524484003,1.0837176129836597,0.1115339063053458,-2.3271059060005705,0.14643554419161292,-0.5806943469744776,0.8531232550159146,-0.1115339063053458,0,-0.05502053197980472,-0.4498764769362313,-0.18434237551216898,0.0,0.13043478260869565
Verdant Snacks,affiliate,2025-11,34,1.5512254420257912,0.8246008264899929,1.5512254420257912,True,0.4091948896793315,0.1727968800371177,-3.2591432734930486,-0.22155919175278874,-2.662058587659063,,0.3005320571553366,1.1420305523464598,1.3784285619886734,2.662058587659063,1,-1.9631099779887564,0.6213050164528999,-3.8804482899459485,0.6,0.043478260869565216
Ridgeway Grocery,paid_search,2025-11,34,-0.48994281882240553,,-0.48994281882240553,False,0.7103515431244004,-0.6347423805048685,2.338068829692908,0.7602965864151809,0.7699272264601982,1.2607099188272342,0.12744762776034715,-1.2002943619468058,0.144799561682463,-0.7699272264601982,0,1.1014029274733148,-1.9700951553319475,4.308163985024855,0.0,0.13333333333333333
Crestline Beverages,tv,2025-11,34,0.37623414107476605,0.49203407063308324,0.49203407063308324,False,0.08732875848513552,1.132079776395261,-1.76661072027641,-0.09092517905886709,,0.4916695370401651,0.38207436148572155,0.2889053825896305,-0.755845635320495,,0,-0.6009133946870305,1.347563159849119,-3.114173880125529,0.14285714285714285,0.11363636363636363
Solstice Foods,tv,2025-11,34,0.5588749449913462,0.45480395345128144,0.5588749449913462,True,0.3835706335516536,0.20238556230553326,1.3487813414938223,-0.374860318174347,,-1.1924357964114258,0.7960505260067182,0.17530431143969255,0.3564893826858129,,1,-0.906090739308808,0.2830540599971545,1.0657272814966678,0.0,0.13333333333333333
Halcyon Personal Care,digital_video,2025-11,34,-0.024522092818792043,0.07912631180197963,0.07912631180197963,False,-1.9183528683260676,-1.468564691383266,-0.17150705463543892,-0.320522078422455,-0.33490357525256154,-2.523866519734428,0.6156359825587626,1.8938307755072754,1.4440425985644738,0.33490357525256154,0,0.07393207482299476,-0.4498764769362313,0.27836942230079237,0.0,0.13043478260869565
Pinebrook Pet Co.,paid_search,2025-11,34,-0.944977655296414,0.09328309176442963,0.09328309176442963,False,0.9741042252748011,0.8069920614749209,0.041916166256066416,-0.35029124202517226,-2.5575326445510367,-0.6228075935140338,-0.5205761969883353,-1.919081880571215,-1.7519697167713348,2.5575326445510367,1,-0.43768043566921433,0.5385571386231414,-0.49664097236707494,0.0,0.13043478260869565
Aster Wellness,display,2025-11,34,-0.801837017776362,,-0.801837017776362,False,-1.681285468273067,-2.1982493440168103,-1.7264189451323375,-0.8432075784673211,0.9766406884927434,-0.8799587159479019,1.5605176288495863,0.879448450496705,1.3964123262404482,-0.9766406884927434,0,1.6333432539348574,-0.9891353134373977,-0.7372836316949398,0.2,0.10869565217391304
Halcyon Personal Care,paid_search,2025-11,34,0.9581156265972487,0.49146483916972367,0.9581156265972487,True,0.0033841678936608055,-1.065362887096844,-0.7108223814557135,0.3926456430804721,-0.47230644243732783,0.02447680598419756,0.7864861580754674,0.9547314587035879,2.0234785136940925,0.47230644243732783,1,0.25169849722099324,-0.4498764769362313,-0.26094590451948224,0.0,0.13043478260869565
Crestline Beverages,audio,2025-11,34,0.03640375036778517,0.9841783801812021,0.9841783801812021,True,0.2664923545046028,-0.5115038981486538,-0.8147464324451943,-0.7060019735928431,-1.1426720526687757,0.9534635996908054,2.562669092389505,-0.23008860413681761,0.547907648516439,1.1426720526687757,0,1.435888689597639,1.347563159849119,-2.162309592294313,0.14285714285714285,0.11363636363636363
Crestline Beverages,social,2025-11,34,0.19225716755000566,0.4323395769116018,0.4323395769116018,False,1.6945840514614174,1.0635591369661912,-1.1309294866124038,-0.5494525418512322,1.4753481261872703,-0.8519905759887099,-0.6571429395310066,-1.5023268839114117,-0.8713019694161855,-1.4753481261872703,0,0.33637170629609303,1.347563159849119,-2.4784926464615227,0.14285714285714285,0.11363636363636363
Ridgeway Grocery,audio,2025-11,34,-0.5546142996724325,0.1291783340784149,0.1291783340784149,False,0.16824537398189732,0.8859566369791017,2.7301035055719125,-2.4460307627489657,-0.44275469785698196,0.7534610601558496,1.3775752108588903,-0.7228596736543298,-1.4405709366515342,0.44275469785698196,1,0.9782603892893175,-1.9700951553319475,4.70019866090386,0.0,0.13333333333333333
Solstice Foods,social,2025-11,34,-1.2180488233222406,-0.25332714541358814,-0.25332714541358814,False,0.24174302232941852,0.021706442963100037,3.3113510660407526,-0.9166083702335408,1.3844213924894493,-2.1487661807610867,0.166682393642284,-1.4597918456516592,-1.2397552662853406,-1.3844213924894493,1,0.5246075185524791,0.2830540599971545,3.028297006043598,0.0,0.13333333333333333
Crestline Beverages,ooh,2025-11,34,-0.16252416457081056,-0.011722965536037976,-0.011722965536037976,False,-0.263748497700189,-0.25396157969448974,0.876453997991415,-0.37682063659601284,,0.8453844094992258,0.17639278726402086,0.10122433312937842,0.09143741512367917,,1,0.17969239596594788,1.347563159849119,-0.4711091618577039,0.14285714285714285,0.11363636363636363
Nimbus Home,display,2025-11,34,-1.4032914400955496,0.07793945144731076,0.07793945144731076,False,1.363816585036556,0.9809177794797225,-0.2255534947863425,0.46686584005020443,-0.8643732566503938,0.28095694158943374,0.5419550106365092,-2.7671080251321056,-2.384209219575272,0.8643732566503938,1,-0.7790253113873269,0.17354197188272913,-0.39909546666907164,0.0,0.13043478260869565
Solstice Foods,paid_search,2025-11,34,-2.290972298927011,-0.6954378598473371,-0.6954378598473371,False,-0.3195310632215229,-0.9863124880380691,3.426616064202888,-0.1249497226430435,-0.19973882585690214,-0.6577451725837405,0.18800728991276508,-1.9714412357054882,-1.304659810888942,0.19973882585690214,1,0.37768184851347825,0.2830540599971545,3.1435620042057337,0.0,0.13333333333333333
Crestline Beverages,paid_search,2025-11,34,0.43325965859040494,0.5527524045439605,0.5527524045439605,True,0.07304277236011417,-0.6087306254344883,-1.1897072080804443,-0.09143672730355785,-3.0382803095434907,0.025137043001825038,-0.17554097677706065,0.3602168862302908,1.0419902840248931,3.0382803095434907,0,-0.6862074075793971,1.347563159849119,-2.537270367929563,0.14285714285714285,0.11363636363636363
Pinebrook Pet Co.,digital_video,2025-11,34,-0.23743305211903365,0.16300542862368572,0.16300542862368572,False,-0.3953217492745827,-0.9580993373427179,0.997684961931528,0.7486560056829566,-0.4781245419776573,0.1772828799042443,-0.0730753180044022,0.15788869715554904,0.7206662852236843,0.4781245419776573,1,0.7074592842023986,0.5385571386231414,0.45912782330838664,0.0,0.13043478260869565
Verdant Snacks,digital_video,2025-11,34,0.16096791390522577,2.141403091434465,2.141403091434465,True,-0.4613565038748753,-0.7314946074548062,-1.08167791897634,0.11221658508697119,0.3745094340669874,-0.8951974852210188,0.38945792432442394,0.6223244177801011,0.892462521360032,-0.3745094340669874,0,0.4931662965472183,0.6213050164528999,-1.7029829354292398,0.6,0.043478260869565216
Ridgeway Grocery,retail_media,2025-11,34,,,,False,,,,1.6063739339552408,0.022663305220084664,-0.4355391741362083,0.7256901853851652,,,-0.022663305220084664,0,,-1.9700951553319475,,0.0,0.13333333333333333
Pinebrook Pet Co.,social,2025-11,34,0.07040072259332028,0.6474671760348,0.6474671760348,True,1.3973191841722188,1.7668662041873617,0.595068002022453,1.6546398875388355,-0.5754261624566603,-0.6855138252425708,1.6008130592761176,-1.3269184615788985,-1.6964654815940414,0.5754261624566603,0,0.2774873584485234,0.5385571386231414,0.05651086339931166,0.0,0.13043478260869565
Aster Wellness,paid_search,2025-11,34,0.15827745388424924,0.7378893162364745,0.7378893162364745,True,-0.4730629016022559,0.8589914793941222,-0.6684618751279281,-0.02260840401327071,-1.2963053895392438,-1.7438486153911261,0.06511621985913277,0.6313403554865051,-0.7007140255098729,1.2963053895392438,0,0.7508323897916491,-0.9891353134373977,0.3206734383094696,0.2,0.10869565217391304
Halcyon Personal Care,retail_media,2025-11,34,0.5877158000039752,0.40331670512491424,0.5877158000039752,True,-1.8293716379903644,-0.6762602654620302,-0.9479434235108708,0.8936433366574266,0.021188974245485832,-0.3267384340457093,-0.1471860511550918,2.4170874379943394,1.2639760654660055,-0.021188974245485832,1,-0.2638897238928252,-0.4498764769362313,-0.4980669465746395,0.0,0.13043478260869565
Solstice Foods,retail_media,2025-11,34,-0.62103632470737,0.14127995772113183,0.14127995772113183,False,-2.0252000683915834,-0.7214149442728002,2.4319704260056123,-0.44850503552109183,-0.8589849460067565,0.5516955823354278,0.13480202284597356,1.4041637436842134,0.10037861956543015,0.8589849460067565,1,-1.244437617750328,0.2830540599971545,2.148916366008458,0.0,0.13333333333333333
Nimbus Home,retail_media,2025-11,34,-0.3634873679650897,-0.27059811416351,-0.27059811416351,False,-1.69552655671657,-1.5629052865628736,0.05941936506628013,-0.4020952976462843,0.04494095644674889,-0.35719040860153606,0.7571342241174756,1.3320391887514804,1.199417918597784,-0.04494095644674889,1,-0.7522674021611119,0.17354197188272913,-0.11412260681644901,0.0,0.13043478260869565
Verdant Snacks,display,2025-11,34,-0.3302659286403932,0.7123175486904649,0.7123175486904649,True,-1.176648065083486,-0.9935210730441165,-1.0950311497256093,0.35088669571193487,-0.6002091513080042,-0.5477958928244964,0.09744944041702316,0.8463821364430928,0.6632551444037234,0.6002091513080042,0,1.3952569312827368,0.6213050164528999,-1.7163361661785093,0.8,0.043478260869565216
Pinebrook Pet Co.,retail_media,2025-11,34,-2.3135932477583996,-0.4845283862196795,-0.4845283862196795,False,-1.5874210553808366,-1.2383241029256653,-0.00048659079905308023,0.1896438454241543,-0.9943090061111641,0.9306515730363841,-0.5627677660089105,-0.726172192377563,-1.0752691448327343,0.9943090061111641,1,-0.35877007115408527,0.5385571386231414,-0.5390437294221945,0.0,0.13043478260869565
Ridgeway Grocery,display,2025-11,34,-1.0213189038567263,-0.010799671436579424,-0.010799671436579424,False,0.19228617085579183,-0.10598980143308818,1.4610960476765542,0.020161184121036957,-1.0456168031131967,-0.28696887070332894,0.5722357526818322,-1.2136050747125182,-0.9153291024236381,1.0456168031131967,1,0.610854927207123,-1.9700951553319475,3.4311912030085017,0.0,0.13333333333333333
Ridgeway Grocery,affiliate,2025-11,34,-1.6379079823799372,,-1.6379079823799372,False,1.2729999937798793,1.7093300445993944,3.2830622988716702,1.3015263035566826,-1.9720659910669316,-0.2526048521645206,0.15655372191100275,-2.9109079761598164,-3.3472380269793316,1.9720659910669316,0,0.9651946543063228,-1.9700951553319475,5.253157454203618,0.0,0.13333333333333333
Verdant Snacks,retail_media,2025-12,35,0.11626889468173787,-0.4665437439691663,0.11626889468173787,False,0.20582097325600873,-0.6886545372578003,-3.5814508053700638,-0.9569615929210616,0.28742184778125224,-1.8677740457968897,0.5149813218440366,-0.08955207857427086,0.8049234319395382,-0.28742184778125224,0,-1.3403968295013444,-1.8412781548780455,-1.7401726504920183,0.4,0.06521739130434782
Crestline Beverages,audio,2025-12,35,-0.46326753847614993,0.07341964083700762,0.07341964083700762,False,-0.8508789721742168,-1.590399189787868,-1.3365251176946766,1.0298101400635582,-0.8691167975432926,-0.14267112017451197,0.5845093384067412,0.3876114336980669,1.127131651311718,0.8691167975432926,1,0.327799352788974,-0.15858930304828434,-1.1779358146463923,0.14285714285714285,0.09090909090909091
Aster Wellness,audio,2025-12,35,0.2365933174372219,-0.03185666185291417,0.2365933174372219,False,0.1883308646987069,0.14019712739883755,-1.157222051558025,-1.2707038201066587,-0.3647168333132467,-1.5120314947546845,0.8662444783016116,0.04826245273851498,0.09639619003838434,0.3647168333132467,1,0.38347354807785006,-1.672348158704382,0.5151261071463571,0.0,0.10869565217391304
Pinebrook Pet Co.,paid_search,2025-12,35,0.4084186965211825,-0.035550742999313226,0.4084186965211825,False,-0.14301283530428435,0.6480143374466851,-0.09090828435483904,-1.003577741254576,0.6903124147928488,0.12386308057381742,-1.204817293924508,0.5514315318254669,-0.23959564092550262,-0.6903124147928488,1,-0.35491669060588593,-1.1709406436487102,1.0800323592938712,0.0,0.10869565217391304
Pinebrook Pet Co.,display,2025-12,35,0.38641241717423563,0.07208836721846483,0.38641241717423563,False,-0.7089859399309522,-0.7421233554932168,-0.5627837573341629,0.03804923171198523,0.5102379782683087,-0.31664297235043365,-1.7127145144733305,1.0953983571051877,1.1285357726674525,-0.5102379782683087,1,-0.46314040572860743,-1.1709406436487102,0.6081568863145473,0.0,0.10869565217391304
Pinebrook Pet Co.,digital_video,2025-12,35,-0.5217482370191202,-0.1395182411579961,-0.1395182411579961,False,-0.6138945291362947,-2.384712168824622,1.0667278987749989,-0.1826228029856738,0.183090866579638,0.056632171905064324,-0.13570998841024445,0.09214629211717451,1.8629639318055016,-0.183090866579638,1,1.0554970013861353,-1.1709406436487102,2.237668542423709,0.0,0.10869565217391304
Pinebrook Pet Co.,affiliate,2025-12,35,-1.1659338506200594,-0.5608277931838629,-0.5608277931838629,False,-2.0269485405588905,-1.0494514303669034,-0.1196801600495032,0.9464203838226074,-0.19484187576061626,0.2262067511215887,-1.5143608313922654,0.8610146899388311,-0.11648242025315603,0.19484187576061626,1,-0.6174224512883725,-1.1709406436487102,1.051260483599207,0.0,0.10869565217391304
Nimbus Home,social,2025-12,35,0.37880686953077014,,0.37880686953077014,False,0.5159237341023147,1.034418332493868,-0.17744336061512536,0.4902412911958192,1.2432138006359716,0.25133718425160506,-0.7361011792177435,-0.1371168645715446,-0.6556114629630979,-1.2432138006359716,0,-0.5010152629233987,0.2747099767729244,-0.45215333738804975,0.2,0.08695652173913043
Crestline Beverages,ooh,2025-12,35,-0.03329113662400543,-0.5853478023564073,-0.03329113662400543,False,-0.8692272146008534,-0.9790332177394137,1.1624110521385134,0.678530370895513,,-1.2233899132878276,0.07026429649563404,0.835936077976848,0.9457420811154083,,0,0.7804733769464883,-0.15858930304828434,1.3210003551867977,0.14285714285714285,0.09090909090909091
Nimbus Home,retail_media,2025-12,35,-0.5904203837748468,-0.6923150813318374,-0.5904203837748468,False,0.2570085817106766,-0.9129506806968855,0.6853897265194651,-0.03423505754564335,0.29022618936645683,-0.1792103716949071,-0.4510232530184725,-0.8474289654855234,0.3225302969220386,-0.29022618936645683,0,0.5246098103088012,0.2747099767729244,0.41067974974654065,0.2,0.08695652173913043
Nimbus Home,paid_search,2025-12,35,-0.47857328686133116,0.044455063933580494,0.044455063933580494,False,-0.3463503420121724,0.24974914710670945,-0.21110618032143158,-0.08646176267053941,,-0.4272356584911237,0.055413171585425025,-0.13222294484915875,-0.7283224339680406,,1,-0.6552039982816114,0.2747099767729244,-0.485816157094356,0.2,0.08695652173913043
Crestline Beverages,paid_search,2025-12,35,-0.21566946298787584,0.004544292068989927,0.004544292068989927,False,-1.4629257617748763,-1.2829879817508323,-1.2855678136432525,-0.886626278207114,1.8667063589275992,0.222197750373158,-0.5457627093078278,1.2472562987870004,1.0673185187629564,-1.8667063589275992,1,-0.1179049055831813,-0.15858930304828434,-1.1269785105949681,0.14285714285714285,0.09090909090909091
Nimbus Home,display,2025-12,35,1.928046407522195,0.016047335180548027,1.928046407522195,True,1.271863267022842,1.23079375383429,-0.30923043868709055,-0.9869174292325557,0.45954992554937707,-0.6153517311537263,-0.7674390317880003,0.656183140499353,0.6972526536879051,-0.45954992554937707,1,-0.07446002512113001,0.2747099767729244,-0.583940415460015,0.0,0.08695652173913043
Nimbus Home,digital_video,2025-12,35,-0.9913162018992286,-0.7134671905938353,-0.7134671905938353,False,-0.9305237214168732,-2.06152714456638,0.49171020485665556,-0.12604507080902969,-0.8288476885290416,1.3066305402906504,0.5612659962538263,-0.060792480482355415,1.0702109426671513,0.8288476885290416,1,-0.21683980899696256,0.2747099767729244,0.21700022808373115,0.2,0.08695652173913043
Nimbus Home,audio,2025-12,35,-1.2267974112331808,,-1.2267974112331808,False,-1.7340664724609522,-1.7073802925918964,0.48662176207894164,-1.387366422783052,1.7539623522544183,-2.18255750557663,0.026440498965870644,0.5072690612277715,0.48058288135871563,-1.7539623522544183,0,0.32800718437839876,0.2747099767729244,0.21191178530601723,0.2,0.08695652173913043
Crestline Beverages,retail_media,2025-12,35,0.8189309080516508,0.4373979876872267,0.8189309080516508,True,-1.2138712453455978,-0.26032838470924197,-1.2153697276618183,-0.8653705916936604,-1.7804652098092233,-0.32215454595223714,0.5998355603433876,2.0328021533972485,1.0792592927608928,1.7804652098092233,1,0.1687592666970091,-0.15858930304828434,-1.056780424613534,0.14285714285714285,0.09090909090909091
Halcyon Personal Care,social,2025-12,35,1.635983215402426,0.10314704564871052,1.635983215402426,True,0.3025260267884823,0.5394707665897623,-1.135405806692426,0.13493488519207522,1.3495829616330057,1.0345245982750149,-1.3477120915135254,1.3334571886139437,1.0965124488126636,-1.3495829616330057,1,-1.4380699781297943,0.2011938761720918,-1.3365996828645177,0.0,0.08695652173913043
Halcyon Personal Care,retail_media,2025-12,35,-0.18353012413987826,-0.06398756605555839,-0.06398756605555839,False,-0.26441254728006863,-0.7838724927694911,-0.8276617268811698,1.2479827353387065,0.2802164081093093,2.364132501252961,1.254624265376858,0.08088242314019037,0.6003423686296129,-0.2802164081093093,1,-0.49023373562278627,0.2011938761720918,-1.0288556030532616,0.2,0.08695652173913043
Crestline Beverages,social,2025-12,35,0.9483974924548183,0.5135454018160125,0.9483974924548183,True,-0.2953171346059017,0.053333351715161015,-1.6448635561097213,0.2390949688531413,0.07553327894994558,1.204864338451041,0.004213298080038563,1.24371462706072,0.8950641407396573,-0.07553327894994558,1,-0.23808656229986624,-0.15858930304828434,-1.486274253061437,0.14285714285714285,0.09090909090909091
Halcyon Personal Care,paid_search,2025-12,35,0.2862093893954393,0.11015718621763583,0.2862093893954393,False,-0.21215698075780776,-0.3840438095463279,-0.3753338940150536,-0.7493603231662008,0.3545835635344974,-0.30509546529280734,-0.9450963093487016,0.49836637015324703,0.6702531989417672,-0.3545835635344974,1,0.7588388063679602,0.2011938761720918,-0.5765277701871454,0.2,0.08695652173913043
Halcyon Personal Care,display,2025-12,35,-0.8493028774079473,-0.07523504945965016,-0.07523504945965016,False,-1.4271613268384291,0.00821516112932239,-0.1050647867384416,0.15524544945924973,0.6060771391149227,-0.024919668432866693,0.09432991771496785,0.5778584494304818,-0.8575180385372697,-0.6060771391149227,1,0.7636705627659002,0.2011938761720918,-0.3062586629105334,0.2,0.08695652173913043
Crestline Beverages,tv,2025-12,35,1.1671120317137456,0.5632130906174863,1.1671120317137456,True,-1.017141668107328,0.7045319449236489,-1.8836680809966564,-0.47294609888472905,,0.8174341102649799,-0.02306494659227859,2.1842536998210735,0.46258008679009666,,1,-0.542329240357314,-0.15858930304828434,-1.725078777948372,0.0,0.09090909090909091
Halcyon Personal Care,digital_video,2025-12,35,-1.1212806901541392,-0.7398249915214269,-0.7398249915214269,False,0.22314261727802395,-0.8957683106351644,-0.16977966167497324,0.4066234047241855,0.5234045383586025,1.7175817231918604,1.196557089574056,-1.3444233074321632,-0.22551237951897485,-0.5234045383586025,1,0.43317908988455567,0.2011938761720918,-0.37097353784706505,0.2,0.08695652173913043
Halcyon Personal Care,affiliate,2025-12,35,0.03128545075815146,-0.4209473483005948,0.03128545075815146,False,0.19163174968080302,-0.40966541214726615,-0.3514222481271866,-0.7822163750299096,-0.3082565002556532,-0.008569218047350157,-1.459407221812716,-0.16034629892265156,0.44095086290541763,0.3082565002556532,0,-0.05810019348975182,0.2011938761720918,-0.5526161242992784,0.2,0.08695652173913043
Pinebrook Pet Co.,retail_media,2025-12,35,-0.6598085050107269,-0.9923290587488399,-0.6598085050107269,False,-0.6680008158786757,-1.3420369263466592,0.6992143977092796,0.22854786290609397,0.6591100682490604,0.18192512528774676,-0.18583685777296063,0.008192310867948804,0.6822284213359323,-0.6591100682490604,0,1.070026014401116,-1.1709406436487102,1.87015504135799,0.0,0.10869565217391304
Pinebrook Pet Co.,social,2025-12,35,0.14039229709108636,0.13331715385058127,0.14039229709108636,False,-1.0587247671037878,-0.7414358659385311,-0.26736188303974795,0.12619986593759808,0.026128219907880102,3.194440438286084,1.679584043226727,1.199117064194874,0.8818281630296174,-0.026128219907880102,1,-0.5339822693601218,-1.1709406436487102,0.9035787606089623,0.0,0.10869565217391304
Ridgeway Grocery,affiliate,2025-12,35,-1.287902151556229,,-1.287902151556229,False,-1.0948769271017305,0.10614305411728604,4.623974492890145,-0.8374487541129741,-1.0549798719447536,-0.7956752369025276,-0.07928650573606894,-0.19302522445449855,-1.394045205673515,1.0549798719447536,0,1.6809188566732218,-0.7640987899708698,5.388073282861015,0.0,0.1111111111111111
Crestline Beverages,digital_video,2025-12,35,-0.5721422534028855,-0.27529746222782453,-0.27529746222782453,False,-1.0255384260530755,-0.13847394776000746,-1.399827637909412,-0.8307168275229663,0.18664496803640812,1.439565518104966,0.014593403104048996,0.45339617265019005,-0.43366830564287806,-0.18664496803640812,1,-0.7722196910070892,-0.15858930304828434,-1.2412383348611276,0.14285714285714285,0.09090909090909091
Verdant Snacks,display,2025-12,35,0.6460655441006753,0.3033904035447707,0.6460655441006753,True,1.2474158439246166,0.9237644853948137,-1.5880580362444132,0.5702818238439453,1.1082469307034464,1.2378211000620665,1.0982137017350773,-0.6013502998239413,-0.2776989412941384,-1.1082469307034464,1,0.3298193405042552,-1.8412781548780455,0.25322011863363225,0.4,0.06521739130434782
Verdant Snacks,digital_video,2025-12,35,-0.11001140084729105,0.3298068262005888,0.3298068262005888,False,0.26007605030855757,-0.14127271952079454,-1.0408272346563157,-3.108555563794224,-1.8983984018040458,0.639608005633921,0.31791652404800086,-0.3700874511558486,0.031261318673503485,1.8983984018040458,0,0.21246822123001524,-1.8412781548780455,0.8004509202217298,0.4,0.06521739130434782
Aster Wellness,digital_video,2025-12,35,-0.24938681213299507,-0.6831581651951083,-0.24938681213299507,False,-0.2073773425857829,-0.1714557385345526,-0.12990756514111326,0.19239128252927634,0.2933727304895541,-1.00630421227596,0.10539320989970541,-0.042009469547212186,-0.07793107359844248,-0.2933727304895541,0,1.3392232229920769,-1.672348158704382,1.5424405935632688,0.0,0.10869565217391304
Verdant Snacks,affiliate,2025-12,35,0.5929562990243448,0.36575431822351756,0.5929562990243448,True,-0.3436879457236375,-0.8091102865698724,-2.750150806579294,-0.7683211484496169,-1.4888046214561481,-0.053102823006587245,0.5760755726441787,0.9366442447479822,1.4020665855942172,1.4888046214561481,1,-0.11033799928849136,-1.8412781548780455,-0.9088726517012486,0.4,0.06521739130434782
Solstice Foods,tv,2025-12,35,-0.3047051939026046,0.019982818565936318,0.019982818565936318,False,0.039419750705163674,-0.4818333745427286,2.3904646591186562,-0.2535069902686267,,0.31832096595469306,0.58769066435235,-0.34412494460776827,0.17712818064012403,,1,-0.29461872960843843,0.6851281741769554,1.705336484941701,0.0,0.1111111111111111
Aster Wellness,display,2025-12,35,-0.04842298864108311,,-0.04842298864108311,False,-0.8378145431452765,-1.481300313690982,-1.0964099736531452,0.7692523214221021,1.3024305283328452,0.08251560235835859,-0.23295959152737494,0.7893915545041934,1.4328773250498987,-1.3024305283328452,0,1.7918074694599218,-1.672348158704382,0.5759381850512368,0.0,0.10869565217391304
Solstice Foods,social,2025-12,35,-0.9123083147893579,-0.8521159997010992,-0.8521159997010992,False,0.03685609585331991,-0.990086248556117,2.0529950137679567,-0.7904133881096476,-0.9657310308199804,-0.27125661541004004,-0.3261436033643192,-0.9491644106426779,0.07777793376675912,0.9657310308199804,1,-0.8459404953724116,0.6851281741769554,1.3678668395910014,0.0,0.1111111111111111
Solstice Foods,retail_media,2025-12,35,-0.30994717685903356,-0.3756148995436274,-0.30994717685903356,False,-2.005484741181756,-0.5378080595386621,3.080352566231701,-0.19525124372670083,0.12532255625506114,-0.6436034806494477,0.2215477704740891,1.6955375643227224,0.2278608826796285,-0.12532255625506114,0,0.30855709341615456,0.6851281741769554,2.395224392054746,0.0,0.1111111111111111
Aster Wellness,paid_search,2025-12,35,,,,False,,,,1.4260445303999496,1.0127896255582105,-0.7688301941713366,-1.10609815975842,,,-1.0127896255582105,0,,-1.672348158704382,,0.0,0.10869565217391304
Solstice Foods,paid_search,2025-12,35,-1.0378268800065586,-1.5669868391414437,-1.0378268800065586,False,-1.8760229481284476,-0.6101298643579878,3.192511457405319,-0.8125551862702622,0.34625018597995105,-0.2897959084795527,-0.8881250087758606,0.838196068121889,-0.4276970156485709,-0.34625018597995105,0,0.1024703209543681,0.6851281741769554,2.507383283228364,0.0,0.1111111111111111
Verdant Snacks,paid_search,2025-12,35,1.8517333677266379,0.8119384485617496,1.8517333677266379,True,-0.11352937351034112,1.1649026179437165,-3.499776515180395,0.39995380766694283,-0.04866474704399777,1.4257436671643804,-0.45341911752979563,1.965262741236979,0.6868307497829214,0.04866474704399777,1,-0.09061782042079887,-1.8412781548780455,-1.6584983603023495,0.2,0.06521739130434782
Solstice Foods,display,2025-12,35,0.018831337606935995,-0.1444909693310048,0.018831337606935995,False,-0.0007703650437881904,-0.7187195853062449,1.8890671505142387,,-1.8886857490224593,0.8455471902766717,-0.6202430968154495,0.019601702650724185,0.7375509229131809,1.8886857490224593,0,-0.4789404075675279,0.6851281741769554,1.2039389763372834,0.0,0.1111111111111111
Solstice Foods,digital_video,2025-12,35,-0.5554826664489446,-0.21123139170502317,-0.21123139170502317,False,-0.051980152309294085,0.018077991606156554,4.320290055527192,-0.15972341835011528,3.4954620203442976,0.14240339020649795,-0.07384836864810507,-0.5035025141396505,-0.5735606580551011,-3.4954620203442976,1,-0.03408722258921171,0.6851281741769554,3.6351618813502364,0.0,0.1111111111111111
Solstice Foods,affiliate,2025-12,35,-1.059947392408224,-0.3685883058400893,-0.3685883058400893,False,-0.3168761704194155,1.324408206395397,3.028543734841555,0.7849006295331195,-0.11496702641837754,0.9166269990114554,0.3772359287320892,-0.7430712219888086,-2.384355598803621,0.11496702641837754,1,0.10373530550393541,0.6851281741769554,2.3434155606646,0.0,0.1111111111111111
Aster Wellness,social,2025-12,35,0.1933331436858459,,0.1933331436858459,False,-0.6714976362481927,-0.6102594819068979,-0.6965329259368284,-0.537222166052986,0.5406719175685903,0.5261804712308541,0.035740467120906616,0.8648307799340386,0.8035926255927438,-0.5406719175685903,0,1.1504476415310911,-1.672348158704382,0.9758152327675537,0.0,0.10869565217391304
Ridgeway Grocery,tv,2025-12,35,,,,False,,,,-0.061494333499541504,,-0.0941083941037745,-0.19366498287231151,,,,0,,-0.7640987899708698,,0.0,0.1111111111111111
Ridgeway Grocery,social,2025-12,35,-1.0558226018384025,-0.47397539331448707,-0.47397539331448707,False,-0.5177447786729086,-1.1583879449469925,3.443128895329008,0.6698096317298545,0.8264414862312958,-1.2666753512674267,1.5603834403969312,-0.5380778231654939,0.10256534310859,-0.8264414862312958,1,1.290325676443741,-0.7640987899708698,4.207227685299878,0.0,0.1111111111111111
Crestline Beverages,affiliate,2025-12,35,0.29148939385118533,-0.05151627616821439,0.29148939385118533,False,-1.1730785831042856,-1.2639188693640535,-1.2287933625689016,0.07144568548175421,0.04139204535348297,,0.4436412057314737,1.464567976955471,1.5554082632152388,-0.04139204535348297,1,0.4173181690532623,-0.15858930304828434,-1.0702040595206173,0.14285714285714285,0.09090909090909091
Ridgeway Grocery,retail_media,2025-12,35,-1.1468792721042032,,-1.1468792721042032,False,0.3219429407688962,0.9675771793663718,3.7524063313162084,-0.01703427016223058,-0.21554857152808496,1.03333354650828,-0.4829834701537895,-1.4688222128730994,-2.114456451470575,0.21554857152808496,0,0.8962391070836976,-0.7640987899708698,4.516505121287079,0.0,0.1111111111111111
Ridgeway Grocery,paid_search,2025-12,35,-0.601413314177478,,-0.601413314177478,False,-0.11354313237929792,-0.5082001591661112,2.2031000839805874,-0.09674864092859266,0.3380591299368976,-0.16323787312935592,1.1711976948176102,-0.4878701817981801,-0.09321315501136684,-0.3380591299368976,0,0.4323268287220793,-0.7640987899708698,2.967198873951457,0.0,0.1111111111111111
Ridgeway Grocery,display,2025-12,35,-0.18834440536108019,-0.4890870894178539,-0.18834440536108019,False,-0.11012016303079683,0.568857863365242,1.2910854370887157,4.257923589768675,0.46039902801190846,-0.42093282812400024,-1.458469917148583,-0.07822424233028336,-0.7572022687263222,-0.46039902801190846,0,0.06432063265720538,-0.7640987899708698,2.0551842270595855,0.0,0.1111111111111111
Ridgeway Grocery,audio,2025-12,35,-1.3438477621853369,-0.6567718223924579,-0.6567718223924579,False,-0.6356428615746035,-0.38165474846654196,3.7439125101128763,0.5735654034365063,0.2698737890171529,0.7225605274404623,-1.6273471393717265,-0.7082049006107334,-0.9621930137187948,-0.2698737890171529,1,1.5783146764612594,-0.7640987899708698,4.508011300083746,0.0,0.1111111111111111
Aster Wellness,retail_media,2025-12,35,-1.730109207620223,-0.18642210110080806,-0.18642210110080806,False,-1.5662351670673837,-0.20696559580721732,0.531443373796627,-1.3534753939401665,1.1366499506988288,-0.01884699713715747,0.47655233070987707,-0.16387404055283916,-1.5231436118130055,-1.1366499506988288,1,1.7674874635191915,-1.672348158704382,2.203791532501009,0.0,0.10869565217391304
Verdant Snacks,social,2025-12,35,0.7579385790999815,1.0369065497868408,1.0369065497868408,True,0.12448802052517434,0.26700012526767763,-0.6993298449833195,0.37658005170482844,-1.2135869039850569,-0.20697099547194675,-0.6384508480802117,0.6334505585748071,0.4909384538323039,1.2135869039850569,0,1.182225162480387,-1.8412781548780455,1.141948309894726,0.2,0.06521739130434782
