brand,channel,month,month_idx,spend,revenue,roas,iroas,mas,rroi,ctr,cpc,picr,impression_share,cal_month,log_metric,own_n_hist,own_trailing_trend,detrended,seasonal_index,peer_trailing_trend,global_level,baseline,residual,own_sigma,peer_sigma,global_sigma,sigma,sudden_z,gradual_z,alert_score,alert_source,direction,is_true_spike,flagged,spike_type
Aster Wellness,audio,2023-01,0,35548.09195983527,75967.09760458808,2.137023210427751,1.2170024477781325,41040.86102838999,1.1545165651861382,0.0042405193906449,0.9598051169762903,0.045760993314712214,0.4340845013081261,1,0.7594138374983138,0,,,0.0,,,,,,,,0.15,,,,sudden,up,False,False,
Ridgeway Grocery,retail_media,2023-01,0,59790.18031903291,347057.8290840173,5.8045957920207005,2.7215032708659694,154011.42778778996,2.5758649157103104,0.021868085223538242,1.4579985535310032,0.15223440878447064,0.687756351350442,1,1.758649981721318,0,,,0.0,,,,,,,,0.15,,,,sudden,up,False,False,
Crestline Beverages,audio,2023-01,0,78167.71966124346,131311.4311717671,1.6798677477203285,1.7254787810857473,114360.73801203197,1.4630174515469903,0.004728287615706862,0.816238894278894,0.0460001856965013,0.4321659926782824,1,0.5187150687214176,0,,,0.0,,,,,,,,0.15,,,,sudden,up,False,False,
Ridgeway Grocery,tv,2023-01,0,54704.11823737365,133637.86496688248,2.442921470500581,1.4642614304123134,83090.18659850626,1.5189018537500043,0.003295722159754739,,0.05308837964233865,0.5494305718878548,1,0.8931946470600489,0,,,0.0,,,,,,,,0.15,,,,sudden,up,False,False,
Solstice Foods,affiliate,2023-01,0,99693.86528625952,339027.16726635577,3.400682341815899,2.8897911174165016,293573.57573819446,2.9447506613895604,0.03470403183983625,1.0588980159891257,0.1303828184733376,0.5719160761046842,1,1.2239761002562006,0,,,0.0,,,,,,,,0.15,,,,sudden,up,False,False,
Crestline Beverages,affiliate,2023-01,0,69281.58924590313,210705.74935260075,3.0412949767179387,2.24568295507179,151772.21239365856,2.190657201222234,0.027119182931031393,1.2620708441874535,0.12221374392409715,0.5616673736364938,1,1.112283403898288,0,,,0.0,,,,,,,,0.15,,,,sudden,up,False,False,
Solstice Foods,digital_video,2023-01,0,108266.28364415899,261756.7481934485,2.4177125082982416,1.6485903411240401,197726.571306992,1.8262986836868254,0.00856940911323504,1.17597951376202,0.07264620618362683,0.5433591003045588,1,0.8828218486384282,0,,,0.0,,,,,,,,0.15,,,,sudden,up,False,False,
Solstice Foods,display,2023-01,0,131956.02634707474,382644.098930838,2.8997849474823973,1.7558631953629769,218989.834599564,1.659566756152313,0.005938891163316768,0.6343359770869776,0.04628585261812143,0.49590568411492614,1,1.0646365782021805,0,,,0.0,,,,,,,,0.15,,,,sudden,up,False,False,
Aster Wellness,social,2023-01,0,39422.70457359759,102791.70426365253,2.6074239546846005,1.8002720500353835,72388.83428339791,1.8362219199917247,0.011226217889304179,0.9599622493429,0.08043417229004518,0.5647056090775834,1,0.9583627433964083,0,,,0.0,,,,,,,,0.15,,,,sudden,up,False,False,
Solstice Foods,paid_search,2023-01,0,78291.9713282465,384540.100542339,4.9116160190949625,2.609839187378426,245225.49706552652,3.1321921380341213,0.041723011206866875,1.7660313642614802,0.16188680126292448,0.7744809780479432,1,1.591603015780896,0,,,0.0,,,,,,,,0.15,,,,sudden,up,False,False,
Solstice Foods,retail_media,2023-01,0,105428.92758633221,328068.9246708049,3.111754356053373,2.6564501441373776,312647.262396936,2.965478920772666,0.01715155594118069,1.311866097445858,0.17899169770159148,0.6304497917147986,1,1.135186668770509,0,,,0.0,,,,,,,,0.15,,,,sudden,up,False,False,
Aster Wellness,retail_media,2023-01,0,32323.9181547807,120701.80095842607,3.734132736645799,2.540426351942927,92273.4400364552,2.854648981432592,0.01790882634424365,1.4290087075120477,0.15030506324014936,0.6466687334350045,1,1.317515592598531,0,,,0.0,,,,,,,,0.15,,,,sudden,up,False,False,
Solstice Foods,social,2023-01,0,139919.0885508623,484266.81236820185,3.461048934664586,2.2179011242590616,311849.1035392501,2.228781696400839,0.011586462955744326,0.9286698332302642,0.09392913155492315,0.5981589577506139,1,1.2415717034335159,0,,,0.0,,,,,,,,0.15,,,,sudden,up,False,False,
Solstice Foods,tv,2023-01,0,76452.83651480149,163331.4943571659,2.1363693199995852,1.3479221890798476,101757.89227566161,1.3309891027517466,0.0045428450505932486,,0.06570405029069992,0.5809937747727534,1,0.7591078087735416,0,,,0.0,,,,,,,,0.15,,,,sudden,up,False,False,
Aster Wellness,paid_search,2023-01,0,25728.317413668276,89333.90272945775,3.4722015160617827,3.063740330724081,77073.10162089336,2.9956526259252363,0.0348314480873449,1.7982083487076503,0.11399955728540954,0.6771200502372785,1,1.2447888354542036,0,,,0.0,,,,,,,,0.15,,,,sudden,up,False,False,
Verdant Snacks,affiliate,2023-01,0,17063.594118445446,70480.95637991955,4.130487158255298,2.931191317944836,50372.71531277178,2.9520577530802705,0.03292292076220948,1.232461079456619,0.14022568891751042,0.5775280868823046,1,1.418395356010699,0,,,0.0,,,,,,,,0.15,,,,sudden,up,False,False,
Verdant Snacks,digital_video,2023-01,0,13745.126721652674,38412.3474594646,2.7946157381694925,1.706606143885793,23529.847762565303,1.7118683762659515,0.008797278783802868,1.185404366551773,0.06720531532779025,0.5324834708619225,1,1.0276946152841835,0,,,0.0,,,,,,,,0.15,,,,sudden,up,False,False,
Aster Wellness,display,2023-01,0,44409.52898280444,78166.84076389714,1.7601366768416677,1.3496440335400497,66544.43368242435,1.498426918875691,0.005308511605573208,0.6757582689864838,0.05036812115810662,0.5276156099797724,1,0.5653914633312908,0,,,0.0,,,,,,,,0.15,,,,sudden,up,False,False,
Crestline Beverages,digital_video,2023-01,0,58976.970378447135,162762.51829983224,2.7597639766065885,1.658234993514571,95270.80977108775,1.6153900269842283,0.008041206420201865,1.0368810620999804,0.0618965849944057,0.5273740924723092,1,1.0151451603501302,0,,,0.0,,,,,,,,0.15,,,,sudden,up,False,False,
Verdant Snacks,display,2023-01,0,17445.47299921445,39009.177056382854,2.2360630209418453,1.5820087413610224,23014.439533001198,1.3192212979285523,0.0057102915637338115,0.5742262679631229,0.0477785762136116,0.5244633417825282,1,0.8047167395744939,0,,,0.0,,,,,,,,0.15,,,,sudden,up,False,False,
Ridgeway Grocery,paid_search,2023-01,0,38807.08060984456,224608.1968655576,5.787814835228268,3.882034656625722,143567.8845639255,3.6995280837359683,0.03975508829419493,2.0460110573891597,0.16107032179791983,0.6448446195568711,1,1.7557548171082815,0,,,0.0,,,,,,,,0.15,,,,sudden,up,False,False,
Crestline Beverages,ooh,2023-01,0,82157.5961508196,124348.99398769767,1.5135422628411113,0.91919086088445,81934.85894533327,0.9972889030847805,0.002844077998925165,,0.03895364293899441,0.37233166623244424,1,0.4144527730019688,0,,,0.0,,,,,,,,0.15,,,,sudden,up,False,False,
Halcyon Personal Care,display,2023-01,0,21753.31976138394,51797.54954103237,2.381133091831912,1.2265619592065589,29962.6742884973,1.377383986313962,0.006805365028972756,0.7057867083338267,0.05130077694058477,0.5228513841974036,1,0.8675764633939754,0,,,0.0,,,,,,,,0.15,,,,sudden,up,False,False,
Halcyon Personal Care,affiliate,2023-01,0,28625.249945972377,105637.0876888738,3.6903463860841197,2.2693049949465096,59660.752198310256,2.0842002187199986,0.032509926382990224,1.149162090597672,0.11253051381902728,0.6099830519406665,1,1.305720325214288,0,,,0.0,,,,,,,,0.15,,,,sudden,up,False,False,
Halcyon Personal Care,paid_search,2023-01,0,30885.268552044126,105444.23006639413,3.4140622701308954,2.621912882041953,78261.47565937418,2.5339418864853767,0.046019033152313586,1.7921644954923956,0.1583090410250147,0.6947467659055265,1,1.2279028638458898,0,,,0.0,,,,,,,,0.15,,,,sudden,up,False,False,
Halcyon Personal Care,retail_media,2023-01,0,26007.927723296852,86035.82263782408,3.3080614323899655,2.7647859709005136,67383.84497636219,2.5908963487314853,0.020278620034499224,1.5553239010510573,0.1895755520699034,0.6593524645267804,1,1.1963623478445,0,,,0.0,,,,,,,,0.15,,,,sudden,up,False,False,
Crestline Beverages,tv,2023-01,0,58424.67298248994,78954.63835822644,1.3513920459920998,1.2514834670509443,74709.4769661034,1.2787316240262752,0.0038708404834414166,,,0.5330443510121476,1,0.30113520636465707,0,,,0.0,,,,,,,,0.15,,,,sudden,up,False,False,
Halcyon Personal Care,social,2023-01,0,22696.474332420654,69160.04421945356,3.0471712569322835,2.0565931853438686,43155.91849503985,1.901437107057373,0.012406908008079457,1.0437801989568092,,0.5659533052562303,1,1.1142137035216906,0,,,0.0,,,,,,,,0.15,,,,sudden,up,False,False,
Nimbus Home,audio,2023-01,0,44840.06406063075,127426.19938534132,2.8417934285963833,1.7812672535259657,83868.77928907203,1.8703982932689032,0.00536527533654038,0.8026220056489058,0.055781890830166894,0.44386478654081796,1,1.0444353418102625,0,,,0.0,,,,,,,,0.15,,,,sudden,up,False,False,
Crestline Beverages,social,2023-01,0,95244.93271476627,242727.93175456705,2.5484603205240735,2.124143843163765,202445.64319153305,2.1255266545025018,0.011693825742129458,0.8831831682003461,0.07952405935325638,0.6312278999384087,1,0.9354893809392859,0,,,0.0,,,,,,,,0.15,,,,sudden,up,False,False,
Nimbus Home,digital_video,2023-01,0,32367.258382206197,126912.8091793012,3.9210243784215946,1.8766838624926943,65963.74998445633,2.037977675017409,0.00773228558470869,1.1748974801671508,0.06814267434414523,0.5600277771389541,1,1.3663529406898962,0,,,0.0,,,,,,,,0.15,,,,sudden,up,False,False,
Nimbus Home,display,2023-01,0,28754.56892928692,84336.58307229483,2.932980260622056,1.9703614793794841,54388.78759635167,1.8914833232278419,0.0059044809243647915,0.6015967939588232,0.04502190772984088,0.4712667927825635,1,1.076019059874493,0,,,0.0,,,,,,,,0.15,,,,sudden,up,False,False,
Crestline Beverages,retail_media,2023-01,0,79812.37547519231,248647.6048887224,3.11540163299623,3.351744921513022,234582.62186018686,2.9391760421051623,0.018074360373198973,1.4982362719200095,0.16728207641100482,0.6504108050475175,1,1.136358079079272,0,,,0.0,,,,,,,,0.15,,,,sudden,up,False,False,
Nimbus Home,paid_search,2023-01,0,43103.451978781224,155221.44561466607,3.601137228894748,3.3168136440273916,150014.73846478818,3.480341633394856,0.04785843634564778,2.039399733082994,0.13170644942431572,0.7352170983789499,1,1.2812496924923469,0,,,0.0,,,,,,,,0.15,,,,sudden,up,False,False,
Nimbus Home,retail_media,2023-01,0,28170.2078140206,152787.65651846354,5.423731962758882,3.830039304688409,101673.5866061053,3.6092593734967515,0.018479527117730578,1.587852389536499,0.15557321288253326,0.6805115434457085,1,1.690784132521553,0,,,0.0,,,,,,,,0.15,,,,sudden,up,False,False,
Nimbus Home,social,2023-01,0,26994.557263776107,82053.14931965382,3.0396182651886137,2.342622251460292,73201.40013646605,2.711709602094298,0.012584975741247425,0.9587060525676526,0.07619427030233486,0.6126676156532438,1,1.1117319368718346,0,,,0.0,,,,,,,,0.15,,,,sudden,up,False,False,
Crestline Beverages,paid_search,2023-01,0,81008.90758582785,290553.08511504025,3.5866806968999447,3.7779964147129963,302282.8625491093,3.7314768407269865,0.046077333080071246,1.6874537657881656,0.1253353867746113,0.6863863574535576,1,1.2772271778329551,0,,,0.0,,,,,,,,0.15,,,,sudden,up,False,False,
Ridgeway Grocery,affiliate,2023-01,0,64235.97170214633,293456.8463041615,4.568419197655823,3.237719869068277,196200.2884107278,3.054367875378028,0.032020225212396725,1.1169064629689907,0.14343743330394054,0.5381079628061128,1,1.5191672364567013,0,,,0.0,,,,,,,,0.15,,,,sudden,up,False,False,
Ridgeway Grocery,audio,2023-01,0,,,,,,,0.004706306165381413,0.8912876089143574,0.0506454657410358,0.4449369829349052,1,,0,,,0.0,,,,,,,,0.15,,,,sudden,up,False,False,
Ridgeway Grocery,display,2023-01,0,51784.86783437669,153081.14274555104,2.9560979712287723,1.4747116345697664,76566.57510417784,1.4785511348423324,0.0052197969958322245,0.6665529860945024,0.043281510402322886,0.5148705963678069,1,1.083870145712907,0,,,0.0,,,,,,,,0.15,,,,sudden,up,False,False,
Verdant Snacks,paid_search,2023-01,0,12987.793354170039,54578.97552758635,4.2023286049637125,3.1761857499955948,40373.106024721965,3.10854237696654,0.04230932183131913,1.774930457634392,0.11879082796460501,0.664891788529775,1,1.4356388014031973,0,,,0.0,,,,,,,,0.15,,,,sudden,up,False,False,
Ridgeway Grocery,social,2023-01,0,63245.160940899754,235706.02611285693,3.7268626185189953,1.867786630966207,116586.48747022648,1.8434056572197233,0.013116778121866396,1.0035902223951343,0.09856287429183617,0.6661918225724938,1,1.3155667586744526,0,,,0.0,,,,,,,,0.15,,,,sudden,up,False,False,
Halcyon Personal Care,digital_video,2023-01,0,32887.65380778694,58527.49594249007,1.779619071781651,1.430169827975966,46820.01559749084,1.4236350172965235,0.007905205963581397,1.2375582638801328,0.0831089473866794,0.5842924591531081,1,0.5763993367846881,0,,,0.0,,,,,,,,0.15,,,,sudden,up,False,False,
Verdant Snacks,retail_media,2023-01,0,22455.40759758106,129538.18787234106,5.76868566332749,3.449021795518872,81182.86247397379,3.6152923130515324,0.02108167130184029,1.5008649952541515,0.1805600075676865,0.6267127224537343,1,1.7524442665875477,0,,,0.0,,,,,,,,0.15,,,,sudden,up,False,False,
Verdant Snacks,social,2023-01,0,20234.172930094603,70990.64648884854,3.5084530874628945,2.2124074307766857,47759.76761664336,2.36035185533131,0.010961423308395262,1.056189796278552,0.09554064667567051,0.5995617450067112,1,1.2551752245114762,0,,,0.0,,,,,,,,0.15,,,,sudden,up,False,False,
Aster Wellness,digital_video,2023-01,0,,,,,,,0.006319739607414749,1.0842789989248238,0.08006738377392456,0.5683284060669535,1,,0,,,0.0,,,,,,,,0.15,,,,sudden,up,False,False,
Aster Wellness,paid_search,2023-02,1,27886.427723154826,132593.55998927457,4.754770360176994,2.6588890490200723,81411.84526803713,2.9422810132995596,0.040328631180142085,1.5304536367557762,0.14518785759199884,0.7160325376790911,2,1.5591484004414458,1,,,0.0,1.4020236005596816,1.1212317995748344,1.4020236005596816,0.1571247998817642,,,,0.15,1.047498665878428,,1.047498665878428,sudden,up,True,True,sudden
Halcyon Personal Care,digital_video,2023-02,1,33448.32705066563,56668.22969855952,1.6942022126464409,1.4435694546274338,47427.05478851662,1.419634565813387,0.007725855821917411,1.197374410791782,0.08055744332793217,0.5937060190326072,2,0.5272119590269981,1,,,0.0,0.9736827803494652,1.1212317995748344,0.9736827803494652,-0.44647082132246707,,,,0.15,-2.9764721421497806,,-2.9764721421497806,sudden,up,False,False,
Ridgeway Grocery,social,2023-02,1,,,,,,,0.013498148881196569,1.0391646629112292,0.10795429695402024,0.6032426357592726,2,,1,,,0.0,1.1331587787640949,1.1212317995748344,1.1331587787640949,,,,,0.15,,,,sudden,up,False,False,
Crestline Beverages,audio,2023-02,1,87496.1856112209,152233.42712954734,1.7398864426613843,1.5499050266731709,135661.19228975236,1.5242420868873459,0.004639949909915717,0.8411994575008169,0.04511578777656072,0.46424454481342076,2,0.5538198482584411,1,,,0.0,0.7741880826766646,1.1212317995748344,0.7741880826766646,-0.2203682344182235,,,,0.15,-1.4691215627881569,,-1.4691215627881569,sudden,up,False,False,
Ridgeway Grocery,tv,2023-02,1,55859.58448052933,114731.7456317555,2.053931240246639,1.347588980111735,83574.37427834932,1.5029762698872702,0.004047668184007139,,0.07134849450760183,0.5437245859758539,2,0.7197556349220002,1,,,0.0,0.6511458873994158,1.1212317995748344,0.6511458873994158,0.06860974752258442,,,,0.15,0.4573983168172295,,0.4573983168172295,sudden,up,False,False,
Solstice Foods,affiliate,2023-02,1,95922.09334748457,353982.86768004403,3.690316332002014,3.1226907943220703,260297.46932188782,2.7829691112593378,0.02994141931159063,1.479805603028468,0.08558623240078982,0.5525557130342569,2,1.3057121812079153,1,,,0.0,1.3159084843672353,1.1212317995748344,1.3159084843672353,-0.010196303159319964,,,,0.15,-0.06797535439546643,,-0.06797535439546643,sudden,up,False,False,
Crestline Beverages,affiliate,2023-02,1,67356.63904546127,222695.65333869326,3.3062168257592015,2.3776122528542776,149489.85730731674,2.2107619105985616,0.03129409169637707,1.3500643861394024,0.13137398796663835,0.5428999368524275,2,1.1958045827772947,1,,,0.0,1.3159084843672353,1.1212317995748344,1.3159084843672353,-0.12010390158994055,,,,0.15,-0.8006926772662704,,-0.8006926772662704,sudden,up,False,False,
Solstice Foods,digital_video,2023-02,1,114754.9789997544,281745.4485699416,2.455191496053035,1.6295463754425785,177235.13610117955,1.6290156386099293,0.00791422358757961,1.1023333331179266,0.0627425545631936,0.4938709987078388,2,0.8982047606700445,1,,,0.0,0.9736827803494652,1.1212317995748344,0.9736827803494652,-0.0754780196794207,,,,0.15,-0.5031867978628046,,-0.5031867978628046,sudden,up,False,False,
Solstice Foods,display,2023-02,1,119691.36806291113,365718.2099000621,3.055510316398393,1.7174359390903198,218981.05699358485,1.7785533574509564,0.005881174131406748,0.80010870376662,0.053876206879593935,0.4972824183346612,2,1.116946621684359,1,,,0.0,0.9103684083482234,1.1212317995748344,0.9103684083482234,0.20657821333613569,,,,0.15,1.3771880889075714,,1.3771880889075714,sudden,up,False,True,sudden
Ridgeway Grocery,retail_media,2023-02,1,58833.257004278836,307569.3770017514,5.227814890128935,2.8443422987460836,163584.228995776,2.71908993689905,0.01784656580334221,1.6056379661327025,0.14668350282347495,0.6264074289225471,2,1.6539933877382051,1,,,0.0,1.4267572955890329,1.1212317995748344,1.4267572955890329,0.2272360921491723,,,,0.15,1.514907280994482,,1.514907280994482,sudden,up,False,True,sudden
Solstice Foods,retail_media,2023-02,1,87420.34238778931,308848.45089272415,3.532912849079203,2.419649971946359,203342.47369865756,2.517865754768774,,1.221145830348549,0.14188002702853925,0.7185032665398197,2,1.2621227003906734,1,,,0.0,1.4267572955890329,1.1212317995748344,1.4267572955890329,-0.16463459519835943,,,,0.15,-1.097563967989063,,-1.097563967989063,sudden,up,False,False,
Aster Wellness,retail_media,2023-02,1,31452.04818554646,122629.64944473562,3.898940022007505,2.7037744309574454,88305.12340206302,2.8217225489715387,0.019940383455361036,1.4606116768826702,0.16195224897366253,0.665983454291777,2,1.3607047269653696,1,,,0.0,1.4267572955890329,1.1212317995748344,1.4267572955890329,-0.06605256862366327,,,,0.15,-0.4403504574910885,,-0.4403504574910885,sudden,up,True,False,
Verdant Snacks,retail_media,2023-02,1,22871.15473636622,118340.27754765298,5.174215246748618,3.144370027751841,66606.17571377811,3.123152144949049,0.020217187409518996,1.1957475198423353,0.186580869848846,0.6439345962095386,2,1.6436876845120856,1,,,0.0,1.4267572955890329,1.1212317995748344,1.4267572955890329,0.21693038892305272,,,,0.15,1.4462025928203515,,1.4462025928203515,sudden,up,False,True,sudden
Solstice Foods,social,2023-02,1,120394.31751782713,374538.4226882666,3.1109310672640977,2.5498956546022113,308210.0912770622,2.4606382209060538,0.011086069752110217,,0.09064137241179382,0.6028906320440048,2,1.13492205992784,1,,,0.0,1.1331587787640949,1.1212317995748344,1.1331587787640949,0.001763281163745134,,,,0.15,0.011755207758300894,,0.011755207758300894,sudden,up,False,False,
Verdant Snacks,affiliate,2023-02,1,17088.525451857513,67194.12136005529,3.932119336414209,3.071531331091962,51621.539221188556,3.000198689695531,0.03150031355364586,1.3090233885252804,0.117944515085463,0.601507767901457,2,1.3691785518788449,1,,,0.0,1.3159084843672353,1.1212317995748344,1.3159084843672353,0.053270067511609565,,,,0.15,0.35513378341073043,,0.35513378341073043,sudden,up,False,False,
Solstice Foods,tv,2023-02,1,86019.10726702986,176663.33086975507,2.0537684763611597,1.2547167550801706,104327.38852443093,1.248284523042392,0.0038543786961100874,,0.043081532228423626,0.5254920284158937,2,0.7196763867311422,1,,,0.0,0.6511458873994158,1.1212317995748344,0.6511458873994158,0.06853049933172639,,,,0.15,0.45686999554484264,,0.45686999554484264,sudden,up,False,False,
Aster Wellness,social,2023-02,1,32741.712560612694,111511.47269372945,3.4057923050694185,3.1854863025270186,110955.73254022987,2.9230397674387745,0.024332819795148085,0.5687368219388991,0.15193437301580506,0.5654454652847223,2,1.2254776012471416,1,,,0.0,1.1331587787640949,1.1212317995748344,1.1331587787640949,0.09231882248304668,,,,0.15,0.6154588165536445,,0.6154588165536445,sudden,up,True,True,sudden
Solstice Foods,paid_search,2023-02,1,89922.67450774711,387050.6608233561,4.304260999154452,3.3405697334533917,298725.167358151,3.2650735422983983,0.04104725924084927,1.7009757709525335,0.13201907920968858,0.6923705582911718,2,1.4596054620883723,1,,,0.0,1.4020236005596816,1.1212317995748344,1.4020236005596816,0.057581861528690714,,,,0.15,0.3838790768579381,,0.3838790768579381,sudden,up,False,False,
Crestline Beverages,digital_video,2023-02,1,59644.632483876776,168293.29559290226,2.8216000096638294,1.7537506262306466,108415.89639822987,1.7570052234015816,0.00867762489236089,1.0627511170338826,0.07964139201202147,0.539306946635187,2,1.0373041033646517,1,,,0.0,0.9736827803494652,1.1212317995748344,0.9736827803494652,0.06362132301518653,,,,0.15,0.42414215343457684,,0.42414215343457684,sudden,up,False,False,
Ridgeway Grocery,paid_search,2023-02,1,41705.59566055495,212422.24622453272,5.093375190069307,3.9948853848426293,150908.50957473525,3.642754911292427,0.044651306072968765,1.890869863137795,0.12283573672443082,0.6897661730632746,2,1.6279407129820422,1,,,0.0,1.4020236005596816,1.1212317995748344,1.4020236005596816,0.22591711242236068,,,,0.15,1.506114082815738,,1.506114082815738,sudden,up,False,True,sudden
Aster Wellness,audio,2023-02,1,36204.59248898295,73286.20569241079,2.024224018395229,1.2941018320524524,46718.5027817491,1.2496368379314036,0.0049902966340486885,0.7820875616058961,0.05109251234330545,0.39700870554964923,2,0.7051864263258372,1,,,0.0,0.7741880826766646,1.1212317995748344,0.7741880826766646,-0.06900165635082744,,,,0.15,-0.46001104233884965,,-0.46001104233884965,sudden,up,True,False,
Halcyon Personal Care,display,2023-02,1,23766.415400960766,53965.51918500414,2.270662961770102,1.225948998100804,28462.99875850765,1.2515452004328587,0.006429338031905765,0.7280559662134284,0.04847301765184171,0.5425558212814895,2,0.8200718424971646,1,,,0.0,0.9103684083482234,1.1212317995748344,0.9103684083482234,-0.09029656585105883,,,,0.15,-0.6019771056737255,,-0.6019771056737255,sudden,up,False,False,
Halcyon Personal Care,affiliate,2023-02,1,27904.578819075366,116645.42261435084,4.180153492752698,2.199362303030937,57757.4586505476,2.074134148880984,0.02974625303600414,1.1291195773537046,0.1334338542173721,0.6033257982310568,2,1.4303479666167085,1,,,0.0,1.3159084843672353,1.1212317995748344,1.3159084843672353,0.1144394822494732,,,,0.15,0.7629298816631547,,0.7629298816631547,sudden,up,False,True,sudden
Halcyon Personal Care,paid_search,2023-02,1,29777.396441664026,109509.63940160783,3.6776096129204836,2.5605266036583814,82154.60505086655,2.691453610688197,0.0511329838754511,1.8018326873244834,0.14292712229387505,0.6204993748068336,2,1.3022629794178429,1,,,0.0,1.4020236005596816,1.1212317995748344,1.4020236005596816,-0.0997606211418387,,,,0.15,-0.665070807612258,,-0.665070807612258,sudden,up,False,False,
Halcyon Personal Care,retail_media,2023-02,1,25771.546115382374,100043.84542870664,3.881949689040699,2.655134050915649,72088.02868530502,2.735305099025115,0.021300261631685857,1.3154977251262787,0.12133679309736707,0.6422423714690809,2,1.3563375246011924,1,,,0.0,1.4267572955890329,1.1212317995748344,1.4267572955890329,-0.07041977098784047,,,,0.15,-0.46946513991893646,,-0.46946513991893646,sudden,up,False,False,
Crestline Beverages,tv,2023-02,1,56639.72175546634,98265.15985306217,1.7349160060726911,1.248066543959634,71168.90018254526,1.263182955807968,0.00366553476305585,,0.04899718812780225,0.5833668239969247,2,0.5509590007414681,1,,,0.0,0.6511458873994158,1.1212317995748344,0.6511458873994158,-0.10018688665794773,,,,0.15,-0.6679125777196515,,-0.6679125777196515,sudden,up,False,False,
Halcyon Personal Care,social,2023-02,1,24455.494803322377,69994.98229938687,2.862137235917949,2.1374030046648658,46187.26470278349,1.892468798987732,0.01271815521324245,1.0439748454683007,,0.5920739859639785,2,1.0515686310391337,1,,,0.0,1.1331587787640949,1.1212317995748344,1.1331587787640949,-0.0815901477249612,,,,0.15,-0.543934318166408,,-0.543934318166408,sudden,up,False,False,
Nimbus Home,audio,2023-02,1,48297.9457810914,128325.8205932538,2.6569622893463354,1.625879365774471,83070.45405582302,1.7650903173537393,0.004995229557176381,0.7904105769041173,0.05319682134102739,0.3962404450929088,2,0.9771834737324074,1,,,0.0,0.7741880826766646,1.1212317995748344,0.7741880826766646,0.20299539105574282,,,,0.15,1.3533026070382856,,1.3533026070382856,sudden,up,False,True,sudden
Crestline Beverages,social,2023-02,1,92412.60022638278,212135.1346286742,2.2955217590351054,2.181215009409761,184965.5903891469,2.0387214114610948,0.013121237627000827,0.9328623361906403,0.09948604574136667,0.6262814665107151,2,0.8309601636581216,1,,,0.0,1.1331587787640949,1.1212317995748344,1.1331587787640949,-0.30219861510597323,,,,0.15,-2.0146574340398216,,-2.0146574340398216,sudden,up,False,False,
Aster Wellness,digital_video,2023-02,1,42035.986686566925,120637.871265172,2.8698712882531954,1.6551251401851956,69783.17984231068,1.6127917333816062,0.008545594819117408,1.2036255637749063,0.07768863487919356,0.6141899312048084,2,1.0542671814673215,1,,,0.0,0.9736827803494652,1.1212317995748344,0.9736827803494652,0.08058440111785625,,,,0.15,0.5372293407857084,,0.5372293407857084,sudden,up,True,False,
Nimbus Home,digital_video,2023-02,1,30106.889653388203,110350.31448150505,3.6652844499028587,1.701631558001469,48644.523923207315,1.742402421622681,0.008845075144874828,,0.07165059011906627,0.5699529427727981,2,1.2989059448515732,1,,,0.0,0.9736827803494652,1.1212317995748344,0.9736827803494652,0.325223164502108,,,,0.15,2.168154430014053,,2.168154430014053,sudden,up,False,True,sudden
Crestline Beverages,retail_media,2023-02,1,75568.71520360348,251473.9226808647,3.327751729049817,3.362682170766838,261613.74075167466,3.3051050958187025,0.018635333488364606,1.3445118990695502,0.13868099610303328,0.6552559007657709,2,1.202296919530107,1,,,0.0,1.4267572955890329,1.1212317995748344,1.4267572955890329,-0.22446037605892588,,,,0.15,-1.496402507059506,,-1.496402507059506,sudden,up,False,False,
Nimbus Home,paid_search,2023-02,1,39773.37682428844,163961.00705578882,4.122380852401314,3.221257514835708,128645.40009960311,3.3082245550760607,0.04434555024552782,1.914517011676195,0.12809210932938547,0.6984700933499839,2,1.4164308732513722,1,,,0.0,1.4020236005596816,1.1212317995748344,1.4020236005596816,0.01440727269169062,,,,0.15,0.0960484846112708,,0.0960484846112708,sudden,up,False,False,
Nimbus Home,retail_media,2023-02,1,29309.385294691434,171395.55173453625,5.847804381130426,3.560147153277522,109096.8673782731,3.688353002280772,0.01764072523721086,1.3311093208260312,0.17687951385287495,0.6083653034998371,2,1.7660662713289021,1,,,0.0,1.4267572955890329,1.1212317995748344,1.4267572955890329,0.3393089757398693,,,,0.15,2.2620598382657953,,2.2620598382657953,sudden,up,False,True,sudden
Nimbus Home,social,2023-02,1,26940.690101621167,82372.06869682252,3.0575337300608254,2.1556432313515748,52809.07406368143,2.1856511482501917,0.012786720792568337,0.8474552389430323,0.08031410952784875,0.6006010772952028,2,1.1176086204270312,1,,,0.0,1.1331587787640949,1.1212317995748344,1.1331587787640949,-0.015550158337063635,,,,0.15,-0.10366772224709091,,-0.10366772224709091,sudden,up,False,False,
Crestline Beverages,paid_search,2023-02,1,81360.21660941739,339604.19612355117,4.174081759809895,3.5376345705674717,275536.75411031133,3.490082363604746,0.04286198176409141,,0.13452677843527777,0.703089115440224,2,1.4288943963428755,1,,,0.0,1.4020236005596816,1.1212317995748344,1.4020236005596816,0.026870795783193957,,,,0.15,0.1791386385546264,,0.1791386385546264,sudden,up,False,False,
Ridgeway Grocery,affiliate,2023-02,1,56350.021207726335,241001.78048555818,4.2768711585243135,2.6378675198303596,143650.61785304596,2.7007894158944867,0.03351569964507724,1.2776860703374424,0.1422333789059274,0.640315285510267,2,1.4532217045273639,1,,,0.0,1.3159084843672353,1.1212317995748344,1.3159084843672353,0.1373132201601286,,,,0.15,0.9154214677341906,,0.9154214677341906,sudden,up,False,True,sudden
Ridgeway Grocery,audio,2023-02,1,46871.243716598954,93454.66737088746,1.9938593465953087,1.3348128782310766,56505.42321598709,1.237532740985261,0.004277850626019597,0.8866097942171105,0.041827032696933844,0.4225273012865729,2,0.690072130734405,1,,,0.0,0.7741880826766646,1.1212317995748344,0.7741880826766646,-0.08411595194225963,,,,0.15,-0.5607730129483975,,-0.5607730129483975,sudden,up,False,False,
Crestline Beverages,ooh,2023-02,1,85388.20560762864,175861.82599801812,2.0595564076627757,0.9023488802394491,74382.20062714885,0.9089610545008685,0.0033340926489821374,,0.04482677547548751,0.41681428279879573,2,0.7224906235273146,1,,,0.0,0.4144527730019688,1.1212317995748344,0.4144527730019688,0.3080378505253458,,,,0.15,2.0535856701689723,,2.0535856701689723,sudden,up,False,True,sudden
Ridgeway Grocery,display,2023-02,1,50374.13942254202,144270.61683933611,2.863981767096475,1.4715221801247063,73061.28839335432,1.4588263942715565,0.0053767301823748875,0.7884159356393601,0.06132396632826034,0.5123143393400305,2,1.0522128828408703,1,,,0.0,0.9103684083482234,1.1212317995748344,0.9103684083482234,0.14184447449264692,,,,0.15,0.9456298299509796,,0.9456298299509796,sudden,up,False,True,sudden
Nimbus Home,display,2023-02,1,32028.310112529278,84851.4123953893,2.6492628583047204,1.893335901533731,52556.115521613414,1.7160938247045887,0.0069921477553906855,0.7157711935089546,0.0550777913228398,0.47980175228143346,2,0.9742814346251406,1,,,0.0,0.9103684083482234,1.1212317995748344,0.9103684083482234,0.0639130262769172,,,,0.15,0.4260868418461147,,0.4260868418461147,sudden,up,False,False,
Verdant Snacks,digital_video,2023-02,1,14048.703486948822,37898.8778755056,2.6976779679856917,2.0820770417600203,27320.944845363232,1.874871996855583,0.00863771062086,1.0969324561150564,0.06624786498516691,0.5298126043389276,2,0.9923913911307707,1,,,0.0,0.9736827803494652,1.1212317995748344,0.9736827803494652,0.01870861078130548,,,,0.15,0.12472407187536987,,0.12472407187536987,sudden,up,False,False,
Verdant Snacks,social,2023-02,1,20652.03864550009,56902.80445096113,2.7553117359365284,2.438621005234383,48675.877440006545,2.357972419279743,0.013761409208073852,0.8999667640717395,0.08880273500651872,0.5674562773717776,2,1.0135305889936121,1,,,0.0,1.1331587787640949,1.1212317995748344,1.1331587787640949,-0.11962818977048273,,,,0.15,-0.7975212651365515,,-0.7975212651365515,sudden,up,False,False,
Aster Wellness,display,2023-02,1,,,,,,,0.005714373414471648,0.7023689601279305,0.04881345163541996,0.5199561035647131,2,,1,,,0.0,0.9103684083482234,1.1212317995748344,0.9103684083482234,,,,,0.15,,,,sudden,up,True,False,
Verdant Snacks,display,2023-02,1,16245.65440040663,43659.53516853454,2.6874593101920063,1.5482892853325856,27251.0792213298,1.5699730408787596,0.006013197998123907,0.7209756457449548,0.05287675124543592,0.49085042915637567,2,0.9885962529454922,1,,,0.0,0.9103684083482234,1.1212317995748344,0.9103684083482234,0.07822784459726884,,,,0.15,0.5215189639817923,,0.5215189639817923,sudden,up,False,False,
Verdant Snacks,paid_search,2023-02,1,12987.3346412891,61008.755250616276,4.697557808101621,3.9550058191375257,44821.95949418558,3.3484064957073656,0.04252251569876445,1.6648433082653777,0.1176272242914191,0.7171814420669079,2,1.547042758371673,1,,,0.0,1.4020236005596816,1.1212317995748344,1.4020236005596816,0.14501915781199148,,,,0.15,0.9667943854132766,,0.9667943854132766,sudden,up,False,True,sudden
Ridgeway Grocery,display,2023-03,2,54879.98375596157,146035.86656734702,2.6610041871866126,1.6746767765161685,99265.64812277058,1.6710509672499374,0.0058882157515833715,0.6239724382533222,0.05781372070660269,0.4591812739036734,3,0.9787035655330637,2,,,0.0,0.9503951076334145,1.13009777876856,0.9503951076334145,0.028308457899649198,,,0.16756245418207855,0.16756245418207855,0.16894272668558763,,0.16894272668558763,sudden,up,False,False,
Nimbus Home,retail_media,2023-03,2,30967.224230770113,149526.1953420597,4.828530779115981,3.782393849163085,112241.01648850688,3.6410079792689842,0.020435466123927732,1.598920478923091,0.17257047594010771,0.6226511017237465,3,1.5745422348719478,2,,,0.0,1.4451793060135545,1.13009777876856,1.4451793060135545,0.1293629288583933,,,0.16756245418207855,0.16756245418207855,0.7720281341655663,,0.7720281341655663,sudden,up,False,True,sudden
Solstice Foods,tv,2023-03,2,95572.84863813073,211636.7243232825,2.2144021794788875,1.3936418874440653,129272.2777863876,1.320328540540796,0.0041098787213834625,,0.05911000365116724,0.5270057745292448,3,0.7949824706707179,2,,,0.0,0.6573047807654764,1.13009777876856,0.6573047807654764,0.13767768990524154,,,0.16756245418207855,0.16756245418207855,0.8216499965776146,,0.8216499965776146,sudden,up,False,True,sudden
Crestline Beverages,paid_search,2023-03,2,100372.5276712682,381212.08505275176,3.7979723525670894,3.147024876584938,313776.45050421054,3.299292194063952,0.0358169789496936,1.6040935169597177,0.13777015965007947,0.7045645550417429,3,1.3344673328920582,2,,,0.0,1.439677913343814,1.13009777876856,1.439677913343814,-0.1052105804517558,,,0.16756245418207855,0.16756245418207855,-0.6278887532730377,,-0.6278887532730377,sudden,up,False,False,
Nimbus Home,social,2023-03,2,28095.139296286176,82082.51922646303,2.921591466795586,2.307340143702414,65281.39875555083,2.32853145404985,0.013502463794995957,1.0443612654873566,0.09109470486994112,0.651969804052072,3,1.0721284906843682,2,,,0.0,1.097751694823121,1.13009777876856,1.097751694823121,-0.025623204138752742,,,0.16756245418207855,0.16756245418207855,-0.15291733618862957,,-0.15291733618862957,sudden,up,False,False,
Aster Wellness,social,2023-03,2,29074.553129780365,68734.6000995685,2.364081050283291,1.705718745861983,53392.52205165569,2.1468484147388507,0.01289523011714135,0.8897983088598802,0.09207503288125299,0.5913497766398423,3,0.8603893841859452,2,,,0.0,1.097751694823121,1.13009777876856,1.097751694823121,-0.23736231063717572,,,0.16756245418207855,0.16756245418207855,-1.4165602419456718,,-1.4165602419456718,sudden,up,True,False,
Ridgeway Grocery,audio,2023-03,2,51533.33610989383,91508.7989449078,1.7757204530629858,1.4078862678749813,72330.96515242873,1.3456887242257936,0.005231709046728708,0.8186161689694943,0.04540432075584533,0.48178745472738316,3,0.574206229626271,2,,,0.0,0.7528767762197186,1.13009777876856,0.7528767762197186,-0.1786705465934476,,,0.16756245418207855,0.16756245418207855,-1.0662922518388198,,-1.0662922518388198,sudden,up,False,False,
Crestline Beverages,ooh,2023-03,2,92380.11579554767,147032.85052459798,1.5916071251740556,0.9123270473420942,79649.27354269903,0.8909934325357446,0.0026415043038321004,,0.03842204937789247,0.39786931112333823,3,0.4647442762972681,2,,,0.0,0.5684716982646417,1.13009777876856,0.5684716982646417,-0.10372742196737361,,,0.16756245418207855,0.16756245418207855,-0.6190373760858157,,-0.6190373760858157,sudden,up,False,False,
Solstice Foods,social,2023-03,2,136723.11691084155,443553.93902681704,3.2441766180335314,2.3465286885235197,313562.44355563744,2.333804628613314,0.01168514747992402,0.9761408030833358,0.08863530749165027,0.6745066409320366,3,1.1768615792944006,2,,,0.0,1.097751694823121,1.13009777876856,1.097751694823121,0.07910988447127965,,,0.16756245418207855,0.16756245418207855,0.4721217820390503,,0.4721217820390503,sudden,up,False,False,
Verdant Snacks,social,2023-03,2,19769.20186943889,70682.44417057688,3.5753817800729992,2.4581017080388246,43695.21946700848,2.269621253756841,0.010446577348089152,0.8887064948614405,0.07360857321620295,0.5383767255799576,3,1.274071962072962,2,,,0.0,1.097751694823121,1.13009777876856,1.097751694823121,0.17632026724984096,,,0.16756245418207855,0.16756245418207855,1.05226596322256,,1.05226596322256,sudden,up,True,True,sudden
Ridgeway Grocery,paid_search,2023-03,2,46947.20160741134,257889.71921946682,5.493186183407254,5.056578601145261,203910.4465786332,4.069629957948159,0.0430341036729613,1.9888365710199787,0.10917524918312356,0.6381185963664753,3,1.7035084484533312,2,,,0.0,1.439677913343814,1.13009777876856,1.439677913343814,0.26383053510951715,,,0.16756245418207855,0.16756245418207855,1.5745205953049048,,1.5745205953049048,sudden,up,False,True,sudden
Verdant Snacks,retail_media,2023-03,2,26479.922590749975,111458.23146890277,4.2091600187622005,3.2813397206344237,81842.70222877027,3.1599527631455073,0.02047579145297004,1.2517475841866845,0.1809242527402572,0.6967399469239209,3,1.4372631073033924,2,,,0.0,1.4451793060135545,1.13009777876856,1.4451793060135545,-0.007916198710162137,,,0.16756245418207855,0.16756245418207855,-0.04724327265796758,,-0.04724327265796758,sudden,up,True,False,
Crestline Beverages,digital_video,2023-03,2,60369.34725804713,176267.7443280652,2.919821935039541,1.7879045337978392,115748.95499057214,1.8370253787679751,0.009243339083137474,1.2638185373051893,0.07120113986289071,0.5112754898004488,3,1.0715226332699224,2,,,0.0,0.9708651685506793,1.13009777876856,0.9708651685506793,0.10065746471924308,,,0.16756245418207855,0.16756245418207855,0.6007161043957113,,0.6007161043957113,sudden,up,False,True,sudden
Ridgeway Grocery,retail_media,2023-03,2,64471.6698673679,267992.39961302164,4.156746679034988,2.9471638166494136,173136.39535380277,2.6825462374277347,0.014885647315411421,1.499373411781629,0.16486029856302092,0.637918101488647,3,1.424732720004969,2,,,0.0,1.4451793060135545,1.13009777876856,1.4451793060135545,-0.0204465860085854,,,0.16756245418207855,0.16756245418207855,-0.12202367235781535,,-0.12202367235781535,sudden,up,False,False,
Verdant Snacks,display,2023-03,2,16079.067380278053,46652.57753292587,2.9014479776450264,1.577566677987548,25234.81009042513,1.5409838803626847,0.004877760998006028,0.5961396907103222,0.0476294912918373,0.5011620964138054,3,1.06520991501856,2,,,0.0,0.9503951076334145,1.13009777876856,0.9503951076334145,0.1148148073851456,,,0.16756245418207855,0.16756245418207855,0.6852060501595678,,0.6852060501595678,sudden,up,True,True,sudden
Ridgeway Grocery,social,2023-03,2,67988.83460728312,264562.76950762194,3.891267897674501,2.0215678575515232,149146.79827773946,2.1249450697101726,0.012136813488622406,0.8048804951772354,0.083472520581269,0.609883997165414,3,1.3587350422297275,2,,,0.0,1.097751694823121,1.13009777876856,1.097751694823121,0.26098334740660656,,,0.16756245418207855,0.16756245418207855,1.557528795341073,,1.557528795341073,sudden,up,False,True,sudden
Crestline Beverages,audio,2023-03,2,93539.47355045011,163800.11401370363,1.7511335888089934,1.6685147136698368,135953.17486823845,1.4747583610674637,0.005411555509429441,0.9133198327677202,0.05335723194115147,0.4621880698167452,3,0.5602633432599204,2,,,0.0,0.7528767762197186,1.13009777876856,0.7528767762197186,-0.19261343295979816,,,0.16756245418207855,0.16756245418207855,-1.1495023386951497,,-1.1495023386951497,sudden,up,False,False,
Ridgeway Grocery,tv,2023-03,2,59406.20812437756,121995.48174332977,2.053581361192257,1.5757939581604044,98247.70382962469,1.595307914622632,0.00367974528776817,,0.0736523815942296,0.5726687321405699,3,0.719585274370894,2,,,0.0,0.6573047807654764,1.13009777876856,0.6573047807654764,0.06228049360541765,,,0.16756245418207855,0.16756245418207855,0.37168525556293025,,0.37168525556293025,sudden,up,False,False,
Solstice Foods,affiliate,2023-03,2,116475.37182560001,378574.73952829017,3.250255685769647,3.2816935800162237,351553.7049591101,2.9426368238380407,,1.1154829783524742,0.12057569531210201,0.5282625057504483,3,1.1787336657916305,2,,,0.0,1.3333807408844303,1.13009777876856,1.3333807408844303,-0.15464707509279974,,,0.16756245418207855,0.16756245418207855,-0.9229219985328899,,-0.9229219985328899,sudden,up,False,False,
Solstice Foods,retail_media,2023-03,2,104263.68832494055,375394.82901245105,3.6004368830932116,2.6938951920616754,264018.7098730408,2.577634742713834,0.018350743897641936,1.2437876861428154,0.1669153520574331,0.6946620024936837,3,1.2810551945137514,2,,,0.0,1.4451793060135545,1.13009777876856,1.4451793060135545,-0.1641241114998031,,,0.16756245418207855,0.16756245418207855,-0.9794802320182108,,-0.9794802320182108,sudden,up,False,False,
Crestline Beverages,affiliate,2023-03,2,79827.92139304793,254860.2204157705,3.1926200252780954,2.0037801877118393,163268.4978154538,2.109160402204453,0.03639720387747685,1.4146354082155588,0.12041959830919083,0.6304680426716375,3,1.16084190423291,2,,,0.0,1.3333807408844303,1.13009777876856,1.3333807408844303,-0.17253883665152037,,,0.16756245418207855,0.16756245418207855,-1.02969867261573,,-1.02969867261573,sudden,up,False,False,
Aster Wellness,digital_video,2023-03,2,40567.3802305953,119024.8161835404,2.934003021811443,1.6855274912629505,72285.7583708578,1.7016274040240624,0.007539332130816984,1.1021152223089707,0.08229208247550703,0.5923841204690747,3,1.0763677096491768,2,,,0.0,0.9708651685506793,1.13009777876856,0.9708651685506793,0.10550254109849755,,,0.16756245418207855,0.16756245418207855,0.6296311522380499,,0.6296311522380499,sudden,up,True,True,sudden
Solstice Foods,digital_video,2023-03,2,119665.94930143765,245322.31908199145,2.050059524151071,1.6326140182338067,202002.37723129746,1.686984250521753,0.006134480181293954,1.369038086042808,0.07106289680657364,0.5747582406388502,3,0.7178688289000296,2,,,0.0,0.9708651685506793,1.13009777876856,0.9708651685506793,-0.2529963396506497,,,0.16756245418207855,0.16756245418207855,-1.50986293967583,,-1.50986293967583,sudden,up,False,False,
Aster Wellness,display,2023-03,2,28729.745696801227,66183.17105318834,2.303646254013212,1.3605013742230385,38476.51514473526,1.4235461575865647,0.006297964634051861,0.7465839355849695,0.04230035625515846,0.5261288061504185,3,0.834493195461307,2,,,0.0,0.9503951076334145,1.13009777876856,0.9503951076334145,-0.11590191217210755,,,0.16756245418207855,0.16756245418207855,-0.6916938089613138,,-0.6916938089613138,sudden,up,True,False,
Solstice Foods,display,2023-03,2,141130.733564243,362061.8631766434,2.565435989970477,1.7586304704589233,238706.90453353766,1.7126559946093853,0.00605131885726841,,0.05355159361865778,0.5506748085732281,3,0.9421284407750251,2,,,0.0,0.9503951076334145,1.13009777876856,0.9503951076334145,-0.008266666858389393,,,0.16756245418207855,0.16756245418207855,-0.04933483994813407,,-0.04933483994813407,sudden,up,False,False,
Solstice Foods,paid_search,2023-03,2,113122.57518749712,436187.7971816713,3.8558863821717613,3.12267279318632,346564.3173209416,3.129013557339481,0.039840340283183805,2.00094280356426,0.113600071132902,0.7263923468303675,3,1.3496009111097729,2,,,0.0,1.439677913343814,1.13009777876856,1.439677913343814,-0.09007700223404114,,,0.16756245418207855,0.16756245418207855,-0.5375727078821648,,-0.5375727078821648,sudden,up,False,False,
Aster Wellness,retail_media,2023-03,2,34675.63659073925,124479.77232465122,3.589833801577439,2.5774628164299873,85865.12666499673,2.6181948000351465,0.017203147607577934,1.5430356934880527,0.15535201493761722,0.6161936080004218,3,1.2781059066033231,2,,,0.0,1.4451793060135545,1.13009777876856,1.4451793060135545,-0.16707339941023136,,,0.16756245418207855,0.16756245418207855,-0.9970813582658812,,-0.9970813582658812,sudden,up,True,False,
Nimbus Home,paid_search,2023-03,2,42157.291401947805,160094.4255401547,3.7975500848415,3.077530301899818,127917.22145446707,3.16353112484816,0.04195629738737238,1.807181966538736,0.15313792911995316,0.7306019398294871,3,1.3343561442991723,2,,,0.0,1.439677913343814,1.13009777876856,1.439677913343814,-0.10532176904464174,,,0.16756245418207855,0.16756245418207855,-0.6285523183504811,,-0.6285523183504811,sudden,up,False,False,
Ridgeway Grocery,affiliate,2023-03,2,62722.365310186404,244888.5165954163,3.9043252814900664,2.9064589442508755,162048.49235860107,2.6708750652475857,0.028506908454880825,1.3406676033490923,0.1302239411241406,0.5967578421108509,3,1.362084985133731,2,,,0.0,1.3333807408844303,1.13009777876856,1.3333807408844303,0.028704244249300848,,,0.16756245418207855,0.16756245418207855,0.17130474955988606,,0.17130474955988606,sudden,up,False,False,
Halcyon Personal Care,retail_media,2023-03,2,28919.73928627141,116153.08849224974,4.016394731033732,2.7649624048127364,86780.19730927011,2.878053444665732,0.021115582008427575,1.5580191371257301,0.12419959096108336,0.6422162980942834,3,1.3903846671593547,2,,,0.0,1.4451793060135545,1.13009777876856,1.4451793060135545,-0.05479463885419977,,,0.16756245418207855,0.16756245418207855,-0.3270102429668297,,-0.3270102429668297,sudden,up,False,False,
Aster Wellness,audio,2023-03,2,31881.573866070707,71043.04310923882,2.2283417816096236,1.231030413475708,37301.38120870267,1.1909827136412352,0.005188057666179019,0.8435453827198046,0.057369206542502264,0.4641334920542699,3,0.8012577131768702,2,,,0.0,0.7528767762197186,1.13009777876856,0.7528767762197186,0.04838093695715162,,,0.16756245418207855,0.16756245418207855,0.2887337571731875,,0.2887337571731875,sudden,up,True,False,
Aster Wellness,paid_search,2023-03,2,28582.683693169867,116434.90867041907,4.07361708649641,2.8360647939318553,90582.60810812387,3.0844977375977867,0.05544376702981436,1.6779182596245137,0.1413568453902113,0.7448509829948244,3,1.4045313238184443,2,,,0.0,1.439677913343814,1.13009777876856,1.439677913343814,-0.035146589525369754,,,0.16756245418207855,0.16756245418207855,-0.20975217686402697,,-0.20975217686402697,sudden,up,True,False,
Verdant Snacks,affiliate,2023-03,2,22709.39038742275,81821.01916780947,3.602959734803132,2.916506592780426,58033.30733233424,2.727863392537145,0.03272722381967037,1.4589948505577817,0.128262217921918,0.5675688109356379,3,1.2817556562394892,2,,,0.0,1.3333807408844303,1.13009777876856,1.3333807408844303,-0.05162508464494109,,,0.16756245418207855,0.16756245418207855,-0.30809458417721475,,-0.30809458417721475,sudden,up,True,False,
Halcyon Personal Care,affiliate,2023-03,2,30605.737860081084,123786.77125242204,4.044560919208438,2.482906914060683,74545.30385096869,2.292202662629416,0.032063804241800664,1.2987866114242212,0.1372626892226734,0.5535845962797303,3,1.3973729955971839,2,,,0.0,1.3333807408844303,1.13009777876856,1.3333807408844303,0.0639922547127536,,,0.16756245418207855,0.16756245418207855,0.3819009158413116,,0.3819009158413116,sudden,up,False,False,
Halcyon Personal Care,social,2023-03,2,23149.514922337457,59131.714645403445,2.554339252627104,2.0994940846763184,47371.26602624047,1.9858031900216941,0.012714883053562285,0.7686143059528564,0.07713868184005304,0.6020506390912878,3,0.9377935806711606,2,,,0.0,1.097751694823121,1.13009777876856,1.097751694823121,-0.15995811415196037,,,0.16756245418207855,0.16756245418207855,-0.9546178762585139,,-0.9546178762585139,sudden,up,False,False,
Crestline Beverages,social,2023-03,2,97584.90749206598,237955.45194198724,2.4384452274173025,2.5465711085600495,229631.4205316086,2.237296061670045,0.013321255262596204,0.9667561874120235,0.10027534260165703,0.5613416651675052,3,0.8913606343275575,2,,,0.0,1.097751694823121,1.13009777876856,1.097751694823121,-0.20639106049556344,,,0.16756245418207855,0.16756245418207855,-1.2317261734021425,,-1.2317261734021425,sudden,up,False,False,
Crestline Beverages,tv,2023-03,2,58965.99127510752,100137.33301372481,1.698221819871241,1.2651985859043982,75688.34389272559,1.2772060773141707,0.004892319576633965,,0.0791173356561248,0.5538035573518663,3,0.5295817153235939,2,,,0.0,0.6573047807654764,1.13009777876856,0.6573047807654764,-0.1277230654418825,,,0.16756245418207855,0.16756245418207855,-0.7622415538453182,,-0.7622415538453182,sudden,up,False,False,
Halcyon Personal Care,paid_search,2023-03,2,,,,,,,0.03635531627681807,1.9022245920119718,0.13726132305859937,0.7215961204019946,3,,2,,,0.0,1.439677913343814,1.13009777876856,1.439677913343814,,,,0.16756245418207855,0.16756245418207855,,,,sudden,up,False,False,
Nimbus Home,digital_video,2023-03,2,31913.01687841172,112318.82360769686,3.51953010383288,1.6412410177626822,46791.74264134716,1.610477491709731,0.007636411385416855,0.9753347350909941,0.07060529810843957,0.5200336906097944,3,1.2583274874696961,2,,,0.0,0.9708651685506793,1.13009777876856,0.9708651685506793,0.28746231891901686,,,0.16756245418207855,0.16756245418207855,1.7155532862191873,,1.7155532862191873,sudden,up,False,True,sudden
Verdant Snacks,paid_search,2023-03,2,14288.617584101776,63568.40805440168,4.4488844130821334,3.972359896007538,62591.059716731674,3.940239914462726,0.04009727444766212,1.8522926015017291,0.1468438758982362,0.7269298336127273,3,1.4926533710598249,2,,,0.0,1.439677913343814,1.13009777876856,1.439677913343814,0.052975457716010865,,,0.16756245418207855,0.16756245418207855,0.3161535081029912,,0.3161535081029912,sudden,up,True,False,
Nimbus Home,display,2023-03,2,34316.52884655922,102582.75017520144,2.9893102135674483,1.9608938247109255,79166.63275405826,2.0906540814686347,0.006970761295575464,0.7440334001306987,0.04517516042665953,0.513890798053281,3,1.0950426629842345,2,,,0.0,0.9503951076334145,1.13009777876856,0.9503951076334145,0.14464755535081997,,,0.16756245418207855,0.16756245418207855,0.8632456241876325,,0.8632456241876325,sudden,up,False,True,sudden
Halcyon Personal Care,digital_video,2023-03,2,35553.42279910986,74478.25413997287,2.094826553291447,1.464054385571703,50158.94339174464,1.414793965758804,0.008381687782610548,1.256912554638427,0.06454601170075178,0.5348813330808071,3,0.7394707591550823,2,,,0.0,0.9708651685506793,1.13009777876856,0.9708651685506793,-0.23139440939559697,,,0.16756245418207855,0.16756245418207855,-1.380944260604805,,-1.380944260604805,sudden,up,False,False,
Crestline Beverages,retail_media,2023-03,2,79976.64989623631,224614.2244016141,2.8084975388820883,2.948463539226932,232775.2563414746,3.0265457082284284,0.0209258159243217,1.596990458078537,0.14247934632567633,0.63451864376823,3,1.0326496566795118,2,,,0.0,1.4451793060135545,1.13009777876856,1.4451793060135545,-0.4125296493340427,,,0.16756245418207855,0.16756245418207855,-2.4619456151303156,,-2.4619456151303156,sudden,up,False,False,
Verdant Snacks,digital_video,2023-03,2,14789.438974125705,42721.5319645561,2.888651289565339,1.849525164150244,30762.979252357196,1.9793581998228038,0.00901992718180965,1.0749624812572467,0.07021167500269615,0.5207694629336705,3,1.0607897113831912,2,,,0.0,0.9708651685506793,1.13009777876856,0.9708651685506793,0.08992454283251194,,,0.16756245418207855,0.16756245418207855,0.5366628417533033,,0.5366628417533033,sudden,up,True,False,
Halcyon Personal Care,display,2023-03,2,24716.78298742122,75240.43865582545,3.0441032190199087,1.3340910114670375,32173.56290766461,1.2960130163174632,0.0060009828777584685,0.7520955830361926,0.05166930203045818,0.4878364007326255,3,1.1132063484323964,2,,,0.0,0.9503951076334145,1.13009777876856,0.9503951076334145,0.1628112407989819,,,0.16756245418207855,0.16756245418207855,0.9716451193897302,,0.9716451193897302,sudden,up,False,True,sudden
Nimbus Home,audio,2023-03,2,48970.28596852072,137291.06378638648,2.803558547210455,1.7426429178633986,79547.04121535922,1.6927077549399576,0.0048986385216199845,0.8469062173286752,0.053951255122299306,0.45404258175833084,3,1.0308895199770334,2,,,0.0,0.7528767762197186,1.13009777876856,0.7528767762197186,0.2780127437573148,,,0.16756245418207855,0.16756245418207855,1.6591589393601118,,1.6591589393601118,sudden,up,False,True,sudden
Halcyon Personal Care,paid_search,2023-04,3,33107.18192978813,110871.73880292107,3.348872732147716,2.686860282483712,84860.94054870556,2.682262567764895,0.05202416815920661,1.730553018259507,0.14837311370450496,0.6981977130421356,4,1.2086237913425106,3,,,0.0,1.4386251384310207,1.1194623910306265,1.4386251384310207,-0.23000134708851006,,0.1751667615438952,0.17043325583275337,0.17516676154389518,-1.3130421836957569,,-1.3130421836957569,sudden,up,False,False,
Crestline Beverages,audio,2023-04,3,101547.36272058634,154412.13944667557,1.520592315839357,1.6556860587344475,195076.4933641129,1.7534061433118482,0.004953271918716007,0.8493119864047981,0.05928351382270705,0.43415872171070646,4,0.41909994042533977,3,0.5538198482584411,-0.13471990783310134,0.0,0.7491359179831537,1.1194623910306265,0.5538198482584411,-0.13471990783310134,,0.17864912641943487,0.17043325583275337,0.17864912641943487,-0.7541033674959265,-1.1242424229930776,-0.7541033674959265,sudden,up,False,False,
Ridgeway Grocery,social,2023-04,3,66411.0972493732,422185.5709372447,6.357153976118492,2.0092233214180744,120236.60009910361,1.9650795043198204,0.011771639046311299,0.9145690262674824,0.09577542381923017,0.32122594371853275,4,1.8495807891676987,3,,,0.0,1.0923744952852292,1.1194623910306265,1.0923744952852292,0.7572062938824695,,0.17486084866947982,0.17043325583275337,0.17486084866947982,4.330336376862342,,4.330336376862342,sudden,up,True,True,sudden
Aster Wellness,digital_video,2023-04,3,42274.33092068707,112687.34081777964,2.665620918500114,1.4098733274256887,59329.71935521321,1.5304574797260124,0.008381029233002225,0.9639949581407088,0.06960403512324621,0.5520358992617029,4,0.9804370205361678,3,,,0.0,0.9763738418019582,1.1194623910306265,0.9763738418019582,0.004063178734209583,,0.14898286611599743,0.17043325583275337,0.14898286611599743,0.02727279210111322,0.3980444283749572,0.3980444283749572,gradual,up,True,False,
Verdant Snacks,paid_search,2023-04,3,16196.091889500847,76685.53790682298,4.7348174133622045,3.5528327561132844,60133.99353406078,3.794060231398145,0.04898740636330488,1.8369511458345886,0.1500782688633659,0.6900997937541581,4,1.5549431648305962,3,1.4926533710598249,0.06228979377077137,0.0,1.4386251384310207,1.1194623910306265,1.4926533710598249,0.06228979377077137,,0.1751667615438952,0.17043325583275337,0.17516676154389518,0.3556028165489725,0.5461835700217468,0.5461835700217468,gradual,up,True,False,
Aster Wellness,audio,2023-04,3,23087.655695312926,51157.67787290852,2.215802182258554,1.2461392606271469,32231.751469132545,1.3297161264336679,,0.8133610878377924,0.04249843816832402,0.4476369826070528,4,0.7956144969665527,3,0.7594138374983138,0.036200659468238916,0.0,0.7491359179831537,1.1194623910306265,0.7594138374983138,0.036200659468238916,,0.17864912641943487,0.17043325583275337,0.17864912641943487,0.2026355246946269,0.006968497673103276,0.2026355246946269,sudden,up,True,False,
Solstice Foods,affiliate,2023-04,3,130253.95730571072,481859.3852660515,3.6993838439404203,3.2283454908250646,454679.1846456826,3.24080793055206,0.027277364385303392,0.9622556202133566,0.10077485429673644,0.5690301162806053,4,1.3081662771179898,3,1.2239761002562006,0.0841901768617892,0.0,1.31430644105595,1.1194623910306265,1.2239761002562006,0.0841901768617892,,0.12310366343882931,0.17043325583275337,0.1231036634388293,0.6838965999060104,-0.06822238956052132,0.6838965999060104,sudden,up,False,True,sudden
Halcyon Personal Care,affiliate,2023-04,3,30780.131687220655,112557.35189551886,3.6568183995863346,2.662117259937871,74513.53348687085,2.353596200599747,0.027674964503218276,1.1649759512125446,0.12200839985735465,0.5476422443151633,4,1.2965934796313408,3,1.3973729955971839,-0.10077951596584311,0.0,1.31430644105595,1.1194623910306265,1.3973729955971839,-0.10077951596584311,,0.12310366343882931,0.17043325583275337,0.1231036634388293,-0.8186557016308524,0.07248335463858084,0.07248335463858084,gradual,up,False,False,
Halcyon Personal Care,display,2023-04,3,25823.721752297246,64710.992069465596,2.505873966974144,1.1344532828052627,30280.267171745632,1.2034060318871624,0.005997180686710416,0.761146065350404,0.047159102121519865,0.50878165912757,4,0.9186375627008436,3,0.8675764633939754,0.051061099306868196,0.0,0.9685291899891978,1.1194623910306265,0.8675764633939754,0.051061099306868196,,0.0984738631632149,0.17043325583275337,0.0984738631632149,0.5185243847114771,0.1973760885394404,0.5185243847114771,sudden,up,False,False,
Solstice Foods,digital_video,2023-04,3,122419.89903555925,263372.8954346365,2.151389582163719,1.7807784639601658,203053.02337714005,1.6416997711035572,0.007995086986541278,1.1781672574995243,0.07354266478200881,0.5394557504301208,4,0.7661139506519563,3,0.8828218486384282,-0.11670789798647185,0.0,0.9763738418019582,1.1194623910306265,0.8828218486384282,-0.11670789798647185,,0.14898286611599743,0.17043325583275337,0.14898286611599743,-0.7833645641882307,-0.9321381005756217,-0.7833645641882307,sudden,up,False,False,
Halcyon Personal Care,digital_video,2023-04,3,36372.354369123364,64639.55464174408,1.7771616867512117,1.5601061037412884,47619.711265998856,1.351281906205304,0.007994069993788197,1.1750494074887239,0.08630019259573467,0.5294437012829278,4,0.5750175336383735,3,0.5763993367846881,-0.0013818031463146419,0.0,0.9763738418019582,1.1194623910306265,0.5763993367846881,-0.0013818031463146419,,0.14898286611599743,0.17043325583275337,0.14898286611599743,-0.009274913165107024,-1.4555637719732308,-0.009274913165107024,sudden,up,False,False,
Solstice Foods,display,2023-04,3,147164.71165412662,423671.57737673,2.878893809627832,1.8368906167305121,251084.77564007358,1.727876018319,0.006106083470233207,0.6854077005373379,0.04036863796812045,0.5335161952614029,4,1.057406126485682,3,1.0646365782021805,-0.007230451716498498,0.0,0.9685291899891978,1.1194623910306265,1.0646365782021805,-0.007230451716498498,,0.0984738631632149,0.17043325583275337,0.0984738631632149,-0.07342508442584841,0.13938090717039875,0.13938090717039875,gradual,up,False,False,
Aster Wellness,social,2023-04,3,27416.804120208515,68874.17539601037,2.5121153834718557,1.8424358788416604,53410.051772336876,2.213890193062391,0.013008352387813112,0.9119053924944349,0.08812357962013716,0.6231362883031998,4,0.921125180461839,3,0.9583627433964083,-0.03723756293456926,0.0,1.0923744952852292,1.1194623910306265,0.9583627433964083,-0.03723756293456926,,0.17486084866947982,0.17043325583275337,0.17486084866947982,-0.21295540550049208,-0.22534596242055985,-0.21295540550049208,sudden,up,True,False,
Ridgeway Grocery,tv,2023-04,3,58551.134831621566,134752.5366689456,2.301450468149938,1.3048678968006702,82074.49033363308,1.4710504629039205,0.004048225970720991,,,0.5476097495886683,4,0.8335395624923779,3,0.7197556349220002,0.1137839275703777,0.0,0.6653309049953404,1.1194623910306265,0.7197556349220002,0.1137839275703777,,,0.17043325583275337,0.17043325583275337,0.6676157596967706,0.4988997773589768,0.6676157596967706,sudden,up,False,True,sudden
Crestline Beverages,affiliate,2023-04,3,89091.94530604237,224981.13640789565,2.5252690985145327,1.9483708863263034,167909.78116283432,1.9837345720370358,0.02969138205933879,1.35140192103913,0.13708731024467968,0.524008435741842,4,0.926347630717875,3,1.16084190423291,-0.23449427351503493,0.0,1.31430644105595,1.1194623910306265,1.16084190423291,-0.23449427351503493,,0.12310366343882931,0.17043325583275337,0.1231036634388293,-1.9048521137760948,-1.2450811545526983,-1.2450811545526983,gradual,up,False,False,
Verdant Snacks,display,2023-04,3,14881.010539812414,36340.27726901638,2.4420570882462713,1.5191699248671444,22578.40778724624,1.5597294607878254,0.005876709404215242,0.7183466162422693,0.050393650386206315,0.5166339034116466,4,0.8928407530754855,3,0.9885962529454922,-0.09575549987000676,0.0,0.9685291899891978,1.1194623910306265,0.9885962529454922,-0.09575549987000676,,0.0984738631632149,0.17043325583275337,0.0984738631632149,-0.9723950781873704,0.05207331910088661,0.05207331910088661,gradual,up,True,False,
Ridgeway Grocery,retail_media,2023-04,3,69110.90126932696,332384.13744829484,4.809431382655325,2.7638415817048343,182740.03147998208,2.6796811996178387,0.02176417451563307,1.7459324745428955,0.185115807691751,0.6483717877042157,4,1.5705788614654739,3,1.6539933877382051,-0.08341452627273127,0.0,1.4119639891107625,1.1194623910306265,1.6539933877382051,-0.08341452627273127,,0.1563111015000085,0.17043325583275337,0.1563111015000085,-0.5336442867605712,0.09547103576401059,0.09547103576401059,gradual,up,False,False,
Nimbus Home,paid_search,2023-04,3,45063.32661813035,163635.11435440226,3.6312258023260733,2.880613819256456,143848.30043582767,3.1690309879362974,0.04569548325668014,1.7902343133845557,0.11421199210735355,0.6813074019318233,4,1.2895702778646796,3,1.3343561442991723,-0.04478586643449267,0.0,1.4386251384310207,1.1194623910306265,1.3343561442991723,-0.04478586643449267,,0.1751667615438952,0.17043325583275337,0.17516676154389518,-0.2556755975834476,-0.17515098473836843,-0.17515098473836843,gradual,up,False,False,
Crestline Beverages,retail_media,2023-04,3,92883.70949299219,334784.007281159,3.604335023962598,3.4772782782165117,356075.9077827616,3.574634509168095,0.019167756927325096,1.5588608487898354,0.17345861966474335,0.6687875314905807,4,1.2821372943498177,3,1.136358079079272,0.14577921527054571,0.0,1.4119639891107625,1.1194623910306265,1.136358079079272,0.14577921527054571,,0.1563111015000085,0.17043325583275337,0.1563111015000085,0.9326222761633971,-0.6723835213392053,0.9326222761633971,sudden,up,False,True,sudden
Nimbus Home,display,2023-04,3,32810.13825927766,101251.44991079233,3.085980592665185,1.8595139985178246,59328.27916035745,1.8745141107336347,0.005846671056889849,0.7462041629766281,0.04183455580677199,0.4926588231822151,4,1.126869465089433,3,1.076019059874493,0.05085040521494011,0.0,0.9685291899891978,1.1194623910306265,1.076019059874493,0.05085040521494011,,0.0984738631632149,0.17043325583275337,0.0984738631632149,0.516384790659207,0.6019057522309846,0.6019057522309846,gradual,up,False,True,gradual
Nimbus Home,retail_media,2023-04,3,25986.711353825365,128697.76139587596,4.952445103328977,3.987916833796662,90629.74839387083,3.5618772966163936,0.02170785049043693,1.4548924967466048,0.16550765284068006,0.5944206150062735,4,1.5998814148908658,3,1.690784132521553,-0.09090271763068714,0.0,1.4119639891107625,1.1194623910306265,1.690784132521553,-0.09090271763068714,,0.1563111015000085,0.17043325583275337,0.1563111015000085,-0.5815499779501087,0.5450084432180562,0.5450084432180562,gradual,up,False,False,
Crestline Beverages,paid_search,2023-04,3,105245.97854828218,366167.6239924394,3.4791602400699615,3.3299660464911454,377735.3183506117,3.4559920516209424,0.045045768761699925,1.9283063994806187,0.13730058729219904,0.7210268347008459,4,1.2467909543416382,3,1.3344673328920582,-0.08767637855041999,0.0,1.4386251384310207,1.1194623910306265,1.3344673328920582,-0.08767637855041999,,0.1751667615438952,0.17043325583275337,0.17516676154389518,-0.5005309099606154,-0.21095133881756148,-0.21095133881756148,gradual,up,False,False,
Nimbus Home,digital_video,2023-04,3,35506.206642975056,131548.59296950736,3.704946413799301,1.7379177355834625,56461.81462123745,1.5705083382957294,0.007898792885130757,1.145822908991624,0.07832369510259087,0.5325567272054014,4,1.3096687954313926,3,1.2989059448515732,0.010762850579819405,0.0,0.9763738418019582,1.1194623910306265,1.2989059448515732,0.010762850579819405,,0.14898286611599743,0.17043325583275337,0.14898286611599743,0.0722422038212065,1.3186499733514825,1.3186499733514825,gradual,up,False,True,gradual
Nimbus Home,social,2023-04,3,27087.548602649327,96172.85897033123,3.5504452758388383,2.7484144358567573,73346.95685852501,2.4814205154144116,0.01253454251503699,1.0183356506422272,0.09378582730803389,0.6184987381760441,4,1.2670730254354203,3,1.1117319368718346,0.15534108856358575,0.0,1.0923744952852292,1.1194623910306265,1.1117319368718346,0.15534108856358575,,0.17486084866947982,0.17043325583275337,0.17486084866947982,0.8883697508366203,0.07019829915565554,0.8883697508366203,sudden,up,False,True,sudden
Ridgeway Grocery,affiliate,2023-04,3,75043.0504554516,296997.3605655366,3.9576930676858013,3.077180499041069,214707.687128055,2.7432440499540722,0.03590031963834759,1.2620137544505268,0.1346232433950135,0.5220579201657294,4,1.3756612968479576,3,1.4532217045273639,-0.0775604076794063,0.0,1.31430644105595,1.1194623910306265,1.4532217045273639,-0.0775604076794063,,0.12310366343882931,0.17043325583275337,0.1231036634388293,-0.6300414261671943,0.1014855091393072,0.1014855091393072,gradual,up,False,False,
Halcyon Personal Care,retail_media,2023-04,3,24839.381130498703,107160.49113805029,4.314136917303254,2.552219262383603,68149.16711982418,2.8057401606349366,0.01999503340363299,1.277157575793028,0.19056402662526023,0.7356464670788359,4,1.4618972853639434,3,1.3563375246011924,0.10555976076275098,0.0,1.4119639891107625,1.1194623910306265,1.3563375246011924,0.10555976076275098,,0.1563111015000085,0.17043325583275337,0.1563111015000085,0.675318385896892,-0.026923777108638705,0.675318385896892,sudden,up,False,True,sudden
Crestline Beverages,ooh,2023-04,3,109437.09634284794,197689.80575520732,1.8064240770412854,0.8828866078751536,82231.66477592006,0.79750284284667,0.0029702730215628807,,0.037838403572027286,0.40258141711623846,4,0.591349243067395,3,0.4647442762972681,0.1266049667701269,0.0,0.5338958909421838,1.1194623910306265,0.4647442762972681,0.1266049667701269,,,0.17043325583275337,0.17043325583275337,0.7428419186826114,0.4838644917257262,0.7428419186826114,sudden,up,False,True,sudden
Ridgeway Grocery,audio,2023-04,3,51965.65114669301,95869.17351014496,1.8448565811196591,1.3928125771097066,74488.23761766969,1.3818721445361595,0.005433534011460839,0.929559195635742,0.0379011834453585,0.43545512610326986,4,0.6124015406605784,3,,,0.0,0.7491359179831537,1.1194623910306265,0.7491359179831537,-0.13673437732257532,,0.17864912641943487,0.17043325583275337,0.17864912641943487,-0.765379490306314,-0.7974815850311772,-0.765379490306314,sudden,up,False,False,
Verdant Snacks,social,2023-04,3,16441.540968461628,59531.99319962236,3.620828078938427,2.56601522910015,41849.90955066241,2.4406697927971184,0.013519661536427226,1.1007265990898245,0.08071750642135982,0.6306631947868181,4,1.286702750766102,3,1.2551752245114762,0.03152752625462574,0.0,1.0923744952852292,1.1194623910306265,1.2551752245114762,0.03152752625462574,,0.17486084866947982,0.17043325583275337,0.17486084866947982,0.18030065903556686,0.09667674602701672,0.18030065903556686,sudden,up,True,False,
Ridgeway Grocery,display,2023-04,3,51732.76182890001,150412.99121458552,2.907499733187621,1.5630140044709984,74599.90602011979,1.5170446250232321,0.0062563987348432165,0.679111336015202,0.04310713959609628,0.47909893681006954,4,1.0672935136437378,3,1.0522128828408703,0.015080630802867478,0.0,0.9685291899891978,1.1194623910306265,1.0522128828408703,0.015080630802867478,,0.0984738631632149,0.17043325583275337,0.0984738631632149,0.1531434871999708,0.42257201461217936,0.42257201461217936,gradual,up,False,False,
Nimbus Home,audio,2023-04,3,47392.63817798235,132705.0675771246,2.800119864160182,1.7491366561229893,75509.30955480598,1.6248329939035917,0.005059948319715688,0.7350176002661682,0.0361367993250716,0.4493494309842321,4,1.0296622248935314,3,1.0308895199770334,-0.0012272950835019447,0.0,0.7491359179831537,1.1194623910306265,1.0308895199770334,-0.0012272950835019447,,0.17864912641943487,0.17043325583275337,0.17864912641943487,-0.006869863335466217,0.6679092629028737,0.6679092629028737,gradual,up,False,True,gradual
Ridgeway Grocery,paid_search,2023-04,3,46795.8092975403,238038.69081567496,5.086752305151112,4.220008686059228,196798.7929452175,4.1156519828847244,0.04787366086025226,1.685542960447784,0.15273853959944814,0.7421248801787531,4,1.6266395729215344,3,1.7035084484533312,-0.07686887553179678,0.0,1.4386251384310207,1.1194623910306265,1.7035084484533312,-0.07686887553179678,,0.1751667615438952,0.17043325583275337,0.17516676154389518,-0.43883254365317553,0.5870671409927705,0.5870671409927705,gradual,up,False,True,gradual
Crestline Beverages,digital_video,2023-04,3,77326.42810501755,219011.0708702633,2.832292609880064,1.7054118138966323,147037.26098843475,1.8879169934558748,0.0075500380630305255,0.9754944866303008,0.0686032006962557,0.5511760138418775,4,1.0410864931918138,3,1.0373041033646517,0.003782389827162058,0.0,0.9763738418019582,1.1194623910306265,1.0373041033646517,0.003782389827162058,,0.14898286611599743,0.17043325583275337,0.14898286611599743,0.025388086064991565,0.3500821146317599,0.3500821146317599,gradual,up,False,False,
Halcyon Personal Care,social,2023-04,3,23813.752366221095,67106.77769305526,2.817984190859551,2.1767239954268045,59573.53496922983,2.2879751282712397,0.013833965297948619,0.9318033750060419,0.13224996029987923,0.5638070982790223,4,1.036021803403815,3,1.0515686310391337,-0.015546827635318783,0.0,1.0923744952852292,1.1194623910306265,1.0515686310391337,-0.015546827635318783,,0.17486084866947982,0.17043325583275337,0.17486084866947982,-0.08890971165709734,-0.5291539686940064,-0.08890971165709734,sudden,up,False,False,
Crestline Beverages,tv,2023-04,3,70807.72416543274,84903.5070485519,1.1990712602227724,1.2256319371308875,86775.0259521997,1.2433238386286531,0.0033268468978657735,,0.06115540408302658,0.5643302373681434,4,0.18154730732581945,3,0.5295817153235939,-0.3480344079977744,0.0,0.6653309049953404,1.1194623910306265,0.5295817153235939,-0.3480344079977744,,,0.17043325583275337,0.17043325583275337,-2.042056911353624,-1.1574036809728645,-1.1574036809728645,gradual,up,False,False,
Crestline Beverages,social,2023-04,3,114220.26936541288,268521.40369660995,2.350908513773135,2.3960659463740814,287515.8126187157,2.381255691008653,0.013096843469369599,0.9581576674149141,0.1234000686962876,0.6073486747616316,4,0.8548018550505113,3,0.8913606343275575,-0.036558779277046205,0.0,1.0923744952852292,1.1194623910306265,0.8913606343275575,-0.036558779277046205,,0.17486084866947982,0.17043325583275337,0.17486084866947982,-0.20907355508807599,-1.15181905417668,-0.20907355508807599,sudden,up,False,False,
Aster Wellness,display,2023-04,3,22767.35817187044,53247.73364630317,2.3387752432380093,1.3678287625219747,32524.357869653744,1.4452892186830333,0.005638492824716386,0.6816055835128608,0.047683614240503575,0.4761850391334448,4,0.849627392022209,3,,,0.0,0.9685291899891978,1.1194623910306265,0.9685291899891978,-0.11890179796698874,,0.0984738631632149,0.17043325583275337,0.0984738631632149,-1.2074452463585763,,-1.2074452463585763,sudden,up,True,False,
Verdant Snacks,digital_video,2023-04,3,12321.068238394882,36398.20092514607,2.95414327888568,2.110005857924536,24593.824628419647,2.0026062879431996,0.010125241901521956,1.1479301952620917,0.0624262545551013,0.588472364744777,4,1.0832086862794792,3,1.0276946152841835,0.055514070995295706,0.0,0.9763738418019582,1.1194623910306265,1.0276946152841835,0.055514070995295706,,0.14898286611599743,0.17043325583275337,0.14898286611599743,0.3726205062538714,0.34466913996084814,0.3726205062538714,sudden,up,True,False,
Verdant Snacks,affiliate,2023-04,3,18925.971208709856,101506.12544771041,5.363324519958935,3.0216287674143465,54777.5863705799,2.8518460387635978,0.025626639778559036,1.1933973739599428,0.1141712188787724,0.6233815859173024,4,1.6795840290704942,3,1.3691785518788449,0.31040547719164935,0.0,1.31430644105595,1.1194623910306265,1.3691785518788449,0.31040547719164935,,0.12310366343882931,0.17043325583275337,0.1231036634388293,2.5214966680978677,0.5707857482958629,2.5214966680978677,sudden,up,True,True,sudden
Solstice Foods,social,2023-04,3,,,,,,,0.010453258782654169,0.9299220664613866,0.08673633843621278,0.5750040909589842,4,,3,1.1768615792944006,,0.0,1.0923744952852292,1.1194623910306265,1.1768615792944006,,,0.17486084866947982,0.17043325583275337,0.17486084866947982,,,,sudden,up,False,False,
Aster Wellness,retail_media,2023-04,3,31545.32668928988,134809.5984814156,4.273520442797808,2.6005109527211174,76417.97449808718,2.510258810225448,0.018361888392893863,1.1671588672873923,0.17123776977796407,0.625263899731962,4,1.4524379472319648,3,1.317515592598531,0.13492235463343394,0.0,1.4119639891107625,1.1194623910306265,1.317515592598531,0.13492235463343394,,0.1563111015000085,0.17043325583275337,0.1563111015000085,0.8631655291190345,-0.12761473036398557,0.8631655291190345,sudden,up,True,True,sudden
Aster Wellness,paid_search,2023-04,3,28004.532232004418,126076.08690113442,4.50198867299954,2.552343075364575,73307.93269471836,2.7883401074664333,0.04809248246111514,1.8055967448281016,0.10729432452255076,0.6841144587099947,4,1.5045192264883813,3,1.4045313238184443,0.09998790266993707,0.0,1.4386251384310207,1.1194623910306265,1.4045313238184443,0.09998790266993707,,0.1751667615438952,0.17043325583275337,0.17516676154389518,0.5708155005473514,0.3130137754581672,0.5708155005473514,sudden,up,True,True,sudden
Solstice Foods,paid_search,2023-04,3,110528.2423721503,443339.73702949396,4.011099131901168,3.3159793862993365,382456.1623738932,3.3532824783101693,0.04700242561799442,1.6493408257048832,0.1353799683148137,0.7042477567644496,4,1.3890653014915222,3,1.4596054620883723,-0.07054016059685009,0.0,1.4386251384310207,1.1194623910306265,1.4596054620883723,-0.07054016059685009,,0.1751667615438952,0.17043325583275337,0.17516676154389518,-0.4027028870952402,-0.12364367069321489,-0.12364367069321489,gradual,up,False,False,
Verdant Snacks,retail_media,2023-04,3,25686.00817144169,127193.4407212276,4.951857052768685,3.349203007226656,82147.97267557049,3.1194922959902116,0.022972588257744155,1.2479937663215879,0.17881112454392914,0.6609651064665248,4,1.5997626684003579,3,1.6436876845120856,-0.04392501611172772,0.0,1.4119639891107625,1.1194623910306265,1.6436876845120856,-0.04392501611172772,,0.1563111015000085,0.17043325583275337,0.1563111015000085,-0.2810102141831899,0.12421656733102154,0.12421656733102154,gradual,up,True,False,
Solstice Foods,retail_media,2023-04,3,116749.20367263797,409995.0375000872,3.51175874954748,2.2277634553544168,282122.69247624866,2.4215414891831837,0.02050079915896628,1.4513653206079102,0.17342603843212773,0.664789182131125,4,1.2561169802321441,3,1.2621227003906734,-0.006005720158529293,0.0,1.4119639891107625,1.1194623910306265,1.2621227003906734,-0.006005720158529293,,0.1563111015000085,0.17043325583275337,0.1563111015000085,-0.03842158426942546,-0.7051552614255664,-0.03842158426942546,sudden,up,False,False,
Solstice Foods,tv,2023-04,3,99183.88388635083,191833.82452954736,1.9341229342194224,1.4294834079506291,131126.8937061077,1.3063239486420883,0.004764016702623094,,0.06404132511372262,0.5556571341054628,4,0.6596539597572901,3,0.7591078087735416,-0.09945384901625143,0.0,0.6653309049953404,1.1194623910306265,0.7591078087735416,-0.09945384901625143,,,0.17043325583275337,0.17043325583275337,-0.5835354639580773,0.1544410062587511,0.1544410062587511,gradual,up,False,False,
Crestline Beverages,digital_video,2023-05,4,85610.93367375499,217921.19307461975,2.5454831961659354,1.861613327678237,136658.65183373663,1.7215374420229221,0.008038115692756065,0.9699423700009883,0.0781888189645748,0.5622421675599243,5,0.9343204929501067,4,1.0391952982782326,-0.10487480532812599,0.0,0.972094234673518,1.1209062289797584,1.0391952982782326,-0.10487480532812599,,0.11943124789111412,0.14628696301421865,0.11943124789111412,-0.8781186429847967,-0.028001605836010426,-0.028001605836010426,gradual,up,False,False,
Halcyon Personal Care,social,2023-05,4,22767.32675708633,71085.14677942912,3.122243886507399,2.040363892525706,52684.02500666432,2.298003764797744,0.013233884613000797,1.0584011674138716,0.08841234075360198,0.5679531553909505,5,1.1385519377184323,4,1.0437952172214744,0.09475672049695794,0.0,1.1199185966424796,1.1209062289797584,1.0437952172214744,0.09475672049695794,,0.15430608940318713,0.14628696301421865,0.15430608940318713,0.6140828327867712,-0.0954321678064089,0.6140828327867712,sudden,up,False,True,sudden
Solstice Foods,tv,2023-05,4,100933.96708577032,312821.94565789,3.099273264391405,1.4241747860290612,140679.32798279813,1.3711981434652887,0.004691241864996636,,0.06511793413697066,0.2920615799229131,5,1.1311676531664132,4,0.7393920977523418,0.3917755554140714,0.0,0.6385599145444626,1.1209062289797584,0.7393920977523418,0.3917755554140714,,0.11178388323411889,0.14628696301421865,0.11178388323411889,3.5047588621835684,0.831749643289579,3.5047588621835684,sudden,up,True,True,sudden
Crestline Beverages,tv,2023-05,4,71376.04623306092,88802.56036513788,1.24415073476016,1.2623210781019654,84983.90372792904,1.216209206716606,0.004110291927005264,,0.05766439914935688,0.5294666387376056,5,0.21845315639791674,4,0.4153584608441255,-0.19690530444620874,0.0,0.6385599145444626,1.1209062289797584,0.4153584608441255,-0.19690530444620874,,0.11178388323411889,0.14628696301421865,0.11178388323411889,-1.7614820558149022,-1.5219268403379482,-1.5219268403379482,gradual,up,False,False,
Solstice Foods,social,2023-05,4,162137.24140457422,457782.09319218906,2.8234234727720864,2.447624942094444,389758.2508310202,2.2887628251143957,0.012143596902442358,1.064383052085477,0.09858348093239541,0.5963574339026727,5,1.0379501460878937,4,1.1768615792944006,-0.1389114332065069,0.0,1.1199185966424796,1.1209062289797584,1.1768615792944006,-0.1389114332065069,,0.15430608940318713,0.14628696301421865,0.15430608940318713,-0.900232996272393,,-0.900232996272393,sudden,up,False,False,
Verdant Snacks,paid_search,2023-05,4,16980.010500877765,83437.66393597021,4.913875873731467,3.7309891772981754,66628.35764941057,3.9730283791661107,0.04296397158621923,1.9839811546443484,0.14524131570251542,0.6602675298305576,5,1.592063014059049,4,1.5198480647157488,0.0722149493433002,0.0,1.4296885784404392,1.1209062289797584,1.5198480647157488,0.0722149493433002,,0.11639452560671468,0.14628696301421865,0.11639452560671468,0.620432524355202,0.43072961633572193,0.620432524355202,sudden,up,True,True,sudden
Ridgeway Grocery,social,2023-05,4,68074.16304838759,253412.44759620953,3.722593657392191,2.339441521598175,148096.93762080625,2.1061510771934526,0.01161584627325666,0.8646156061953589,0.09634033434067527,0.6533774020152575,5,1.314420645069381,4,1.3587350422297275,-0.044314397160346575,0.0,1.1199185966424796,1.1209062289797584,1.3587350422297275,-0.044314397160346575,,0.15430608940318713,0.14628696301421865,0.15430608940318713,-0.28718501863239676,1.2445955896824483,1.2445955896824483,gradual,up,False,True,gradual
Nimbus Home,retail_media,2023-05,4,32107.217884777103,163853.18173879487,5.103312978620987,3.587506269086216,121067.80132853895,3.684851258888491,0.02215963014124062,1.4004657983314253,0.13126916240747533,0.7221404439945404,5,1.629889932480332,4,1.6453327737062093,-0.015442841225877357,0.0,1.424073436545021,1.1209062289797584,1.6453327737062093,-0.015442841225877357,,0.17896402195384017,0.14628696301421865,0.17896402195384017,-0.0862901998808481,0.01157643959273439,0.01157643959273439,gradual,up,False,False,
Crestline Beverages,affiliate,2023-05,4,48530.30955941604,193178.6908159057,3.980578170007251,2.5201174483990134,131915.28832838513,2.416909530878776,0.027899157542638175,1.276699122552501,0.1243114938362301,0.6240273143481613,5,1.3814270775918922,4,1.136562654065599,0.24486442352629312,0.0,1.3150474664612453,1.1209062289797584,1.136562654065599,0.24486442352629312,,0.13993739527929644,0.14628696301421865,0.13993739527929644,1.7498140724827433,-0.2632748253131292,1.7498140724827433,sudden,up,True,True,sudden
Verdant Snacks,display,2023-05,4,13362.954501449864,37798.26813545838,2.828586158200068,1.5569224139260494,19087.78119437717,1.4743827673436758,0.005927269371975831,0.7099129435306836,0.04615018150254753,0.5032185589227958,5,1.039776996076086,4,0.9407185030104889,0.09905849306559722,0.0,0.9727583430342897,1.1209062289797584,0.9407185030104889,0.09905849306559722,,0.09483362265754666,0.14628696301421865,0.09483362265754666,1.0445503429021896,0.16830251441653046,1.0445503429021896,sudden,up,True,True,sudden
Halcyon Personal Care,retail_media,2023-05,4,26910.83884002958,104941.28202451968,3.899591634743866,2.7905478204752296,64549.158719398765,2.5880421052958527,0.020626767112491926,1.514358285351831,0.13290420634744593,0.5944996978843337,5,1.3608718386131922,4,1.3733610958802736,-0.012489257267081388,0.0,1.424073436545021,1.1209062289797584,1.3733610958802736,-0.012489257267081388,,0.17896402195384017,0.14628696301421865,0.17896402195384017,-0.06978641366420965,0.030946858807316957,0.030946858807316957,gradual,up,False,False,
Nimbus Home,paid_search,2023-05,4,46212.106525091476,187869.28659105982,4.065369460902063,2.9586532489470674,129044.19949289321,2.920743921352323,0.040873229547281134,1.9558721328712487,0.1299900130107142,0.6825365902358616,5,1.4025046271604737,4,1.311963211081926,0.09054141607854782,0.0,1.4296885784404392,1.1209062289797584,1.311963211081926,0.09054141607854782,,0.11639452560671468,0.14628696301421865,0.11639452560671468,0.7778838017217244,-0.023632025380489828,0.7778838017217244,sudden,up,False,True,sudden
Crestline Beverages,ooh,2023-05,4,119956.55710575898,180344.1296038716,1.5034120181097919,0.9701300790369181,106152.2620464072,0.8536728137848084,0.0028146425131770547,,0.0429632622724688,0.40605207182193803,5,0.4077372036828465,4,0.5280467596823315,-0.12030955599948501,0.0,0.5482592289734867,1.1209062289797584,0.5280467596823315,-0.12030955599948501,,,0.14628696301421865,0.14628696301421865,-0.8224215850854139,-0.15524823166413734,-0.15524823166413734,gradual,up,False,False,
Solstice Foods,affiliate,2023-05,4,112913.69241088437,593995.916022923,5.260619003242024,3.548244288961558,459494.21171133296,3.7434530635904855,0.02924456115267768,1.1850028203992196,0.13638624916010778,0.30822389087108193,5,1.6602487010504456,4,1.264844140732058,0.39540456031838755,0.0,1.3150474664612453,1.1209062289797584,1.264844140732058,0.39540456031838755,,0.13993739527929644,0.14628696301421865,0.13993739527929644,2.8255818219941324,0.5747903163038339,2.8255818219941324,sudden,up,True,True,sudden
Crestline Beverages,retail_media,2023-05,4,109840.97385626775,352036.23462600017,3.2049627954560624,2.9957983920094553,316078.96158050623,3.0753845525047128,0.015676812512312815,1.2331017352137759,0.12840948433899227,0.7010209504888586,5,1.164700482023217,4,1.1693274993046896,-0.004627017281472634,0.0,1.424073436545021,1.1209062289797584,1.1693274993046896,-0.004627017281472634,,0.17896402195384017,0.14628696301421865,0.17896402195384017,-0.025854455163429838,-0.34559506536229967,-0.025854455163429838,sudden,up,False,False,
Crestline Beverages,social,2023-05,4,136265.22435881823,285996.24053300236,2.0988204575211893,2.4303071483234984,353110.74930942274,2.5288793143048487,0.013019675648010733,0.8706229306148932,0.08781990326011282,0.5829948391201552,5,0.7413755000295276,4,0.8730812446890344,-0.1317057446595068,0.0,1.1199185966424796,1.1209062289797584,0.8730812446890344,-0.1317057446595068,,0.15430608940318713,0.14628696301421865,0.15430608940318713,-0.8535356262925711,-0.7647784515942632,-0.7647784515942632,gradual,up,False,False,
Aster Wellness,paid_search,2023-05,4,30707.07161323627,136287.34041419165,4.438304704882541,2.39209598481969,77870.54638750195,2.6789213672564767,0.03933609781178824,1.8545236677801975,0.12620837705181825,0.7131013765912526,5,1.4902724803064324,4,1.4545252751534128,0.03574720515301966,0.0,1.4296885784404392,1.1209062289797584,1.4545252751534128,0.03574720515301966,,0.11639452560671468,0.14628696301421865,0.11639452560671468,0.3071210176482513,0.1484854091847946,0.3071210176482513,sudden,up,False,False,
Nimbus Home,digital_video,2023-05,4,37329.09668480389,132144.02976194106,3.5399739478757573,1.9704716655667769,70071.07677519646,1.7375547402341462,0.007999909067771892,1.1118943411354798,0.05493450963611397,0.5620263733584256,5,1.2641193677614722,4,1.3042873701414828,-0.040168002380010615,0.0,0.972094234673518,1.1209062289797584,1.3042873701414828,-0.040168002380010615,,0.11943124789111412,0.14628696301421865,0.11943124789111412,-0.33632741086848494,0.3225484620382019,0.3225484620382019,gradual,up,False,False,
Ridgeway Grocery,tv,2023-05,4,55507.60552506221,128678.3672962517,2.3182114609168685,1.5100033940115967,82806.12044975114,1.5061959167034074,0.004164530201204822,,0.04936371351723621,0.55249568364053,5,0.8407959663464347,4,0.776647598707189,0.0641483676392457,0.0,0.6385599145444626,1.1209062289797584,0.776647598707189,0.0641483676392457,,0.11178388323411889,0.14628696301421865,0.11178388323411889,0.5738606119532821,0.5377205424043275,0.5738606119532821,sudden,up,False,True,sudden
Solstice Foods,retail_media,2023-05,4,118451.2305902852,360480.6542672838,3.043283319817605,2.660334598721221,318668.2658659521,2.6039157353301983,0.02040380306876734,1.2713601678486504,0.19861515341618796,0.6482597319676416,5,1.1129369720088587,4,1.2591198403114088,-0.14618286830255012,0.0,1.424073436545021,1.1209062289797584,1.2591198403114088,-0.14618286830255012,,0.17896402195384017,0.14628696301421865,0.17896402195384017,-0.8168282468543022,-0.6115766877139794,-0.6115766877139794,gradual,up,False,False,
Nimbus Home,display,2023-05,4,,,,,,,0.007048418343967607,0.6192649246064851,0.06838237465861885,0.520655838132557,5,,4,1.0855308614293637,,0.0,0.9727583430342897,1.1209062289797584,1.0855308614293637,,,0.09483362265754666,0.14628696301421865,0.09483362265754666,,,,sudden,up,False,False,
Nimbus Home,audio,2023-05,4,50272.15956484579,146876.64751734183,2.921629959578053,1.705245650530149,86255.44907271134,1.6729948141488509,0.005347173595975747,0.8543167090655805,0.05526883073544249,0.5115990957491597,5,1.0721416658764953,4,1.0302758724352823,0.041865793441212995,0.0,0.7404005761714905,1.1209062289797584,1.0302758724352823,0.041865793441212995,,0.1592840250535282,0.14628696301421865,0.1592840250535282,0.26283736505995364,0.42558365357435535,0.42558365357435535,gradual,up,False,False,
Crestline Beverages,audio,2023-05,4,110921.37139126065,168103.73529249302,1.5155216094428643,1.6165168106279915,181875.69917161917,1.65870289008009,0.006169488555689923,0.9630209431751459,0.04327963279795248,0.43680190817840003,5,0.4157596763667942,4,0.5362674584899294,-0.12050778212313523,0.0,0.7404005761714905,1.1209062289797584,0.5362674584899294,-0.12050778212313523,,0.1592840250535282,0.14628696301421865,0.1592840250535282,-0.756559121874513,-0.8867216093551965,-0.756559121874513,sudden,up,False,False,
Verdant Snacks,social,2023-05,4,15605.685446419771,51215.402353962665,3.2818425393619868,2.401864507496597,36973.794770818095,2.3726796633093468,0.013633925283864555,1.0222122187566818,0.08958452598998003,0.5752278342333335,5,1.1884050144791785,4,1.2646235932922192,-0.07621857881304073,0.0,1.1199185966424796,1.1209062289797584,1.2646235932922192,-0.07621857881304073,,0.15430608940318713,0.14628696301421865,0.15430608940318713,-0.4939440763992718,0.16413834352419002,0.16413834352419002,gradual,up,True,False,
Solstice Foods,digital_video,2023-05,4,110365.29838173816,241587.53820426573,2.1889809727025624,1.7682001274114938,184649.2624396167,1.673186643528053,0.00716897844056735,1.0606311393435202,0.06399013048957546,0.5380840163098848,5,0.7834361262702221,4,0.8244678996451922,-0.041031773374970104,0.0,0.972094234673518,1.1209062289797584,0.8244678996451922,-0.041031773374970104,,0.11943124789111412,0.14628696301421865,0.11943124789111412,-0.34355978104138135,-0.8789290949684808,-0.34355978104138135,sudden,up,False,False,
Aster Wellness,retail_media,2023-05,4,,,,,,,0.018575687828277034,1.3239794606394377,0.16231499172319175,0.6555571370757504,5,,4,1.3391101597819501,,0.0,1.424073436545021,1.1209062289797584,1.3391101597819501,,,0.17896402195384017,0.14628696301421865,0.17896402195384017,,,,sudden,up,False,False,
Ridgeway Grocery,display,2023-05,4,50556.779830435036,147137.82263499752,2.910347991475932,1.7757297052698822,95426.14699883744,1.7826629401498975,0.00589791837252835,0.8143440476724328,0.06316905798241954,,5,1.068272658733354,4,1.059753198242304,0.008519460491049902,0.0,0.9727583430342897,1.1209062289797584,1.059753198242304,0.008519460491049902,,0.09483362265754666,0.14628696301421865,0.09483362265754666,0.08983586466810925,0.13730735951788922,0.13730735951788922,gradual,up,True,False,
Halcyon Personal Care,digital_video,2023-05,4,,,,,,,0.00816958682774626,1.1497701787880068,0.07410408271712099,0.5668698750905292,5,,4,0.5757084352115308,,0.0,0.972094234673518,1.1209062289797584,0.5757084352115308,,,0.11943124789111412,0.14628696301421865,0.11943124789111412,,,,sudden,up,False,False,
Verdant Snacks,retail_media,2023-05,4,29307.126092129318,153487.53294816293,5.237208604680735,2.8909996257669848,86580.81259202865,3.0303359911832293,0.021005794516182234,1.2065664088836574,0.14354204278267896,0.64820415985354,5,1.6557886473626904,4,1.6217251764562217,0.03406347090646866,0.0,1.424073436545021,1.1209062289797584,1.6217251764562217,0.03406347090646866,,0.17896402195384017,0.14628696301421865,0.17896402195384017,0.19033697686596798,-0.03064811332781988,0.19033697686596798,sudden,up,True,False,
Aster Wellness,display,2023-05,4,40734.157050117996,85581.0230199862,2.10096462569951,1.2756436985752204,48662.49920170023,1.2703435684936837,0.005764243244485796,0.5913322692377837,0.04626591575150179,0.49433176806168655,5,0.7423965848336915,4,0.834493195461307,-0.09209661062761543,0.0,0.9727583430342897,1.1209062289797584,0.834493195461307,-0.09209661062761543,,0.09483362265754666,0.14628696301421865,0.09483362265754666,-0.9711388012686719,-0.9567592855295207,-0.9567592855295207,gradual,up,False,False,
Aster Wellness,social,2023-05,4,46450.17802066624,92712.28330841538,1.9959510869294534,1.9282767390812134,85594.43214482242,1.8625244340906202,0.011139390499320254,0.9158177812184798,0.09208970362926201,0.594165743498213,5,0.6911206720426404,4,0.9397439619291237,-0.2486232898864833,0.0,1.1199185966424796,1.1209062289797584,0.9397439619291237,-0.2486232898864833,,0.15430608940318713,0.14628696301421865,0.15430608940318713,-1.6112344681152169,-1.0802500385204603,-1.0802500385204603,gradual,up,False,False,
Ridgeway Grocery,retail_media,2023-05,4,63259.055866357885,291418.34650555975,4.6067451136358235,2.3898886266352455,146462.79796137635,2.455095744053454,0.021018547945523217,1.5721339647579544,0.1549085978198198,0.6411388357443427,5,1.5275215585356459,4,1.6122861246018396,-0.08476456606619376,0.0,1.424073436545021,1.1209062289797584,1.6122861246018396,-0.08476456606619376,,0.17896402195384017,0.14628696301421865,0.17896402195384017,-0.4736402609908762,-0.37643607336975426,-0.37643607336975426,gradual,up,False,False,
Verdant Snacks,digital_video,2023-05,4,11449.34631549902,30504.50050286424,2.664300621387458,1.9544935455429107,23635.767623161988,2.053854802416132,0.007811014110881609,1.1958574567483975,0.06018536446495194,0.5476980468980797,5,0.9799415921776897,4,1.0442421633336874,-0.06430057115599763,0.0,0.972094234673518,1.1209062289797584,1.0442421633336874,-0.06430057115599763,,0.11943124789111412,0.14628696301421865,0.11943124789111412,-0.5383898459691276,0.08242077823067709,0.08242077823067709,gradual,up,True,False,
Halcyon Personal Care,display,2023-05,4,25166.92874233198,58613.74820471023,2.3289988542034172,1.3666890697588927,38760.51597276232,1.4189350642420984,0.005064634425260061,0.8348455009124137,0.04596022615868545,0.5063304181928535,5,0.8454384989327473,4,0.8931070130474095,-0.04766851411466222,0.0,0.9727583430342897,1.1209062289797584,0.8931070130474095,-0.04766851411466222,,0.09483362265754666,0.14628696301421865,0.09483362265754666,-0.5026541513319365,0.21944785617094908,0.21944785617094908,gradual,up,False,False,
Aster Wellness,audio,2023-05,4,44370.769215786444,104564.51955439428,2.3566082220903173,1.1538226839591352,44158.64065388582,1.110343121716367,0.005807250532823565,0.8291085134959274,0.058148792557018596,0.49480667361113934,5,0.8572233912540642,4,0.7775141672324333,0.07970922402163094,0.0,0.7404005761714905,1.1209062289797584,0.7775141672324333,0.07970922402163094,,0.1592840250535282,0.14628696301421865,0.1592840250535282,0.5004219600480604,0.3305970806386249,0.5004219600480604,sudden,up,False,False,
Ridgeway Grocery,affiliate,2023-05,4,67462.69607294355,297379.84487013007,4.4080634510750984,2.7014716406828625,170289.53374851288,2.6034638949093667,0.028382793336681617,1.3249607897485813,0.12342724091511392,0.5288187078685695,5,1.4834354662740319,4,1.4144415006876607,0.06899396558637116,0.0,1.3150474664612453,1.1209062289797584,1.4144415006876607,0.06899396558637116,,0.13993739527929644,0.14628696301421865,0.13993739527929644,0.49303451338842186,0.007621741506914142,0.49303451338842186,sudden,up,False,False,
Nimbus Home,social,2023-05,4,23585.168723574912,75739.69155917777,3.2113271033533466,2.2168716493195504,54678.22817550083,2.3972700640127647,0.01217479355714642,1.0084187653830632,0.08898404029641677,0.6163494734545651,5,1.1666842795401178,4,1.114670278649433,0.052014000890684864,0.0,1.1199185966424796,1.1209062289797584,1.114670278649433,0.052014000890684864,,0.15430608940318713,0.14628696301421865,0.15430608940318713,0.33708326801528377,0.23834126281406098,0.33708326801528377,sudden,up,False,False,
Ridgeway Grocery,paid_search,2023-05,4,49001.153497090694,292755.51519824826,5.974461707633674,4.267641869814185,204445.65345302486,4.213132909293636,0.043778312881187685,1.9913106404805523,0.1327387641768324,0.6020087383793319,5,1.78749400298655,4,1.6657245807176868,0.12176942226886323,0.0,1.4296885784404392,1.1209062289797584,1.6657245807176868,0.12176942226886323,,0.11639452560671468,0.14628696301421865,0.11639452560671468,1.0461782599665364,0.48485918035961456,1.0461782599665364,sudden,up,True,True,sudden
Solstice Foods,display,2023-05,4,138582.12479298862,415453.73681214487,2.997888345504457,1.8831571712910886,264727.26118582557,1.825660581729532,0.005689856920930768,0.7197943236066859,0.04816224211082872,0.4988794429232844,5,1.0979081559930248,4,1.0610213523439311,0.03688680364909369,0.0,0.9727583430342897,1.1209062289797584,1.0610213523439311,0.03688680364909369,,0.09483362265754666,0.14628696301421865,0.09483362265754666,0.38896335092349565,0.02957815850550146,0.38896335092349565,sudden,up,False,False,
Halcyon Personal Care,paid_search,2023-05,4,31194.536765817415,104501.06204191202,3.3499796078530966,2.128284725338465,66884.74849628372,2.3916538776988183,0.047077322177069586,1.8039266031054062,0.15309682303782057,0.7062453743464834,5,1.2089542586104172,4,1.2279028638458898,-0.018948605235472593,0.0,1.4296885784404392,1.1209062289797584,1.2279028638458898,-0.018948605235472593,,0.11639452560671468,0.14628696301421865,0.11639452560671468,-0.16279636122662686,,-0.16279636122662686,sudden,up,False,False,
Aster Wellness,digital_video,2023-05,4,44192.94805062141,139435.20761112598,3.1551460982283426,1.6071477479616318,63764.64989998149,1.5027845104295112,0.006761684394123314,1.1366007266387046,0.0719405306383737,0.5618219692378945,5,1.1490348018080005,4,1.0542671814673215,0.09476762034067909,0.0,0.972094234673518,1.1209062289797584,1.0542671814673215,0.09476762034067909,,0.11943124789111412,0.14628696301421865,0.11943124789111412,0.7934910001700649,0.483464981503076,0.7934910001700649,sudden,up,False,True,sudden
Ridgeway Grocery,audio,2023-05,4,55074.93951752914,118037.24306463303,2.1432114878140607,1.6466575479783738,83995.60113588833,1.4824666692897757,0.005765467193438926,0.720711191338412,0.06504252187295663,0.4456651990864317,5,0.7623053993561719,4,0.6124015406605784,0.14990385869559353,0.0,0.7404005761714905,1.1209062289797584,0.6124015406605784,0.14990385869559353,,0.1592840250535282,0.14628696301421865,0.1592840250535282,0.9411104386972741,-0.19790251187730215,0.9411104386972741,sudden,up,True,True,sudden
Halcyon Personal Care,affiliate,2023-05,4,26910.338226828822,96121.13014995593,3.571903457316117,2.081104436503858,51057.199364485474,2.1096840881110843,0.029549384731596785,1.0855715949140645,0.11588401747005783,0.6088889449229399,5,1.2730986350219327,4,1.3515466604057358,-0.07844802538380313,0.0,1.3150474664612453,1.1209062289797584,1.3515466604057358,-0.07844802538380313,,0.13993739527929644,0.14628696301421865,0.13993739527929644,-0.5605937228374968,-0.22163300191711946,-0.22163300191711946,gradual,up,False,False,
Verdant Snacks,affiliate,2023-05,4,23041.32509652911,85206.22448239838,3.697974145386006,2.9211166911137716,70159.2535317403,2.9169156293502034,0.031722795536343246,1.1719108717681637,0.09160441083130402,0.5168693146432497,5,1.3077851414277846,4,1.393786953944772,-0.08600181251698746,0.0,1.3150474664612453,1.1209062289797584,1.393786953944772,-0.08600181251698746,,0.13993739527929644,0.14628696301421865,0.13993739527929644,-0.614573483702046,0.17764762224651187,0.17764762224651187,gradual,up,True,False,
Crestline Beverages,paid_search,2023-05,4,56384.93726496001,222463.9848776498,3.945450605580408,3.731265887531715,226303.5146392139,3.7511653606377164,0.03940696174712254,1.6454785884609113,0.15180601598448146,0.6781068218783789,5,1.3725631697218792,4,1.3058472553625067,0.06671591435937252,0.0,1.4296885784404392,1.1209062289797584,1.3058472553625067,0.06671591435937252,,0.11639452560671468,0.14628696301421865,0.11639452560671468,0.5731877338011484,-0.12338487320722327,0.5731877338011484,sudden,up,True,True,sudden
Solstice Foods,paid_search,2023-05,4,102720.2645773775,423047.70380919223,4.118444452511289,3.523814263405905,383064.41556376807,3.542295026281039,0.04218814493963012,1.7625293966771003,0.14025871443325189,0.703582844318721,5,1.4154755319976107,4,1.4243353817899473,-0.008859849792336671,0.0,1.4296885784404392,1.1209062289797584,1.4243353817899473,-0.008859849792336671,,0.11639452560671468,0.14628696301421865,0.11639452560671468,-0.07611912799295396,-0.3387982409901196,-0.07611912799295396,sudden,up,False,False,
Crestline Beverages,paid_search,2023-06,5,109530.28193209469,347505.849462306,3.172692001995838,3.4408047506570205,384190.4545512559,3.6250945290733387,0.047947227213452834,1.8801176062645395,0.14156969745244166,0.694563952529508,6,1.1545804394987689,5,1.3344673328920582,-0.17988689339328934,0.0,1.437160208033563,1.1233099558358213,1.3344673328920582,-0.17988689339328934,0.09791192420296825,0.10840342267028533,0.13510708828576068,0.10490625651451298,-1.7147394194587753,-0.36490724347072045,-0.36490724347072045,gradual,up,False,False,
Nimbus Home,retail_media,2023-06,5,30585.99137553454,144211.91592104005,4.7149662128131595,3.417912910070407,98836.33660694287,3.3905103418003275,0.01858787496563025,1.463282395947561,0.16710826741845813,0.6519106079230178,6,1.5507417501664604,5,1.629889932480332,-0.07914818231387155,0.0,1.4209823969368145,1.1233099558358213,1.629889932480332,-0.07914818231387155,0.1632829237423553,0.10445826074292802,0.13510708828576068,0.12406648174273713,-0.6379497605001191,-0.4352633127770253,-0.4352633127770253,gradual,up,False,False,
Verdant Snacks,social,2023-06,5,32273.029129502185,100518.04313257313,3.1146144580734507,2.3317975206066004,81906.07995240498,2.505672264817802,0.011726596277030899,0.9657816781469376,0.10770840864568491,0.58227349785104,6,1.1361053751005143,5,1.2551752245114762,-0.11906984941096188,0.0,1.1038922543130458,1.1233099558358213,1.2551752245114762,-0.11906984941096188,0.1120517322894129,0.1545130096459442,0.13510708828576068,0.14035925052710044,-0.848322066153894,-0.25821455189279974,-0.25821455189279974,gradual,up,False,False,
Nimbus Home,social,2023-06,5,29514.27029687654,89961.35834862849,3.048063104516224,2.1208551196661167,63397.73825929717,2.2940430518881545,0.01221342066317488,1.050848824450394,0.10151716374011134,0.5933905383456349,6,1.114506341191522,5,1.1176086204270312,-0.00310227923550932,0.0,1.1038922543130458,1.1233099558358213,1.1176086204270312,-0.00310227923550932,0.05755246008832209,0.1545130096459442,0.13510708828576068,0.12219282646007017,-0.02538839083588163,0.26668102844800495,0.26668102844800495,gradual,up,False,False,
Nimbus Home,display,2023-06,5,40470.56095153811,108782.08611216408,2.687931265455557,1.8407399434391618,76542.04661125802,1.8799121795878904,0.005974084081315524,0.6778503345749631,0.05199367366833196,0.585235910122942,6,0.9887718514468928,5,1.0855308614293637,-0.09675900998247089,0.0,0.9699583902101878,1.1233099558358213,1.0855308614293637,-0.09675900998247089,,0.10876873042272632,0.13510708828576068,0.10876873042272633,-0.8895848062804445,,-0.8895848062804445,sudden,up,False,False,
Aster Wellness,retail_media,2023-06,5,33141.90487617061,130039.61546252083,3.9237218243306446,2.4286696608123273,76498.80907698952,2.445355136422172,0.021639758994035155,1.3621646117110342,0.1456809699204983,0.6091998025531907,6,1.3670406483468793,5,1.3391101597819501,0.02793048856492919,0.0,1.4209823969368145,1.1233099558358213,1.3391101597819501,0.02793048856492919,,0.10445826074292802,0.13510708828576068,0.10445826074292804,0.2673842007925651,,0.2673842007925651,sudden,up,False,False,
Ridgeway Grocery,paid_search,2023-06,5,47182.70844313768,345007.8490937149,7.312167115406308,4.377453233935339,233072.33121553226,4.639417884595629,0.05068917293502821,1.5809997639517328,0.13835747478381083,0.4964284809533375,6,1.9895396888423071,5,1.7035084484533312,0.286031240388976,0.0,1.437160208033563,1.1233099558358213,1.7035084484533312,0.286031240388976,0.10530990294877675,0.10840342267028533,0.13510708828576068,0.10737224942978248,2.663921468610285,0.7269482633163658,2.663921468610285,sudden,up,True,True,sudden
Crestline Beverages,ooh,2023-06,5,133359.0686997106,170895.0445582107,1.2814654918070942,1.0050263165588613,141304.6573032802,0.9630139105774594,0.0034607523766185034,,0.034363673058583365,0.4367605655494239,6,0.2480043384899311,5,0.4647442762972681,-0.21673993780733702,0.0,0.5201548239153586,1.1233099558358213,0.4647442762972681,-0.21673993780733702,0.1830377357291133,,0.13510708828576068,0.15108397076687824,-1.434566067513314,-0.33647682975913695,-0.33647682975913695,gradual,up,False,False,
Crestline Beverages,retail_media,2023-06,5,116959.11858891985,350415.9256134119,2.996054774019207,3.246330255275859,342121.3211779028,3.097315976801712,0.020046854549436822,1.5396502645444905,0.17331673656623886,0.6816799165637488,6,1.0972963478707651,5,1.164700482023217,-0.06740413415245183,0.0,1.4209823969368145,1.1233099558358213,1.164700482023217,-0.06740413415245183,0.2744586090525373,0.10445826074292802,0.13510708828576068,0.16112504351279777,-0.4183343115565898,0.05427038993815303,0.05427038993815303,gradual,up,False,False,
Ridgeway Grocery,social,2023-06,5,66451.92145199147,246360.27759824466,3.7073461867649518,1.844256550458113,151052.3409372181,2.1610669248136523,0.012223159480066647,1.0951870193656732,0.10224488760568062,0.6275628611988447,6,1.3103163071201012,5,1.33715090045209,-0.0268345933319889,0.0,1.1038922543130458,1.1233099558358213,1.33715090045209,-0.0268345933319889,,0.1545130096459442,0.13510708828576068,0.1545130096459442,-0.17367206420662248,0.4299421437803692,0.4299421437803692,gradual,up,False,False,
Crestline Beverages,audio,2023-06,5,132524.83451656843,196919.75966935186,1.4859083611587736,1.7511212875898141,212114.1123592253,1.6724808972744927,0.004636958678849164,0.7921945744831531,0.04684675816622502,0.4643501695975059,6,0.39602627626397885,5,0.5187150687214176,-0.12268879245743874,0.0,0.7476919675798686,1.1233099558358213,0.5187150687214176,-0.12268879245743874,0.053451918965218226,0.14916833988763473,0.13510708828576068,0.11726286624682923,-1.04627147863833,-0.8523113226695899,-0.8523113226695899,gradual,up,False,False,
Ridgeway Grocery,affiliate,2023-06,5,,,,,,,0.03079936942766409,1.2268076613242898,,0.5940741435924088,6,,5,1.4532217045273639,,0.0,1.3362777740236398,1.1233099558358213,1.4532217045273639,,0.0805118338426966,0.14858713181037728,0.13510708828576068,0.1258953658211504,,,,sudden,up,False,False,
Ridgeway Grocery,retail_media,2023-06,5,61725.020848794215,278184.10692867613,4.506828885649707,2.649308802764943,157549.4570984092,2.5233528883244594,0.018862323152883713,1.4630599150158456,0.13485660579199624,0.6301135711494474,6,1.5055937766353653,5,1.5705788614654739,-0.06498508483010856,0.0,1.4209823969368145,1.1233099558358213,1.5705788614654739,-0.06498508483010856,0.04767891861670508,0.10445826074292802,0.13510708828576068,0.08553181336752039,-0.7597767692691737,-0.5890204390068736,-0.5890204390068736,gradual,up,False,False,
Nimbus Home,paid_search,2023-06,5,44259.77949196708,159198.09442522525,3.5969021141218946,3.105081135591046,126426.95162195436,2.910798869535134,0.04478935302990703,1.910752595552382,0.1686720899808004,0.6608038646698998,6,1.280072951143839,5,1.3343561442991723,-0.054283193155333365,0.0,1.437160208033563,1.1233099558358213,1.3343561442991723,-0.054283193155333365,0.08875513863914318,0.10840342267028533,0.13510708828576068,0.10185399465990462,-0.5329510475910891,-0.0023872985450693975,-0.0023872985450693975,gradual,up,False,False,
Solstice Foods,tv,2023-06,5,92653.4038604147,180609.13873253926,1.9492984737466597,1.4232043566723636,126162.10973838187,1.3601607690467308,0.0039588715381289165,,0.07358433674070844,0.568892126329638,6,0.667469550794567,5,0.7591078087735416,-0.09163825797897451,0.0,0.6568757166962877,1.1233099558358213,0.7591078087735416,-0.09163825797897451,0.17578560980250274,0.17578560980250274,0.13510708828576068,0.17578560980250274,-0.5213069379338343,0.2666573844768507,0.2666573844768507,gradual,up,False,False,
Ridgeway Grocery,tv,2023-06,5,62954.27951017489,158651.83624120636,2.520112015825143,1.3238643039665012,70878.26241332995,1.2542323522271395,0.0038502873112346322,,0.06135536377663939,0.5485211618361985,6,0.9243033512596909,5,0.8335395624923779,0.09076378876731295,0.0,0.6568757166962877,1.1233099558358213,0.8335395624923779,0.09076378876731295,0.004691875928795723,0.17578560980250274,0.13510708828576068,0.11875436517793375,0.7642985471002977,0.66859163958345,0.7642985471002977,sudden,up,False,True,sudden
Solstice Foods,retail_media,2023-06,5,109697.69414223063,345254.616599819,3.1473279297208614,2.4928021434674745,250368.14526380482,2.390763048376418,0.023031549416273323,1.40901672984654,0.14717485378474554,0.7252457558698195,6,1.1465538165685323,5,1.2561169802321441,-0.10956316366361185,0.0,1.4209823969368145,1.1233099558358213,1.2561169802321441,-0.10956316366361185,0.013678265147863446,0.10445826074292802,0.13510708828576068,0.08,-1.369539545795148,-0.7415964589729587,-0.7415964589729587,gradual,up,False,False,
Verdant Snacks,digital_video,2023-06,5,23545.42459754623,53426.3833459225,2.2690770822408655,2.0705582913960674,47536.03590126176,2.023435732690918,0.00820037815415986,1.187180987076629,0.08182677877518332,0.6015012934203297,6,0.8193731771205693,5,1.0276946152841835,-0.20832143816361415,0.0,0.9821094829775141,1.1233099558358213,1.0276946152841835,-0.20832143816361415,0.05279237042955935,0.11792778076804825,0.13510708828576068,0.09621597732188529,-2.1651439185270256,-0.5179807240538404,-0.5179807240538404,gradual,up,False,False,
Verdant Snacks,retail_media,2023-06,5,32386.89168354524,147548.68150479824,4.555814832324989,3.483659174604292,113643.32185729034,3.335841415412963,0.02292605835471622,1.3034496645430729,0.16859269914325312,0.6256065993478764,6,1.5164044021613272,5,1.6436876845120856,-0.12728328235075836,0.0,1.4209823969368145,1.1233099558358213,1.6436876845120856,-0.12728328235075836,0.05781286542658898,0.10445826074292802,0.13510708828576068,0.08890979563748169,-1.4316002127565297,-0.33828298890527814,-0.33828298890527814,gradual,up,False,False,
Aster Wellness,social,2023-06,5,38689.20972044388,75554.5382984515,1.9528581442832496,1.9025262026129452,67275.93814481025,1.8014871128204701,0.012704803023905455,0.9470134575483452,0.1053138956876385,0.621127623158492,6,0.669294014480907,5,0.921125180461839,-0.251831165980932,0.0,1.1038922543130458,1.1233099558358213,0.921125180461839,-0.251831165980932,0.15670023938945388,0.1545130096459442,0.13510708828576068,0.1552420862271141,-1.6221835978969728,-1.148791157170894,-1.148791157170894,gradual,up,False,False,
Halcyon Personal Care,digital_video,2023-06,5,31099.093698654015,53439.845966788555,1.7183730974482212,1.6001417088090075,49507.23243213505,1.5220372567448779,0.008591858624186741,1.2712540892394997,0.0712437561563128,,6,0.5413779696280506,5,0.5757084352115308,-0.034330465583480185,0.0,0.9821094829775141,1.1233099558358213,0.5757084352115308,-0.034330465583480185,,0.11792778076804825,0.13510708828576068,0.11792778076804826,-0.29111431894919365,,-0.29111431894919365,sudden,up,False,False,
Halcyon Personal Care,display,2023-06,5,24237.75615861932,57842.31180416487,2.3864548939937764,1.2382150006303612,28010.233180212195,1.2359293003962404,0.006412019888876743,0.6999092931781371,0.049059771745299914,0.48046151263577064,6,0.8698089568007127,5,0.8675764633939754,0.002232493406737257,0.0,0.9699583902101878,1.1233099558358213,0.8675764633939754,0.002232493406737257,0.1047884371815713,0.10876873042272632,0.13510708828576068,0.10744196600900799,0.020778597876271957,0.008144184723513907,0.020778597876271957,sudden,up,False,False,
Ridgeway Grocery,audio,2023-06,5,57033.22531362028,183372.4781186854,3.215186886421688,1.922966487756554,106952.21352608858,1.7168624555440346,0.006164513547199643,0.6188511701254125,0.0641228925394145,0.488656674543266,6,1.1678854855247582,5,0.6512368356974917,0.5166486498272665,0.0,0.7476919675798686,1.1233099558358213,0.6512368356974917,0.5166486498272665,0.07009332101492564,0.14916833988763473,0.13510708828576068,0.12281000026339838,4.206893972145408,0.9739166490080817,4.206893972145408,sudden,up,True,True,sudden
Solstice Foods,display,2023-06,5,146357.5334945344,430198.08493557584,2.93936413564691,1.9560105844923739,304484.7454200231,1.9715310721802182,0.005980454924912955,0.7646141298305645,0.05255383518847981,0.5311545721082258,6,1.0781932775664058,5,1.0646365782021805,0.013556699364225322,0.0,0.9699583902101878,1.1233099558358213,1.0646365782021805,0.013556699364225322,0.03347226768719721,0.10876873042272632,0.13510708828576068,0.0836699095108833,0.16202598333707946,0.1061253888521615,0.16202598333707946,sudden,up,False,False,
Solstice Foods,paid_search,2023-06,5,100861.68490166553,452994.4424566858,4.491244052668066,3.072638353288936,283492.36855239474,3.1243140410323056,0.03692634334427325,1.8445318597922313,0.14185238559699911,0.7563227386739926,6,1.5021297352405547,5,1.4154755319976107,0.08665420324294404,0.0,1.437160208033563,1.1233099558358213,1.4154755319976107,0.08665420324294404,0.06020627510503552,0.10840342267028533,0.13510708828576068,0.09233770681520206,0.938448725138555,0.05106963445004009,0.938448725138555,sudden,up,False,True,sudden
Halcyon Personal Care,affiliate,2023-06,5,29179.987674919666,133683.95436532117,4.581357465076079,2.1033638694022128,60570.80939429464,2.109087284998781,,1.127430338428791,0.12520370353524604,0.5465688670002331,6,1.5219953439659297,5,1.305720325214288,0.2162750187516418,0.0,1.3362777740236398,1.1233099558358213,1.305720325214288,0.2162750187516418,0.12214531360404374,0.14858713181037728,0.13510708828576068,0.1397731924082661,1.5473283182938262,0.018675432647275236,1.5473283182938262,sudden,up,False,True,sudden
Verdant Snacks,affiliate,2023-06,5,31951.60674491733,96251.32525702563,3.012409548772902,3.04236146439168,88266.13445781748,2.845344471794725,0.028281577856951692,1.0740299276615919,0.12814418473591366,0.5512670377202968,6,1.102740273062404,5,1.3691785518788449,-0.2664382788164408,0.0,1.3362777740236398,1.1233099558358213,1.3691785518788449,-0.2664382788164408,0.10324224466519898,0.14858713181037728,0.13510708828576068,0.1334721694286512,-1.9962084976738754,-0.019841180728456392,-0.019841180728456392,gradual,up,False,False,
Halcyon Personal Care,paid_search,2023-06,5,34078.460769341276,127108.12546445277,3.729866977407786,2.5685733299416107,82252.73365309756,2.3896440875946876,0.041959781897487274,1.569101904944351,0.14395611409057704,0.7115953412492264,6,1.316372570126433,5,1.2184285612281536,0.09794400889827948,0.0,1.437160208033563,1.1233099558358213,1.2184285612281536,0.09794400889827948,,0.10840342267028533,0.13510708828576068,0.10840342267028534,0.9035139895553048,-0.12718323452601754,0.9035139895553048,sudden,up,False,True,sudden
Solstice Foods,digital_video,2023-06,5,121147.1393103943,300793.9920390327,2.4828815088102116,1.6223540868253237,186859.88333453602,1.59179932481668,0.0076427951257086405,1.185992352547789,0.07113364154758003,0.5430273598748925,6,0.9094197844087778,5,0.7834361262702221,0.12598365813855572,0.0,0.9821094829775141,1.1233099558358213,0.7834361262702221,0.12598365813855572,0.056098711174506245,0.11792778076804825,0.13510708828576068,0.09731809090353426,1.2945553798772724,0.018625670516406706,1.2945553798772724,sudden,up,False,True,sudden
Halcyon Personal Care,retail_media,2023-06,5,28457.50407858298,114740.64765089024,4.031999690979353,2.527626300059291,73441.93521546583,2.5768997017398565,0.01922546666530781,1.3474738024139248,0.16765879906135425,0.6542171197082285,6,1.394262454127039,5,1.3608718386131922,0.03339061551384681,0.0,1.4209823969368145,1.1233099558358213,1.3608718386131922,0.03339061551384681,0.042943889821198705,0.10445826074292802,0.13510708828576068,0.08395347043568493,0.39772763818532897,0.22294658009289137,0.39772763818532897,sudden,up,False,False,
Nimbus Home,digital_video,2023-06,5,36018.871454855966,123828.93797038106,3.4378905548326606,1.953010752701797,64808.06623840498,1.7730310178365944,0.008086460337224467,1.1501280689269522,0.07276718157816225,0.5966877431328503,6,1.2348580724902058,5,1.2989059448515732,-0.06404787236136733,0.0,0.9821094829775141,1.1233099558358213,1.2989059448515732,-0.06404787236136733,0.2331094307105925,0.11792778076804825,0.13510708828576068,0.1563216640822297,-0.40971846568672854,-0.14973414949644598,-0.14973414949644598,gradual,up,False,False,
Crestline Beverages,tv,2023-06,5,89986.74656521814,106343.54932070475,1.1817690202149043,1.3064045374115991,112789.67546545775,1.2352724076604753,0.004188252206859536,,0.06495599460939147,0.5787238332750309,6,0.16701248551823736,5,0.30113520636465707,-0.1341227208464197,0.0,0.6568757166962877,1.1233099558358213,0.30113520636465707,-0.1341227208464197,0.07169736310643789,0.17578560980250274,0.13510708828576068,0.14108952757048115,-0.9506213760579701,-1.5847201144088319,-0.9506213760579701,sudden,up,False,False,
Crestline Beverages,digital_video,2023-06,5,92318.32470752309,241094.45220252185,2.6115557552234794,1.6262886947817745,148992.20073893268,1.6678956408719983,0.007841962903921449,1.160540305857502,0.06387365102716687,0.5299593685161285,6,0.959946118550852,5,1.0373041033646517,-0.07735798481379974,0.0,0.9821094829775141,1.1233099558358213,1.0373041033646517,-0.07735798481379974,0.07181349301749966,0.11792778076804825,0.13510708828576068,0.1025563515178654,-0.7542973562229729,-0.3571173140317284,-0.3571173140317284,gradual,up,False,False,
Ridgeway Grocery,display,2023-06,5,49056.07582884607,214791.5968585357,4.37849121091405,1.7486646235637688,93247.85983556807,1.8064111039099193,0.004866427081967144,0.747307097420365,0.05483820470433686,0.3691072946722282,6,1.4767041926500584,5,1.0672935136437378,0.40941067900632055,0.0,0.9699583902101878,1.1233099558358213,1.0672935136437378,0.40941067900632055,0.014669583778994657,0.10876873042272632,0.13510708828576068,0.08,5.117633487579007,1.7868709464823624,5.117633487579007,sudden,up,True,True,sudden
Aster Wellness,digital_video,2023-06,5,46837.56207301679,110751.45751207643,2.3645862980533003,1.7412593014061564,87273.42359892679,1.6872557036286864,0.009002331038663493,1.1622354187735322,0.08998380074149812,0.5274578654860315,6,0.8606030798150572,5,1.0653174455582493,-0.20471436574319202,0.0,0.9821094829775141,1.1233099558358213,1.0653174455582493,-0.20471436574319202,0.018471817167649392,0.11792778076804825,0.13510708828576068,0.08477579290124865,-2.4147738256090885,-0.1771122259264345,-0.1771122259264345,gradual,up,False,False,
Aster Wellness,paid_search,2023-06,5,27832.202075074383,116133.24984228406,4.172621682216414,2.8791434336880766,80113.1251700219,2.7577862153670023,0.044727849473863455,1.4760640705394048,0.13246536694188418,0.6788201962788648,6,1.428544539032498,5,1.4902724803064324,-0.06172794127393444,0.0,1.437160208033563,1.1233099558358213,1.4902724803064324,-0.06172794127393444,0.08997721097241833,0.10840342267028533,0.13510708828576068,0.10226135210432967,-0.6036292304345634,0.060957175058008725,0.060957175058008725,gradual,up,False,False,
Verdant Snacks,paid_search,2023-06,5,19590.275423387844,68725.49928523475,3.5081435967555024,3.8101068374571545,75423.958219636,3.837402757611874,0.04577714842646307,1.7591798232553946,0.14375259962461692,0.7272059729114163,6,1.2550870077529759,5,1.547042758371673,-0.29195575061869716,0.0,1.437160208033563,1.1233099558358213,1.547042758371673,-0.29195575061869716,0.01426223514330958,0.10840342267028533,0.13510708828576068,0.08,-3.6494468827337143,-0.29704572686994885,-0.29704572686994885,gradual,up,False,False,
Verdant Snacks,display,2023-06,5,23890.010406694153,67501.4336662335,2.82550875939841,1.4681292964150816,36016.289815738324,1.4936873846977998,0.005307657244790787,0.7855397059090244,0.04181317989842896,,6,1.0386884402062648,5,0.9885962529454922,0.05009218726077258,0.0,0.9699583902101878,1.1233099558358213,0.9885962529454922,0.05009218726077258,0.027121915514653042,0.10876873042272632,0.13510708828576068,0.08155312545336857,0.6142276826584028,0.152529543860716,0.6142276826584028,sudden,up,False,True,sudden
Aster Wellness,display,2023-06,5,48318.43064102408,77401.86531962623,1.6019118231441332,1.2708022523252271,59472.471819489074,1.2631443332034271,0.006175845358284404,0.7097198177146562,0.0501999025874939,0.5046567447685607,6,0.4711978053985649,5,0.7884448901474992,-0.3172470847489343,0.0,0.9699583902101878,1.1233099558358213,0.7884448901474992,-0.3172470847489343,,0.10876873042272632,0.13510708828576068,0.10876873042272633,-2.9167122160566117,-1.69843208789462,-1.69843208789462,gradual,up,False,False,
Aster Wellness,audio,2023-06,5,43115.330689692695,74785.05277972264,1.7345350617385156,1.3469915628568363,52206.62743855218,1.204771800395723,0.006057506844138171,0.9156047312045937,0.04924260163332044,0.4095163440318983,6,0.5507394015436349,5,0.7956144969665527,-0.24487509542291785,0.0,0.7476919675798686,1.1233099558358213,0.7956144969665527,-0.24487509542291785,0.03225289890342951,0.14916833988763473,0.13510708828576068,0.110196526226233,-2.22216710280132,-0.1687899575620703,-0.1687899575620703,gradual,up,False,False,
Solstice Foods,affiliate,2023-06,5,,,,,,,0.02613662913312942,1.1833844306082113,0.16177083282468174,0.5945095634314135,6,,5,1.3057121812079153,,0.0,1.3362777740236398,1.1233099558358213,1.3057121812079153,,0.17705005487393677,0.14858713181037728,0.13510708828576068,0.1580747728315638,,,,sudden,up,False,False,
Solstice Foods,social,2023-06,5,151338.78498505687,475972.69326481444,3.1450807095604194,2.237035713216533,283503.0447313039,1.9925093526117115,0.015316839342712107,0.7670288138654008,0.079019992748527,0.5950911045629304,6,1.1458395526404228,5,1.1558918196111203,-0.010052266970697499,0.0,1.1038922543130458,1.1233099558358213,1.1558918196111203,-0.010052266970697499,,0.1545130096459442,0.13510708828576068,0.1545130096459442,-0.06505773846313374,,-0.06505773846313374,sudden,up,False,False,
Nimbus Home,audio,2023-06,5,49256.824757628885,137469.18337269154,2.790865713515168,1.855014298085539,92113.27116612365,1.783844767634402,0.005234255057343439,0.8606345349857921,0.04838250213287841,0.4673996308482705,6,1.0263518392852948,5,1.0308895199770334,-0.004537680691738544,0.0,0.7476919675798686,1.1233099558358213,1.0308895199770334,-0.004537680691738544,0.15139027723502213,0.14916833988763473,0.13510708828576068,0.1499089856700972,-0.03026957104308984,0.02507754785348862,0.02507754785348862,gradual,up,False,False,
Crestline Beverages,affiliate,2023-06,5,120423.77126579107,355258.6549668392,2.950070830971874,2.2579274987667244,287928.10432519513,2.355151195247438,0.027567940431884007,1.064612595307955,0.13046715157595234,0.5420983530997865,6,1.0818291805624214,5,1.16084190423291,-0.0790127236704885,0.0,1.3362777740236398,1.1233099558358213,1.16084190423291,-0.0790127236704885,0.08479758270807246,0.14858713181037728,0.13510708828576068,0.12732394877627567,-0.6205645083261114,-0.1723561221376584,-0.1723561221376584,gradual,up,False,False,
Halcyon Personal Care,social,2023-06,5,23863.386821384953,54692.40312407522,2.291896097290898,2.135663867543189,50593.398131453,2.2352085045170442,0.012803732432752988,0.8863233162978394,,0.6160567399874766,6,0.8293794650548177,5,1.0515686310391337,-0.22218916598431593,0.0,1.1038922543130458,1.1233099558358213,1.0515686310391337,-0.22218916598431593,0.1070520866947864,0.1545130096459442,0.13510708828576068,0.13869270199555828,-1.6020249284020127,-0.23930040161607527,-0.23930040161607527,gradual,up,False,False,
Crestline Beverages,social,2023-06,5,150783.41120570165,305533.53707186825,2.02630736782479,2.2636885861079423,325443.34640703915,2.3167206427480562,0.011574309002741668,0.8772170515868608,0.10855366820924067,0.5719282343577446,6,0.706215105980246,5,0.8548018550505113,-0.14858674907026537,0.0,1.1038922543130458,1.1233099558358213,0.8548018550505113,-0.14858674907026537,0.12589667006728683,0.1545130096459442,0.13510708828576068,0.14497422978639174,-1.0249183547255012,-0.6958425120353828,-0.6958425120353828,gradual,up,False,False,
Ridgeway Grocery,audio,2023-07,6,55267.85728050908,154141.95015372944,2.788998121844857,2.524220595110577,142303.61345736048,2.2249545404674915,0.008030567855667364,0.5812777402811716,0.0659214164516323,0.4440914850797452,7,1.0256824352298715,6,0.690072130734405,0.33561030449546647,0.0,0.75395176475896,1.1123006319140767,0.690072130734405,0.33561030449546647,0.1401866420298513,0.14671435103624894,0.13429867130695122,0.1442664601588498,2.3263224461592156,2.4914422856672993,2.4914422856672993,gradual,up,True,True,gradual
Ridgeway Grocery,affiliate,2023-07,6,68841.14297232463,325901.948914237,4.7341158912084795,3.198953077080425,246269.28414977275,3.2596645566873947,0.025513958362932604,1.1858180650124743,0.1441916507733664,0.5840048162806415,7,1.5547949914023032,6,1.4532217045273639,0.10157328687493927,0.0,1.3194850782191863,1.1123006319140767,1.4532217045273639,0.10157328687493927,0.0805118338426966,0.13993739527929644,0.13429867130695122,0.11765280974057149,0.8633307364177012,,0.8633307364177012,sudden,up,False,True,sudden
Solstice Foods,social,2023-07,6,147546.7651134507,511132.65187399916,3.464207781722509,2.3260598714757936,353564.7145146261,2.2932093567051375,0.013455794076066063,0.949984371306446,0.10570967070294925,0.61326379751139,7,1.2424839720775138,6,1.1458395526404228,0.09664441943709101,0.0,1.084473453869646,1.1123006319140767,1.1458395526404228,0.09664441943709101,0.06609590286393766,0.14106489087603608,0.13429867130695122,0.11295152037149918,0.8556274330724024,-0.024369622591805404,0.8556274330724024,sudden,up,True,True,sudden
Crestline Beverages,ooh,2023-07,6,111607.5721260019,175127.31133735445,1.56913467430006,0.8971973093613906,127134.70169162733,1.0723741198095376,0.003063561159213052,,0.040053957348370126,0.40008646676970056,7,0.4505243045479264,6,0.43959852464961846,0.010925779898307952,0.0,0.4747964096777874,1.1123006319140767,0.43959852464961846,0.010925779898307952,0.16755235598432974,,0.13429867130695122,0.14676880306096818,0.07444211351760736,-0.48501011979580455,0.07444211351760736,sudden,up,True,False,
Nimbus Home,social,2023-07,6,24922.208929627086,76204.4074973159,3.0576907413180954,2.433140437402285,63925.24566124598,2.4322682577732055,0.013737069504626763,1.0605667655767839,0.1013866611212834,0.5590383187152962,7,1.1176599713653457,6,1.1160574808092765,0.0016024905560692027,0.0,1.084473453869646,1.1123006319140767,1.1160574808092765,0.0016024905560692027,0.0333895232615487,0.14106489087603608,0.13429867130695122,0.10068662802060331,0.015915624423744612,0.07280233368958816,0.07280233368958816,gradual,up,False,False,
Crestline Beverages,paid_search,2023-07,6,130736.28040439094,448849.1766691557,3.4332411422505222,3.3127565368903302,432625.87893218314,3.48972245019219,0.04449645927862943,1.6670287264469865,0.14257286550377496,0.7067292303586803,7,1.2335047544352726,6,1.3058472553625067,-0.07234250092723404,0.0,1.4339746241145734,1.1123006319140767,1.3058472553625067,-0.07234250092723404,0.1367113093060381,0.11987995511559194,0.13429867130695122,0.12619171293700923,-0.5732745775734501,-0.3810725029402393,-0.3810725029402393,gradual,up,True,False,
Verdant Snacks,digital_video,2023-07,6,20529.384913863752,48664.196128143114,2.3704653759635814,1.9758144626257346,36769.90573801633,1.8913088666782212,0.007950016766758397,1.0673126448234627,0.06801526251156212,0.5445545625356666,7,0.8630862970367775,6,1.010043003207477,-0.14695670617069945,0.0,0.9663572969816371,1.1123006319140767,1.010043003207477,-0.14695670617069945,0.1055847408591187,0.12152309444205976,0.13429867130695122,0.11554621184845686,-1.271843566480904,-1.3251257769923523,-1.271843566480904,sudden,up,False,False,
Halcyon Personal Care,digital_video,2023-07,6,38854.218476188704,72794.87299470195,1.8735384689133132,1.3661200454241573,49329.79197478513,1.3851914480417429,0.00825059527919031,1.0308329523424344,0.08779367650299133,0.5331814637310756,7,0.6278288722211134,6,0.5750175336383735,0.0528113385827399,0.0,0.9663572969816371,1.1123006319140767,0.5750175336383735,0.0528113385827399,0.170508345012593,0.12152309444205976,0.13429867130695122,0.1398925634060097,0.3775135525214856,,0.3775135525214856,sudden,up,False,False,
Halcyon Personal Care,display,2023-07,6,27612.598645336755,62965.25695632373,2.2803089910176695,1.3424870065534826,38858.47898876446,1.3835204265073116,0.006240993476569908,0.7610236663825389,0.04611996766131101,0.4582398926158135,7,0.8243109561601926,6,0.8686927100973441,-0.04438175393715149,0.0,0.9728365619548481,1.1123006319140767,0.8686927100973441,-0.04438175393715149,0.07398323375122685,0.10876873042272632,0.13429867130695122,0.09572416917091403,-0.4636420908277465,-0.2101150320629802,-0.2101150320629802,gradual,up,False,False,
Halcyon Personal Care,affiliate,2023-07,6,35893.98796444647,147335.0912356816,4.104728941838929,2.1216219244541565,75632.90400206187,2.058886079034298,0.030129619718046157,1.2159717122142015,0.1221707633979154,0.5998011729835105,7,1.4121397095035109,6,1.3515466604057358,0.060593049097775076,0.0,1.3194850782191863,1.1123006319140767,1.3515466604057358,0.060593049097775076,0.21118195927115502,0.13993739527929644,0.13429867130695122,0.1666541067762434,0.36358569416551956,0.300071175471522,0.36358569416551956,sudden,up,False,False,
Verdant Snacks,affiliate,2023-07,6,31261.58328678007,102372.5143529766,3.2747066395791924,3.157111353104556,91666.71468249396,2.920833944502487,0.02767066930857622,1.3245235513617273,0.10209356918976037,0.5944096477417907,7,1.1862282893740626,6,1.3384818466533148,-0.15225355727925227,0.0,1.3194850782191863,1.1123006319140767,1.3384818466533148,-0.15225355727925227,0.155517552587302,0.13993739527929644,0.13429867130695122,0.1457799542697985,-1.0444066747165588,-1.2183962186974933,-1.0444066747165588,sudden,up,False,False,
Halcyon Personal Care,paid_search,2023-07,6,38205.00100354315,133277.5171373395,3.4884835397590828,2.4917053646293303,103166.05616518538,2.5317462636438064,0.03868016540867714,1.972333988688756,0.13281377911523284,0.685383278436096,7,1.2494671259566352,6,1.2279028638458898,0.02156426211074547,0.0,1.4339746241145734,1.1123006319140767,1.2279028638458898,0.02156426211074547,0.1465584422487396,0.11987995511559194,0.13429867130695122,0.1298843877905223,0.16602659085959073,0.20149871537517078,0.20149871537517078,gradual,up,False,False,
Halcyon Personal Care,retail_media,2023-07,6,30314.518763862878,123044.78902928047,4.058939216147441,2.517252598277626,64781.24127930516,2.2780602040028266,0.021755822437056316,1.2968801029711252,0.13860767778228822,0.6931511674649165,7,1.4009216626639336,6,1.3756282528862736,0.025293409777660036,0.0,1.4121970735396399,1.1123006319140767,1.3756282528862736,0.025293409777660036,0.06802149938500414,0.10192404439701747,0.13429867130695122,0.08921059001751247,0.2835247449063482,0.13588132653943724,0.2835247449063482,sudden,up,False,False,
Crestline Beverages,tv,2023-07,6,87827.23927071158,124853.04363238934,1.4215754095099404,1.3063898834119874,119338.79865215725,1.3040848439477357,0.004067204186052652,,0.05468187828661559,0.5273386663560463,7,0.3517656999526052,6,0.2597941813812869,0.0919715185713183,0.0,0.6451067298898229,1.1123006319140767,0.2597941813812869,0.0919715185713183,0.050313267767828566,0.2281999410990198,0.13429867130695122,0.1614924385998231,0.5695097514703023,-0.4761319289783488,0.5695097514703023,sudden,up,True,True,sudden
Aster Wellness,audio,2023-07,6,50497.788686729946,78764.28805443142,1.5597571716071894,1.2294631631431094,57496.87921867209,1.1243769804865387,0.0052416276041530145,0.6976583745199354,0.06291374818633443,0.4685161077875898,7,0.44453014991913037,6,0.7775141672324333,-0.3329840173133029,0.0,0.75395176475896,1.1123006319140767,0.7775141672324333,-0.3329840173133029,0.06450579780685901,0.14671435103624894,0.13429867130695122,0.11588614357522772,-2.8733721482167165,-1.0211371757711056,-1.0211371757711056,gradual,up,False,False,
Verdant Snacks,social,2023-07,6,35031.65350442885,86361.33356600223,2.465237147743656,2.362419111273489,79973.47458485051,2.351167622125551,0.011883033538595393,1.0185411681434031,0.10131253732796276,0.5872077768456468,7,0.902288008848354,6,1.2217901194953273,-0.3195021106469733,0.0,1.084473453869646,1.1123006319140767,1.2217901194953273,-0.3195021106469733,0.06435908920550351,0.14106489087603608,0.13429867130695122,0.11230021524958637,-2.845071222142204,-1.3957791215651234,-1.3957791215651234,gradual,up,False,False,
Halcyon Personal Care,social,2023-07,6,26986.24789664895,71382.41269170116,2.645140330922594,1.982315342275015,53945.1552146811,2.086221201705713,0.012918325741686955,0.9183219253298295,,0.6307563814405962,7,0.9727241190721096,6,1.0437952172214744,-0.07107109814936474,0.0,1.084473453869646,1.1123006319140767,1.0437952172214744,-0.07107109814936474,0.11618834702466896,0.14106489087603608,0.13429867130695122,0.1317361869317734,-0.5394956374908034,-0.3394306073568988,-0.3394306073568988,gradual,up,False,False,
Crestline Beverages,social,2023-07,6,133637.58910346258,277275.7623734021,2.074833617050173,2.282789043705874,271142.83995208744,2.167304608752669,0.011539281989567739,0.9961549998952973,0.07778246323649775,0.5472141036962137,7,0.729880965913575,6,0.8428810093543164,-0.11300004344074144,0.0,1.084473453869646,1.1123006319140767,0.8428810093543164,-0.11300004344074144,0.08570067211914692,0.14106489087603608,0.13429867130695122,0.12030330884220265,-0.9392928966647074,-0.9392489592275931,-0.9392489592275931,gradual,up,True,False,
Verdant Snacks,paid_search,2023-07,6,21014.561415514076,89038.1504367011,4.236974004652239,3.965358649783823,99941.96643485999,4.408306226619652,0.03652468495050907,1.6111411863415106,0.13014648625146508,0.6309423746947892,7,1.4438493363063276,6,1.5198480647157488,-0.07599872840942123,0.0,1.4339746241145734,1.1123006319140767,1.5198480647157488,-0.07599872840942123,0.01471503565183123,0.11987995511559194,0.13429867130695122,0.08044311031668167,-0.9447512423405291,-0.8830590223820092,-0.8830590223820092,gradual,up,False,False,
Aster Wellness,paid_search,2023-07,6,37201.35154775123,146532.10468373215,3.9388919646009426,2.605309400931718,94022.41372107973,2.599305170952728,0.04902427129217785,1.6394724918364274,0.1281577093963879,0.706132108343975,7,1.3708994564993975,6,1.4594085096694651,-0.08850905317006763,0.0,1.4339746241145734,1.1123006319140767,1.4594085096694651,-0.08850905317006763,0.10510713999018013,0.11987995511559194,0.13429867130695122,0.11434014944356251,-0.7740855124013554,-0.23790971670837052,-0.23790971670837052,gradual,up,False,False,
Nimbus Home,digital_video,2023-07,6,32509.31145330636,113647.07328391938,3.4958314465427076,1.7599607430577466,62982.377502083895,1.8976980898561808,0.00786447013309212,1.2317757063233485,0.058507526562611885,0.5252595963327726,7,1.2515712433995028,6,1.2815126563065227,-0.029941412907019904,0.0,0.9663572969816371,1.1123006319140767,1.2815126563065227,-0.029941412907019904,0.11091437783260345,0.12152309444205976,0.13429867130695122,0.11754482571351364,-0.2547233595802394,-0.33358974537848435,-0.2547233595802394,sudden,up,False,False,
Nimbus Home,display,2023-07,6,32097.8859759959,87660.40042108567,2.731033454559645,1.5948350918954226,45186.120094450525,1.606401426511408,0.006232749308686009,0.7099290301870601,0.05447909669660517,0.5198119444831667,7,1.0046800923468366,6,1.076019059874493,-0.07133896752765634,0.0,0.9728365619548481,1.1123006319140767,1.076019059874493,-0.07133896752765634,0.06953182739572773,0.10876873042272632,0.13429867130695122,0.09405489178760185,-0.7584822668102853,,-0.7584822668102853,sudden,up,False,False,
Crestline Beverages,retail_media,2023-07,6,130754.71808930478,398311.79046433,3.0462517627263375,3.8131021069516793,499670.8663196726,3.453410199698343,0.015881922553368667,1.33604154274346,0.15187176235641622,0.6558686684121168,7,1.1139119046116335,6,1.1505292805512446,-0.03661737593961112,0.0,1.4121970735396399,1.1123006319140767,1.1505292805512446,-0.03661737593961112,0.23285158425053842,0.10192404439701747,0.13429867130695122,0.15102187184208782,-0.2424640583047411,-0.22888427500825367,-0.22888427500825367,gradual,up,True,False,
Solstice Foods,tv,2023-07,6,87194.24987912868,193079.11759147645,2.214356082644539,1.3772299982213392,120970.58933253276,1.3835078063395683,0.0039045489033614836,,0.06875504005246481,0.5571991215901144,7,0.7949616536237618,6,0.7393920977523418,0.055569555871419984,0.0,0.6451067298898229,1.1123006319140767,0.7393920977523418,0.055569555871419984,0.23746619958884516,0.2281999410990198,0.13429867130695122,0.2316747880327043,0.23986017789547098,0.7162915782544901,0.7162915782544901,gradual,up,True,True,gradual
Nimbus Home,paid_search,2023-07,6,46049.605486858636,213236.8047573235,4.630589176668967,3.162296040375083,155161.41503299933,3.1514459611532795,0.042203604984950266,1.7023019827056076,0.10116761538700943,0.7205243970872578,7,1.5326841119826347,6,1.311963211081926,0.22072090090070873,0.0,1.4339746241145734,1.1123006319140767,1.311963211081926,0.22072090090070873,0.08775974806847935,0.11987995511559194,0.13429867130695122,0.10783487747292471,2.046841486476651,0.5092831645793969,2.046841486476651,sudden,up,False,True,sudden
Nimbus Home,retail_media,2023-07,6,33066.04099313814,152372.9643490016,4.60814055062177,3.041792046589611,103494.02203439022,3.2783831969955637,0.02047561778379042,1.213986502892612,0.14152693480764544,0.658003332657795,7,1.5278244243654469,6,1.614885673685599,-0.08706124932015213,0.0,1.4121970735396399,1.1123006319140767,1.614885673685599,-0.08706124932015213,0.11187681275777098,0.10192404439701747,0.13429867130695122,0.10565633253230004,-0.8240040822308191,-0.5160813475372621,-0.5160813475372621,gradual,up,False,False,
Nimbus Home,audio,2023-07,6,50544.095395580545,157088.3396928842,3.1079464072596625,1.964352170268978,92727.80421343696,1.8179214931975185,0.005252137484297588,0.7599552609024838,0.050572927557265085,0.4393237316288986,7,1.1339621888752833,6,1.0302758724352823,0.10368631644000104,0.0,0.75395176475896,1.1123006319140767,1.0302758724352823,0.10368631644000104,0.06879779074951395,0.14671435103624894,0.13429867130695122,0.11749564092872332,0.8824694739347865,0.24778605954481117,0.8824694739347865,sudden,up,False,True,sudden
Ridgeway Grocery,display,2023-07,6,55335.03937419497,194974.00995993285,3.5235180486897306,1.6336545377442115,95434.19449656192,1.7924660434569377,0.0058357844929399875,0.6749089722628481,0.04900450890472888,0.2783662921804305,7,1.2594599361472232,6,1.067783086188546,0.19167684995867718,0.0,0.9728365619548481,1.1123006319140767,1.067783086188546,0.19167684995867718,0.029339167557989314,0.10876873042272632,0.13429867130695122,0.08,2.3959606244834646,2.5344766589101932,2.5344766589101932,gradual,up,True,True,gradual
Aster Wellness,digital_video,2023-07,6,56793.18973492502,145860.19034896555,2.5682690306663423,1.4719769015562398,82324.7145504458,1.530969660123672,0.009276402832292628,1.1940330195840587,0.0704694467448032,0.5565237843657217,7,0.9432321430610224,6,1.0542671814673215,-0.11103503840629902,0.0,0.9663572969816371,1.1123006319140767,1.0542671814673215,-0.11103503840629902,0.036943634335298785,0.12152309444205976,0.13429867130695122,0.08980579690202439,-1.2363905475660457,-0.6350385273344599,-0.6350385273344599,gradual,up,False,False,
Ridgeway Grocery,retail_media,2023-07,6,67070.55709717827,314586.6982359457,4.6903844526017915,2.8628286747939167,203282.50582244634,2.7920705967249004,0.022732578886459902,1.395418761122899,0.14862318035777253,,7,1.5455145519348015,6,1.5490502100005599,-0.003535658065758396,0.0,1.4121970735396399,1.1123006319140767,1.5490502100005599,-0.003535658065758396,0.029325058880619908,0.10192404439701747,0.13429867130695122,0.08,-0.04419572582197995,-0.42587091869400995,-0.04419572582197995,sudden,up,False,False,
Solstice Foods,digital_video,2023-07,6,103110.57098815059,330833.740493158,3.2085336869211716,1.6485982669198738,168010.39407984354,1.620750708564711,0.009370783601772808,1.147108959905669,0.0856096093751738,0.5437634505729297,7,1.165814037427485,6,0.8331289874543251,0.33268504997315995,0.0,0.9663572969816371,1.1123006319140767,0.8331289874543251,0.33268504997315995,0.06112741757803405,0.12152309444205976,0.13429867130695122,0.09887471561805011,3.364713090637972,0.9590463754386361,3.364713090637972,sudden,up,True,True,sudden
Crestline Beverages,digital_video,2023-07,6,87266.99878993334,249074.17005211677,2.85416220914943,1.7899581532840303,164882.16171315554,1.7756736654889114,0.008140534587362885,0.9361299541599623,0.07485938832059114,0.523214410064721,7,1.0487783531611505,6,1.0262246318573909,0.022553721303759655,0.0,0.9663572969816371,1.1123006319140767,1.0262246318573909,0.022553721303759655,0.12029871944268995,0.12152309444205976,0.13429867130695122,0.12106395381729608,0.1862959253569122,-0.32136001641130163,0.1862959253569122,sudden,up,True,False,
Aster Wellness,retail_media,2023-07,6,37022.84353193345,140518.7781444875,3.795461524269072,2.6282880628653276,114949.93494650639,2.900473649372971,0.02087227259172862,1.4395362992231096,0.15114698770348695,0.6510358787580721,7,1.3338060172263795,6,1.3607047269653696,-0.026898709738990112,0.0,1.4121970735396399,1.1123006319140767,1.3607047269653696,-0.026898709738990112,0.1445563821559865,0.10192404439701747,0.13429867130695122,0.11791117105663086,-0.2281268983926136,,-0.2281268983926136,sudden,up,False,False,
Crestline Beverages,affiliate,2023-07,6,113579.2442575862,338603.1611061067,2.9812063226815377,2.473299656311741,263342.86483062175,2.4129818917431365,0.036517779916650825,1.3653342952065162,0.14163854153546593,,7,1.0923280248743328,6,1.136562654065599,-0.044234629191266306,0.0,1.3194850782191863,1.1123006319140767,1.136562654065599,-0.044234629191266306,0.07774003472229822,0.13993739527929644,0.13429867130695122,0.1166133850704221,-0.37932720300121026,0.08332470679504683,0.08332470679504683,gradual,up,True,False,
Solstice Foods,display,2023-07,6,157079.8969100157,523945.6243420753,3.335535830165595,2.0383687045466385,304355.45780902554,1.9606848119931022,0.007047630601407811,0.7297331370240359,0.04667711123924345,0.48088225170508236,7,1.2046333351770722,6,1.0714149278842933,0.1332184072927789,0.0,0.9728365619548481,1.1123006319140767,1.0714149278842933,0.1332184072927789,0.032355322761648576,0.10876873042272632,0.13429867130695122,0.08011370254982217,1.662866688877989,0.7379520077128547,1.662866688877989,sudden,up,True,True,sudden
Aster Wellness,display,2023-07,6,47109.92959362207,81457.50367448354,1.7290941501536774,1.2639995300828233,56331.48258547694,1.2025433839644641,0.0057410926709938696,0.6880530443255086,0.057044911590632574,0.5099111177193748,7,0.5475976587487916,6,0.7423965848336915,-0.1947989260848999,0.0,0.9728365619548481,1.1123006319140767,0.7423965848336915,-0.1947989260848999,0.019870685374677437,0.10876873042272632,0.13429867130695122,0.08,-2.434986576061249,-2.107612531128844,-2.107612531128844,gradual,up,False,False,
Ridgeway Grocery,social,2023-07,6,69870.68427207875,262439.3992139031,3.756073122054386,2.0420012060497585,141297.13676851604,2.103085964964909,0.013604094289747546,0.9425531953715957,0.09315855163215225,0.6136774489901455,7,1.3233740292221141,6,1.3155667586744526,0.0078072705476615045,0.0,1.084473453869646,1.1123006319140767,1.3155667586744526,0.0078072705476615045,0.22631721804748234,0.14106489087603608,0.13429867130695122,0.17303451356532842,0.04511973008618251,-0.09238607838951947,0.04511973008618251,sudden,up,False,False,
Aster Wellness,social,2023-07,6,45028.435374716544,89602.36509863724,1.9899062526376154,1.8509712273117036,78196.04058763808,1.7582746661987234,0.012850810894000302,1.1903391519456605,0.08873471521381032,0.6305259282554881,7,0.6880875283993976,6,0.8907572823238921,-0.2026697539244945,0.0,1.084473453869646,1.1123006319140767,0.8907572823238921,-0.2026697539244945,0.021451524932653093,0.14106489087603608,0.13429867130695122,0.09620987864726746,-2.1065378812870033,-1.7799853157663978,-1.7799853157663978,gradual,up,False,False,
Ridgeway Grocery,paid_search,2023-07,6,45167.425266909915,353120.5974973457,7.8180369018298945,4.645239173238736,183528.948777748,4.2603909580118895,0.04608106118269298,1.9328221265789782,0.1921236810247264,0.41341560787513404,7,2.0564334874708914,6,1.7296316327808063,0.32680185469008505,0.0,1.4339746241145734,1.1123006319140767,1.7296316327808063,0.32680185469008505,0.08912520612330385,0.11987995511559194,0.13429867130695122,0.1083469242434839,3.0162541020147073,2.2421179435305096,3.0162541020147073,sudden,up,True,True,sudden
Verdant Snacks,retail_media,2023-07,6,38826.39183917662,193418.62079710362,4.981627486743188,3.247955201374569,127606.48177011307,3.264592301849531,0.021350826764148373,1.2738775777695934,0.15018455392455093,0.6793193312474184,7,1.6057566422144858,6,1.6217251764562217,-0.015968534241735943,0.0,1.4121970735396399,1.1123006319140767,1.6217251764562217,-0.015968534241735943,0.06223905817361682,0.10192404439701747,0.13429867130695122,0.08704217456324223,-0.18345743683291926,-0.31660459393855134,-0.18345743683291926,sudden,up,False,False,
Ridgeway Grocery,tv,2023-07,6,57434.664292393165,121779.88151438622,2.1203202458783266,1.6287028705278361,79470.52310070732,1.3537342857940988,0.003849782367387751,,0.06131399427085195,0.5299319536386098,7,0.7515671366521715,6,0.8371677644194063,-0.08560062776723487,0.0,0.6451067298898229,1.1123006319140767,0.8371677644194063,-0.08560062776723487,0.009383751857591447,0.2281999410990198,0.13429867130695122,0.14614387013348418,-0.5857284858341947,0.16720681627097447,0.16720681627097447,gradual,up,False,False,
Verdant Snacks,display,2023-07,6,28906.462601293057,73290.14309491361,2.535424140470068,1.5730574135364064,41608.4623223488,1.4508500029036675,0.005047060433482773,0.8272442599704941,0.04611979163160211,0.5161918720955934,7,0.9303609368426532,6,1.0136423465758786,-0.0832814097332254,0.0,0.9728365619548481,1.1123006319140767,1.0136423465758786,-0.0832814097332254,0.04171392556708935,0.10876873042272632,0.13429867130695122,0.08362317860186246,-0.9959129887867065,0.14730334150530797,0.14730334150530797,gradual,up,False,False,
Solstice Foods,affiliate,2023-07,6,113188.64361249085,476471.7618475134,4.209536810766523,3.1260933970014855,390967.9014149581,3.590179769677453,0.028986206522870785,1.4533608587932665,0.11276068279209026,0.5388380057909192,7,1.4373526204459142,6,1.3057121812079153,0.13164043923799884,0.0,1.3194850782191863,1.1123006319140767,1.3057121812079153,0.13164043923799884,0.17705005487393677,0.13993739527929644,0.13429867130695122,0.15385464262728654,0.8556156446763735,,0.8556156446763735,sudden,up,True,True,sudden
Solstice Foods,retail_media,2023-07,6,116931.46730196397,406924.0413812168,3.4800216808224564,2.7889076816355076,316352.8778863831,2.61780075361534,0.01910911392342355,1.5568593146610328,0.17201686954552314,0.6605811700877787,7,1.2470385238883714,6,1.2013353984003383,0.045703125488033125,0.0,1.4121970735396399,1.1123006319140767,1.2013353984003383,0.045703125488033125,0.02735653029572689,0.10192404439701747,0.13429867130695122,0.08,0.5712890686004141,-0.35890638312200807,0.5712890686004141,sudden,up,True,True,sudden
Crestline Beverages,audio,2023-07,6,102268.36657832171,149826.10132584337,1.4650287898272023,1.5336748861680933,166480.04184756684,1.6247730653070915,0.005382058564374763,0.8662425489622462,0.04096297936695051,0.4578747006800331,7,0.3818748940351198,6,0.4689075045733787,-0.08703261053825889,0.0,0.75395176475896,1.1123006319140767,0.4689075045733787,-0.08703261053825889,0.021070897577595747,0.14671435103624894,0.13429867130695122,0.099598055989254,-0.8738384466826256,-0.8922230157318228,-0.8738384466826256,sudden,up,True,False,
Solstice Foods,paid_search,2023-07,6,111716.930389618,452989.6675224769,4.0547987305295115,2.8120368802982245,308988.6829095439,2.9674715882328853,0.04824801900650992,1.677522135225823,0.16396372903634684,0.6553184863974362,7,1.3999010514476111,6,1.4375404970429915,-0.03763944559538035,0.0,1.4339746241145734,1.1123006319140767,1.4375404970429915,-0.03763944559538035,0.0985064812045552,0.11987995511559194,0.13429867130695122,0.11186490239895316,-0.33647234108463836,0.05842858400677363,0.05842858400677363,gradual,up,True,False,
Ridgeway Grocery,tv,2023-08,7,60591.29591877981,107718.3595945933,1.7777860328154298,1.5550411380637035,93459.54864305367,1.4273824195778861,0.0035534013150460113,,0.06556198131766747,0.5246233857355846,8,0.5753687883514603,7,0.7925533495722747,-0.21718456122081442,0.0,0.6420432203359502,1.1109380497340162,0.7925533495722747,-0.21718456122081442,0.02111466670351298,0.16551621689060675,0.13002050533489842,0.10605675504886225,-2.0478145038545974,-0.41538765390855426,-0.41538765390855426,gradual,up,False,False,
Nimbus Home,social,2023-08,7,28309.67282574996,81253.32715367456,2.8701612927072766,2.4884993184629374,68111.95668183209,2.3861819338182872,0.013021521309511744,0.9479301496191058,0.09355440770045816,0.5973208972312714,8,1.054368227741968,7,1.1176342958961885,-0.06326606815422053,0.0,1.0617207668113067,1.1109380497340162,1.1176342958961885,-0.06326606815422053,0.02941002025525372,0.13619144737635708,0.13002050533489842,0.09222262444413805,-0.6860146144782797,-0.1545527513089815,-0.1545527513089815,gradual,up,False,False,
Nimbus Home,digital_video,2023-08,7,32056.444172397343,127944.72008083848,3.991232445893269,1.9769054696286577,70537.45136895044,2.0675774742538104,0.008840700656465039,1.2172933360765832,0.08090804494482084,0.5082417220515472,8,1.3841000668895522,7,1.261223427615584,0.12287663927396819,0.0,0.9679743598763665,1.1109380497340162,1.261223427615584,0.12287663927396819,0.06303815969262974,0.12152309444205976,0.13002050533489842,0.09744106248641211,1.261035503293111,0.06628818644734924,1.261035503293111,sudden,up,False,True,sudden
Halcyon Personal Care,paid_search,2023-08,7,48430.33183529999,157039.13895557082,3.2425782150249036,2.4793807140402913,117075.30930852644,2.473229188242852,0.05028437331340247,2.0280744489052873,0.1276902212750718,0.6639090734556227,8,1.1763687587447993,7,1.2494671259566352,-0.07309836721183594,0.0,1.4452263888807877,1.1109380497340162,1.2494671259566352,-0.07309836721183594,0.11981189478277839,0.12688184200574817,0.13002050533489842,0.12397068726687827,-0.5896423487148474,0.10664405148889955,0.10664405148889955,gradual,up,False,False,
Halcyon Personal Care,display,2023-08,7,33343.082448719055,73869.53674733207,2.215438145556633,1.1538794823011498,37606.72803718766,1.1893068153659485,0.005366909124481255,0.5934902962326735,0.05171636773236506,,8,0.7954501923133139,7,0.85762372786673,-0.06217353555341609,0.0,0.9814152415474434,1.1109380497340162,0.85762372786673,-0.06217353555341609,0.07102826694739293,0.13584893851635751,0.13002050533489842,0.10915807375266622,-0.5695734031940765,-0.22498597692123357,-0.22498597692123357,gradual,up,False,False,
Verdant Snacks,social,2023-08,7,31035.902608539862,82016.44421554402,2.6426311891111656,2.1537879159186777,65496.322339425984,2.230364889255017,0.011232425327038805,,0.09835785719114935,0.5695933042023884,8,0.971775083361982,7,1.1622551947898465,-0.19048011142786447,0.0,1.0617207668113067,1.1109380497340162,1.1622551947898465,-0.19048011142786447,0.1120517322894129,0.13619144737635708,0.13002050533489842,0.12625156469349771,-1.5087346591727009,-1.7340426491562664,-1.5087346591727009,sudden,up,False,False,
Ridgeway Grocery,retail_media,2023-08,7,67538.99427873189,319338.1327010302,4.728203848922135,2.539157066248896,177425.3128605494,2.692866568543792,0.019207069034365098,1.4791752144477268,0.19851359659657405,0.598927936884181,8,1.55354539442862,7,1.5365180552352236,0.017027339193396385,0.0,1.4071368987249215,1.1109380497340162,1.5365180552352236,0.017027339193396385,0.05921420500182899,0.08579191859071213,0.13002050533489842,0.08,0.2128417399174548,-0.13136239003859973,0.2128417399174548,sudden,up,False,False,
Solstice Foods,paid_search,2023-08,7,111227.15444755123,526406.731635602,4.732717781464302,3.103454868786816,371501.3799480076,3.1193189080362838,0.044501363666765534,1.6811080588805973,0.14542272880050713,0.7379271189522975,8,1.5544996213128555,7,1.4076882917226108,0.14681132959024468,0.0,1.4452263888807877,1.1109380497340162,1.4076882917226108,0.14681132959024468,0.08459557513562503,0.12688184200574817,0.13002050533489842,0.10946984976510923,1.3411120039468356,0.4317974195557227,1.3411120039468356,sudden,up,True,True,sudden
Solstice Foods,social,2023-08,7,153359.88252454123,557416.2432327521,3.6346939894372454,2.3010541843160173,332975.8845761073,2.1566415145301656,0.010740329186643575,0.8844832210377768,0.0903687966355414,0.6322379786678469,8,1.2905249229678357,7,1.1458395526404228,0.1446853703274129,0.0,1.0617207668113067,1.1109380497340162,1.1458395526404228,0.1446853703274129,0.11467407406375066,0.13619144737635708,0.13002050533489842,0.1273313524829309,1.1362902184425345,0.42819109178928955,1.1362902184425345,sudden,up,True,True,sudden
Solstice Foods,digital_video,2023-08,7,112503.03402103,361734.7180695023,3.2153330016138395,1.8555749952155574,211274.20930476155,1.7611335181856393,0.007131941039820524,1.0073383774606044,0.07282808893127868,0.5613099223661816,8,1.16793092981067,7,0.8408204434701333,0.32711048634053663,0.0,0.9679743598763665,1.1109380497340162,0.8408204434701333,0.32711048634053663,0.17990725055548293,0.12152309444205976,0.13002050533489842,0.14556362931229283,2.2471993030535975,2.3021559245229475,2.3021559245229475,gradual,up,True,True,gradual
Crestline Beverages,audio,2023-08,7,50220.3842312213,101961.53520576374,2.030281861969023,1.62934751098725,77180.78086665586,1.567792121155286,0.0050228829415219865,0.7434765777000579,0.053981826455525586,0.43247164338117766,8,0.7081746316757708,7,0.41742980839606697,0.2907448232797038,0.0,0.7493391538153243,1.1109380497340162,0.41742980839606697,0.2907448232797038,0.036967376445485894,0.1604496416764601,0.13002050533489842,0.1096040030519413,2.6526843471394006,0.08139715797982723,2.6526843471394006,sudden,up,True,True,sudden
Nimbus Home,display,2023-08,7,32495.631602087884,88240.28298646271,2.7154506201625317,2.025227154132879,59056.89169695836,1.7502400142125307,0.006554273322762178,0.7583168157804366,0.053498254957430116,0.5184018590037996,8,0.9989579138908679,7,1.0046800923468366,-0.005722178455968785,0.0,0.9814152415474434,1.1109380497340162,1.0046800923468366,-0.005722178455968785,0.13906365479145547,0.13584893851635751,0.13002050533489842,0.13717264521786843,-0.041715157179336805,-0.5632607434233555,-0.041715157179336805,sudden,up,False,False,
Halcyon Personal Care,affiliate,2023-08,7,49630.46566557329,168236.08807150298,3.389774522873392,2.149359799825283,112823.01549645438,2.2005336470737746,0.031670471554892034,1.4976489890411093,0.10472378370649968,0.5673755614785443,8,1.2207634067535813,7,1.4047563525503475,-0.18399294579676617,0.0,1.3229284520113176,1.1109380497340162,1.4047563525503475,-0.18399294579676617,0.14298750940854774,0.14858713181037728,0.13002050533489842,0.14628140493903571,-1.2578013307531954,0.1451361514902556,0.1451361514902556,gradual,up,False,False,
Aster Wellness,retail_media,2023-08,7,47802.67877583853,149632.98613631135,3.1302217776954815,2.4456052623597473,94407.33823839626,2.2675745706397223,0.020066985719533328,1.4066496521646585,0.15224663956155882,0.6048329127781221,8,1.141103857535694,7,1.3607047269653696,-0.2196008694296756,0.0,1.4071368987249215,1.1109380497340162,1.3607047269653696,-0.2196008694296756,0.08128976940539075,0.08579191859071213,0.13002050533489842,0.08393809245557979,-2.616224207690791,-0.5726593122868533,-0.5726593122868533,gradual,up,False,False,
Crestline Beverages,retail_media,2023-08,7,77855.75181609868,261050.23290322625,3.352998677860656,3.2191437128183913,231581.2726455104,3.134009414265366,0.023822456686637686,1.5830706405081032,0.1432406445856115,0.5927319797129317,8,1.209855073168671,7,1.139306193317425,0.07054887985124592,0.0,1.4071368987249215,1.1109380497340162,1.139306193317425,0.07054887985124592,0.16296246886172608,0.08579191859071213,0.13002050533489842,0.1175680275258355,0.6000685844265171,-0.013495507874403085,0.6000685844265171,sudden,up,True,True,sudden
Nimbus Home,retail_media,2023-08,7,30008.095458661403,129031.79562717323,4.299899532275384,3.735305772374824,115491.81806930767,3.5814819716948993,0.021139413848599988,1.2941603689732308,0.2177707514093899,0.6283935140600541,8,1.4585916578394404,7,1.5872118248814067,-0.12862016704196622,0.0,1.4071368987249215,1.1109380497340162,1.5872118248814067,-0.12862016704196622,0.06180436295064128,0.08579191859071213,0.13002050533489842,0.08,-1.6077520880245777,-1.0232353102518388,-1.0232353102518388,gradual,up,False,False,
Ridgeway Grocery,social,2023-08,7,67555.4644041205,268383.682324146,3.9727901316562644,1.7710733093191775,110165.36100986594,1.83751838967349,0.014058394194414117,1.0036995148574053,0.09543209063867573,0.5534772370503065,8,1.3794686517917027,7,1.3233740292221141,0.05609462256958864,0.0,1.0617207668113067,1.1109380497340162,1.3233740292221141,0.05609462256958864,0.07727558454389277,0.13619144737635708,0.13002050533489842,0.11193197444534236,0.5011492278909122,0.08279930972677141,0.5011492278909122,sudden,up,False,False,
Verdant Snacks,affiliate,2023-08,7,25804.74117176747,93094.19008772178,3.607638978746067,2.8416344918914374,83258.61393034413,3.074839559939763,0.0275494439143491,1.2476218595828956,0.13664131158055742,0.5377976138908634,8,1.2830535358707569,7,1.294770398833637,-0.011716862962880104,0.0,1.3229284520113176,1.1109380497340162,1.294770398833637,-0.011716862962880104,0.15235466305746587,0.14858713181037728,0.13002050533489842,0.15013846820623727,-0.07804037901056289,-1.039551850466999,-0.07804037901056289,sudden,up,False,False,
Solstice Foods,tv,2023-08,7,99827.74266136621,219564.88906384815,2.1994375832843587,1.5356751989830473,139224.1735623491,1.3865915449700372,0.003526152374922838,,0.0622931895243495,0.5251950499632866,8,0.7882016837201273,7,0.757319020177452,0.030882663542675326,0.0,0.6420432203359502,1.1109380497340162,0.757319020177452,0.030882663542675326,0.16999191216656936,0.16551621689060675,0.13002050533489842,0.16735915023953252,0.18452928028419457,-0.010768608861574306,0.18452928028419457,sudden,up,True,False,
Solstice Foods,retail_media,2023-08,7,,,,,,,0.02212130656386507,1.5522981311958117,0.16591637298978593,0.6471836401246425,8,,7,1.2515777520602578,,0.0,1.4071368987249215,1.1109380497340162,1.2515777520602578,,0.05412429577883202,0.08579191859071213,0.13002050533489842,0.08,,,,sudden,up,True,False,
Aster Wellness,paid_search,2023-08,7,,,,,,,0.04757858228892208,1.7185242092579809,0.1422498688398866,0.763968911841642,8,,7,1.4594085096694651,,0.0,1.4452263888807877,1.1109380497340162,1.4594085096694651,,0.11181592034611561,0.12688184200574817,0.13002050533489842,0.120678227204723,,,,sudden,up,False,False,
Crestline Beverages,paid_search,2023-08,7,90649.95885911079,411100.5271589516,4.535032694255149,3.4812268955941894,318132.1601468696,3.469027975043376,0.04613485075361531,1.8553757385686354,0.11813853262189337,0.702253481080043,8,1.511832292858676,7,1.2906291436168482,0.22120314924182782,0.0,1.4452263888807877,1.1109380497340162,1.2906291436168482,0.22120314924182782,0.09272076200454703,0.12688184200574817,0.13002050533489842,0.11281551494643005,1.9607511373490176,-0.07272507992960164,1.9607511373490176,sudden,up,True,True,sudden
Nimbus Home,paid_search,2023-08,7,44351.92653755058,165429.93842331684,3.7299380509041815,3.292374765844413,154478.21071192215,3.3349892268688928,0.058832640325583566,2.196322183832486,0.12882774217050738,0.7336045312980929,8,1.3163916251811236,7,1.368430385729823,-0.05203876054869938,0.0,1.4452263888807877,1.1109380497340162,1.368430385729823,-0.05203876054869938,0.09579550693730238,0.12688184200574817,0.13002050533489842,0.11408158638932932,-0.4561538999914087,0.11752628209935034,0.11752628209935034,gradual,up,False,False,
Aster Wellness,digital_video,2023-08,7,59378.48048492183,144523.49045813427,2.433937165078409,1.5537104591534256,101711.22533946147,1.6903332130199,0.009686169023341091,1.0112027734685574,0.08651270380377474,0.5438400283113195,8,0.889510178734332,7,1.0173521010017446,-0.12784192226741253,0.0,0.9679743598763665,1.1109380497340162,1.0173521010017446,-0.12784192226741253,0.08571101973052524,0.12152309444205976,0.13002050533489842,0.1067769460314279,-1.1972801903304533,-1.616148187835196,-1.1972801903304533,sudden,up,False,False,
Solstice Foods,affiliate,2023-08,7,117372.62263821422,513862.38996918447,4.378043008829224,3.341104173438414,373543.36036449217,3.304168919422271,0.03159635054867735,1.160022721301798,0.12107875977528607,0.6230387790507897,8,1.476601822905598,7,1.3081662771179898,0.1684355457876081,0.0,1.3229284520113176,1.1109380497340162,1.3081662771179898,0.1684355457876081,0.13993739527929644,0.14858713181037728,0.13002050533489842,0.14502547559169693,1.1614203994187864,,1.1614203994187864,sudden,up,True,True,sudden
Ridgeway Grocery,display,2023-08,7,57853.14004530262,161080.73305047333,2.7843040658525546,1.5823526222308073,90399.51676396407,1.662642013074343,0.005960672528630592,0.8439303141397185,0.05508497700825496,0.49256460597269114,8,1.02399795556444,7,1.067783086188546,-0.04378513062410594,0.0,0.9814152415474434,1.1109380497340162,1.067783086188546,-0.04378513062410594,0.10863962110622816,0.13584893851635751,0.13002050533489842,0.12464510193571601,-0.3512783891555363,1.5916257162015408,1.5916257162015408,gradual,up,False,True,gradual
Aster Wellness,display,2023-08,7,76896.44585845203,109779.55115735841,1.4276284154853698,1.4874551070767221,119873.09496244679,1.4206519295513718,0.0060671506548778485,0.7314289718540711,0.055684620462801385,0.49626651734925303,8,0.35601461681051244,7,0.7423965848336915,-0.3863819680231791,0.0,0.9814152415474434,1.1109380497340162,0.7423965848336915,-0.3863819680231791,0.039741370749354875,0.13584893851635751,0.13002050533489842,0.09627523414170938,-4.013305929274147,-3.1216682404640026,-3.1216682404640026,gradual,up,False,False,
Solstice Foods,display,2023-08,7,144576.52497071962,477515.4567214287,3.302856095193446,2.106995597691266,312786.873060865,2.1016817928200737,0.005060906604730235,0.7276089775354543,0.038681102804449474,0.4916481150132278,8,1.1947875775495969,7,1.0880507167797153,0.10673686076988154,0.0,0.9814152415474434,1.1109380497340162,1.0880507167797153,0.10673686076988154,0.048881782783337775,0.13584893851635751,0.13002050533489842,0.10003893321452587,1.0669532085172528,0.9639486269107738,1.0669532085172528,sudden,up,True,True,sudden
Verdant Snacks,display,2023-08,7,24615.615090638636,61069.7384273566,2.4809348944760488,1.6131820712562495,36749.0672571609,1.4851511605084964,0.006252254905956814,0.7262160362588964,0.04711568616248065,0.524018561635068,8,0.9086354627192551,7,1.0136423465758786,-0.10500688385662349,0.0,0.9814152415474434,1.1109380497340162,1.0136423465758786,-0.10500688385662349,0.06342063800776955,0.13584893851635751,0.13002050533489842,0.10602552065988012,-0.9903925319402644,-0.3049061862374596,-0.3049061862374596,gradual,up,False,False,
Aster Wellness,social,2023-08,7,62929.36890856277,133445.3049673877,2.1205568605222394,1.753604656884785,106160.79226212733,1.7072846813064593,0.011022157968137497,0.8769798162861073,0.0716436710267174,0.623992381238693,8,0.7516787242498414,7,0.7757550281142929,-0.024076303864451476,0.0,1.0617207668113067,1.1109380497340162,0.7757550281142929,-0.024076303864451476,0.04479111867494885,0.13619144737635708,0.13002050533489842,0.09855601791107134,-0.24429055043778156,-1.3243373432072525,-0.24429055043778156,sudden,up,False,False,
Crestline Beverages,tv,2023-08,7,39799.01672425185,68472.3467544271,1.7204532269939956,1.1903503550340684,47153.68644635216,1.2333158508884008,0.0036388659363974112,,0.07241475766567161,0.5516865138368937,8,0.5425877601805392,7,0.28510942817526097,0.25747833200527825,0.0,0.6420432203359502,1.1109380497340162,0.28510942817526097,0.25747833200527825,0.07169736310643789,0.16551621689060675,0.13002050533489842,0.12688492415594899,2.029227141979628,0.366247892753769,2.029227141979628,sudden,up,True,True,sudden
Ridgeway Grocery,audio,2023-08,7,51539.31054804675,94048.68499586622,1.8247951708277266,1.578914207852331,80157.50234636446,1.8231735903792639,0.004479911573410111,0.7852511156226096,0.05718538115272577,0.41557973442511376,8,0.6014677455727281,7,0.7261887650452885,-0.12472101947256042,0.0,0.7493391538153243,1.1109380497340162,0.7261887650452885,-0.12472101947256042,0.2825782453751942,0.1604496416764601,0.13002050533489842,0.2107378902582918,-0.5918300658685326,1.3203080783191312,1.3203080783191312,gradual,up,False,True,gradual
Halcyon Personal Care,digital_video,2023-08,7,52410.864185984494,82661.70427609676,1.5771864394901893,1.5267152648318183,79412.64113574201,1.4814227768874133,0.008707348138943362,1.1716519588908567,0.05238049836603581,0.5672631460043561,8,0.45564252514655285,7,0.5750175336383735,-0.11937500849182064,0.0,0.9679743598763665,1.1109380497340162,0.5750175336383735,-0.11937500849182064,0.12919643885683788,0.12152309444205976,0.13002050533489842,0.12468270684814486,-0.9574303566990358,-0.19356247180594305,-0.19356247180594305,gradual,up,False,False,
Halcyon Personal Care,social,2023-08,7,37560.72182783348,106594.89831832895,2.8379352986592323,2.0943208055506384,81736.29986485554,2.129489267396663,0.010985537224476859,1.042204726433062,0.06630402532670213,0.5824423774917529,8,1.0430767802606429,7,1.0043729612379622,0.03870381902268072,0.0,1.0617207668113067,1.1109380497340162,1.0043729612379622,0.03870381902268072,0.1070520866947864,0.13619144737635708,0.13002050533489842,0.12419288709571033,0.3116427995820186,-0.40663950362462165,0.3116427995820186,sudden,up,False,False,
Crestline Beverages,digital_video,2023-08,7,65779.64820317634,193556.45235197278,2.9424975298458103,1.7909457266038753,129444.95259083883,1.8813733174817349,0.006795532591393929,1.056983557839832,,0.5349716820045242,8,1.0792587206772815,7,1.0391952982782326,0.04006342239904881,0.0,0.9679743598763665,1.1109380497340162,1.0391952982782326,0.04006342239904881,0.1022569061661804,0.12152309444205976,0.13002050533489842,0.11358995809316827,0.3527021496582309,-0.023922142356425535,0.3527021496582309,sudden,up,True,False,
Verdant Snacks,digital_video,2023-08,7,18572.191304419146,40272.825486250076,2.1684476982889676,2.04924464809274,42528.50963446314,2.1359404042295784,0.005622455030942859,1.1485514062901485,0.06979867149680773,0.4890201294846357,8,0.7740115651594259,7,0.9861664916542302,-0.21215492649480427,0.0,0.9679743598763665,1.1109380497340162,0.9861664916542302,-0.21215492649480427,0.1416109646563131,0.12152309444205976,0.13002050533489842,0.12979457041263467,-1.634543924451807,-1.6905104698199125,-1.634543924451807,sudden,up,False,False,
Verdant Snacks,paid_search,2023-08,7,19735.607095974596,101655.91542653316,5.150888692310234,3.7341310393904648,73837.50288604427,3.965983534869165,0.050339864802940004,1.6131319817694427,0.14539818458247747,0.6338871391584975,8,1.6391692614022397,7,1.5198480647157488,0.11932119668649088,0.0,1.4452263888807877,1.1109380497340162,1.5198480647157488,0.11932119668649088,0.07558951270706604,0.12688184200574817,0.13002050533489842,0.10576147111805553,1.1282104477659864,-0.7702194838462793,1.1282104477659864,sudden,up,False,True,sudden
Ridgeway Grocery,paid_search,2023-08,7,49457.510450316775,280845.396221246,5.678518665094821,4.735462831966124,242698.94208837065,4.7449499205565004,0.03721543419500161,1.959558259203163,0.16811693283833157,0.763163349650556,8,1.7366904003204446,7,1.7455012257199405,-0.008810825399495847,0.0,1.4452263888807877,1.1109380497340162,1.7455012257199405,-0.008810825399495847,0.0912432422667269,0.12688184200574817,0.13002050533489842,0.11220712446615119,-0.07852286957192056,1.2448117113451271,1.2448117113451271,gradual,up,False,True,gradual
Crestline Beverages,ooh,2023-08,7,56240.57602530212,120207.72791611312,2.137384365729696,0.8364139333399647,42389.77031767644,0.8919739080978637,0.002875979329846868,,0.04274862884056181,0.3923619375478242,8,0.7595828224611979,7,0.4576342904225973,0.3019485320386006,0.0,0.4808083316021136,1.1109380497340162,0.4576342904225973,0.3019485320386006,0.1810609324931988,,0.13002050533489842,0.15103715181184563,1.9991672804764795,0.14200962810683843,1.9991672804764795,sudden,up,True,True,sudden
Aster Wellness,audio,2023-08,7,62548.5075179159,107771.27980922411,1.7230032191951976,1.3789995392489585,77522.6943620663,1.2135330867656542,0.005462833895187772,0.913026601537742,0.05400236726129764,0.43019975275832595,8,0.5440688259103835,7,0.750400461646195,-0.20633163573581148,0.0,0.7493391538153243,1.1109380497340162,0.750400461646195,-0.20633163573581148,0.11926861532263439,0.1604496416764601,0.13002050533489842,0.14349274847194363,-1.4379237831391487,-2.1778210113857286,-1.4379237831391487,sudden,up,False,False,
Halcyon Personal Care,retail_media,2023-08,7,41806.75392974378,144282.55829219174,3.451178212368711,3.024871032716783,147411.69831200753,3.059161343209934,0.019124489065624393,1.3868978628432136,0.17697897082166614,0.6845129081229178,8,1.2387156835732283,7,1.392323560643197,-0.1536078770699687,0.0,1.4071368987249215,1.1109380497340162,1.392323560643197,-0.1536078770699687,0.06537172906303293,0.08579191859071213,0.13002050533489842,0.08,-1.9200984633746088,-0.13764956447588128,-0.13764956447588128,gradual,up,False,False,
Ridgeway Grocery,affiliate,2023-08,7,,,,,,,0.024791498270451476,1.1494651992049247,0.1648809195363325,0.5710517539373398,8,,7,1.4532217045273639,,0.0,1.3229284520113176,1.1109380497340162,1.4532217045273639,,0.05973354085434045,0.14858713181037728,0.13002050533489842,0.11200035906377388,,,,sudden,up,False,False,
Nimbus Home,audio,2023-08,7,47325.29039329438,144261.41116158158,3.0482942621736617,1.6980959325273877,81282.1542643005,1.7714429338825375,0.005077669162287946,0.7985285430519222,0.04832641320098238,0.462887619569093,8,1.1145821758723469,7,1.0302758724352823,0.08430630343706458,0.0,0.7493391538153243,1.1109380497340162,1.0302758724352823,0.08430630343706458,0.11217135559712973,0.1604496416764601,0.13002050533489842,0.14057034740850052,0.5997445762303525,0.32265432869378874,0.5997445762303525,sudden,up,False,True,sudden
Verdant Snacks,retail_media,2023-08,7,32545.277328846227,160694.6696107528,4.937572600382252,3.3097116333345875,124515.56007955142,3.654654932598602,0.017773528173514647,1.2135370150939213,0.13897671813707493,0.659472938707983,8,1.5968738339940258,7,1.602759655307422,-0.0058858213133961,0.0,1.4071368987249215,1.1109380497340162,1.602759655307422,-0.0058858213133961,0.05781286542658898,0.08579191859071213,0.13002050533489842,0.08,-0.07357276641745125,-0.5628768053356334,-0.07357276641745125,sudden,up,False,False,
Crestline Beverages,social,2023-08,7,68125.74248095928,174533.82011411164,2.561936409909848,2.419682953398855,197455.09246830174,2.5764933175446423,0.013105072879769808,0.9764982836098745,0.08412250065221773,0.5548644641422225,8,0.9407633826785498,7,0.7861678318438245,0.1545955508347252,0.0,1.0617207668113067,1.1109380497340162,0.7861678318438245,0.1545955508347252,0.06923076094273954,0.13619144737635708,0.13002050533489842,0.10861940002133809,1.4232775250494403,-0.12020749474239295,1.4232775250494403,sudden,up,True,True,sudden
Crestline Beverages,affiliate,2023-08,7,77663.07278988752,260474.7864523441,3.3539078109495097,2.251386188480017,202355.92987690368,2.505245039713341,0.029879301138309635,1.3514692347055857,0.12298350217491949,0.6492874361934873,8,1.2101261767231752,7,1.1265849645536212,0.08354121216955401,0.0,1.3229284520113176,1.1109380497340162,1.1265849645536212,0.08354121216955401,0.09511190899028633,0.14858713181037728,0.13002050533489842,0.12656792241386924,0.6600504343934748,-0.07552028376307711,0.6600504343934748,sudden,up,True,True,sudden
Solstice Foods,paid_search,2023-09,8,136398.07788000838,722233.8278428015,5.29504402897937,3.1406472217487504,437726.1839561228,3.1466772826162774,0.04663476148248629,1.764069490079933,0.15434532454035232,,9,1.6667712942179242,8,1.4076882917226108,0.25908300249531346,0.0,1.4471974611878007,1.1070073351296938,1.4076882917226108,0.25908300249531346,0.0985064812045552,0.1286152143674177,0.1366303544530809,0.11523355518392327,2.24832950855151,0.7228820380919349,2.24832950855151,sudden,up,True,True,sudden
Solstice Foods,affiliate,2023-09,8,159336.31831641818,632925.5445532639,3.9722616365238723,3.1792974680653825,498960.2612045279,3.206228469295123,0.034685511737503893,1.1984837094844152,0.11643902133005715,0.5879399375757096,9,1.3793356142361042,8,1.4373526204459142,-0.058017006209809985,0.0,1.3140589917049266,1.1070073351296938,1.4373526204459142,-0.058017006209809985,0.13241978962435777,0.14858713181037728,0.1366303544530809,0.1414016463943686,-0.4102993684246136,0.3570525945934546,0.3570525945934546,gradual,up,True,False,
Aster Wellness,audio,2023-09,8,57338.00672546202,113606.98756831422,1.9813557194666986,1.1701404463293332,64069.05074984796,1.1460360383492536,0.005775061754962801,0.9089844366922235,0.04941530825828978,0.4500241352321927,9,0.6837813172030521,8,0.6731769492550939,0.010604367947958271,0.0,0.7510904663144968,1.1070073351296938,0.6731769492550939,0.010604367947958271,0.20360542743617732,0.17609942105478515,0.1366303544530809,0.18832431277984835,0.056309075506118036,-0.9455526346332769,0.056309075506118036,sudden,up,False,False,
Solstice Foods,tv,2023-09,8,90453.27566231857,317009.676439794,3.5046787871260623,1.5915786072425802,146702.53681277306,1.5295185144620917,0.0037316427554141356,,0.062214101293915795,0.5520074586725561,9,1.2540988721003956,8,0.7915816686719446,0.46251720342845104,0.0,0.6373636208835899,1.1070073351296938,0.7915816686719446,0.46251720342845104,0.12173351951854383,0.20929891426266967,0.1366303544530809,0.1703809610430582,2.714606142593391,1.0463318669243522,2.714606142593391,sudden,up,True,True,sudden
Ridgeway Grocery,tv,2023-09,8,67229.50741219964,145203.5797014333,2.159819181942783,1.377481743374426,97087.32472984183,1.4516959680436523,0.004231760794917595,,0.05785062777316413,0.5306395855197553,9,0.770024506128497,8,0.7925533495722747,-0.022528843443777702,0.0,0.6373636208835899,1.1070073351296938,0.7925533495722747,-0.022528843443777702,0.039460023364472505,0.20929891426266967,0.1366303544530809,0.13381496275235982,-0.16835817893900215,-0.9339670562092648,-0.16835817893900215,sudden,up,False,False,
Verdant Snacks,paid_search,2023-09,8,16052.551088949474,78114.79103740887,4.866191710249896,4.182046109225869,69665.48268955284,4.3033387907930365,0.046577245708765994,1.7964161154593516,0.1166185451194281,0.724409861711446,9,1.58231164149933,8,1.5237982679452107,0.05851337355411923,0.0,1.4471974611878007,1.1070073351296938,1.5237982679452107,0.05851337355411923,0.08455475796284574,0.1286152143674177,0.1366303544530809,0.10903278929871907,0.5366585036525948,0.16002615757290048,0.5366585036525948,sudden,up,False,False,
Verdant Snacks,retail_media,2023-09,8,27615.43437325078,138434.8804839402,5.012953213512831,2.9137329291574137,89465.0838791532,3.366307966294232,0.020569573917858467,1.415956122373333,0.13962612056113913,0.6483518149281149,9,1.6120252052062616,8,1.5983182511971918,0.013706954009069738,0.0,1.3909446098891223,1.1070073351296938,1.5983182511971918,0.013706954009069738,0.05338667267956113,0.08919698118303081,0.1366303544530809,0.08,0.17133692511337173,-0.01904295069711084,0.17133692511337173,sudden,up,False,False,
Crestline Beverages,social,2023-09,8,,,,,,,0.010657325055165348,0.770068354155935,0.08281250683906959,0.6114152460011251,9,,8,0.7980886775400194,,0.0,1.0616075167369612,1.1070073351296938,0.7980886775400194,,0.11072844925853757,0.13757578607971094,0.1366303544530809,0.12564363638141168,,,,sudden,up,True,False,
Crestline Beverages,affiliate,2023-09,8,72822.50346415355,221221.4318797939,3.0378169021432897,2.451719223242575,163287.79774965445,2.3301915574736447,0.031893898529527336,1.3050377688376202,0.13546665086405732,0.5233982531220788,9,1.1111391331483957,8,1.1265849645536212,-0.015445831405225485,0.0,1.3140589917049266,1.1070073351296938,1.1265849645536212,-0.015445831405225485,0.13866181510567782,0.14858713181037728,0.1366303544530809,0.14417587994162195,-0.10713186846149046,0.019287929214530437,0.019287929214530437,gradual,up,True,False,
Crestline Beverages,tv,2023-09,8,43495.51355272856,73939.39579078076,1.699931550437859,1.0926730956835182,43473.76044814285,1.108417033741657,0.003929757931266326,,0.049801198658668624,0.5034226358862424,9,0.5305879858032174,8,0.28510942817526097,0.24547855762795645,0.0,0.6373636208835899,1.1070073351296938,0.28510942817526097,0.24547855762795645,0.10256958754781408,0.20929891426266967,0.1366303544530809,0.16186365794495608,1.5165761156308153,1.3717710030269155,1.5165761156308153,sudden,up,True,True,sudden
Solstice Foods,digital_video,2023-09,8,122598.25938847433,606954.4028096657,4.950758728852936,2.9899531702789015,380396.1480029598,2.5631439293212788,0.012030564957594976,0.7609472781756066,0.11924049608662185,0.5161341259149312,9,1.5995408433907898,8,0.8464279553395,0.7531128880512898,0.0,0.9663679333737681,1.1070073351296938,0.8464279553395,0.7531128880512898,0.24761707876195338,0.1425511352618169,0.1366303544530809,0.18924711015076645,3.9795212061696033,3.1971445332870574,3.9795212061696033,sudden,up,True,True,sudden
Halcyon Personal Care,retail_media,2023-09,8,36336.392099790595,128105.32873879878,3.5255379341730806,2.6186105418842285,96050.66712456796,2.718623628978957,0.023656570585561858,1.4761023447687198,0.17699543279453495,0.6941323782018824,9,1.2600330300603781,8,1.392323560643197,-0.1322905305828188,0.0,1.3909446098891223,1.1070073351296938,1.392323560643197,-0.1322905305828188,0.06802149938500414,0.08919698118303081,0.1366303544530809,0.08,-1.6536316322852351,-0.7311567446118878,-0.7311567446118878,gradual,up,False,False,
Nimbus Home,audio,2023-09,8,48927.77722593107,130264.32424855404,2.662379769410732,1.7001220621647837,87585.08934097034,1.7844761009997137,0.004629479860140429,0.780145930937824,0.0423126698056282,0.4232484153070976,9,0.9792203729871012,8,1.0515155929267643,-0.07229521993966315,0.0,0.7510904663144968,1.1070073351296938,1.0515155929267643,-0.07229521993966315,0.1268121131665919,0.17609942105478515,0.1366303544530809,0.15419395088225482,-0.4688589891238278,0.2251900135647358,0.2251900135647358,gradual,up,False,False,
Nimbus Home,display,2023-09,8,33061.2626765392,93559.22990086231,2.8298746728525113,1.858146834681438,59025.539006489445,1.716230871405358,0.0061778125459626574,0.6562778505390721,,0.47810086480826974,9,1.0402324254634006,8,1.0046800923468366,0.03555233311656392,0.0,0.9629517103623422,1.1070073351296938,1.0046800923468366,0.03555233311656392,0.10026230300733036,0.1351685699447672,0.1366303544530809,0.1196546735281286,0.29712448388575663,-0.11179398668974788,0.29712448388575663,sudden,up,False,False,
Halcyon Personal Care,social,2023-09,8,32397.71374240954,72215.45661459808,2.2290294058640923,1.9550479033176882,70391.58492011036,2.138659431893461,0.011263079532747609,0.9225075900336346,0.0869351691355679,0.578448040444667,9,0.8015662467187282,8,1.0043729612379622,-0.20280671451923393,0.0,1.0616075167369612,1.1070073351296938,1.0043729612379622,-0.20280671451923393,0.1317838899254483,0.13757578607971094,0.1366303544530809,0.13500161001114977,-1.5022540435072156,-0.3844681958702223,-0.3844681958702223,gradual,up,False,False,
Nimbus Home,digital_video,2023-09,8,34346.22385065221,120195.58035870723,3.4995282416301143,1.776282793088524,62355.92287719177,1.9168618406994553,0.007993059974367847,1.1457809047491458,0.0552443492252967,0.5774037473339636,9,1.2526281713049534,8,1.261223427615584,-0.008595256310630628,0.0,0.9663679333737681,1.1070073351296938,1.261223427615584,-0.008595256310630628,0.11091437783260345,0.1425511352618169,0.1366303544530809,0.12849035418216648,-0.06689417556157369,0.10437977423903311,0.10437977423903311,gradual,up,False,False,
Halcyon Personal Care,paid_search,2023-09,8,44366.327343903955,123948.8443289386,2.793759406050307,2.2870048532384994,93314.57798122331,2.2855098702252654,,1.915164278257829,0.13396054018266865,0.6844057853826891,9,1.027388146192976,8,1.2089542586104172,-0.18156611241744125,0.0,1.4471974611878007,1.1070073351296938,1.2089542586104172,-0.18156611241744125,0.08993813595514064,0.1286152143674177,0.1366303544530809,0.11142540173973901,-1.6294858226451168,-0.4562447956667496,-0.4562447956667496,gradual,up,False,False,
Ridgeway Grocery,social,2023-09,8,87194.1246002313,314101.7774463297,3.6023273229294683,1.9697825976759886,168743.40281323326,1.8917578659841006,0.011481400107533924,1.1349819779237513,0.10082940500348517,0.612135856303974,9,1.2815801151763169,8,1.3410545357259207,-0.059474420549603835,0.0,1.0616075167369612,1.1070073351296938,1.3410545357259207,-0.059474420549603835,0.10011322001978581,0.13757578607971094,0.1366303544530809,0.12092575671974423,-0.49182591172400836,0.012098454722907888,0.012098454722907888,gradual,up,False,False,
Aster Wellness,paid_search,2023-09,8,48113.28083084576,169464.9329080143,3.5222069661765647,2.493224305629945,123187.32509903722,2.4924208037768,0.04400330153396529,1.8109609036238676,0.11277676394373012,0.7063489393510128,9,1.2590877721682057,8,1.428544539032498,-0.16945676686429234,0.0,1.4471974611878007,1.1070073351296938,1.428544539032498,-0.16945676686429234,0.11181592034611561,0.1286152143674177,0.1366303544530809,0.12114886146906123,-1.39874832342166,,-1.39874832342166,sudden,up,False,False,
Crestline Beverages,retail_media,2023-09,8,85030.49066258248,308292.121982854,3.625665565146708,3.5882156505012026,312688.7291530304,3.565608707753963,0.021232167000768087,1.4585328198203515,0.163478347301248,0.6833790134321821,9,1.288037875631856,8,1.139306193317425,0.1487316823144309,0.0,1.3909446098891223,1.1070073351296938,1.139306193317425,0.1487316823144309,0.15888469083552462,0.08919698118303081,0.1366303544530809,0.12016929658413916,1.2376845545591852,0.3545086845957691,1.2376845545591852,sudden,up,True,True,sudden
Nimbus Home,paid_search,2023-09,8,47973.93056520902,222084.37323811743,4.629271994635652,3.3377458660858705,174770.14295536143,3.556304103618354,0.04882981960795216,1.8981667104344717,0.15204381704384312,0.7782437381161792,9,1.532399619155403,8,1.325373884740148,0.20702573441525507,0.0,1.4471974611878007,1.1070073351296938,1.325373884740148,0.20702573441525507,0.08775974806847935,0.1286152143674177,0.1366303544530809,0.11045722934566733,1.874261518613545,0.7699886900219527,1.874261518613545,sudden,up,False,True,sudden
Verdant Snacks,digital_video,2023-09,8,16351.94348929174,38038.57362897297,2.3262417494215883,1.9064552530748125,25441.548150410825,1.749721668950316,0.006950007694925687,1.196864669719075,0.06887477216783167,0.5737191410702264,9,0.8442539822390014,8,0.9215139446072336,-0.07725996236823218,0.0,0.9663679333737681,1.1070073351296938,0.9215139446072336,-0.07725996236823218,0.17763718845350748,0.1425511352618169,0.1366303544530809,0.15814493668034604,-0.4885389566685628,-1.1316421492004247,-0.4885389566685628,sudden,up,False,False,
Halcyon Personal Care,affiliate,2023-09,8,36050.027517402865,126846.4906510989,3.518623961933587,2.144326324942157,70760.29092646834,2.053777639477626,0.027245529415254256,1.2432631750621772,0.13809734369109458,0.5821648602538696,9,1.2580699932756694,8,1.3469832376142623,-0.08891324433859293,0.0,1.3140589917049266,1.1070073351296938,1.3469832376142623,-0.08891324433859293,0.20614229702638784,0.14858713181037728,0.1366303544530809,0.1741672052397153,-0.5105050874314545,-0.3121601608931401,-0.3121601608931401,gradual,up,False,False,
Ridgeway Grocery,affiliate,2023-09,8,78541.02995037347,321141.1146536617,4.088832484837241,3.070246240603778,235945.67937508586,3.058680462082852,0.03705811193203892,1.1416893120534874,0.12567508944940917,0.5981249358012858,9,1.4082594732743683,8,1.4295483815609948,-0.02128890828662655,0.0,1.3140589917049266,1.1070073351296938,1.4295483815609948,-0.02128890828662655,0.05973354085434045,0.14858713181037728,0.1366303544530809,0.10909664694102758,-0.19513806229199981,,-0.19513806229199981,sudden,up,False,False,
Aster Wellness,social,2023-09,8,55723.047882626604,107832.68271243697,1.935154066582513,1.6447091820049906,91684.73107329459,1.6719339090523742,0.010660567892752937,0.9639462060061292,0.086868167368325,0.5872188098091329,9,0.6601869442850387,8,0.7213996981462409,-0.061212753861202285,0.0,1.0616075167369612,1.1070073351296938,0.7213996981462409,-0.061212753861202285,0.07288670951487429,0.13757578607971094,0.1366303544530809,0.108825085384228,-0.5624875335046036,-0.9711053217431295,-0.5624875335046036,sudden,up,False,False,
Nimbus Home,social,2023-09,8,29827.111133816266,93736.8280054883,3.1426720336725764,2.4655106871011707,73827.91287155535,2.479307277527406,0.01085585422577669,0.8293947660923352,0.09029090169941055,0.5750258855582839,9,1.1450734041915176,8,1.116083156278434,0.02899024791308369,0.0,1.0616075167369612,1.1070073351296938,1.116083156278434,0.02899024791308369,0.0333895232615487,0.13757578607971094,0.1366303544530809,0.09127078038274995,0.3176290132670193,-0.03916333075416842,0.3176290132670193,sudden,up,False,False,
Ridgeway Grocery,retail_media,2023-09,8,69050.56202026365,340176.4468599033,4.926483389955244,2.7961107103235268,205162.32124160673,2.91429004531096,0.02021706964829233,1.581235165016958,0.14515998948980469,0.6285038090220488,9,1.594625425203663,8,1.5365180552352236,0.05810736996843935,0.0,1.3909446098891223,1.1070073351296938,1.5365180552352236,0.05810736996843935,0.06603277835279024,0.08919698118303081,0.1366303544530809,0.08,0.7263421246054919,0.19888625304465926,0.7263421246054919,sudden,up,False,True,sudden
Ridgeway Grocery,paid_search,2023-09,8,54833.224739123856,258513.66784412228,4.714544312759908,4.3408594693981986,265627.6737893268,4.700674863949467,0.04421335537426199,1.5778864499219898,0.15097559416878598,0.7394347283960718,9,1.5506522651285277,8,1.7620922016534974,-0.21143993652496973,0.0,1.4471974611878007,1.1070073351296938,1.7620922016534974,-0.21143993652496973,0.14957171888612814,0.1286152143674177,0.1366303544530809,0.13792921637573347,-1.5329597461714382,0.15608572069681653,0.15608572069681653,gradual,up,False,False,
Halcyon Personal Care,digital_video,2023-09,8,45805.35652690831,105420.9034511553,2.3014972798918376,1.4812014572658543,73231.32775159499,1.5162114887753226,0.00710263190407577,1.2231214295138593,0.058148045089914904,0.5660972971869277,9,0.8335599023895324,8,0.5750175336383735,0.2585423687511589,0.0,0.9663679333737681,1.1070073351296938,0.5750175336383735,0.2585423687511589,0.15206658255104255,0.1425511352618169,0.1366303544530809,0.1467802229459172,1.761425099118576,0.2625573988757835,1.761425099118576,sudden,up,False,True,sudden
Halcyon Personal Care,display,2023-09,8,36540.11349844126,74652.51372487769,2.043029059777339,1.265595984958821,44886.89628798446,1.244085861345081,0.006105800883418463,0.688966297651642,0.05037603386303394,0.4647919230282755,9,0.7144335398054638,8,0.85762372786673,-0.14319018806126627,0.0,0.9629517103623422,1.1070073351296938,0.85762372786673,-0.14319018806126627,0.06807330014355902,0.1351685699447672,0.1366303544530809,0.10534845003311911,-1.3592054559535578,-0.7974736499917935,-0.7974736499917935,gradual,up,False,False,
Crestline Beverages,ooh,2023-09,8,61538.54519404758,129055.94194929907,2.097156205795099,0.9240800054341992,52125.24967359814,0.8867894412747892,0.0032368523418058234,,0.0362760035014586,0.43529630330738184,9,0.7405822392719495,8,0.4576342904225973,0.28294794884935226,0.0,0.48699036475776075,1.1070073351296938,0.4576342904225973,0.28294794884935226,0.19456950900206782,,0.1366303544530809,0.1623810898081862,1.7424932249413188,1.2720342063118018,1.7424932249413188,sudden,up,True,True,sudden
Solstice Foods,social,2023-09,8,178103.530928419,1098505.2534741496,6.1677904292399806,4.242005785175128,713489.6261802377,3.3171221984396118,0.01844100160681047,0.6609713032158384,0.15155829576740212,0.5854644595290336,9,1.819340658582623,8,1.1768615792944006,0.6424790792882225,0.0,1.0616075167369612,1.1070073351296938,1.1768615792944006,0.6424790792882225,0.07909425363409361,0.13757578607971094,0.1366303544530809,0.1115839938816588,5.757806804886445,2.5832414854671275,5.757806804886445,sudden,up,True,True,sudden
Crestline Beverages,paid_search,2023-09,8,90163.81612044736,318218.20657606027,3.529333831112043,3.6271813602547294,329917.0103809901,3.5591719555903842,0.04788868329652785,1.8195266731521373,0.12332338316357207,0.6719582336464947,9,1.2611091367371705,8,1.2906291436168482,-0.029520006879677707,0.0,1.4471974611878007,1.1070073351296938,1.2906291436168482,-0.029520006879677707,0.14709363370288053,0.1286152143674177,0.1366303544530809,0.13682784518317898,-0.21574560967584958,0.13019232778885753,0.13019232778885753,gradual,up,True,False,
Solstice Foods,retail_media,2023-09,8,133873.07122618952,499481.6243981585,3.731008931245354,2.7038003934512718,370647.6760106779,2.6839181412328825,0.018569924716584564,1.6364216425548677,0.14153797419810293,0.6599266429057055,9,1.3166786880301395,8,1.2470385238883714,0.0696401641417681,0.0,1.3909446098891223,1.1070073351296938,1.2470385238883714,0.0696401641417681,0.05412429577883202,0.08919698118303081,0.1366303544530809,0.08,0.8705020517721013,,0.8705020517721013,sudden,up,True,True,sudden
Verdant Snacks,display,2023-09,8,21743.300983707817,42154.509135592816,1.9387354830427566,1.5155892870881018,31794.428332952237,1.4638247406615297,0.005533354527558291,0.6622783180140739,0.050088923531262625,0.5221423450289989,9,0.6620359476883182,8,0.984524688524459,-0.32248874083614076,0.0,0.9629517103623422,1.1070073351296938,0.984524688524459,-0.32248874083614076,0.09595775659639544,0.1351685699447672,0.1366303544530809,0.1177415417899353,-2.738954628363016,-1.575086716363329,-1.575086716363329,gradual,up,False,False,
Verdant Snacks,social,2023-09,8,26891.56778384475,72217.38834052012,2.685503088589171,2.43475637239826,69179.13705983471,2.4221593781675455,0.01191142164741416,0.8246302253182871,0.07214760352251291,0.5669634215094034,9,0.987868080461085,8,1.1622551947898465,-0.17438711432876153,0.0,1.0616075167369612,1.1070073351296938,1.1622551947898465,-0.17438711432876153,0.10587285446625978,0.13757578607971094,0.1366303544530809,0.12348559425151043,-1.4122061393945027,-1.9220040069031359,-1.4122061393945027,sudden,up,False,False,
Crestline Beverages,digital_video,2023-09,8,65206.351658664345,228833.84149260138,3.5093796182690573,1.5743591953067688,117001.36054321009,1.848045949345432,0.007840848856370427,1.2254658253917972,0.0625246366470195,0.5473055922282711,9,1.2554392749243022,8,1.044932423176482,0.21050685174782013,0.0,0.9663679333737681,1.1070073351296938,1.044932423176482,0.21050685174782013,0.060886826297361474,0.1425511352618169,0.1366303544530809,0.10625588683317004,1.981131192084747,0.8400430890332967,1.981131192084747,sudden,up,True,True,sudden
Aster Wellness,digital_video,2023-09,8,69053.58250744491,157839.98470884893,2.2857609841144977,1.6000279281778598,113344.40493152784,1.6173354028859692,0.005973461991226513,1.0256465049217398,0.0783046271710892,0.5262597139936149,9,0.8266990035258598,8,0.9618345817985952,-0.13513557827273537,0.0,0.9663679333737681,1.1070073351296938,0.9618345817985952,-0.13513557827273537,0.15039399864129332,0.1425511352618169,0.1366303544530809,0.14603685231936198,-0.925352581396461,-1.1196744397643201,-0.925352581396461,sudden,up,False,False,
Verdant Snacks,affiliate,2023-09,8,22791.361324751604,84574.8528866239,3.7108293656322724,2.9261967180322817,74103.47352780506,3.182577182892336,0.033863474459899456,1.1306678626178792,0.09962305260341875,0.6017395329123669,9,1.3112554003240031,8,1.2824045960551231,0.02885080426887998,0.0,1.3140589917049266,1.1070073351296938,1.2824045960551231,0.02885080426887998,0.14919177352762975,0.14858713181037728,0.1366303544530809,0.14885586146248947,0.19381705218339798,-0.20636222256527187,0.19381705218339798,sudden,up,False,False,
Nimbus Home,retail_media,2023-09,8,29117.325490716426,151324.18415625658,5.197049578076935,3.4504498304410367,110622.83592844376,3.675247529272073,0.019003389532798298,1.3849416268202046,0.15595420260341478,0.685618051369734,9,1.6480910757300675,8,1.562641992519204,0.08544908321086342,0.0,1.3909446098891223,1.1070073351296938,1.562641992519204,0.08544908321086342,0.07334716455787314,0.08919698118303081,0.1366303544530809,0.08215261823851629,1.0401261097093266,-0.30925112456579334,1.0401261097093266,sudden,up,False,True,sudden
Aster Wellness,retail_media,2023-09,8,45083.85257176148,166280.6905810566,3.68825380032423,2.6425760023735734,119362.52077998,2.6044954729539493,0.017863307969409385,1.3550411236135094,0.16661787562386365,0.6554874219920785,9,1.3051531212018395,8,1.3338060172263795,-0.02865289602454002,0.0,1.3909446098891223,1.1070073351296938,1.3338060172263795,-0.02865289602454002,0.1445563821559865,0.08919698118303081,0.1366303544530809,0.11380115939323333,-0.2517803524789373,-1.0320438195207806,-0.2517803524789373,sudden,up,False,False,
Crestline Beverages,audio,2023-09,8,59039.133300495974,111299.27486675364,1.8851779937260467,1.5782896601539997,97173.02906356838,1.6204884735117782,0.004657414075896341,0.8406212253827348,0.050895404075903684,0.4551756368667068,9,0.6340222428219497,8,0.41742980839606697,0.21659243442588277,0.0,0.7510904663144968,1.1070073351296938,0.41742980839606697,0.21659243442588277,0.05286385531337605,0.17609942105478515,0.1366303544530809,0.12132805850304779,1.7851800902298451,0.7920057757081379,1.7851800902298451,sudden,up,True,True,sudden
Ridgeway Grocery,audio,2023-09,8,68168.20145227488,127471.40692491396,1.86995408723168,1.6490264423767118,110532.53627124606,1.798894218478957,0.005064694054352024,0.9540646102248665,0.05286248771814153,0.4288091823163565,9,0.625913878282559,8,0.6873534700083752,-0.061439591725816256,0.0,0.7510904663144968,1.1070073351296938,0.6873534700083752,-0.061439591725816256,0.1401866420298513,0.17609942105478515,0.1366303544530809,0.16013818593259233,-0.38366609043316063,0.15009180998416913,0.15009180998416913,gradual,up,False,False,
Ridgeway Grocery,display,2023-09,8,64404.63828618116,180396.95481415672,2.8009932143794556,1.6397567682200214,105709.67699026104,1.6422478530264515,0.007729594264388144,0.6148543108810276,0.052368008640253684,0.49075081083697736,9,1.0299740737043321,8,1.067783086188546,-0.037809012484213866,0.0,0.9629517103623422,1.1070073351296938,1.067783086188546,-0.037809012484213866,0.10688595434531936,0.1351685699447672,0.1366303544530809,0.12259851856723483,-0.30839697678303385,0.19292058428276604,0.19292058428276604,gradual,up,False,False,
Solstice Foods,display,2023-09,8,137797.9048898544,505817.00091713195,3.6707161935549397,2.2065792064576613,301796.2948075414,2.1342928332218385,0.006157114750627835,0.6486748101587005,0.04833042303411034,0.5232813711393529,9,1.3003867911351767,8,1.0880507167797153,0.21233607435546142,0.0,0.9629517103623422,1.1070073351296938,1.0880507167797153,0.21233607435546142,0.06694453537439442,0.1351685699447672,0.1366303544530809,0.1048467768023793,2.025203643176209,1.58500784685715,2.025203643176209,sudden,up,True,True,sudden
Aster Wellness,display,2023-09,8,57682.67494537154,93852.9722008422,1.627056517225073,1.2411980391622235,64647.41635468707,1.2233724764905025,0.005965826814755441,0.7010440616642482,0.05370244763930342,0.49793961916258733,9,0.4867725647110705,8,0.6449971217912416,-0.15822455708017108,0.0,0.9629517103623422,1.1070073351296938,0.6449971217912416,-0.15822455708017108,0.07835704178823041,0.1351685699447672,0.1366303544530809,0.1099190018751953,-1.4394650095151253,-2.629252504950174,-1.4394650095151253,sudden,up,False,False,
Solstice Foods,display,2023-10,9,127015.92512023593,378791.1175354867,2.9822332685993125,1.885982583444888,300280.22281829815,2.2891901202243945,0.005479775805018104,0.6153204528509562,,0.46990242630431034,10,1.092672438836177,9,1.1463478667713107,-0.05367542793513369,0.0,0.9408697996485414,1.1102589331886625,1.1463478667713107,-0.05367542793513369,0.10411473918357733,0.13262115819664588,0.13866923674482032,0.11911811761150815,-0.4506067507731338,0.5870111335378507,0.5870111335378507,gradual,up,True,True,gradual
Crestline Beverages,social,2023-10,9,104945.85299255486,245257.61637762768,2.3369919761862996,2.1701241192939587,233679.86295371866,2.4083599013796815,0.011892253825878139,0.9556368329332601,0.08491881823156003,0.5878371770361955,10,0.8488646221688412,9,0.7413755000295276,0.10748912213931361,0.0,1.0673268187413678,1.1102589331886625,0.7413755000295276,0.10748912213931361,0.11072844925853757,0.13736793357782082,0.13866923674482032,0.12474923047921296,0.8616415646525738,,0.8616415646525738,sudden,up,False,True,sudden
Halcyon Personal Care,social,2023-10,9,24253.204814036442,65798.01286518197,2.7129615805290044,2.2502566100091923,55839.90478621126,2.2511921455116086,0.011841465085548909,0.8407745955720872,0.10706364973035615,0.5776121879995051,10,0.998040872326617,9,1.0043729612379622,-0.0063320889113451795,0.0,1.0673268187413678,1.1102589331886625,1.0043729612379622,-0.0063320889113451795,0.14726809106236144,0.13736793357782082,0.13866923674482032,0.14205748185997163,-0.04457413174187349,-0.27448563903712675,-0.04457413174187349,sudden,up,False,False,
Halcyon Personal Care,digital_video,2023-10,9,38926.838643079645,65595.36686433069,1.6850936051030214,1.469912360214133,53940.37102268622,1.4542004488602664,0.008036857234633722,1.0188908722602938,0.07624732918482445,0.553198944569001,10,0.5218211142512941,9,0.5750175336383735,-0.05319641938707942,0.0,0.985472768038972,1.1102589331886625,0.5750175336383735,-0.05319641938707942,0.12919643885683788,0.15128341853747587,0.13866923674482032,0.1408211650045421,-0.3777586940525851,0.04735956092966168,0.04735956092966168,gradual,up,False,False,
Crestline Beverages,affiliate,2023-10,9,78034.59354343102,253666.57291063087,3.250693844768345,2.123699341056845,171766.5194585414,2.290261754015806,0.03389264571484127,1.300513378764408,0.12366305353965092,0.5431799878881108,10,1.1788684642537024,9,1.1017335790113643,0.07713488524233814,0.0,1.3169680052803796,1.1102589331886625,1.1017335790113643,0.07713488524233814,0.12557279918197614,0.13204428934219295,0.13866923674482032,0.12897884663472184,0.598042913663123,0.2557692176878016,0.598042913663123,sudden,up,False,True,sudden
Solstice Foods,paid_search,2023-10,9,169156.7227892965,807869.8869288565,4.7758662712752376,2.9618789501187073,505933.78945827,3.1043915741291825,0.0454782706721598,1.4995148388998532,0.1226713440159069,0.7510763913313971,10,1.5635753755465385,9,1.4588026336190827,0.10477274192745578,0.0,1.4430089553511696,1.1102589331886625,1.4588026336190827,0.10477274192745578,0.11652818191443938,0.13211285115845384,0.13866923674482032,0.12473063941128909,0.8399920213827833,1.476477844627043,1.476477844627043,gradual,up,True,True,gradual
Verdant Snacks,retail_media,2023-10,9,23960.4568222891,116214.17147474556,4.85024857149793,3.2775476506400794,74260.45622735948,3.272694261442086,0.0210441089989557,1.4807590663051455,0.168549797953467,0.6533699766650827,10,1.5790299554913036,9,1.602759655307422,-0.023729699816118277,0.0,1.4053710606969305,1.1102589331886625,1.602759655307422,-0.023729699816118277,0.04272257945054715,0.09767663250928191,0.13866923674482032,0.08,-0.29662124770147846,-0.04419046422345733,-0.04419046422345733,gradual,up,False,False,
Ridgeway Grocery,affiliate,2023-10,9,83976.69261961339,357104.4097585251,4.2524228880516866,2.912488498148414,249099.31099003067,2.921340953168362,0.034634070150628096,1.1315998564926002,0.12614751012009087,0.6412273156935149,10,1.4474889118022902,9,1.4458474697742,0.0016414420280901343,0.0,1.3169680052803796,1.1102589331886625,1.4458474697742,0.0016414420280901343,0.09107774527326874,0.13204428934219295,0.13866923674482032,0.11263908425691307,0.014572579659350285,,0.014572579659350285,sudden,up,False,False,
Ridgeway Grocery,paid_search,2023-10,9,58835.61255224665,389424.1932999976,6.618851685349325,4.204762486960011,210788.19274594882,4.099898898942833,0.038880467951768215,2.2528489112207892,0.1577656710820721,0.6807865545682308,10,1.889921893475149,9,1.7620922016534974,0.1278296918216515,0.0,1.4430089553511696,1.1102589331886625,1.7620922016534974,0.1278296918216515,0.19655314521550366,0.13211285115845384,0.13866923674482032,0.16263720097495113,0.7859806431453491,-0.18344488279955765,0.7859806431453491,sudden,up,False,True,sudden
Verdant Snacks,display,2023-10,9,15594.500684390927,66833.95638270743,4.285738782877726,2.5776725042254807,36438.236834403215,1.9930008792821476,0.010565563493108096,0.42734793326871584,0.1061821355406672,0.5420990334127667,10,1.4552929485953083,9,0.9194981997809542,0.5357947488143542,0.0,0.9408697996485414,1.1102589331886625,0.9194981997809542,0.5357947488143542,0.13583190420287036,0.13262115819664588,0.13866923674482032,0.13414203788380485,3.994234449296684,0.029431920999267034,3.994234449296684,sudden,up,True,True,sudden
Nimbus Home,audio,2023-10,9,46919.16672362092,122418.43606277223,2.6091349146049962,1.4886721097946578,71133.04861012772,1.6111678787107166,0.004870898272813087,0.9307565952911707,0.04687043071169833,0.43664171619124276,10,0.9590187160498832,9,1.0509019453850135,-0.09188322933513027,0.0,0.7492705082001038,1.1102589331886625,1.0509019453850135,-0.09188322933513027,0.09780495195805293,0.1604496416764601,0.13866923674482032,0.1307758412835304,-0.7026009424471722,-0.12704785674236613,-0.12704785674236613,gradual,up,False,False,
Crestline Beverages,digital_video,2023-10,9,60270.99710985632,213638.70892689584,3.544635383043278,1.829409158020753,102168.99621186046,1.7695324806860733,0.00778059257526913,1.0959446999880147,0.0759989819494948,0.5491550002524022,10,1.265435300827775,9,1.044932423176482,0.22050287765129295,0.0,0.985472768038972,1.1102589331886625,1.044932423176482,0.22050287765129295,0.07536177672064075,0.15128341853747587,0.13866923674482032,0.11532053557160662,1.9120868330894532,1.4153067249441438,1.9120868330894532,sudden,up,False,True,sudden
Crestline Beverages,ooh,2023-10,9,76829.78200567435,153774.7115448488,2.0014987356529477,0.8301848637158201,65230.28203521145,0.8295653043173802,0.0030048540493152337,,0.03606245258944155,0.3895749004439619,10,0.6938962677505404,9,0.5209367738076607,0.17295949394287968,0.0,0.5329633585868744,1.1102589331886625,0.5209367738076607,0.17295949394287968,0.29893478834444304,0.29893478834444304,0.13866923674482032,0.2989347883444431,0.5785860351040499,1.4400821801739492,1.4400821801739492,gradual,up,False,True,gradual
Solstice Foods,tv,2023-10,9,84318.42298577819,180978.34964551363,2.146367819000112,1.5680231661509678,133736.78665294612,1.5549560688072772,0.00417381379043568,,0.06594216064771706,0.5404242038319023,10,0.7637770270053789,9,0.7915816686719446,-0.02780464166656571,0.0,0.6657281710873069,1.1102589331886625,0.7915816686719446,-0.02780464166656571,0.16999191216656936,0.21874942768084474,0.13866923674482032,0.19565376243724064,-0.14211145914193465,0.6126719919412558,0.6126719919412558,gradual,up,True,True,gradual
Verdant Snacks,digital_video,2023-10,9,13796.249089540945,40126.82668113569,2.9085316175942477,1.7912866025235918,23033.910569230804,1.7709017871002872,0.008007398555035199,1.1874488711697937,0.07019688431686667,0.5399672575668342,10,1.0676483550657379,9,0.8536701396378894,0.21397821542784845,0.0,0.985472768038972,1.1102589331886625,0.8536701396378894,0.21397821542784845,0.159960097502506,0.15128341853747587,0.13866923674482032,0.15539342436301645,1.3770094603744065,-0.165794093499103,1.3770094603744065,sudden,up,False,True,sudden
Halcyon Personal Care,retail_media,2023-10,9,29914.90133804015,139223.79572086487,4.653994815079876,2.376460644700962,68815.3953105688,2.6141030244402077,0.02005768878897072,1.4656160981488948,0.1644663035509144,0.6123860559333244,10,1.5377259508012404,9,1.3775671463701156,0.16015880443112485,0.0,1.4053710606969305,1.1102589331886625,1.3775671463701156,0.16015880443112485,0.09338002014329974,0.09767663250928191,0.13866923674482032,0.09564139507276405,1.6745762053060382,-0.42203419785640117,1.6745762053060382,sudden,up,False,True,sudden
Ridgeway Grocery,audio,2023-10,9,69644.62248756345,144546.3217640225,2.0754843173977195,1.5664232993272207,89775.03116072163,1.408774195691522,0.005071192586917097,0.9010745715190102,0.05189543390779398,0.44117410850806643,10,0.7301945324225295,9,0.6941096388193655,0.036084893603164025,0.0,0.7492705082001038,1.1102589331886625,0.6941096388193655,0.036084893603164025,0.12590934557780314,0.1604496416764601,0.13866923674482032,0.14408844878762261,0.25043571436007966,-0.1611245426536919,0.25043571436007966,sudden,up,False,False,
Solstice Foods,retail_media,2023-10,9,,,,,,,0.022375020031077667,1.359127438182266,0.15962687602152012,0.660019594496134,10,,9,1.2470385238883714,,0.0,1.4053710606969305,1.1102589331886625,1.2470385238883714,,0.08164890439341677,0.09767663250928191,0.13866923674482032,0.0900845507701879,,,,sudden,up,True,False,
Crestline Beverages,tv,2023-10,9,60476.143599026575,97488.17013311213,1.6120103619616595,1.1685652352520808,67051.079203024,1.1020907229442243,0.0038247918473327007,,0.05119949074831822,0.5311092403343578,10,0.47748207207969473,9,0.28510942817526097,0.19237264390443376,0.0,0.6657281710873069,1.1102589331886625,0.28510942817526097,0.19237264390443376,0.21414438890289278,0.21874942768084474,0.13866923674482032,0.2165680935228675,0.8882778657518222,1.4780270411207554,1.4780270411207554,gradual,up,False,True,gradual
Solstice Foods,affiliate,2023-10,9,183416.9309296749,619365.0783992753,3.3768151896334486,3.176794645075454,582731.4350957687,3.1690585533951925,0.028074582449749245,1.2733681085859079,0.12515954910537777,0.5728551938392701,10,1.2169330137091101,9,1.4373526204459142,-0.22041960673680405,0.0,1.3169680052803796,1.1102589331886625,1.4373526204459142,-0.22041960673680405,0.13993739527929644,0.13204428934219295,0.13866923674482032,0.1357831289966104,-1.623321014662333,-0.19382221859292453,-0.19382221859292453,gradual,up,True,False,
Nimbus Home,paid_search,2023-10,9,45172.44292225001,160353.3446761018,3.549804577806409,3.2617917697194687,135231.4719590311,3.221409801411041,0.04139503918849756,1.8519396504031147,0.11484735261687681,0.7466575982826738,10,1.266892553466863,9,1.3594481261707987,-0.09255557270393577,0.0,1.4430089553511696,1.1102589331886625,1.3594481261707987,-0.09255557270393577,0.09579550693730238,0.13211285115845384,0.13866923674482032,0.11490989863264525,-0.8054621386433045,0.06807171999764794,0.06807171999764794,gradual,up,False,False,
Aster Wellness,audio,2023-10,9,42997.402520711636,79028.16647756894,1.8379753623373287,1.2249864372740191,52463.44788526101,1.2034510425757734,0.00491538344903453,0.8503866021858415,0.05777205488576214,0.43151077395715987,10,0.6086646192393703,9,0.6172603593733434,-0.008595740133973129,0.0,0.7492705082001038,1.1102589331886625,0.6172603593733434,-0.008595740133973129,0.13824314622661843,0.1604496416764601,0.13866923674482032,0.14993077541074562,-0.05733139250713878,-0.31976580003114874,-0.05733139250713878,sudden,up,False,False,
Nimbus Home,display,2023-10,9,37396.782832131925,87884.63679405802,2.3500587520738847,1.6990250699778404,60950.467978598106,1.6984426581935046,0.007639083915540677,0.6231161167090419,0.05173403009932797,,10,0.8544403287260549,9,1.0046800923468366,-0.15023976362078173,0.0,0.9408697996485414,1.1102589331886625,1.0046800923468366,-0.15023976362078173,0.06119359085743698,0.13262115819664588,0.13866923674482032,0.09878704735175746,-1.5208447630367292,-0.2812078747400687,-0.2812078747400687,gradual,up,False,False,
Aster Wellness,digital_video,2023-10,9,47452.09472123841,126514.46722475486,2.6661513673521777,1.7080899672429284,87933.49992207492,1.7827260229331219,0.008506572140728566,1.1427208474137687,0.06728045462465196,0.5172231157229141,10,0.9806359970960713,9,0.9163711608976772,0.06426483619839407,0.0,0.985472768038972,1.1102589331886625,0.9163711608976772,0.06426483619839407,0.15991322072224556,0.15128341853747587,0.13866923674482032,0.15537121957236677,0.41362123805986883,-0.37978034081489903,0.41362123805986883,sudden,up,False,False,
Verdant Snacks,affiliate,2023-10,9,20577.67972009288,80437.72352425988,3.9089792735823967,2.8748843502316377,51963.25507279548,2.810708408137094,0.03258929207454912,1.2855345763420463,0.09593852649553329,0.5457669872572011,10,1.3632762845666244,9,1.2954193386492707,0.0678569459173537,0.0,1.3169680052803796,1.1102589331886625,1.2954193386492707,0.0678569459173537,0.10783158801255474,0.13204428934219295,0.13866923674482032,0.12057511502815381,0.5627773682945222,0.1507897869927461,0.5627773682945222,sudden,up,False,True,sudden
Verdant Snacks,social,2023-10,9,23599.5612810113,108049.39494549169,4.578449305005957,3.742744770863902,84707.6868688847,3.090197701233648,0.02138383150008297,0.6426600631623279,0.16274598018621866,0.6030683817279073,10,1.5213603611020259,9,1.0619867277807997,0.45937363332122616,0.0,1.0673268187413678,1.1102589331886625,1.0619867277807997,0.45937363332122616,0.09352921800818197,0.13736793357782082,0.13866923674482032,0.11660222620272873,3.9396643467384838,0.1131915053523645,3.9396643467384838,sudden,up,True,True,sudden
Halcyon Personal Care,display,2023-10,9,24471.93438729562,58392.19659855845,2.386088311387114,1.3456407830499462,35047.275237675334,1.330544940591409,0.0058666360216446,0.6179447281139694,0.048318775626527616,0.49156822082756496,10,0.8696553353072624,9,0.8348747275464699,0.034780607760792503,0.0,0.9408697996485414,1.1102589331886625,0.8348747275464699,0.034780607760792503,0.06859179162780424,0.13262115819664588,0.13866923674482032,0.10229145824298405,0.34001478088399456,-0.3530586840585866,0.34001478088399456,sudden,up,False,False,
Crestline Beverages,audio,2023-10,9,78141.27906783026,128037.24290804648,1.6385352842369552,1.7293485186184794,135352.2142457864,1.6758385475489876,0.005678369067700719,0.7957678657408552,0.06460138950411677,0.44937123491747766,10,0.4938027233996659,9,0.41742980839606697,0.07637291500359894,0.0,0.7492705082001038,1.1102589331886625,0.41742980839606697,0.07637291500359894,0.07826706366108706,0.1604496416764601,0.13866923674482032,0.12152105209023077,0.6284747678689547,1.6887797350794003,1.6887797350794003,gradual,up,False,True,gradual
Aster Wellness,paid_search,2023-10,9,29320.985350647916,108708.85490238671,3.70754439533133,2.49705823452774,72799.70193268283,2.452510188384279,0.041533338724510725,1.8916527382321926,0.15325105789570997,0.6671264977502429,10,1.3103697694238885,9,1.428544539032498,-0.11817476960860951,0.0,1.4430089553511696,1.1102589331886625,1.428544539032498,-0.11817476960860951,0.10510713999018013,0.13211285115845384,0.13866923674482032,0.11932067218400841,-0.990396445524278,,-0.990396445524278,sudden,up,False,False,
Aster Wellness,retail_media,2023-10,9,36274.69113456332,138864.94020516775,3.828149485547354,2.7146359560966853,81463.37908470356,2.2719426385786647,0.01918363709501483,1.4357652031899002,0.16670518546875865,0.6502649921768948,10,1.3423815233892142,9,1.3338060172263795,0.008575506162834756,0.0,1.4053710606969305,1.1102589331886625,1.3338060172263795,0.008575506162834756,0.08389052599234705,0.09767663250928191,0.13866923674482032,0.09114637152757593,0.0940849977800847,-0.6164265694199207,0.0940849977800847,sudden,up,False,False,
Nimbus Home,retail_media,2023-10,9,30149.040805958317,129229.59456887569,4.286358408567884,3.763858670386729,123366.5759571105,3.9847140989074754,0.019705179797358714,1.4880149743207685,0.16366476161208343,0.5851179935860782,10,1.4554375166461364,9,1.5753115825286632,-0.1198740658825268,0.0,1.4053710606969305,1.1102589331886625,1.5753115825286632,-0.1198740658825268,0.09261198865782205,0.09767663250928191,0.13866923674482032,0.0952775906849062,-1.2581559317443693,-0.4057293133465823,-0.4057293133465823,gradual,up,False,False,
Crestline Beverages,retail_media,2023-10,9,88802.61400239229,287130.4047222981,3.233355323465624,3.1263576684962926,253169.40816939535,3.0409264189233607,0.02113543025140572,1.3827583078409256,0.17087094521256377,0.6831086678050788,10,1.1735203978899427,9,1.187277777595944,-0.013757379706001327,0.0,1.4053710606969305,1.1102589331886625,1.187277777595944,-0.013757379706001327,0.19093848560857352,0.09767663250928191,0.13866923674482032,0.1418532997668411,-0.09698314898993404,0.3868377755546151,0.3868377755546151,gradual,up,False,False,
Solstice Foods,digital_video,2023-10,9,117978.57658276093,314822.7504236617,2.6684738835005044,1.815349126848514,190701.26842939275,1.9659891867542014,0.009276922154198307,1.0814986950133674,0.06944345114041503,0.5249831544845118,10,0.9815067297851932,9,1.0376169109181315,-0.05611018113293831,0.0,0.985472768038972,1.1102589331886625,1.0376169109181315,-0.05611018113293831,0.3290025683016114,0.15128341853747587,0.13866923674482032,0.2354661736889085,-0.23829402012991283,1.3307614420207305,1.3307614420207305,gradual,up,True,True,gradual
Crestline Beverages,paid_search,2023-10,9,88970.11946913638,348195.5706251264,3.913623727861971,3.5664572781733046,331616.4993772731,3.6700760143420355,0.04266203195428062,1.767091990037138,0.14522956449575605,0.7615134222976352,10,1.3644637294170023,9,1.2539500455394044,0.11051368387759797,0.0,1.4430089553511696,1.1102589331886625,1.2539500455394044,0.11051368387759797,0.09791192420296825,0.13211285115845384,0.13866923674482032,0.11591241207427647,0.9534240716756114,0.5996510220775065,0.9534240716756114,sudden,up,False,True,sudden
Ridgeway Grocery,social,2023-10,9,93436.71964879056,345829.13947138307,3.7012123367695673,2.099974819781857,187778.39275108514,1.9190112435150652,0.010951289040619072,0.9198747798576913,0.07847012907452945,0.5870832468338157,10,1.3086604245681965,9,1.3188973371457475,-0.010236912577550994,0.0,1.0673268187413678,1.1102589331886625,1.3188973371457475,-0.010236912577550994,0.07727558454389277,0.13736793357782082,0.13866923674482032,0.1089031366670128,-0.09400016281304958,-0.01881707703247703,-0.01881707703247703,gradual,up,False,False,
Halcyon Personal Care,affiliate,2023-10,9,27773.707091050215,109714.166897099,3.9502889022853287,2.259031982749708,73438.60225846227,2.433725752344535,0.0347346397072667,1.4061505553498022,0.12467516266122833,0.6547199169597032,10,1.3737887160575148,9,1.2848460573266367,0.08894265873087814,0.0,1.3169680052803796,1.1102589331886625,1.2848460573266367,0.08894265873087814,0.12738334929284584,0.13204428934219295,0.13866923674482032,0.12983647563460748,0.6850359908195996,-0.24072676163667783,0.6850359908195996,sudden,up,False,True,sudden
Ridgeway Grocery,display,2023-10,9,75424.96503325582,202844.591019459,2.6893561161085358,1.4181480038280068,93482.5449939521,1.3844277659455386,0.006884606687401009,0.733045910885593,0.0457284983783477,0.4869222384158581,10,0.9893018029206456,9,1.067783086188546,-0.07848128326790038,0.0,0.9408697996485414,1.1102589331886625,1.067783086188546,-0.07848128326790038,0.09265006974137308,0.13262115819664588,0.13866923674482032,0.11368748471783245,-0.6903247394617589,-0.450000035133443,-0.450000035133443,gradual,up,False,False,
Solstice Foods,social,2023-10,9,218762.23738829835,609174.0946979956,2.7846400821761774,2.4687763882702427,530682.4399927335,2.690953607728556,0.011524023643394117,0.9712053883141093,0.08486927579582719,0.5758585477481837,10,1.0241186306206442,9,1.2424839720775138,-0.2183653414568696,0.0,1.0673268187413678,1.1102589331886625,1.2424839720775138,-0.2183653414568696,0.11467407406375066,0.13736793357782082,0.13866923674482032,0.12661821065010337,-1.724596646372615,1.1487778615458588,1.1487778615458588,gradual,up,True,True,gradual
Verdant Snacks,paid_search,2023-10,9,14078.819819876218,74092.5600134209,5.262696799970292,3.6446000801640372,44057.55567031799,3.493844631087334,,2.1477703351193753,0.13936511463399734,0.721822537797178,10,1.6606435949782008,9,1.568627403164963,0.09201619181323784,0.0,1.4430089553511696,1.1102589331886625,1.568627403164963,0.09201619181323784,0.05243435711394272,0.13211285115845384,0.13866923674482032,0.09437040661105384,0.9750534634494173,0.8799741382893328,0.9750534634494173,sudden,up,False,True,sudden
Ridgeway Grocery,tv,2023-10,9,71048.54169941216,158675.40275991903,2.233337925938484,1.41391451111469,111518.90006273946,1.5390845792271888,0.0037329456475167313,,0.05182271213273782,0.5828381022127086,10,0.8034972941170622,9,0.8017820343104375,0.0017152598066246805,0.0,0.6657281710873069,1.1102589331886625,0.8017820343104375,0.0017152598066246805,0.05790950728046113,0.21874942768084474,0.13866923674482032,0.14256209696487357,0.012031667905721884,-0.4898091144195283,0.012031667905721884,sudden,up,False,False,
Ridgeway Grocery,retail_media,2023-10,9,85597.4348499376,375266.81007183867,4.38408943830765,2.599935705427707,224842.30088690092,2.6956837226309416,0.018027850286285924,1.5255343274837454,0.18451463060300277,0.6428401477357489,10,1.4779819505114407,9,1.5495299731817107,-0.07154802267027005,0.0,1.4053710606969305,1.1102589331886625,1.5495299731817107,-0.07154802267027005,0.09124843674216357,0.09767663250928191,0.13866923674482032,0.09463169767222586,-0.7560682565168563,0.04069235733468675,0.04069235733468675,gradual,up,False,False,
Aster Wellness,social,2023-10,9,48317.4602520903,105257.26158954659,2.178451868959585,1.778386847245105,85324.42561601083,1.7260173063981519,0.011087596543710127,0.8780426253110754,0.09087822866440026,0.5877202400326726,10,0.778614472670325,9,0.6896041002210189,0.0890103724493061,0.0,1.0673268187413678,1.1102589331886625,0.6896041002210189,0.0890103724493061,0.15810891682062048,0.13736793357782082,0.13866923674482032,0.1471926098507259,0.6047203901036552,-0.044901709741939994,0.6047203901036552,sudden,up,False,True,sudden
Halcyon Personal Care,paid_search,2023-10,9,34517.09189022959,147425.67794969023,4.271092084423849,2.588946807490535,98834.24035777267,2.622139461410521,0.047622410904253884,1.9363983065891395,0.13090124920204074,0.684985496533161,10,1.4518695520164764,9,1.208789024976464,0.24308052704001248,0.0,1.4430089553511696,1.1102589331886625,1.208789024976464,0.24308052704001248,0.1403468142336592,0.13211285115845384,0.13866923674482032,0.1360131494572353,1.7871840186778476,-0.09598758948491476,1.7871840186778476,sudden,up,False,True,sudden
Nimbus Home,digital_video,2023-10,9,32167.485839712837,108635.15699324937,3.3771727617932843,2.019996532112575,59818.58350865511,1.918943511331014,0.008140467657998909,1.1347005663821805,0.06205626217456385,0.59354049417126,10,1.2170388984583107,9,1.258373769533213,-0.04133487107490219,0.0,0.985472768038972,1.1102589331886625,1.258373769533213,-0.04133487107490219,0.07886206557753311,0.15128341853747587,0.13866923674482032,0.11697856713539773,-0.35335422622384177,0.09342078905641066,0.09342078905641066,gradual,up,False,False,
Aster Wellness,display,2023-10,9,43770.205934593956,80499.3083630144,1.8391347868754588,1.4925389018185307,64646.1587188378,1.422093069545031,0.005390601635067177,0.8157036372232276,0.05045978758972768,0.524180544387863,10,0.609295236506466,9,0.5171851117299311,0.09211012477653491,0.0,0.9408697996485414,1.1102589331886625,0.5171851117299311,0.09211012477653491,0.062747553340695,0.13262115819664588,0.13866923674482032,0.09952313484382705,0.9255147049083138,-1.0060569408624351,0.9255147049083138,sudden,up,False,True,sudden
Nimbus Home,social,2023-10,9,28304.482432709538,91278.45404477254,3.224876281054634,2.2067826640196286,59200.40826285275,2.231164653450044,0.011260981321926109,0.8271332092956304,0.0873097893591509,0.6292457114219496,10,1.1708945870481982,9,1.1313666877784316,0.03952789926976652,0.0,1.0673268187413678,1.1102589331886625,1.1313666877784316,0.03952789926976652,0.040484952006026344,0.13736793357782082,0.13866923674482032,0.09147599493854976,0.43211226394771574,0.014161480608101185,0.43211226394771574,sudden,up,False,False,
Halcyon Personal Care,affiliate,2023-11,10,29469.01899498303,112611.4971351464,3.8213520834988777,2.4287955835710675,78513.50953587331,2.5199663864501796,0.028586086343654935,1.2731009808781721,0.13345329095552616,0.6299145699754645,11,1.3406043085533847,10,1.3234436755397239,0.017160633013660886,0.0,1.3167680945138327,1.1119881528973248,1.3234436755397239,0.017160633013660886,0.20614229702638784,0.12784048860948932,0.13619763966082704,0.16699139281793857,0.10276357795500377,0.06162099585403309,0.10276357795500377,sudden,up,False,False,
Halcyon Personal Care,digital_video,2023-11,10,36432.89061729949,62840.08211224611,1.7248173572702368,1.5166148316005528,56267.59824163123,1.523537811413568,0.007713951773416641,0.9830587299421589,0.06818126991260602,0.6359842814219996,11,0.5451211650343157,10,0.5413779696280506,0.0037431954062651096,0.0,0.9932103768099497,1.1119881528973248,0.5413779696280506,0.0037431954062651096,0.12764173908637172,0.1425511352618169,0.13619763966082704,0.1350964371740943,0.027707580485200934,0.31363866345582037,0.31363866345582037,gradual,up,False,False,
Solstice Foods,affiliate,2023-11,10,284609.96789372055,841289.1523855573,2.9559370622595784,3.1549810213802196,928852.4784453912,3.2198742044456368,0.030015917642159683,1.4062809914678687,0.12964988495777216,0.5597873257115774,11,1.0838157113368176,10,1.4373526204459142,-0.3535369091090965,0.0,1.3167680945138327,1.1119881528973248,1.4373526204459142,-0.3535369091090965,0.16786927679568603,0.12784048860948932,0.13619763966082704,0.14785488270258768,-2.3911074334977584,-1.4749092721949018,-1.4749092721949018,gradual,up,True,False,
Aster Wellness,digital_video,2023-11,10,43375.5067463236,107701.12920299395,2.4829941430510765,1.6487666785715638,76564.76019144573,1.7579963780073498,0.008303372286411315,1.0573872546859364,0.05994002318704675,0.6084906969132667,11,0.9094651477037052,10,0.9163711608976772,-0.006906013193971994,0.0,0.9932103768099497,1.1119881528973248,0.9163711608976772,-0.006906013193971994,0.15039399864129332,0.1425511352618169,0.13619763966082704,0.1464725669515551,-0.04714885072135122,-0.12419559867954297,-0.04714885072135122,sudden,up,False,False,
Halcyon Personal Care,paid_search,2023-11,10,33522.77435087488,114277.38604925435,3.408947745587528,2.6945206325835356,96905.00094345794,2.727756202329793,0.04384916908851656,1.915706421484243,0.14318158246491278,0.7783715467703052,11,1.226403664668537,10,1.2292106922835262,-0.002807027614989188,0.0,1.459380007233152,1.1119881528973248,1.2292106922835262,-0.002807027614989188,0.1505805466377448,0.14464688974519915,0.13619763966082704,0.14761371819147198,-0.019016034887408977,0.015409129016146885,0.015409129016146885,gradual,up,False,False,
Aster Wellness,social,2023-11,10,45536.64232639607,88968.4895590888,1.9537779909503066,1.7228169840491536,85821.10812986949,1.8130517603237837,0.013935671694025969,0.8908222041706522,0.10195653228797483,0.5454984929927797,11,0.6697649294329087,10,0.6896041002210189,-0.01983917078811026,0.0,1.0490577155391114,1.1119881528973248,0.6896041002210189,-0.01983917078811026,0.22272080706795971,0.14732453443541843,0.13619763966082704,0.18502267075168907,-0.10722562109556592,-0.01444283655478096,-0.01444283655478096,gradual,up,False,False,
Solstice Foods,digital_video,2023-11,10,119080.68916197738,242398.79095624798,2.0355843811630057,2.034334184267206,284892.50692687626,2.3792978378648333,0.008095928117404911,0.8986649062271485,,0.5580507695067042,11,0.710782942861193,10,1.073660383606339,-0.36287744074514594,0.0,0.9932103768099497,1.1119881528973248,1.073660383606339,-0.36287744074514594,0.24761707876195338,0.1425511352618169,0.13619763966082704,0.19508410701188514,-1.8601076546078574,0.20901328127020363,0.20901328127020363,gradual,up,True,False,
Crestline Beverages,tv,2023-11,10,50806.80441388216,83274.04673447835,1.6390333478978858,1.2611792410666225,60852.63149401516,1.1402794840705308,0.003596890731946454,,0.058885326299672885,0.5625840659368716,11,0.49410664604517895,10,0.41462388601614997,0.07948276002902899,0.0,0.6862845912887874,1.1119881528973248,0.41462388601614997,0.07948276002902899,0.2848940515929098,0.20282425831774623,0.13619763966082704,0.243859154955328,0.3259371584535723,0.9102637132787367,0.9102637132787367,gradual,up,False,True,gradual
Verdant Snacks,affiliate,2023-11,10,18678.06395720692,68493.5877748473,3.667060351210495,2.805618746129737,47035.19254149419,2.666244646651399,0.027924582600553388,1.2692884219940992,0.12451278714665973,0.5827090447640727,11,1.2993903468786279,10,1.2954193386492707,0.0039710082293571425,0.0,1.3167680945138327,1.1119881528973248,1.2954193386492707,0.0039710082293571425,0.11013486620891956,0.12784048860948932,0.13619763966082704,0.11898767740920443,0.03337327289531546,0.26332256445774527,0.26332256445774527,gradual,up,False,False,
Halcyon Personal Care,display,2023-11,10,24803.986910933905,64770.424120226795,2.611290852265173,1.245158117159278,28903.1817828979,1.2312720359667795,,0.8024841063927302,0.048682857609633035,0.4958604567523813,11,0.9598446784824596,10,0.8348747275464699,0.12496995093598973,0.0,0.9397026684783892,1.1119881528973248,0.8348747275464699,0.12496995093598973,0.06911028311204945,0.13262115819664588,0.13619763966082704,0.10086572065434767,1.2389734602129479,0.04884061892075215,1.2389734602129479,sudden,up,False,True,sudden
Verdant Snacks,paid_search,2023-11,10,10668.242227614277,52582.39746803365,4.928871724708914,3.5529582830044446,36039.00721592358,3.520732520929845,0.05067175295709977,2.0047397105576628,0.16626032969256246,0.7334539401692767,11,1.595110102776949,10,1.5871873277791895,0.007922774997759507,0.0,1.459380007233152,1.1119881528973248,1.5871873277791895,0.007922774997759507,0.044072357737760776,0.14464688974519915,0.13619763966082704,0.09435962374147996,0.0839636137111545,0.5318918602710555,0.5318918602710555,gradual,up,False,False,
Nimbus Home,digital_video,2023-11,10,38986.09438251539,116437.5376800584,2.9866427895449483,1.8795717174230375,72586.52575970405,1.852135696196099,0.007958943192934864,0.9855681601819382,0.05726157138567257,0.5408633713740026,11,1.0941499437147688,10,1.2520997073522282,-0.15794976363745938,0.0,0.9932103768099497,1.1119881528973248,1.2520997073522282,-0.15794976363745938,0.04853975284950902,0.1425511352618169,0.13619763966082704,0.09554544405566295,-1.6531375744660401,-0.6911286587504852,-0.6911286587504852,gradual,up,False,False,
Halcyon Personal Care,retail_media,2023-11,10,,,,,,,0.020659512032332322,1.6472646762648662,0.1779227319866423,0.6218579073867863,11,,10,1.3775671463701156,,0.0,1.3999173557425555,1.1119881528973248,1.3775671463701156,,0.08588777964239741,0.09571491525025465,0.13619763966082704,0.09080134744632604,,,,sudden,up,False,False,
Crestline Beverages,retail_media,2023-11,10,70906.14132098085,206714.07315280716,2.9153197353815283,3.338895540119526,232550.33553667218,3.273474409903103,0.018579479083333038,1.4810499451041055,0.1487933047786114,0.6434366412116079,11,1.0699795000245913,10,1.16911043995658,-0.09913093993198863,0.0,1.3999173557425555,1.1119881528973248,1.16911043995658,-0.09913093993198863,0.12499246041957475,0.09571491525025465,0.13619763966082704,0.1103536878349147,-0.898302013071689,0.02693326583306245,0.02693326583306245,gradual,up,False,False,
Aster Wellness,paid_search,2023-11,10,31449.86224451143,122018.68851093865,3.879784514230523,2.5085517573901406,76471.08986950676,2.4675569649622724,0.04895269651578703,1.7030901602465356,0.1537734818901088,0.7124861576413636,11,1.3557796145234613,10,1.3708994564993975,-0.015119841975936188,0.0,1.459380007233152,1.1119881528973248,1.3708994564993975,-0.015119841975936188,0.11410235989079569,0.14464688974519915,0.13619763966082704,0.1293746248179974,-0.11686868268956599,-0.8353378172118346,-0.11686868268956599,sudden,up,False,False,
Verdant Snacks,social,2023-11,10,19970.054913080385,71387.76207374032,3.5747403992855995,2.519803321753956,49499.9235790405,2.719603864635946,0.011951049165313912,0.8398570523161561,0.0946394618442064,0.6744320326549339,11,1.273892557924884,10,1.0619867277807997,0.21190583014408437,0.0,1.0490577155391114,1.1119881528973248,1.0619867277807997,0.21190583014408437,0.10587285446625978,0.14732453443541843,0.13619763966082704,0.1265986944508391,1.6738389843851968,0.9336215981620396,1.6738389843851968,sudden,up,False,True,sudden
Aster Wellness,retail_media,2023-11,10,36127.44670247207,124897.3753871709,3.457132645319898,2.746464950442951,107027.65873003492,2.756162223822114,0.021499082796475503,,0.14512959422200766,0.6321320951437474,11,1.2404395302698774,10,1.3338060172263795,-0.09336648695650207,0.0,1.3999173557425555,1.1119881528973248,1.3338060172263795,-0.09336648695650207,0.06966964029390359,0.09571491525025465,0.13619763966082704,0.08269227777207912,-1.129083506610421,-0.28595085806872744,-0.28595085806872744,gradual,up,False,False,
Nimbus Home,paid_search,2023-11,10,46664.767646314205,191784.92276742432,4.109844159538473,3.2612180259851513,165935.89013353686,3.4608872847329364,0.040730168914609066,2.1445166875167523,0.1912190208633429,0.7087971433439927,11,1.413385110402028,10,1.3594481261707987,0.05393698423122939,0.0,1.459380007233152,1.1119881528973248,1.3594481261707987,0.05393698423122939,0.08775974806847935,0.14464688974519915,0.13619763966082704,0.11620331890683924,0.4641604451458992,0.34065773891469764,0.4641604451458992,sudden,up,False,False,
Aster Wellness,display,2023-11,10,45689.89411602569,89993.14269391297,1.9696509356179042,1.3370304437857727,61325.70900252202,1.3248669679042129,0.006033363229076753,0.6200664120486821,0.04794856731377358,0.4887664432254097,11,0.6778563370082141,10,0.5171851117299311,0.16067122527828304,0.0,0.9397026684783892,1.1119881528973248,0.5171851117299311,0.16067122527828304,0.07613322644848498,0.13262115819664588,0.13619763966082704,0.10437719232256543,1.5393327000188655,0.22786275453601193,1.5393327000188655,sudden,up,False,True,sudden
Crestline Beverages,audio,2023-11,10,83061.74233184797,131663.77632144844,1.5851314049665104,1.6184773353828281,123090.48411127477,1.564760547312717,0.005058025007181341,0.9659552793776285,0.04931020436002928,0.47448459183971525,11,0.46066730923443294,10,0.45478119988323007,0.005886109351202873,0.0,0.7465581077069974,1.1119881528973248,0.45478119988323007,0.005886109351202873,0.10690383793043645,0.1661950852648529,0.13619763966082704,0.1365494615976447,0.04310606048778738,0.8189203061955292,0.8189203061955292,gradual,up,False,True,gradual
Nimbus Home,retail_media,2023-11,10,32437.74818545072,158018.1019430198,4.871426371510448,3.7423781155153377,115936.39400004924,3.722691932235872,0.024732518388929738,1.3488725989405326,0.13943097115667935,0.6508672044769684,11,1.58338678363796,10,1.5392830872659538,0.044103696372006285,0.0,1.3999173557425555,1.1119881528973248,1.5392830872659538,0.044103696372006285,0.07334716455787314,0.09571491525025465,0.13619763966082704,0.0845310399040639,0.5217455791631159,0.06749239047290514,0.5217455791631159,sudden,up,False,False,
Crestline Beverages,paid_search,2023-11,10,71371.90626017003,267792.56753889384,3.752072511034202,3.6631991621340223,261228.38246527224,3.673333342049782,0.048778438913068656,1.9439819532423495,0.11563206187997627,0.683253665274553,11,1.322308356925838,10,1.3127864330770864,0.009521923848751612,0.0,1.459380007233152,1.1119881528973248,1.3127864330770864,0.009521923848751612,0.11221884437796296,0.14464688974519915,0.13619763966082704,0.12843286706158105,0.0741393076912784,0.1804039488202312,0.1804039488202312,gradual,up,False,False,
Ridgeway Grocery,retail_media,2023-11,10,112880.70045902643,587450.5203529724,5.204171465663485,3.0139224699065155,370694.66845619195,3.0899566591475995,0.020648468538441326,1.5557460594763557,0.15547687230291782,0.6833876289504222,11,1.6494605089282663,10,1.5365180552352236,0.11294245369304279,0.0,1.3999173557425555,1.1119881528973248,1.5365180552352236,0.11294245369304279,0.07576298999461366,0.09571491525025465,0.13619763966082704,0.08573895262243415,1.3172828713035931,0.2861237198649397,1.3172828713035931,sudden,up,True,True,sudden
Solstice Foods,social,2023-11,10,297581.95109120227,762390.5105070018,2.5619514480343804,2.5614072411668114,779038.3322443123,2.857113020818956,0.013267909001423429,0.8672082091792892,0.08297761081473656,0.5527435354507824,11,0.9407692524887209,10,1.1941617623589682,-0.2533925098702473,0.0,1.0490577155391114,1.1119881528973248,1.1941617623589682,-0.2533925098702473,0.11894649546718288,0.14732453443541843,0.13619763966082704,0.13313551495130066,-1.9032675838819957,0.23666028607020378,0.23666028607020378,gradual,up,True,False,
Nimbus Home,social,2023-11,10,28532.01993836601,73965.95323069846,2.5923840439785697,2.5594247314233805,69246.05956640397,2.3695259212896937,0.012403535242704329,1.0872828968940258,0.09615223205840734,0.5990874081081593,11,0.9525779326298506,10,1.1313666877784316,-0.17878875514858106,0.0,1.0490577155391114,1.1119881528973248,1.1313666877784316,-0.17878875514858106,0.040605089057509675,0.14732453443541843,0.13619763966082704,0.09396481174646405,-1.9027203037557192,-0.128108780726776,-0.128108780726776,gradual,up,False,False,
Verdant Snacks,display,2023-11,10,14184.348610162831,40950.75176955566,2.887037882036767,1.3443720804875439,21625.749417759635,1.6745465894549083,0.005753099298254995,0.6467136815298367,0.040824671314570404,0.5091904259912574,11,1.0602310221869404,10,0.984524688524459,0.07570633366248147,0.0,0.9397026684783892,1.1119881528973248,0.984524688524459,0.07570633366248147,0.1977396949033014,0.13262115819664588,0.13619763966082704,0.16518042654997364,0.45832508877543854,0.3808010910464681,0.45832508877543854,sudden,up,False,False,
Ridgeway Grocery,paid_search,2023-11,10,74937.39707415417,591532.2764775148,7.893685924161004,4.785339399832963,378426.45663322636,4.715330087745732,,1.6454997887145815,0.1425160860055871,0.6551776464958446,11,2.0660631897961186,10,1.8387079482308495,0.2273552415652691,0.0,1.459380007233152,1.1119881528973248,1.8387079482308495,0.2273552415652691,0.20258323083207302,0.14464688974519915,0.13619763966082704,0.1736150602886361,1.309536403047579,0.12501273333810886,1.309536403047579,sudden,up,True,True,sudden
Ridgeway Grocery,affiliate,2023-11,10,124248.28605903922,587418.5335923226,4.7277797724565644,3.2303733670463792,385449.6545383419,3.0554316386477147,0.03369078654084927,1.2460370104715126,0.13619992890127017,0.5907012461786308,11,1.5534556995892812,10,1.4654621890381612,0.08799351055112004,0.0,1.3167680945138327,1.1119881528973248,1.4654621890381612,0.08799351055112004,0.07411984794976596,0.12784048860948932,0.13619763966082704,0.10098016827962764,0.8713939781468198,0.1535174434475934,0.8713939781468198,sudden,up,True,True,sudden
Crestline Beverages,ooh,2023-11,10,,,,,,,0.002847051953946653,,0.04100329733548099,0.3891294457887068,11,,10,0.5722102861492334,,0.0,,1.1119881528973248,0.5722102861492334,,0.25996436986703914,0.25996436986703914,0.13619763966082704,0.25996436986703914,,,,sudden,up,False,False,
Crestline Beverages,digital_video,2023-11,10,52247.39314834628,143986.59680249981,2.755861835894433,1.6416481776331544,83083.41488800914,1.6520124861420498,0.007378474240851047,1.0450305724049649,0.05819255917407786,0.544714756575477,11,1.0137302197809797,10,1.064018536919216,-0.05028831713823645,0.0,0.9932103768099497,1.1119881528973248,1.064018536919216,-0.05028831713823645,0.08983672714392002,0.1425511352618169,0.13619763966082704,0.11619393120286846,-0.43279641731404805,0.7689825795244782,0.7689825795244782,gradual,up,False,True,gradual
Ridgeway Grocery,audio,2023-11,10,85573.95812506412,251226.69675193747,2.9357844635955272,1.601692390334819,131965.32751015178,1.50737458402565,0.0047729180326235715,0.933811537646423,0.051890605699815184,0.2701276410746282,11,1.0769746964756022,10,0.7462499658893507,0.3307247305862515,0.0,0.7465581077069974,1.1119881528973248,0.7462499658893507,0.3307247305862515,0.14458980194874615,0.1661950852648529,0.13619763966082704,0.15539244360679955,2.1283192599963714,0.4433530853162868,2.1283192599963714,sudden,up,True,True,sudden
Solstice Foods,retail_media,2023-11,10,261062.43842217597,710178.7335267428,2.7203405354633223,2.3914420116688317,684502.2323376014,2.7252008205777747,0.018530792550580617,1.2560317287107718,0.1550204162658583,0.6974900498975197,11,1.0007570693329486,10,1.1967961702284518,-0.19603910089550314,0.0,1.3999173557425555,1.1119881528973248,1.1967961702284518,-0.19603910089550314,0.08164890439341677,0.09571491525025465,0.13619763966082704,0.08868190982183571,-2.2105872695947895,,-2.2105872695947895,sudden,up,True,False,
Nimbus Home,display,2023-11,10,41566.032972302484,95719.84449748204,2.3028381024781686,1.818759053791282,76034.62969597748,1.780583512916714,0.006147798809840898,0.7738188017832959,0.057866970802604015,0.4741031926886001,11,0.8341423198343461,10,0.9989579138908679,-0.1648155940565218,0.0,0.9397026684783892,1.1119881528973248,0.9989579138908679,-0.1648155940565218,0.10026230300733036,0.13262115819664588,0.13619763966082704,0.11644173060198812,-1.415434081960542,-0.5864787469136699,-0.5864787469136699,gradual,up,False,False,
Ridgeway Grocery,social,2023-11,10,103273.99923717017,425849.91002755833,4.123495876726804,2.4318177511805588,227713.82248388257,2.1119582143474345,0.011106994666869504,0.9612374245060197,0.09093440933986216,0.6130401126551189,11,1.4167013173457759,10,1.3123684760947412,0.1043328412510347,0.0,1.0490577155391114,1.1119881528973248,1.3123684760947412,0.1043328412510347,0.07443320632580097,0.14732453443541843,0.13619763966082704,0.1108788703806097,0.9409623392887689,0.03945958497241223,0.9409623392887689,sudden,up,True,True,sudden
Solstice Foods,display,2023-11,10,,,,,,,0.006113278309597106,0.7043169034862037,0.06044124134887988,0.4930739003047385,11,,10,1.1463478667713107,,0.0,0.9397026684783892,1.1119881528973248,1.1463478667713107,,0.10355969468728006,0.13262115819664588,0.13619763966082704,0.11809042644196296,,,,sudden,up,True,False,
Aster Wellness,audio,2023-11,10,43274.075706586525,82435.4174386529,1.904960789863984,1.306973930150218,50929.519481570656,1.1736528519724738,0.005525603195614803,0.8564594054059295,0.05789468780570119,0.45764815676221965,11,0.6444614256182718,10,0.5797020103915026,0.0647594152267692,0.0,0.7465581077069974,1.1119881528973248,0.5797020103915026,0.0647594152267692,0.0895578113831082,0.1661950852648529,0.13619763966082704,0.12787644832398054,0.5064217537751627,0.11231098594980933,0.5064217537751627,sudden,up,False,False,
Crestline Beverages,affiliate,2023-11,10,75834.60886047638,272798.83997564396,3.597286833476658,2.292096939978228,189474.7161854719,2.3878013510781435,0.033412002790785475,1.2095521610895206,0.1280822954646845,0.6196511132360984,11,1.2801799039519823,10,1.145003798701049,0.13517610525093327,0.0,1.3167680945138327,1.1119881528973248,1.145003798701049,0.13517610525093327,0.17994244209926194,0.12784048860948932,0.13619763966082704,0.15389146535437565,0.8783859776736459,0.3042882273056174,0.8783859776736459,sudden,up,False,True,sudden
Verdant Snacks,digital_video,2023-11,10,13310.171843469407,31030.574367083602,2.331342880618679,1.990779275892802,27373.64364834737,1.879047646535763,0.008515617165221999,0.8078947714507456,0.07019103217702012,,11,0.8464444451685835,10,0.8536701396378894,-0.007225694469305877,0.0,0.9932103768099497,1.1119881528973248,0.8536701396378894,-0.007225694469305877,0.17763718845350748,0.1425511352618169,0.13619763966082704,0.16009416185766218,-0.04513402853334624,0.09370405279694412,0.09370405279694412,gradual,up,False,False,
Ridgeway Grocery,tv,2023-11,10,98692.84523089779,233656.3649876765,2.367510678621368,1.499874406821347,143844.81162808297,1.4772466085099594,0.004186370443139464,,0.0589585683931024,0.5325954388891506,11,0.8618390565732538,10,0.7867609001227795,0.07507815645047422,0.0,0.6862845912887874,1.1119881528973248,0.7867609001227795,0.07507815645047422,0.07635899119644976,0.20282425831774623,0.13619763966082704,0.139591624757098,0.5378414111958147,0.08478108892500766,0.5378414111958147,sudden,up,True,False,
Crestline Beverages,social,2023-11,10,95712.9122480413,201206.30607784237,2.102185602256188,2.3438912368523215,206225.57610347233,2.230789130946434,0.009963784688903991,1.0728648200842095,0.08089803432010849,0.6071949983380501,11,0.7429775664902125,10,0.7413755000295276,0.0016020664606849477,0.0,1.0490577155391114,1.1119881528973248,0.7413755000295276,0.0016020664606849477,0.12589667006728683,0.14732453443541843,0.13619763966082704,0.13661060225135263,0.011727248356150813,,0.011727248356150813,sudden,up,False,False,
Solstice Foods,paid_search,2023-11,10,241341.37632455464,931516.611642242,3.8597468276204046,3.0849345170073,843082.0420873833,3.3360102503872096,0.047934138934848644,1.6010150228431665,0.1553670840612789,0.7065839381494055,11,1.3506015926263297,10,1.528314678276705,-0.17771308565037525,0.0,1.459380007233152,1.1119881528973248,1.528314678276705,-0.17771308565037525,0.1322916093480599,0.14464688974519915,0.13619763966082704,0.13846924954662954,-1.2834119216521813,0.4010910240626915,0.4010910240626915,gradual,up,True,False,
Verdant Snacks,retail_media,2023-11,10,21812.672315218024,105397.50645712609,4.831939201855314,3.1862043149351393,66065.14164578343,3.085044092514695,0.017341616165805766,,0.18167626661771344,0.7071891453177673,11,1.5752478781558619,10,1.601315238104256,-0.026067359948394042,0.0,1.3999173557425555,1.1119881528973248,1.601315238104256,-0.026067359948394042,0.03205848622153318,0.09571491525025465,0.13619763966082704,0.08,-0.3258419993549255,-0.10025029376511826,-0.10025029376511826,gradual,up,False,False,
Halcyon Personal Care,social,2023-11,10,23457.52653474676,57498.714779779,2.4511840451126976,1.9674675213412307,44328.7057291398,2.0288670959531716,0.01207997277304988,0.8847451546644315,0.06706756393331981,0.6780124778823581,11,0.8965711915321394,10,0.9853824956993633,-0.08881130416722394,0.0,1.0490577155391114,1.1119881528973248,0.9853824956993633,-0.08881130416722394,0.1317838899254483,0.14732453443541843,0.13619763966082704,0.13955421218043335,-0.6363928596608567,-0.7277403449699819,-0.6363928596608567,sudden,up,False,False,
Ridgeway Grocery,display,2023-11,10,94819.69975767305,469840.51483127975,4.9550938890550436,1.752811005040052,164752.2168562033,1.6186684265238112,0.0060839279554315735,0.685431234005127,0.04065484265565841,0.26279578769993184,11,1.6004161159485575,10,1.049123366218843,0.5512927497297144,0.0,0.9397026684783892,1.1119881528973248,1.049123366218843,0.5512927497297144,0.08727437789163078,0.13262115819664588,0.13619763966082704,0.10994776804413833,5.014133161015137,0.4461568271967049,5.014133161015137,sudden,up,True,True,sudden
Solstice Foods,tv,2023-11,10,101880.26100468979,213294.41107682136,2.0935793545621455,1.6325573232075166,164452.35298233136,1.6100941166085048,0.004161466088477681,,0.05623983551795885,0.5757709467328979,11,0.7388752109710699,10,0.7915816686719446,-0.052706457700874676,0.0,0.6862845912887874,1.1119881528973248,0.7915816686719446,-0.052706457700874676,0.12361058526981758,0.20282425831774623,0.13619763966082704,0.1632174217937819,-0.32292176363052094,0.2499525466467706,0.2499525466467706,gradual,up,True,False,
Nimbus Home,audio,2023-11,10,46107.37028137509,135953.44610753417,2.948627199466461,1.7267216057418318,73262.36472331308,1.614603930215508,0.004550752504146458,0.6601122917742388,0.054111524429613436,0.409881398994385,11,1.0813397059269048,10,1.049246752580895,0.0320929533460097,0.0,0.7465581077069974,1.1119881528973248,1.049246752580895,0.0320929533460097,0.09165510739800314,0.1661950852648529,0.13619763966082704,0.128925096331428,0.24892712326162067,-0.2050072907354176,0.24892712326162067,sudden,up,False,False,
Ridgeway Grocery,audio,2023-12,11,104003.25474224669,145235.647980523,1.3964529123676308,1.603885679645881,177251.9123768965,1.5888081592495045,0.005017305238067665,0.7395136151505999,0.0439408114285935,0.45425388894508933,12,0.33393538751570095,11,0.8779384838262005,-0.5440030963104996,0.0,0.7530586495570676,1.1113424476842322,0.8779384838262005,-0.5440030963104996,0.21248492436026856,0.14497570428310483,0.13406695318005096,0.1803376767044763,-3.016580374393813,-0.07086948889304019,-0.07086948889304019,gradual,up,False,False,
Solstice Foods,paid_search,2023-12,11,212942.74606440146,1056486.957366292,4.961366268127174,2.9705856003897857,599179.1386220269,2.9851293414116884,0.04517140999476438,1.7751452140454875,0.18004175611572265,0.6768480051129852,12,1.6016811600891485,11,1.528314678276705,0.07336648181244354,0.0,1.460816305968315,1.1113424476842322,1.528314678276705,0.07336648181244354,0.12995945464126793,0.13110392968094528,0.13406695318005096,0.1305044427554,0.5621761241489059,0.026390271973223953,0.5621761241489059,sudden,up,True,True,sudden
Ridgeway Grocery,affiliate,2023-12,11,128606.48529751327,487301.2147892813,3.7890874139198933,3.000827487364037,377902.30124352203,2.9767722163639867,0.02535591562676527,1.187594896128945,,0.5299683151723144,12,1.332125202216345,11,1.5004723056957858,-0.16834710347944082,0.0,1.2984831261452994,1.1113424476842322,1.5004723056957858,-0.16834710347944082,0.07407947658496926,0.12457176194224566,0.13406695318005096,0.09812342199319612,-1.7156668617928348,-0.09218892266518494,-0.09218892266518494,gradual,up,False,False,
Halcyon Personal Care,retail_media,2023-12,11,33474.332197272604,142871.01150888187,4.268076527020981,2.605858083896943,90993.63306646279,2.713032708364441,0.018645796379501593,1.5277597598665467,0.16216237207825246,0.6729689130479733,12,1.451163263696046,11,1.394262454127039,0.056900809569007116,0.0,1.3906829623904882,1.1113424476842322,1.394262454127039,0.056900809569007116,0.08588777964239741,0.09723257424159704,0.13406695318005096,0.09129006278487342,0.6232968609419717,,0.6232968609419717,sudden,up,False,True,sudden
Halcyon Personal Care,digital_video,2023-12,11,38417.50174964635,77461.03639677115,2.0162955129554776,1.307789494862692,45774.78833760903,1.3009259340311372,0.008072420852868528,1.1479893485585022,0.06281840012957192,0.5888210306820587,12,0.7012619232740462,11,0.5432495673311832,0.158012355942863,0.0,0.9650623492294651,1.1113424476842322,0.5432495673311832,0.158012355942863,0.12608703931590556,0.1440349418236751,0.13406695318005096,0.13463365955770057,1.1736467422928731,0.1830212508278864,1.1736467422928731,sudden,up,False,True,sudden
Halcyon Personal Care,social,2023-12,11,26198.656173927677,70274.63456157382,2.6823755422810422,2.2561254992406643,57161.59375294196,2.1475343977453667,0.011990527567593914,0.8300167907426695,0.09838393684688951,0.6138283147844773,12,0.9867027982790156,11,0.9346476553021246,0.05205514297689107,0.0,1.0398850144171428,1.1113424476842322,0.9346476553021246,0.05205514297689107,0.11388297251086804,0.15298384282655494,0.13406695318005096,0.13250243456595703,0.39286178512425046,-0.0640233791729955,0.39286178512425046,sudden,up,False,False,
Solstice Foods,retail_media,2023-12,11,221390.53325594426,836185.3503514417,3.776969764939081,2.687277027981774,629691.4187265005,2.829229937756346,0.019288544369311877,1.5504183343723374,0.12104107661202725,0.6493839396253221,12,1.3289220386517029,11,1.1967961702284518,0.13212586842325114,0.0,1.3906829623904882,1.1113424476842322,1.1967961702284518,0.13212586842325114,0.07778287741786445,0.09723257424159704,0.13406695318005096,0.08704463781011806,1.5179093364886496,,1.5179093364886496,sudden,up,True,True,sudden
Ridgeway Grocery,display,2023-12,11,102231.07274478149,270935.58942099067,2.650227393166242,1.5707824008776696,164572.43842755893,1.5612735726651645,0.005395963511050784,0.737204051913606,0.04495193851852681,0.4548026599256539,12,0.9746454450587494,11,1.1447170049257775,-0.17007155986702815,0.0,0.9509925877747766,1.1113424476842322,1.1447170049257775,-0.17007155986702815,0.1228004240733199,0.14561711765339577,0.13406695318005096,0.1336655162543084,-1.2723667602005488,0.33904907348364777,0.33904907348364777,gradual,up,False,False,
Ridgeway Grocery,paid_search,2023-12,11,87237.34407982537,460436.275057973,5.277972179398962,4.401354483433771,336567.39142056945,4.04135225079748,0.05211476057406352,2.0602891542795185,0.1580207669928114,0.6647040123326906,12,1.6635419670174034,11,1.939730791158728,-0.2761888241413246,0.0,1.460816305968315,1.1113424476842322,1.939730791158728,-0.2761888241413246,0.14538002819094673,0.13110392968094528,0.13406695318005096,0.138581886043327,-1.9929648240966749,0.022789382688056303,0.022789382688056303,gradual,up,False,False,
Verdant Snacks,affiliate,2023-12,11,16463.936995959535,114871.71805690094,6.977171868739048,4.6112887187565175,78246.17395455031,3.8602336903706544,0.04490028070869239,0.6833989146381736,0.23264854361616852,0.5540695922740706,12,1.942643658269728,11,1.2912219413746924,0.6514217168950356,0.0,1.2984831261452994,1.1113424476842322,1.2912219413746924,0.6514217168950356,0.09553345716885103,0.12457176194224566,0.13406695318005096,0.109361221346658,5.956606088278133,2.1842522431559903,5.956606088278133,sudden,up,True,True,sudden
Verdant Snacks,paid_search,2023-12,11,12969.480326614403,53533.43510879074,4.127646887974061,3.5878744459071674,43863.61256381927,3.3307400032846686,0.04391702564595417,1.726624162505982,0.16326653465885688,0.69090732656781,12,1.417707483816489,11,1.5887108721381393,-0.1710033883216504,0.0,1.460816305968315,1.1113424476842322,1.5887108721381393,-0.1710033883216504,0.06233844988531408,0.13110392968094528,0.13406695318005096,0.09508391645466227,-1.7984470423364178,-0.08215888501953844,-0.08215888501953844,gradual,up,False,False,
Nimbus Home,social,2023-12,11,30239.091265848412,95451.06522399727,3.1565454260789347,2.259046046803633,67542.35846404491,2.243869539378005,0.01127530027832472,,0.10050070877759038,0.6521123075061509,12,1.1494782100031349,11,1.116083156278434,0.033395053724700974,0.0,1.0398850144171428,1.1113424476842322,1.116083156278434,0.033395053724700974,0.051904295854715815,0.15298384282655494,0.13406695318005096,0.10003741346035348,0.3338256415229688,-0.12630915536500384,0.3338256415229688,sudden,up,False,False,
Verdant Snacks,display,2023-12,11,13795.86424088545,60364.067281958836,4.375519085137397,2.304493718126808,28586.437449403424,2.015506914403275,0.010708996727430685,0.48254547904404566,0.09354653917649924,0.519808176933562,12,1.4760251608028618,11,0.984524688524459,0.4915004722784029,0.0,0.9509925877747766,1.1113424476842322,0.984524688524459,0.4915004722784029,0.14684872574984842,0.14561711765339577,0.13406695318005096,0.1462622457039186,3.3604056187770865,2.6043217189497363,3.3604056187770865,sudden,up,True,True,sudden
Ridgeway Grocery,social,2023-12,11,148686.60418972906,544450.4675134929,3.6617318048286043,1.8366783569931713,264916.1541278332,1.911951656854578,0.013333412437542994,0.9946206154283668,0.07294315314515154,0.6293093513279214,12,1.2979362062215087,11,1.3168451681711075,-0.01890896194959879,0.0,1.0398850144171428,1.1113424476842322,1.3168451681711075,-0.01890896194959879,0.07727558454389277,0.15298384282655494,0.13406695318005096,0.11332713610706523,-0.16685290566007638,0.07556769675729356,0.07556769675729356,gradual,up,False,False,
Nimbus Home,digital_video,2023-12,11,41558.474271309264,127682.07792363846,3.0723475816287693,1.760540457495997,69258.38780292477,1.7442080962028554,0.007236510387573503,1.0853241491889494,0.08521722407769446,0.4923692481979829,12,1.1224419539464543,11,1.2432146579448542,-0.1207727039983999,0.0,0.9650623492294651,1.1113424476842322,1.2432146579448542,-0.1207727039983999,0.055457188916301726,0.1440349418236751,0.13406695318005096,0.09763707125314619,-1.2369554150725122,-1.0811490719207981,-1.0811490719207981,gradual,up,False,False,
Nimbus Home,display,2023-12,11,39266.78095036456,90062.65271621702,2.2936092681002123,1.7335333753317448,74466.19389302978,1.8296664427300011,0.005322805663406442,0.7817974562485938,0.044201067634931014,0.4868608272608526,12,0.8301266764317592,11,0.9938648826688803,-0.1637382062371211,0.0,0.9509925877747766,1.1113424476842322,0.9938648826688803,-0.1637382062371211,0.10324115453697674,0.14561711765339577,0.13406695318005096,0.12342018459241438,-1.3266728353863175,-1.4209838934611962,-1.3266728353863175,sudden,up,False,False,
Verdant Snacks,retail_media,2023-12,11,23682.0371435764,115193.38181191568,4.864166925908278,2.981125772000782,81115.65960131527,3.2807271604575874,0.022897344034772216,1.326088465069599,0.13586904956234486,0.6448085685146319,12,1.5818954627239004,11,1.5879518947426647,-0.006056432018764379,0.0,1.3906829623904882,1.1113424476842322,1.5879518947426647,-0.006056432018764379,0.0294846989366679,0.09723257424159704,0.13406695318005096,0.08,-0.07570540023455474,-0.23272288243031958,-0.07570540023455474,sudden,up,False,False,
Solstice Foods,digital_video,2023-12,11,204227.1743033735,646950.9464529447,3.16780050774202,1.996228968829155,448171.1431706896,2.118451837581386,0.009373763158931327,1.0806741226784526,0.07236708638851448,0.5540181338498466,12,1.153037500928391,11,1.073660383606339,0.0793771173220521,0.0,0.9650623492294651,1.1113424476842322,1.073660383606339,0.0793771173220521,0.280937872361138,0.1440349418236751,0.13406695318005096,0.21574600067663185,0.36791929895852615,-0.3845516390620543,0.36791929895852615,sudden,up,True,False,
Halcyon Personal Care,display,2023-12,11,30990.651690113915,74374.75874373477,2.399909478749699,1.1140899972788705,31599.713929813148,1.1312728866184592,0.00541759723437073,0.881749658448317,0.04851453181733081,,12,0.8754310194549635,11,0.8469831457337275,0.028447873721236028,0.0,0.9509925877747766,1.1113424476842322,0.8469831457337275,0.028447873721236028,0.09271970879846539,0.14561711765339577,0.13406695318005096,0.117908951110337,0.24126983959525716,0.6067526935640665,0.6067526935640665,gradual,up,False,True,gradual
Solstice Foods,tv,2023-12,11,185376.57886594493,411234.3006147109,2.2183724779606324,1.5806628164037788,282901.05141058355,1.5557060537275773,0.004044339237399665,,0.05971134259862489,0.5328770004070367,12,0.7967738089859965,11,0.775989355362753,0.020784453623243437,0.0,0.6809737100487171,1.1113424476842322,0.775989355362753,0.020784453623243437,0.14113176862041393,0.14704511963826328,0.13406695318005096,0.14394765005748505,0.14438897484566945,-0.07125427731706357,0.14438897484566945,sudden,up,True,False,
Solstice Foods,display,2023-12,11,250385.56573270253,795320.4530194952,3.1763829943317674,1.987626969774227,555949.3374691344,2.110751828567507,0.006525679245701202,0.6520106246824515,0.03844117251382303,0.46804563667103516,12,1.1557431262693196,11,1.1947875775495969,-0.039044451280277226,0.0,0.9509925877747766,1.1113424476842322,1.1947875775495969,-0.039044451280277226,0.10355969468728006,0.14561711765339577,0.13406695318005096,0.12358703895685896,-0.3159267477385443,,-0.3159267477385443,sudden,up,True,False,
Halcyon Personal Care,paid_search,2023-12,11,,,,,,,0.041703175810639696,2.248820590914136,0.14259190704643035,0.7643561079708832,12,,11,1.237935395312586,,0.0,1.460816305968315,1.1113424476842322,1.237935395312586,,0.11981189478277839,0.13110392968094528,0.13406695318005096,0.12518905425809596,,,,sudden,up,False,False,
Nimbus Home,audio,2023-12,11,55716.8693882347,149621.68613604349,2.685392912036762,1.6899790874364307,79518.2173341971,1.4773158881252244,0.005528429058687642,0.8213126575505484,0.05927024185921356,0.4835044695016477,12,0.987827053208868,11,1.0538457726061,-0.06601871939723192,0.0,0.7530586495570676,1.1113424476842322,1.0538457726061,-0.06601871939723192,0.08453331012150055,0.14497570428310483,0.13406695318005096,0.11331540257940734,-0.582610288578981,-0.23028535728100724,-0.23028535728100724,gradual,up,False,False,
Nimbus Home,paid_search,2023-12,11,50229.66496931952,172909.8203117016,3.442384503605899,2.99260854286837,156227.44453412812,3.1760746447261274,0.04307077394872671,2.049482534009347,0.10262011775523962,0.6926548401723946,12,1.236164400907062,11,1.364888367791576,-0.12872396688451393,0.0,1.460816305968315,1.1113424476842322,1.364888367791576,-0.12872396688451393,0.10859493245603793,0.13110392968094528,0.13406695318005096,0.11931350256313666,-1.0788717464429272,-0.31559409776451836,-0.31559409776451836,gradual,up,False,False,
Ridgeway Grocery,tv,2023-12,11,97330.5797994509,197094.3072614297,2.0249987996325656,1.454365202421178,142422.419342495,1.4833943591523466,0.003455281070409847,,0.053537784500210225,0.5386823520858726,12,0.705569107784285,11,0.7867609001227795,-0.0811917923384945,0.0,0.6809737100487171,1.1113424476842322,0.7867609001227795,-0.0811917923384945,0.05790950728046113,0.14704511963826328,0.13406695318005096,0.10035503697465262,-0.8090455126731874,-0.028796937063516735,-0.028796937063516735,gradual,up,False,False,
Ridgeway Grocery,retail_media,2023-12,11,126479.25671471494,524741.014605108,4.148830632272827,2.8339829027953694,361715.4552807601,2.8980661885379204,0.01915772003285377,,0.1748618605269106,0.7296673998618585,12,1.4228265191805272,11,1.5495299731817107,-0.12670345400118355,0.0,1.3906829623904882,1.1113424476842322,1.5495299731817107,-0.12670345400118355,0.09611354256307528,0.09723257424159704,0.13406695318005096,0.09664641479094277,-1.3110000435635154,-0.16661898417261745,-0.16661898417261745,gradual,up,False,False,
Solstice Foods,affiliate,2023-12,11,220415.5349481036,918688.8834320584,4.167986088858763,4.20221576085157,819604.3641560712,3.519207441597426,0.028941493935114356,1.1924363836969165,0.14004376979876115,0.557614437187782,12,1.427432966839633,11,1.3793356142361042,0.048097352603528876,0.0,1.2984831261452994,1.1113424476842322,1.3793356142361042,0.048097352603528876,0.2141627144685771,0.12457176194224566,0.13406695318005096,0.17150035612270498,0.2804504532288913,-0.829772887762489,0.2804504532288913,sudden,up,True,False,
Solstice Foods,social,2023-12,11,267508.43927217077,921610.7704245914,3.4451652177108256,2.6299929963235087,627392.1624020406,2.4159376144743003,0.011053619698757037,0.8910201880346771,0.09174696893091226,0.5728474382413621,12,1.2369718620125418,11,1.1941617623589682,0.04281009965357363,0.0,1.0398850144171428,1.1113424476842322,1.1941617623589682,0.04281009965357363,0.20856433152533566,0.15298384282655494,0.13406695318005096,0.18209743214496388,0.23509447195001312,-0.7539488351787994,0.23509447195001312,sudden,up,True,False,
Verdant Snacks,digital_video,2023-12,11,12538.804226688624,37536.71809722392,2.9936441640366054,1.996211809599683,24274.32462386053,1.9067964145390421,0.00754588989994912,1.0063036146420308,0.07054919244389223,0.5948337451855202,12,1.0964914292470804,11,0.8453492137037925,0.25114221554328797,0.0,0.9650623492294651,1.1113424476842322,0.8453492137037925,0.25114221554328797,0.1500915871131522,0.1440349418236751,0.13406695318005096,0.1472074703086393,1.7060426010768082,0.6750928962039706,1.7060426010768082,sudden,up,False,True,sudden
Verdant Snacks,social,2023-12,11,19342.847052933917,57134.23775273873,2.9537656786710014,2.2696596391185433,50154.36871515759,2.769365909274606,0.013189130633285716,0.9564005053147356,0.09369796187505482,0.6206755112819046,12,1.083080857561093,11,1.0619867277807997,0.021094129780293347,0.0,1.0398850144171428,1.1113424476842322,1.0619867277807997,0.021094129780293347,0.16457426181402998,0.15298384282655494,0.13406695318005096,0.15905501467713712,0.1326215952581686,1.9153749754606164,1.9153749754606164,gradual,up,False,True,gradual
Nimbus Home,retail_media,2023-12,11,32574.478698895964,133252.4636425413,4.0907013393604235,3.3420853123923955,107427.18939801019,3.5119386628664895,0.020414482488972836,1.38228836430071,0.15106469691379887,0.7258247541219816,12,1.4087164319705163,11,1.5392830872659538,-0.13056665529543743,0.0,1.3906829623904882,1.1113424476842322,1.5392830872659538,-0.13056665529543743,0.11408844911691081,0.09723257424159704,0.13406695318005096,0.10606184203342806,-1.2310426897383704,-0.4372117871821386,-0.4372117871821386,gradual,up,False,False,
Crestline Beverages,digital_video,2023-12,11,57113.5230953379,161588.056708978,2.8292433726990343,1.507854920227698,79051.52142167612,1.4875378424271157,0.00782260029552166,1.021483463247064,,0.5493378782170698,12,1.0400093164379256,11,1.064018536919216,-0.024009220481290505,0.0,0.9650623492294651,1.1113424476842322,1.064018536919216,-0.024009220481290505,0.11189610809094958,0.1440349418236751,0.13406695318005096,0.1272003146303427,-0.18875126646552556,0.14339323881220883,0.14339323881220883,gradual,up,False,False,
Aster Wellness,digital_video,2023-12,11,43497.37713441969,124885.76680328147,2.8711102836694664,1.5571399487886015,72791.30562035604,1.7277308817813557,0.0059339988603052665,1.0983208393101866,0.07639768912489758,0.5552526773331642,12,1.0546988133825208,11,0.8994876632190186,0.15521115016350218,0.0,0.9650623492294651,1.1113424476842322,0.8994876632190186,0.15521115016350218,0.15056766385988352,0.1440349418236751,0.13406695318005096,0.1474568438426414,1.0525869543846726,0.31534652038293115,1.0525869543846726,sudden,up,False,True,sudden
Crestline Beverages,tv,2023-12,11,53788.619702374046,87012.56373017194,1.6176760848602236,1.0388243885708113,55839.61683681662,1.0841675152604462,0.003985896187026437,,0.0546170440196601,0.5365297454943636,12,0.4809906038234675,11,0.48579435906243684,-0.004803755238969365,0.0,0.6809737100487171,1.1113424476842322,0.48579435906243684,-0.004803755238969365,0.23004310607940798,0.14704511963826328,0.13406695318005096,0.1905202553931486,-0.02521388200460136,0.2642224760446208,0.2642224760446208,gradual,up,False,False,
Aster Wellness,retail_media,2023-12,11,36808.41999370358,163404.96496575998,4.439336570103033,2.6564721291947397,91713.27433324515,2.536630804677743,0.02244321305992916,1.8725570455684737,0.15622783608165935,0.6207349049625022,12,1.490504944131716,11,1.3194795692141095,0.1710253749176065,0.0,1.3906829623904882,1.1113424476842322,1.3194795692141095,0.1710253749176065,0.08389052599234705,0.09723257424159704,0.13406695318005096,0.0902438823015137,1.8951464692774838,0.1911439912104772,1.8951464692774838,sudden,up,False,True,sudden
Crestline Beverages,affiliate,2023-12,11,59722.748294852885,228294.41640522008,3.8225705099524916,2.4646980263278246,163008.2047533378,2.5775862582207774,0.02735780992718424,1.1401914861231957,0.11307360987452227,0.585977289992133,12,1.3409231046816912,11,1.145003798701049,0.1959193059806421,0.0,1.2984831261452994,1.1113424476842322,1.145003798701049,0.1959193059806421,0.16335031645161502,0.12457176194224566,0.13406695318005096,0.1448843381138201,1.3522462712755696,0.9428917208707794,1.3522462712755696,sudden,up,False,True,sudden
Crestline Beverages,paid_search,2023-12,11,82138.8492150995,337961.5947475873,4.11451582262319,3.308858685116967,282458.35501566867,3.5407508278081123,0.05082957976354053,2.1457520348321055,0.14432591019877755,0.725872221104844,12,1.4145211656324157,11,1.2917087468315043,0.12281241880091143,0.0,1.460816305968315,1.1113424476842322,1.2917087468315043,0.12281241880091143,0.11445100673402918,0.13110392968094528,0.13406695318005096,0.12238097004208447,1.0035254562754208,0.6770296118807703,1.0035254562754208,sudden,up,False,True,sudden
Crestline Beverages,ooh,2023-12,11,75345.44872467818,144488.4875787117,1.917680364565761,1.003251563193631,71306.61915948447,0.9197903004463819,0.0034775505592429543,,0.0393418624488246,0.3728697985652412,12,0.6511163121907135,11,0.6938962677505404,-0.04277995555982683,0.0,0.5500545293673986,1.1113424476842322,0.6938962677505404,-0.04277995555982683,0.25996436986703914,0.25996436986703914,0.13406695318005096,0.25996436986703914,-0.16456084186347145,,-0.16456084186347145,sudden,up,False,False,
Crestline Beverages,audio,2023-12,11,33707.94164522382,78552.01465953351,2.3303711477340765,1.6741239549560998,59305.6434239554,1.6984506418154386,0.004599577021132255,0.9115426845278943,0.04758844284483077,0.43180346990068574,12,0.8460275457651594,11,0.47723501631704945,0.3687925294481099,0.0,0.7530586495570676,1.1113424476842322,0.47723501631704945,0.3687925294481099,0.14714771071514507,0.14497570428310483,0.13406695318005096,0.14611342193798305,2.524015415946125,1.065198748100956,2.524015415946125,sudden,up,True,True,sudden
Crestline Beverages,retail_media,2023-12,11,75832.90837462862,242792.19741030093,3.2016732921657507,3.2128178870166058,237504.1668624269,3.1052874512164177,0.01776787599620706,1.3169795661271049,0.15588636037163262,0.6349049696930769,12,1.1636735769409252,11,1.143716151250788,0.019957425690137143,0.0,1.3906829623904882,1.1113424476842322,1.143716151250788,0.019957425690137143,0.12578365040531175,0.09723257424159704,0.13406695318005096,0.1121878998511619,0.17789285401201357,-0.18164273512213547,0.17789285401201357,sudden,up,False,False,
Aster Wellness,display,2023-12,11,45833.245332419436,94119.53975974604,2.053521173923332,1.47731954591281,70544.90611229335,1.4873308066605992,0.005337903580145825,0.6344733797886022,0.05180127099553671,0.48610703749689527,12,0.7195559655000224,11,0.5171851117299311,0.20237085377009134,0.0,0.9509925877747766,1.1113424476842322,0.5171851117299311,0.20237085377009134,0.11252508214761509,0.14561711765339577,0.13406695318005096,0.12828319429322493,1.5775320756943392,1.3474598268738394,1.5775320756943392,sudden,up,False,True,sudden
Aster Wellness,social,2023-12,11,56150.120925466006,115847.5165826381,2.063174836905779,1.8892322938060595,105187.57584149038,1.8541112727368112,0.0121935533498531,0.868190420544886,0.10214650200561846,0.5794170445622617,12,0.7242459793618161,11,0.6789262289161531,0.045319750445663054,0.0,1.0398850144171428,1.1113424476842322,0.6789262289161531,0.045319750445663054,0.20740055204405855,0.15298384282655494,0.13406695318005096,0.18148783336905683,0.24971233390342487,0.16604602286922537,0.24971233390342487,sudden,up,False,False,
Aster Wellness,audio,2023-12,11,47034.81373076171,80246.60567879849,1.7061108424527598,1.2749574714759135,61579.32503402661,1.264949160069658,0.005186979957290522,0.8322985443397765,0.048046180664786775,0.44945386663282966,12,0.534216419088292,11,0.5797020103915026,-0.045485591303210615,0.0,0.7530586495570676,1.1113424476842322,0.5797020103915026,-0.045485591303210615,0.09915708236047238,0.14497570428310483,0.13406695318005096,0.1209754737522021,-0.3759901895187465,0.008122241305475272,0.008122241305475272,gradual,up,False,False,
Aster Wellness,paid_search,2023-12,11,35569.332936027524,125770.95932891953,3.5359380946255654,2.3470009201327273,82965.52154688392,2.3823762909734945,0.044971124149672664,1.587648152707156,,0.7078574900636375,12,1.2629786374461167,11,1.3557796145234613,-0.09280097707734458,0.0,1.460816305968315,1.1113424476842322,1.3557796145234613,-0.09280097707734458,0.10510713999018013,0.13110392968094528,0.13406695318005096,0.11748656365244925,-0.7898858745402582,-0.6323836675847007,-0.6323836675847007,gradual,up,False,False,
Halcyon Personal Care,affiliate,2023-12,11,31170.76243787835,129914.76074973137,4.16784032821284,2.0546370550482793,69300.20695678484,2.395636350527478,0.03151115384674538,0.9761252103803965,0.10290021759749571,0.607718473681691,12,1.4273979947472104,11,1.3571965123054497,0.07020148244176072,0.0,1.2984831261452994,1.1113424476842322,1.3571965123054497,0.07020148244176072,0.14298750940854774,0.12457176194224566,0.13406695318005096,0.1342181058531658,0.5230403304794133,0.43694663308467224,0.5230403304794133,sudden,up,False,False,
Crestline Beverages,social,2023-12,11,93314.990046009,227204.99347165143,2.4348177432117595,2.4957734436034826,221802.40910771873,2.302412370486716,0.011522193299927022,0.8889332355352442,0.08412608623796752,0.5687317283898923,12,0.8898719049495715,11,0.7429775664902125,0.14689433845935895,0.0,1.0398850144171428,1.1113424476842322,0.7429775664902125,0.14689433845935895,0.13846152188547908,0.15298384282655494,0.13406695318005096,0.14537691280980092,1.0104378722881762,0.6279355617656336,1.0104378722881762,sudden,up,False,True,sudden
Verdant Snacks,display,2024-01,12,9503.26803589977,29706.04060470733,3.125876329331035,1.6837256595505858,15063.326789769144,1.6703853503517698,0.005800127516345257,0.5691503771112285,0.038343763310939756,0.5413537950658535,1,1.1397146692624467,12,0.9952959795147969,0.14441868974764982,0.0,0.9539971119261313,1.1128398962409978,0.9952959795147969,0.14441868974764982,0.235715228358475,0.1465046406548104,0.13270931549359796,0.19516496122044563,0.7399826733474144,1.5195711269666463,1.5195711269666463,gradual,up,True,True,gradual
Ridgeway Grocery,retail_media,2024-01,12,57085.06501537628,491310.5448548584,8.606638964543883,3.9902845389867143,246078.1743504097,3.8152027528693258,0.031008484728926693,1.0592575426717306,0.2815186673139502,0.7082752925451871,1,2.1525338780632413,12,1.5495299731817107,0.6030039048815306,0.0,1.3971069871861779,1.1128398962409978,1.5495299731817107,0.6030039048815306,0.09335626823562267,0.10540205937525984,0.13270931549359796,0.09883162784454866,6.1013252339624495,1.3572462359338948,6.1013252339624495,sudden,up,True,True,sudden
Ridgeway Grocery,social,2024-01,12,63559.53853745932,266666.88559810317,4.195544708697671,2.137815216006921,136099.78931904727,2.0821089385120417,0.012327656016480403,0.9282502735258674,0.07113468220837334,0.5787964083710649,1,1.4340231786167386,12,1.3160172268951553,0.11800595172158324,0.0,1.0507571967223843,1.1128398962409978,1.3160172268951553,0.11800595172158324,0.07443320632580097,0.14241108956118123,0.13270931549359796,0.10533224416006473,1.1203212526475683,0.42098459695028,1.1203212526475683,sudden,up,False,True,sudden
Nimbus Home,paid_search,2024-01,12,42667.54079419703,217252.68853287914,5.091755570839612,2.7616803358655435,135677.91556725345,3.2411668591499456,0.03817477578993964,1.8337974997962296,0.1663392797991498,0.39255572811300693,1,1.6276226769584767,12,1.364888367791576,0.26273430916690077,0.0,1.4632694889625062,1.1128398962409978,1.364888367791576,0.26273430916690077,0.08975052920980701,0.1426625330102493,0.13270931549359796,0.11380144002818987,2.3087081244474463,0.3764437384778707,2.3087081244474463,sudden,up,True,True,sudden
Halcyon Personal Care,display,2024-01,12,23624.649437137625,58673.66279039206,2.483578135054054,1.2068864325184785,29984.1253368779,1.1984962243118829,0.0055900901442237985,0.7369967614563909,0.061433193981939783,0.49519521587949394,1,0.9097003167389948,12,0.8469831457337275,0.0627171710052673,0.0,0.9539971119261313,1.1128398962409978,0.8469831457337275,0.0627171710052673,0.07398323375122685,0.1465046406548104,0.13270931549359796,0.1069475096164921,0.5864294664753544,0.6888909220945197,0.6888909220945197,gradual,up,False,True,gradual
Verdant Snacks,digital_video,2024-01,12,9052.589209865166,27845.500790979895,3.0759708792082305,2.2005312705359095,21110.82038306457,2.197718481713861,0.008954977946272516,1.017881629603905,0.06355475066982927,,1,1.12362058450113,12,0.8547653711026806,0.2688552133984494,0.0,0.9884613140962125,1.1128398962409978,0.8547653711026806,0.2688552133984494,0.1440349418236751,0.1452485312180967,0.13270931549359796,0.14458657336659403,1.8594756562684196,0.7823076064026402,1.8594756562684196,sudden,up,True,True,sudden
Halcyon Personal Care,affiliate,2024-01,12,25782.372814439812,92585.6628899677,3.591045073947332,2.0207650393061916,49831.66552812451,2.13717161851786,0.030217607627068495,1.2583782575585507,0.13487824016433547,0.5433408592671157,1,1.2784432670858985,12,1.3571965123054497,-0.07875324521955118,0.0,1.3415802905043,1.1128398962409978,1.3571965123054497,-0.07875324521955118,0.07983272179070763,0.14232951840427838,0.13270931549359796,0.10824035661505797,-0.7275774737109036,-0.011308173919609612,-0.011308173919609612,gradual,up,False,False,
Crestline Beverages,audio,2024-01,12,82076.27955270896,150960.30142835897,1.8392683275977812,1.711327688241549,127085.2229252699,1.577290112119961,0.004853229701345729,0.8916250347667716,0.04613393296154578,0.4693083125498587,1,0.609367844493261,12,0.5639124831108078,0.04545536138245321,0.0,0.7347671246804156,1.1128398962409978,0.5639124831108078,0.04545536138245321,0.15653412732217412,0.14497570428310483,0.13270931549359796,0.1512802986680517,0.3004711240172396,0.9558642001503842,0.9558642001503842,gradual,up,False,True,gradual
Halcyon Personal Care,retail_media,2024-01,12,27242.363621874047,109378.68155035669,4.015021716490558,2.157167448147719,53727.91522019167,2.348965674909713,0.019429713984052056,1.0829828784086157,0.17245559995667883,0.6428970910775957,1,1.3900427562235889,12,1.4009216626639336,-0.010878906440344727,0.0,1.3971069871861779,1.1128398962409978,1.4009216626639336,-0.010878906440344727,0.10231316027199638,0.10540205937525984,0.13270931549359796,0.10371720531893432,-0.1048900845996735,,-0.1048900845996735,sudden,up,False,False,
Nimbus Home,display,2024-01,12,31929.676247572603,78427.50758551582,2.456257525989733,2.1362345994969356,65671.06750541175,1.9791777144694893,0.0068367096233783375,0.7263903849692276,0.042307470861238525,0.4734377781388837,1,0.8986388606469166,12,0.9266991213084614,-0.028060260661544878,0.0,0.9539971119261313,1.1128398962409978,0.9266991213084614,-0.028060260661544878,0.1421995592825751,0.1465046406548104,0.13270931549359796,0.14415641445177296,-0.19465148858105336,-0.9789194686426376,-0.19465148858105336,sudden,up,False,False,
Nimbus Home,audio,2024-01,12,42740.32801583257,118250.70272836623,2.766724267641602,1.4977536264501445,62702.35031484297,1.4834591640983374,0.00405209293081081,0.7199513744620908,0.04639874141963663,0.46355015168369396,1,1.017664045547212,12,1.0345833795678865,-0.01691933402067458,0.0,0.7347671246804156,1.1128398962409978,1.0345833795678865,-0.01691933402067458,0.10614432012315154,0.14497570428310483,0.13270931549359796,0.12379494928676668,-0.1366722480856754,-0.10452342520067462,-0.10452342520067462,gradual,up,False,False,
Aster Wellness,paid_search,2024-01,12,28913.55236651759,127659.79483804377,4.415223464062344,2.853874742107534,81282.47304845051,2.6395394781565082,0.04884052807441501,1.907295076231287,0.13459431828140325,0.7405508320840375,1,1.4850584475116986,12,1.3103697694238885,0.17468867808781008,0.0,1.4632694889625062,1.1128398962409978,1.3103697694238885,0.17468867808781008,0.08458323133677356,0.1426625330102493,0.13270931549359796,0.11098291391562617,1.5740141605996727,0.0741399559299832,1.5740141605996727,sudden,up,False,True,sudden
Solstice Foods,tv,2024-01,12,89373.78828714324,195690.34094792613,2.189571961738998,1.3577581723065006,126830.2491623056,1.4795116288320407,0.004418386246741546,,0.06689292740197639,0.5380543747982072,1,0.7837060734645912,12,0.7915816686719446,-0.00787559520735337,0.0,0.6934486063276757,1.1128398962409978,0.7915816686719446,-0.00787559520735337,0.12392923115568723,0.12392923115568723,0.13270931549359796,0.12392923115568724,-0.06354913311339422,-0.05379598264405461,-0.05379598264405461,gradual,up,False,False,
Solstice Foods,display,2024-01,12,118242.90693134391,318900.78343838576,2.6969971536943946,1.840663749715958,216735.90375006472,1.8495627251996032,0.0059655332687829,0.6141884311788712,0.06841701608730932,0.502945451961023,1,0.9921389887971527,12,1.1947875775495969,-0.20264858875244418,0.0,0.9539971119261313,1.1128398962409978,1.1947875775495969,-0.20264858875244418,0.10612701524615749,0.1465046406548104,0.13270931549359796,0.12448048134099973,-1.627954732897538,,-1.627954732897538,sudden,up,False,False,
Aster Wellness,social,2024-01,12,44992.66997943894,88659.59530246403,1.9705342079716608,1.7805528513972215,92783.14088275,1.9889077129828991,0.013206328165361011,0.9278138825921259,0.10110713830748037,0.6145049902984062,1,0.678304677548754,12,0.7061667538806069,-0.027862076331852892,0.0,1.0507571967223843,1.1128398962409978,0.7061667538806069,-0.027862076331852892,0.18717518900013358,0.14241108956118123,0.13270931549359796,0.16682787107333708,-0.16701092061292805,-0.005449823956682026,-0.005449823956682026,gradual,up,False,False,
Verdant Snacks,affiliate,2024-01,12,26029.95003362927,92728.07442614339,3.562360830748572,2.666222923986942,63091.79057730184,2.9084461053243467,0.030041217380945732,1.2925163091040106,,,1,1.2704234797786775,12,1.3053228736013156,-0.03489939382263807,0.0,1.3415802905043,1.1128398962409978,1.3053228736013156,-0.03489939382263807,0.09471729121622369,0.14232951840427838,0.13270931549359796,0.11635921266533945,-0.2999280677758809,1.2644558429772372,1.2644558429772372,gradual,up,True,True,gradual
Solstice Foods,digital_video,2024-01,12,103786.38302574756,237179.86346791434,2.285269575384222,1.6851707841773877,185617.24171667304,1.990454017918044,0.00827056047735325,1.068445346990514,0.07781927403824271,0.5397389181751959,1,0.8264839934856633,12,1.159425769177938,-0.3329417756922747,0.0,0.9884613140962125,1.1128398962409978,1.159425769177938,-0.3329417756922747,0.24761707876195338,0.1452485312180967,0.13270931549359796,0.20108592078747306,-1.6557189801674856,-0.6995349635148482,-0.6995349635148482,gradual,up,False,False,
Nimbus Home,digital_video,2024-01,12,39774.538343085296,168343.1775886969,4.232435739080374,1.9211515852606487,85839.3661855713,2.0005662825247086,0.007362833301253897,1.1245043260978862,0.05996825982384037,0.32527614579562664,1,1.442777652176374,12,1.2343050709289067,0.20847258124746726,0.0,0.9884613140962125,1.1128398962409978,1.2343050709289067,0.20847258124746726,0.06034814104558796,0.1452485312180967,0.13270931549359796,0.0989392274876374,2.107077107242587,-0.1740035293991033,2.107077107242587,sudden,up,True,True,sudden
Halcyon Personal Care,paid_search,2024-01,12,31886.998105633043,107975.12801206365,3.3861804003741938,2.481181281490371,86615.22874181876,2.707566685481572,0.04890072123880063,1.8863081840713867,0.13845376715081964,0.6829433345644287,1,1.2197025606065874,12,1.226403664668537,-0.00670110406194957,0.0,1.4632694889625062,1.1128398962409978,1.226403664668537,-0.00670110406194957,0.11981189478277839,0.1426625330102493,0.13270931549359796,0.1301985485225379,-0.051468346905492436,,-0.051468346905492436,sudden,up,False,False,
Solstice Foods,paid_search,2024-01,12,98268.59822478307,444111.9023536633,4.5193674314737455,3.1422162308129864,310831.9947170743,3.1592756804935203,0.050921373047233015,1.8776269196629105,0.15360610061022312,0.7097674306292067,1,1.5083720352613998,12,1.559037498429697,-0.05066546316829723,0.0,1.4632694889625062,1.1128398962409978,1.559037498429697,-0.05066546316829723,0.1322916093480599,0.1426625330102493,0.13270931549359796,0.13700566555814597,-0.3698056059352854,-0.24245364520856907,-0.24245364520856907,gradual,up,False,False,
Solstice Foods,affiliate,2024-01,12,110971.46729099746,437830.1013972921,3.9454295062097553,3.14319960530529,376067.15378347196,3.4297278605953188,0.027864051674392244,1.3314510281720096,0.1065912240803282,0.5481361720979051,1,1.3725578219354844,12,1.4033842905378686,-0.03082646860238425,0.0,1.3415802905043,1.1128398962409978,1.4033842905378686,-0.03082646860238425,0.19435027974649036,0.14232951840427838,0.13270931549359796,0.170704479136394,-0.1805838297760992,-0.509164624454437,-0.1805838297760992,sudden,up,False,False,
Crestline Beverages,affiliate,2024-01,12,73119.36722299067,252418.6919083333,3.452145464258971,2.3763211366678987,145750.1399699805,2.241578975935661,0.033009665623234756,1.3373264408867487,0.1320076390917641,0.5656599987240282,1,1.2389959114582003,12,1.1944973204884388,0.0444985909697615,0.0,1.3415802905043,1.1128398962409978,1.1944973204884388,0.0444985909697615,0.15516605485585855,0.14232951840427838,0.13270931549359796,0.14933126555968573,0.2979857620772389,0.8428726703421514,0.8428726703421514,gradual,up,False,True,gradual
Ridgeway Grocery,tv,2024-01,12,52207.14029147033,138455.89430742117,2.6520490020029364,1.5044388305057803,80209.75517029871,1.50598218017811,0.004602742111553509,,0.07461940273684739,0.5374865331574861,1,0.9753325495295843,12,0.7607958213903343,0.21453672813924995,0.0,0.6934486063276757,1.1128398962409978,0.7607958213903343,0.21453672813924995,0.07635899119644976,0.12392923115568723,0.13270931549359796,0.09798182754155771,2.1895563036753627,0.4263004893773311,2.1895563036753627,sudden,up,False,True,sudden
Crestline Beverages,tv,2024-01,12,57617.10497644573,86320.67317181281,1.4981778971210251,1.1959800574502435,70156.10170534435,1.1777471145403995,0.0038440519101700567,,0.07085141945788219,0.5366154540158076,1,0.4042496344666222,12,0.4875486249343232,-0.083298990467701,0.0,0.6934486063276757,1.1128398962409978,0.4875486249343232,-0.083298990467701,0.19172829840960587,0.12392923115568723,0.13270931549359796,0.1609105405669156,-0.5176726780869936,-0.04821097814178272,-0.04821097814178272,gradual,up,False,False,
Ridgeway Grocery,paid_search,2024-01,12,43529.780733344225,219406.79102591917,5.040383556488983,4.730090710788996,214887.41288516854,4.7435298936995,0.044881327337099756,1.753807391609345,0.13028095321243127,0.6409403128851144,1,1.6174821816656035,12,1.813306146897797,-0.19582396523219336,0.0,1.4632694889625062,1.1128398962409978,1.813306146897797,-0.19582396523219336,0.20258323083207302,0.1426625330102493,0.13270931549359796,0.1753465500039713,-1.1167825385087888,-0.40004687990175214,-0.40004687990175214,gradual,up,False,False,
Aster Wellness,display,2024-01,12,,,,,,,0.006571411485897447,0.7446972422654777,,0.4888691284605676,1,,12,0.5784464476276288,,0.0,0.9539971119261313,1.1128398962409978,0.5784464476276288,,0.20551971750500922,0.1465046406548104,0.13270931549359796,0.17869468257310067,,,,sudden,up,False,False,
Crestline Beverages,retail_media,2024-01,12,86067.81314283489,307687.05891764123,3.5749375716914686,3.294377432626098,280579.476226191,3.2383154973088812,0.01940857028220331,1.433426667426344,0.17422105822787834,0.6698199926390394,1,1.2739477135295756,12,1.1685969874154338,0.10535072611414176,0.0,1.3971069871861779,1.1128398962409978,1.1685969874154338,0.10535072611414176,0.12499246041957475,0.10540205937525984,0.13270931549359796,0.11608773267215888,0.9075095506573524,0.04157786479948375,0.9075095506573524,sudden,up,False,True,sudden
Crestline Beverages,social,2024-01,12,98139.12382510238,232498.114163766,2.3690665363806396,2.1821210365498867,217704.77814255052,2.2373064768365163,0.011157996160560475,0.9696219923735339,0.0891059725135459,0.5897920553824145,1,0.8624960110551954,12,0.8488646221688412,0.013631388886354179,0.0,1.0507571967223843,1.1128398962409978,0.8488646221688412,0.013631388886354179,0.15418530501266692,0.14241108956118123,0.13270931549359796,0.14883338889835523,0.09158824499832927,0.3712511218808854,0.3712511218808854,gradual,up,False,False,
Ridgeway Grocery,display,2024-01,12,46495.051946819774,125824.56859712274,2.7061926662871283,1.5043718327248397,75047.86915231402,1.6379306370474302,0.006216897680649816,0.6821643085351714,0.05002519317263922,0.503838197831821,1,0.9955427268766697,12,1.026986014634386,-0.03144328775771643,0.0,0.9539971119261313,1.1128398962409978,1.026986014634386,-0.03144328775771643,0.13871489380132043,0.1465046406548104,0.13270931549359796,0.14225568782563405,-0.22103360672831,0.39119253267625315,0.39119253267625315,gradual,up,False,False,
Aster Wellness,retail_media,2024-01,12,30791.81088291603,123425.43616652863,4.008385107191203,2.3994199519544113,83196.41734263655,2.711968688968696,0.01732263742281143,1.510763918278392,0.1654267541142757,0.6338070978764692,1,1.3883884437952752,12,1.3194795692141095,0.06890887458116568,0.0,1.3971069871861779,1.1128398962409978,1.3194795692141095,0.06890887458116568,0.08991744795403699,0.10540205937525984,0.13270931549359796,0.09695590769095647,0.7107238354243486,0.3281748440203136,0.7107238354243486,sudden,up,False,True,sudden
Aster Wellness,digital_video,2024-01,12,41175.46109052112,119144.9690833422,2.893591618109899,1.6376975226604473,64834.94659804551,1.632486039263439,0.007458024311952239,1.2142522663177866,0.06512040192506237,0.5255225232176303,1,1.0624985049519078,12,0.9263486453823638,0.13614985956954395,0.0,0.9884613140962125,1.1128398962409978,0.9263486453823638,0.13614985956954395,0.15039399864129332,0.1452485312180967,0.13270931549359796,0.1480551498125676,0.9195888136407595,0.42778375940090685,0.9195888136407595,sudden,up,False,True,sudden
Verdant Snacks,paid_search,2024-01,12,21496.14245948157,82471.84694689212,3.8365882205304818,3.103721689229171,66286.24537373429,3.202225057775152,0.044032187887938445,2.0236355392466514,0.13167358472794558,0.6555721843162575,1,1.3445834874267153,12,1.5887108721381393,-0.24412738471142403,0.0,1.4632694889625062,1.1128398962409978,1.5887108721381393,-0.24412738471142403,0.07500562141965893,0.1426625330102493,0.13270931549359796,0.10575876305174546,-2.3083419063059374,-0.8939611855402667,-0.8939611855402667,gradual,up,True,False,
Ridgeway Grocery,affiliate,2024-01,12,60132.964583397574,401956.551003591,6.6844625703780665,4.379464883917484,281919.70049861656,4.021101705243769,0.05009981908754418,0.8490465486453223,0.22205527843759967,0.5753905790651401,1,1.8997858139606412,12,1.4474889118022902,0.45229690215835094,0.0,1.3415802905043,1.1128398962409978,1.4474889118022902,0.45229690215835094,0.08790226621907712,0.14232951840427838,0.13270931549359796,0.1126419263032595,4.015351272852503,0.7046840864903305,4.015351272852503,sudden,up,True,True,sudden
Verdant Snacks,retail_media,2024-01,12,27155.726888938843,132272.24441825584,4.870878432355033,3.6317304473445438,96306.85334167209,3.418669044970243,0.020175550799352137,1.4031173475313357,0.19740457580855927,0.7072578455127068,1,1.5832742970822582,12,1.589384648358963,-0.006110351276704895,0.0,1.3971069871861779,1.1128398962409978,1.589384648358963,-0.006110351276704895,0.02691091165180262,0.10540205937525984,0.13270931549359796,0.08,-0.07637939095881119,-0.15930893018276382,-0.07637939095881119,sudden,up,True,False,
Crestline Beverages,ooh,2024-01,12,80570.08355920612,153543.89029655553,1.905718394641174,1.082430000033143,87370.47208742276,1.0220693232424234,0.0032039332648753664,,0.0387081728008056,0.421338095342745,1,0.6448590475384021,12,0.6938962677505404,-0.0490372202121383,0.0,0.5906177141187098,1.1128398962409978,0.6938962677505404,-0.0490372202121383,0.26803015427214305,0.26803015427214305,0.13270931549359796,0.26803015427214305,-0.1829541170294914,,-0.1829541170294914,sudden,up,False,False,
Crestline Beverages,paid_search,2024-01,12,81443.14593274295,324985.5576732448,3.9903364973354916,3.437270986206384,252088.33161880934,3.276939004933817,0.0467441133037824,1.7427909102309709,0.1291995262369462,0.7061763249606281,1,1.3838755625175638,12,1.3433860431714202,0.04048951934614364,0.0,1.4632694889625062,1.1128398962409978,1.3433860431714202,0.04048951934614364,0.1441062031370118,0.1426625330102493,0.13270931549359796,0.14344998944302884,0.2822552967996143,0.4533066869221046,0.4533066869221046,gradual,up,False,False,
Halcyon Personal Care,digital_video,2024-01,12,33440.314736836706,71327.66357645101,2.1329842179349736,1.5281618304745288,52556.9782684775,1.4901843759387183,0.007957324995383206,1.113845172868125,0.08371424239695874,0.5733985419162938,1,0.757522040462766,12,0.5864750186277146,0.1710470218350515,0.0,0.9884613140962125,1.1128398962409978,0.5864750186277146,0.1710470218350515,0.12764173908637172,0.1452485312180967,0.13270931549359796,0.135644826418974,1.2609918590387568,0.8207820606056102,1.2609918590387568,sudden,up,False,True,sudden
Nimbus Home,retail_media,2024-01,12,29038.80041527998,152432.90588712774,5.249283844621859,4.154445704143367,108807.40687682132,3.622582592646525,0.021846225616462798,1.542517305745666,0.13703669763347834,0.6377010897853655,1,1.65809165675055,12,1.4932080411024438,0.16488361564810616,0.0,1.3971069871861779,1.1128398962409978,1.4932080411024438,0.16488361564810616,0.07623302804246956,0.10540205937525984,0.13270931549359796,0.08949167864828333,1.8424463384593024,0.25181093952978845,1.8424463384593024,sudden,up,False,True,sudden
Nimbus Home,social,2024-01,12,26163.22856686615,81680.56701181264,3.1219605333897977,2.204442235299896,57023.796611246114,2.239837912529255,0.011556614393894209,0.9597424040579516,0.09065691784768837,0.6224698358874147,1,1.1384611805622789,12,1.1313666877784316,0.007094492783847217,0.0,1.0507571967223843,1.1128398962409978,1.1313666877784316,0.007094492783847217,0.04713565415381346,0.14241108956118123,0.13270931549359796,0.09044267024807155,0.07844187665388493,-0.1656058650643184,0.07844187665388493,sudden,up,False,False,
Verdant Snacks,social,2024-01,12,11594.045092312517,39767.831810784526,3.4300221789850345,2.3652662391016532,30772.440028916273,2.606820041539431,0.013440600097896526,0.8835568996252896,0.09394699121155677,0.621000450592838,1,1.2325667273333378,12,1.035474469011089,0.19709225832224875,0.0,1.0507571967223843,1.1128398962409978,1.035474469011089,0.19709225832224875,0.15974437537332228,0.14241108956118123,0.13270931549359796,0.15186560909507635,1.2978070512255213,1.0347558769562957,1.2978070512255213,sudden,up,True,True,sudden
Crestline Beverages,digital_video,2024-01,12,53775.36640630824,144926.8432919178,2.695041484178838,1.7166999572696546,98237.76248390693,1.69095123875916,0.006847125692815342,1.0008110469533085,0.06254307610920858,0.513352998771016,1,0.9914135972587557,12,1.064018536919216,-0.07260493966046044,0.0,0.9884613140962125,1.1128398962409978,1.064018536919216,-0.07260493966046044,0.10799560619410342,0.1452485312180967,0.13270931549359796,0.12492875393228219,-0.5811707663378766,-0.40090615003915003,-0.40090615003915003,gradual,up,False,False,
Halcyon Personal Care,social,2024-01,12,21954.245894893986,50253.809964677435,2.289024647226222,2.0904332200834888,50098.81332311682,2.1834979014209597,0.012342913754183608,1.001432471761746,0.08037776439223002,0.5970041509987591,1,0.8281258085953864,12,0.9797134586755627,-0.15158765008017627,0.0,1.0507571967223843,1.1128398962409978,0.9797134586755627,-0.15158765008017627,0.1317838899254483,0.14241108956118123,0.13270931549359796,0.1366144352144178,-1.109601996613739,-0.30069623803341,-0.30069623803341,gradual,up,False,False,
Solstice Foods,social,2024-01,12,127231.598273988,390205.44167000894,3.066890984342723,2.565862954650046,283841.44658779656,2.3311847096421996,0.011199660976563833,1.028360079858257,,0.6163109942594516,1,1.1206643397800478,12,1.2397279170450277,-0.11906357726497996,0.0,1.0507571967223843,1.1128398962409978,1.2397279170450277,-0.11906357726497996,0.14585552595254836,0.14241108956118123,0.13270931549359796,0.1442898730473815,-0.825169325818744,-0.5540760972779392,-0.5540760972779392,gradual,up,False,False,
Solstice Foods,retail_media,2024-01,12,90155.73716333974,326726.40583132656,3.6240223430193876,2.4858942254435403,197766.7512691498,2.4094160880390025,0.02417523901951625,1.4440224994295785,0.17191739677705883,0.7219375245773852,1,1.287584553454053,12,1.2818586059592554,0.005725947494797712,0.0,1.3971069871861779,1.1128398962409978,1.2818586059592554,0.005725947494797712,0.12820922454000203,0.10540205937525984,0.13270931549359796,0.11784233128330103,0.04858990341112772,-0.07156533663277913,0.04858990341112772,sudden,up,False,False,
Ridgeway Grocery,audio,2024-01,12,46524.72679069084,97702.42047440838,2.1000106226084863,1.424313486031197,67467.48203123089,1.5193679099451511,0.005526756082014219,0.8697040318153713,0.05659486571967515,0.4441643190415456,1,0.7419424031015772,12,0.6780542053525442,0.06388819774903298,0.0,0.7347671246804156,1.1128398962409978,0.6780542053525442,0.06388819774903298,0.17380661368675024,0.14497570428310483,0.13270931549359796,0.1607016548669114,0.39755780861089074,-0.05452258953183898,0.39755780861089074,sudden,up,False,False,
Aster Wellness,audio,2024-01,12,45380.74827300278,84993.84896400166,1.8729054103007134,1.2108242997535323,60700.37836237112,1.2997748893660586,0.004313808763104403,0.9087809566390764,0.051378811058666464,0.4693041293032378,1,0.6274909204785891,12,0.576366722574877,0.05112419790371214,0.0,0.7347671246804156,1.1128398962409978,0.576366722574877,0.05112419790371214,0.0895578113831082,0.14497570428310483,0.13270931549359796,0.11474776270128849,0.4455354657920322,0.12799267334409964,0.4455354657920322,sudden,up,False,False,
Halcyon Personal Care,digital_video,2024-02,13,35794.882538925616,56017.33962938958,1.5649538608898292,1.5145743938158884,56904.24664559945,1.5064735849789992,0.00750548500967246,1.1679059458542858,0.0742983482780269,0.5792815212578596,2,0.44785634169798394,13,0.623191544154181,-0.17533520245619705,0.0,0.9969059092775888,1.1165019092179054,0.623191544154181,-0.17533520245619705,0.1749367262452472,0.1534387250347535,0.13072671279335973,0.16558976919720647,-1.058852870598451,0.3057301623851508,0.3057301623851508,gradual,up,False,False,
Crestline Beverages,ooh,2024-02,13,72817.26120888765,132279.83990454665,1.8166000438423706,0.945266490340243,60295.70400086645,0.9029846626323841,0.0035456346503832505,,0.040808123255523715,0.4048004615055654,2,0.5969666462202765,13,0.6938962677505404,-0.09692962153026385,0.0,0.6567601656267883,1.1165019092179054,0.6938962677505404,-0.09692962153026385,0.19456950900206782,0.19456950900206782,0.13072671279335973,0.19456950900206782,-0.4981747758290006,-0.28189657824065456,-0.28189657824065456,gradual,up,False,False,
Halcyon Personal Care,paid_search,2024-02,13,30786.776853909698,119592.04024114409,3.8845261655234546,2.604188937000024,81396.29839635776,2.629218405660848,,1.6300346697754977,0.13977628431429695,0.6853780778531078,2,1.3570010112650333,13,1.2197025606065874,0.13729845065844581,0.0,1.4608875277208222,1.1165019092179054,1.2197025606065874,0.13729845065844581,0.10912623856439996,0.1429698284416205,0.13072671279335973,0.12384084285884367,1.1086685740256257,,1.1086685740256257,sudden,up,False,True,sudden
Nimbus Home,digital_video,2024-02,13,35457.194863497156,118614.03059196423,3.3452739577567723,1.7212022762322645,62591.20143548316,1.8240920278111201,0.0072025910531215145,1.0567610899152635,0.07096345190029653,,2,1.207548590901185,13,1.234833534881632,-0.027284943980447007,0.0,0.9969059092775888,1.1165019092179054,1.234833534881632,-0.027284943980447007,0.1084402603644511,0.1534387250347535,0.13072671279335973,0.12800481022110433,-0.21315561449071624,0.0729962308532621,0.0729962308532621,gradual,up,False,False,
Crestline Beverages,digital_video,2024-02,13,51804.97694961936,142895.0249990234,2.7583261959172303,1.762832548624727,82058.68555778022,1.5925812551195928,0.009155618001375753,1.033497183127807,0.0728801217995914,0.47879296506638414,2,1.0146240450087918,13,1.0596340185576034,-0.045009973548811644,0.0,0.9969059092775888,1.1165019092179054,1.0596340185576034,-0.045009973548811644,0.11062373044622627,0.1534387250347535,0.13072671279335973,0.12923894548471637,-0.34826942745470224,-0.3727304867527015,-0.34826942745470224,sudden,up,False,False,
Solstice Foods,retail_media,2024-02,13,107029.11518270531,398918.7914254942,3.7271988163642686,2.3594158704629824,260883.5711795526,2.470074335155706,0.020644096863513223,1.5665367665292789,0.17071628484025364,0.6219572123193198,2,1.315656963953397,13,1.3021316207420963,0.013525343211300722,0.0,1.4199424531860227,1.1165019092179054,1.3021316207420963,0.013525343211300722,0.155544930779083,0.10734834139453014,0.13072671279335973,0.13458989191623394,0.1004930089379864,0.5556640829459213,0.5556640829459213,gradual,up,False,True,gradual
Aster Wellness,audio,2024-02,13,42556.029377618135,74997.30256389851,1.762319080532981,1.2539906028801375,57969.64663692653,1.3466792247711439,,0.8549486474099116,0.04714502947363758,0.4532573328934624,2,0.5666306010924927,13,0.6180777698589797,-0.05144716876648692,0.0,0.7352011057454672,1.1165019092179054,0.6180777698589797,-0.05144716876648692,0.08441552661511863,0.13032600838345507,0.13072671279335973,0.10437660564483012,-0.4928994236653944,-0.0940786994204686,-0.0940786994204686,gradual,up,False,False,
Solstice Foods,digital_video,2024-02,13,99488.9747859493,190034.25384317117,1.9101036496961616,1.6690505891519896,161253.77331436062,1.769077976195014,0.007306286007341443,1.0515299998714724,0.0633035827249687,0.5344417039170302,2,0.647157507442775,13,1.0672721153567921,-0.4201146079140171,0.0,0.9969059092775888,1.1165019092179054,1.0672721153567921,-0.4201146079140171,0.280937872361138,0.1534387250347535,0.13072671279335973,0.22550346048010125,-1.8630073659161812,-0.7001793438055868,-0.7001793438055868,gradual,up,False,False,
Verdant Snacks,affiliate,2024-02,13,18754.82767408143,66794.47563986674,3.5614550451015106,3.040416014968883,55880.90556521119,3.223007691189946,0.028652485543205583,1.2164447954564344,0.10373735338760517,0.5850862628600503,2,1.270169181894586,13,1.3053228736013156,-0.03515369170672966,0.0,1.3541590457915926,1.1165019092179054,1.3053228736013156,-0.03515369170672966,0.09553345716885103,0.1404334149315414,0.13072671279335973,0.11505517793523815,-0.30553767624884165,0.59457114936149,0.59457114936149,gradual,up,False,True,gradual
Ridgeway Grocery,affiliate,2024-02,13,68912.14092634228,267907.43835852016,3.887666741407393,2.812368039020565,197644.69153793706,3.246182876684364,0.03132672789559154,1.2759083882770357,0.10664250844712685,0.543178702301009,2,1.357809168265889,13,1.4474889118022902,-0.08967974353640118,0.0,1.3541590457915926,1.1165019092179054,1.4474889118022902,-0.08967974353640118,0.09107774527326874,0.1404334149315414,0.13072671279335973,0.11253673208121337,-0.7968930843991703,0.16697681407338866,0.16697681407338866,gradual,up,False,False,
Aster Wellness,social,2024-02,13,43341.18472493572,84922.32932080963,1.9593910471014604,1.872052118068328,88278.83484182756,2.009203133904612,0.012359774177422485,0.8977481163084738,0.08751551362012022,0.5675797756329356,2,0.6726337347138527,13,0.7012753284552851,-0.02864159374143238,0.0,1.0583320378793684,1.1165019092179054,0.7012753284552851,-0.02864159374143238,0.14783728269023935,0.1444841377531196,0.13072671279335973,0.1463793935871438,-0.19566684243968552,-0.025103428699819713,-0.025103428699819713,gradual,up,False,False,
Verdant Snacks,retail_media,2024-02,13,23004.5337919763,120733.50976732282,5.248248491322749,3.220684635753762,82863.3095790183,3.555558209590088,0.020790075225704103,1.3698369908753858,0.19096087341298873,0.691654540978369,2,1.657894400239337,13,1.5825848799030793,0.07530952033625771,0.0,1.4199424531860227,1.1165019092179054,1.5825848799030793,0.07530952033625771,0.02651667889816845,0.10734834139453014,0.13072671279335973,0.08,0.9413690042032213,0.08769824588998393,0.9413690042032213,sudden,up,False,True,sudden
Crestline Beverages,social,2024-02,13,101415.68494846566,218802.32730386168,2.15748015127094,2.5221945180299383,236442.7192337474,2.3179028951334195,0.010623911291235659,0.8210913812743249,0.085056210488089,0.5912083293849305,2,0.7689409440587073,13,0.8624960110551954,-0.09355506699648808,0.0,1.0583320378793684,1.1165019092179054,0.8624960110551954,-0.09355506699648808,0.16609266801542671,0.1444841377531196,0.13072671279335973,0.15669765485790188,-0.5970419090274619,0.11221871294645408,0.11221871294645408,gradual,up,False,False,
Nimbus Home,audio,2024-02,13,47403.54420687619,112034.7744509271,2.363426117717918,1.777918859844663,85395.11446593815,1.6597174828309442,0.004892246088803387,0.8140885872951108,0.044859995431980854,0.4243117179273514,2,0.8601123110705428,13,1.00274554937804,-0.1426332383074972,0.0,0.7352011057454672,1.1165019092179054,1.00274554937804,-0.1426332383074972,0.11143593942706398,0.13032600838345507,0.13072671279335973,0.11964901288636445,-1.1920970751590052,-0.6371265372745539,-0.6371265372745539,gradual,up,False,False,
Solstice Foods,tv,2024-02,13,80223.33722231207,181598.9986314247,2.2636679664445274,1.426077408843831,100140.4727949309,1.33800013072541,0.0037026825105598163,,0.0758864381556041,0.5843383161064419,2,0.8169864916547481,13,0.7859538785923592,0.031032613062388914,0.0,0.7081704822850234,1.1165019092179054,0.7859538785923592,0.031032613062388914,0.09798371191617913,0.14453550116844693,0.13072671279335973,0.11822362028673036,0.26249080333629465,0.07629569890412663,0.26249080333629465,sudden,up,False,False,
Verdant Snacks,social,2024-02,13,19404.50818496635,59271.73494325944,3.0545342545285554,2.2769816829504803,46288.33792485454,2.4806804052979183,0.01235577091496633,1.0820909466320747,0.08690830932221989,0.554862532346801,2,1.1166271274918667,13,1.1578237924472154,-0.041196664955348794,0.0,1.0583320378793684,1.1165019092179054,1.1578237924472154,-0.041196664955348794,0.2296123203854112,0.1444841377531196,0.13072671279335973,0.19260006706702357,-0.21389745903365975,0.2703402638777845,0.2703402638777845,gradual,up,False,False,
Aster Wellness,paid_search,2024-02,13,30350.914335869762,126725.87967694126,4.1753562437877605,2.691944425352359,75098.10490739517,2.513341657609777,0.04684543456545651,1.789142119765552,0.14014197578550067,0.6536778696383009,2,1.4291996825159603,13,1.3103697694238885,0.1188299130920718,0.0,1.4608875277208222,1.1165019092179054,1.3103697694238885,0.1188299130920718,0.10510713999018013,0.1429698284416205,0.13072671279335973,0.12156917844732812,0.9774674354944074,0.39146571590084933,0.9774674354944074,sudden,up,False,True,sudden
Solstice Foods,display,2024-02,13,133039.6274184473,351416.9886272536,2.6414459770091487,1.753007642641233,230866.36571906324,1.851861110929925,0.006482188346927461,0.6167635270076892,0.043674597741323595,0.5425248474959871,2,0.9713264857792322,13,1.1557431262693196,-0.18441664049008744,0.0,0.9582148830195716,1.1165019092179054,1.1557431262693196,-0.18441664049008744,0.09967835193402967,0.14317848514807083,0.13072671279335973,0.11859145333143888,-1.555058440633834,-1.166313307089972,-1.166313307089972,gradual,up,False,False,
Solstice Foods,affiliate,2024-02,13,104542.61728690156,427304.4601974805,4.087370981202885,2.6963077570697855,313337.81212070095,3.2197982746684195,0.026635886852085084,1.2638087963855074,0.14490638601039518,0.5644264412447489,2,1.4079019714935008,13,1.3759467180857943,0.03195525340770655,0.0,1.3541590457915926,1.1165019092179054,1.3759467180857943,0.03195525340770655,0.21028715427826486,0.1404334149315414,0.13072671279335973,0.1799159632579503,0.17761210750316497,0.061661940212434804,0.17761210750316497,sudden,up,False,False,
Crestline Beverages,affiliate,2024-02,13,75528.25939092657,242587.54824835114,3.2118779143676903,2.1457779288000878,175520.02491812216,2.3388859320737163,0.03264138800527343,1.3633181328659474,0.13928033949872484,0.5801114154659033,2,1.166855786136645,13,1.2245610440906878,-0.05770525795404269,0.0,1.3541590457915926,1.1165019092179054,1.2245610440906878,-0.05770525795404269,0.15877817887944995,0.1404334149315414,0.13072671279335973,0.15080219455427232,-0.3826552930784777,0.2816837200609624,0.2816837200609624,gradual,up,False,False,
Nimbus Home,social,2024-02,13,25492.829910521068,83414.84860193494,3.272090579771571,2.2871864724783615,53086.41093120518,2.1320734343967187,0.010906017396307857,0.9095929202817521,0.09499359405633975,0.6255970370199334,2,1.185429101661595,13,1.1417672923768982,0.04366180928469676,0.0,1.0583320378793684,1.1165019092179054,1.1417672923768982,0.04366180928469676,0.04375023455417824,0.1444841377531196,0.13072671279335973,0.08754758377110927,0.4987208944435217,0.3036628042067917,0.4987208944435217,sudden,up,False,False,
Crestline Beverages,tv,2024-02,13,63633.079000139376,104348.39820715414,1.639845185032231,1.2759207696013917,82079.22331990175,1.2250811623924711,0.003788456036148784,,0.04939691211679903,0.5706678957007537,2,0.49460183800961527,13,0.4875486249343232,0.007053213075292053,0.0,0.7081704822850234,1.1165019092179054,0.4875486249343232,0.007053213075292053,0.19240962211879217,0.14453550116844693,0.13072671279335973,0.1715947869229899,0.041103889003676244,-0.11150726024175962,0.041103889003676244,sudden,up,False,False,
Ridgeway Grocery,paid_search,2024-02,13,46048.07521524719,211944.29075637515,4.6026742652252555,4.348848039313807,225949.8892002167,4.703020840090586,0.04709261767283897,1.9113840718907682,0.12866833221861615,0.7695596601738535,2,1.526637496575117,13,1.700116183668924,-0.17347868709380698,0.0,1.4608875277208222,1.1165019092179054,1.700116183668924,-0.17347868709380698,0.2225847109017344,0.1429698284416205,0.13072671279335973,0.18796954461472837,-0.9229084820595669,-1.3442186148883435,-0.9229084820595669,sudden,up,False,False,
Halcyon Personal Care,affiliate,2024-02,13,27952.967711966932,107590.13343449157,3.848969974963739,1.9782484395605313,64042.4808906677,2.2058527682693656,0.0332535213319719,1.1119679264888647,0.1565038081232062,0.5919572610879712,2,1.3478055735343006,13,1.3095237878196415,0.03828178571465912,0.0,1.3541590457915926,1.1165019092179054,1.3095237878196415,0.03828178571465912,0.14298750940854774,0.1404334149315414,0.13072671279335973,0.14187703354897976,0.26982369702171155,0.014508123064493617,0.26982369702171155,sudden,up,False,False,
Halcyon Personal Care,social,2024-02,13,23889.435091816937,57270.022713828446,2.3972949755285615,2.1064007741541633,61740.63231774875,2.4434228547935795,0.012000311953967693,0.797619825383577,0.08482898285868791,0.6298743896799998,2,0.8743410081765537,13,0.9416369949055775,-0.06729598672902382,0.0,1.0583320378793684,1.1165019092179054,0.9416369949055775,-0.06729598672902382,0.11778109345864507,0.1444841377531196,0.13072671279335973,0.12939111271711226,-0.520097441902003,-0.2748528118647759,-0.2748528118647759,gradual,up,False,False,
Halcyon Personal Care,retail_media,2024-02,13,,,,,,,0.02043710744810305,1.3528193039305025,0.2005618321157807,0.7107719639330524,2,,13,1.3900427562235889,,0.0,1.4199424531860227,1.1165019092179054,1.3900427562235889,,0.08827528577811718,0.10734834139453014,0.13072671279335973,0.09656791865481847,,,,sudden,up,False,False,
Nimbus Home,paid_search,2024-02,13,41474.89286509388,167652.17628602503,4.042257006699215,3.096309288360357,116214.32204104523,2.9392538959723176,0.041829968969613114,1.9518627191427989,0.1687677292586386,0.6990298530299534,2,1.3968032010024087,13,1.364888367791576,0.03191483321083277,0.0,1.4608875277208222,1.1165019092179054,1.364888367791576,0.03191483321083277,0.12416682189668135,0.1429698284416205,0.13072671279335973,0.13234204213361142,0.2411541540111027,0.32688678489236034,0.32688678489236034,gradual,up,False,False,
Crestline Beverages,paid_search,2024-02,13,75981.17621284847,289560.4517895161,3.810949846029775,3.442704032800152,278171.5349643605,3.5034469007742,0.05126686872642262,2.017057276486621,0.12689225662483364,0.7427852363228853,2,1.3378784614875645,13,1.374169645967283,-0.036291184479718464,0.0,1.4608875277208222,1.1165019092179054,1.374169645967283,-0.036291184479718464,0.13555128979582196,0.1429698284416205,0.13072671279335973,0.13877674138095175,-0.26150768578789907,0.2276162371749192,0.2276162371749192,gradual,up,False,False,
Halcyon Personal Care,display,2024-02,13,25151.780507084008,67233.42488885336,2.6731079682377574,1.2824655754352543,32096.175848014616,1.2234279824671077,0.005442748835463826,0.6130156515041245,0.049808239770620905,0.5115723469173046,2,0.983241828498825,13,0.872543177381113,0.11069865111771204,0.0,0.9582148830195716,1.1165019092179054,0.872543177381113,0.11069865111771204,0.09098021985877609,0.14317848514807083,0.13072671279335973,0.11367511781064338,0.9738160228002627,0.6005051096236248,0.9738160228002627,sudden,up,False,True,sudden
Nimbus Home,retail_media,2024-02,13,26891.603715809437,118392.63550485137,4.402587393300346,3.9722623093640896,122160.59170084105,4.134594442431737,0.01914896840489063,1.6122688313046647,,0.6505575341565288,2,1.4821924120260304,13,1.5209892207387004,-0.038796808712669995,0.0,1.4199424531860227,1.1165019092179054,1.5209892207387004,-0.038796808712669995,0.12201486564870145,0.10734834139453014,0.13072671279335973,0.1156381159729748,-0.3355019094373433,0.03065574880928764,0.03065574880928764,gradual,up,False,False,
Ridgeway Grocery,retail_media,2024-02,13,53564.24534146379,245063.37017936457,4.57512970857936,3.2823774271358888,183036.7315736567,3.484407796471955,0.02228063542406425,1.580901813444131,0.13240859496456867,0.6630780523004313,2,1.5206350499276315,13,1.5740854098161414,-0.05345035988850988,0.0,1.4199424531860227,1.1165019092179054,1.5740854098161414,-0.05345035988850988,0.10491018168357978,0.10734834139453014,0.13072671279335973,0.10597025112312342,-0.5043902352029688,0.4762149950217739,0.4762149950217739,gradual,up,False,False,
Aster Wellness,retail_media,2024-02,13,30880.263372315243,113139.20323544886,3.66380305347008,2.673109255561165,78957.94575347763,2.5728517341530153,0.019127273655533104,1.5198943954554398,0.1811268803111112,0.5833103849383109,2,1.2985016935850215,13,1.3237673222955268,-0.025265628710505306,0.0,1.4199424531860227,1.1165019092179054,1.3237673222955268,-0.025265628710505306,0.09854512650268323,0.10734834139453014,0.13072671279335973,0.10237261123826884,-0.24680066674962894,0.5242376973227119,0.5242376973227119,gradual,up,False,False,
Solstice Foods,paid_search,2024-02,13,93945.8334463386,483560.7409712087,5.14722924085203,2.7599984183953454,248723.9855113185,2.7838931958766873,0.046953641729421625,1.8159516229778203,0.14432520321770884,0.7262386572464705,2,1.6384585584104918,13,1.559037498429697,0.07942105998079474,0.0,1.4608875277208222,1.1165019092179054,1.559037498429697,0.07942105998079474,0.1152263414374817,0.1429698284416205,0.13072671279335973,0.1272887270914551,0.6239441763270352,0.181403265453479,0.6239441763270352,sudden,up,False,True,sudden
Crestline Beverages,audio,2024-02,13,81168.06367957604,143094.74822109914,1.762943967543548,1.5032822694402412,134870.91887549547,1.6585304977691842,0.0054984157437383335,1.0108726698825143,0.05508321441585567,0.459351304554333,2,0.5669851204623043,13,0.6216950436576054,-0.0547099231953011,0.0,0.7352011057454672,1.1165019092179054,0.6216950436576054,-0.0547099231953011,0.1564831095688459,0.13032600838345507,0.13072671279335973,0.14511045687954555,-0.3770226100295112,0.5438808733186342,0.5438808733186342,gradual,up,False,False,
Verdant Snacks,digital_video,2024-02,13,14904.86151654181,38373.19622445266,2.574542284868938,1.6499230210177387,24346.438801660857,1.8336649964535845,0.009089365633006004,1.0749537597112808,0.07828359157580887,0.5829013378243199,2,0.9456717648667267,13,0.9570464001171607,-0.011374635250434029,0.0,0.9969059092775888,1.1165019092179054,0.9570464001171607,-0.011374635250434029,0.1756000698860806,0.1534387250347535,0.13072671279335973,0.16596470255941664,-0.06853647236442835,0.7771070633290665,0.7771070633290665,gradual,up,False,True,gradual
Ridgeway Grocery,display,2024-02,13,44326.82314252165,133843.55877205066,3.0194710399549876,1.5824676555028887,71051.74957432838,1.6065264173436093,0.005355942118608429,0.6454788813137049,0.047988932011566676,0.48911018726277133,2,1.1050816637130314,13,1.009770341220555,0.09531132249247642,0.0,0.9582148830195716,1.1165019092179054,1.009770341220555,0.09531132249247642,0.10813084029432524,0.14317848514807083,0.13072671279335973,0.1233689467524755,0.7725714209403666,-0.16018421021966495,0.7725714209403666,sudden,up,False,True,sudden
Ridgeway Grocery,tv,2024-02,13,49432.62378444673,106730.18628303215,2.1591042132101688,1.755947513993248,94727.95020046146,1.7497147126650991,0.0036017353362828067,,0.054997524013629506,0.5700135300580869,2,0.7696934195711629,13,0.7867609001227795,-0.017067480551616665,0.0,0.7081704822850234,1.1165019092179054,0.7867609001227795,-0.017067480551616665,0.08307650341327011,0.14453550116844693,0.13072671279335973,0.10979780678508613,-0.15544464002841035,0.1361184612193072,0.1361184612193072,gradual,up,False,False,
Crestline Beverages,retail_media,2024-02,13,79488.67161245187,271113.92180702375,3.410724022774509,3.0197802135203635,228813.96775224482,3.005528400562325,0.01984819940618995,1.4411975579889675,0.17330029214117018,0.6251115230694025,2,1.2269245921522878,13,1.1916877355293067,0.03523685662298104,0.0,1.4199424531860227,1.1165019092179054,1.1916877355293067,0.03523685662298104,0.12578365040531175,0.10734834139453014,0.13072671279335973,0.11776829866149366,0.2992049390495468,0.4615357812396375,0.4615357812396375,gradual,up,False,False,
Ridgeway Grocery,audio,2024-02,13,45522.562701835406,98122.21051813268,2.15546324052131,1.4508730856893044,58503.0954781425,1.4019739096113968,0.005905490359093872,0.783834390449615,0.0438735884730718,0.4682684745081075,2,0.7680056612537008,13,0.6780542053525442,0.08995145590115661,0.0,0.7352011057454672,1.1165019092179054,0.6780542053525442,0.08995145590115661,0.21248492436026856,0.13032600838345507,0.13072671279335973,0.17676365654426268,0.5088798096832321,-0.2344603062332989,0.5088798096832321,sudden,up,False,False,
Aster Wellness,display,2024-02,13,37375.95549744513,94785.53642469524,2.5360030309104578,1.4991584520038117,48588.20413613037,1.332173419459974,0.005460096660794487,,0.04785013309231565,0.4869856363822518,2,0.9305892317282313,13,0.609295236506466,0.32129399522176527,0.0,0.9582148830195716,1.1165019092179054,0.609295236506466,0.32129399522176527,0.20551971750500922,0.14317848514807083,0.13072671279335973,0.17841483387155777,1.8008255717855126,,1.8008255717855126,sudden,up,False,True,sudden
Verdant Snacks,display,2024-02,13,17798.262351799545,61189.3790037713,3.437941176183672,1.7215243381548797,29874.402087045364,1.7385346404526552,0.005160830918197915,0.7052870330099513,,0.4927843749648061,2,1.2348727969200617,13,1.0999728457246936,0.13489995119536813,0.0,0.9582148830195716,1.1165019092179054,1.0999728457246936,0.13489995119536813,0.1687940837451728,0.14317848514807083,0.13072671279335973,0.1576568669638241,0.8556554103432883,1.652014567489263,1.652014567489263,gradual,up,False,True,gradual
Solstice Foods,social,2024-02,13,135397.93068601424,469300.5886613744,3.4660839075131467,2.387393679586597,296822.72288354475,2.2305791737016785,0.013110082532480282,0.983745879796119,0.10322028710308574,0.6013709751836023,2,1.2430253997462462,13,1.1788181008962948,0.06420729884995136,0.0,1.0583320378793684,1.1165019092179054,1.1788181008962948,0.06420729884995136,0.17913790030642782,0.1444841377531196,0.13072671279335973,0.1640710470223808,0.39133838672458093,-0.02208182968268333,0.39133838672458093,sudden,up,False,False,
Verdant Snacks,paid_search,2024-02,13,13961.626829256413,68889.83041075572,4.934226595026731,3.5035172275590103,50091.08715871392,3.4458008853426048,0.04811173031333562,1.6391550576635112,0.1337376839133698,0.680798504786939,2,1.5961959422708611,13,1.5887108721381393,0.007485070132721816,0.0,1.4608875277208222,1.1165019092179054,1.5887108721381393,0.007485070132721816,0.08257964999785657,0.1429698284416205,0.13072671279335973,0.1088362493212322,0.06877368688652154,-0.8973367248346296,0.06877368688652154,sudden,up,False,False,
Aster Wellness,digital_video,2024-02,13,36453.12610855309,102577.096472609,2.8139451241341153,1.7004616462404778,67401.5522746329,1.7590085944500944,0.007956455382608283,1.1501562900104834,0.065095993767263,0.541434338477851,2,1.034587457483612,13,0.9450505723998883,0.0895368850837237,0.0,0.9969059092775888,1.1165019092179054,0.9450505723998883,0.0895368850837237,0.12848536714568007,0.1534387250347535,0.13072671279335973,0.13933465318440763,0.6426031359565864,0.8715929679940061,0.8715929679940061,gradual,up,False,True,gradual
Ridgeway Grocery,social,2024-02,13,59515.73215915019,222214.36006925462,3.733707912305175,2.129754438057081,127026.36551350435,2.0652004094125154,0.012425680789689558,1.0844877454671498,0.0818009762839038,0.6076291702483534,2,1.3174018182530267,13,1.3440645381799496,-0.02666271992692293,0.0,1.0583320378793684,1.1165019092179054,1.3440645381799496,-0.02666271992692293,0.07727558454389277,0.1444841377531196,0.13072671279335973,0.10649669463486097,-0.2503619480242072,0.07812293321814266,0.07812293321814266,gradual,up,False,False,
Nimbus Home,display,2024-02,13,32577.884023255087,84378.98149037237,2.59006942962103,1.9095508088592197,64710.635358290936,1.982433384967006,0.005757786541577702,0.6586561476687492,0.0593356227561788,0.4837767778636565,2,0.951684682155637,13,0.8765395946864858,0.07514508746915116,0.0,0.9582148830195716,1.1165019092179054,0.8765395946864858,0.07514508746915116,0.11699295322847664,0.14317848514807083,0.13072671279335973,0.12837796710656108,0.585342556536796,-0.20799594831790547,0.585342556536796,sudden,up,False,True,sudden
Solstice Foods,retail_media,2024-03,14,115278.30407774645,397841.35277781467,3.4511381474652936,2.7547457779404745,341186.4109385101,2.7020281920408875,0.020220727068301324,1.4015487059199394,0.1517905545377783,0.6729525848435325,3,1.238704074454976,14,1.315656963953397,-0.07695288949842105,0.0,1.4283624423900234,1.1152075581886405,1.315656963953397,-0.07695288949842105,0.13284342690212816,0.10257838324742403,0.12652015419696064,0.12023299204600144,-0.6400313939536553,-0.05454983128939346,-0.05454983128939346,gradual,up,False,False,
Solstice Foods,paid_search,2024-03,14,97993.90067186138,406962.1631699372,4.152933604844194,3.132309653223795,345813.82002726966,3.279481474717822,0.04679934710643838,1.5492776183327441,0.1426110515343704,0.701252848421616,3,1.4238149772451612,14,1.5826282678178436,-0.15881329057268245,0.0,1.457508092809805,1.1152075581886405,1.5826282678178436,-0.15881329057268245,0.1152263414374817,0.1426625330102493,0.12652015419696064,0.12665808792613487,-1.2538740571016675,-0.22216344149109285,-0.22216344149109285,gradual,up,False,False,
Solstice Foods,display,2024-03,14,131200.30489985936,307563.9246434032,2.344231782678829,1.9192607081918034,266773.0970826793,1.9336544864680114,0.005118060348495532,0.6665182276961299,0.05608450156512247,0.4815467187103474,3,0.8519577502215304,14,1.092672438836177,-0.24071468861464662,0.0,0.9831857988514335,1.1152075581886405,1.092672438836177,-0.24071468861464662,0.06885932174174854,0.14684872574984842,0.12652015419696064,0.10135490674512349,-2.3749682807164954,-1.8526604847492891,-1.8526604847492891,gradual,up,False,False,
Aster Wellness,retail_media,2024-03,14,36491.62681035505,127665.92178902481,3.4984990516453953,2.7908539035703472,110227.66837984667,2.864138886095062,0.02013113462194544,1.3119952044240555,0.164321440195548,0.6371590253631306,3,1.2523340341291442,14,1.3237673222955268,-0.07143328816638261,0.0,1.4283624423900234,1.1152075581886405,1.3237673222955268,-0.07143328816638261,0.1009663324355148,0.10257838324742403,0.12652015419696064,0.1016380202738103,-0.7028205387505887,-0.053088304461304234,-0.053088304461304234,gradual,up,False,False,
Halcyon Personal Care,social,2024-03,14,24837.10913333765,103720.01281799405,4.176009867379279,3.73313226457537,88010.1000414606,3.099374692300276,0.019233425929877118,0.7190391768650921,0.16977798121414533,0.671821076386519,3,1.4293562134557258,14,0.8854560998543466,0.5439001136013792,0.0,1.0523021179043524,1.1152075581886405,0.8854560998543466,0.5439001136013792,0.12837735500493344,0.11093531487533266,0.12652015419696064,0.12110983828426646,4.490965567345143,0.31791845875882235,4.490965567345143,sudden,up,True,True,sudden
Crestline Beverages,social,2024-03,14,99623.99608955666,370664.11468001915,3.720630864343284,2.460782416840968,277511.4363788739,2.5813029164932857,0.01266147025408663,1.0276516368133857,0.09691880311456316,0.30550514283275043,3,1.3138932410958282,14,0.8488646221688412,0.465028618926987,0.0,1.0523021179043524,1.1152075581886405,0.8488646221688412,0.465028618926987,0.14106489087603608,0.11093531487533266,0.12652015419696064,0.128510900875743,3.6185927867443906,0.6918086939367238,3.6185927867443906,sudden,up,True,True,sudden
Ridgeway Grocery,display,2024-03,14,60688.927514870695,170040.3488656832,2.801834796372336,1.4040338496868192,82748.4107785986,1.4614928581351387,0.0061318676244361565,0.7158547203430934,0.04586175138927345,0.4948863366332318,3,1.0302744869947615,14,1.012758400290501,0.017516086704260525,0.0,0.9831857988514335,1.1152075581886405,1.012758400290501,0.017516086704260525,0.1031122006953225,0.14684872574984842,0.12652015419696064,0.12133575280137496,0.14436047331353463,0.15464406389457583,0.15464406389457583,gradual,up,False,False,
Solstice Foods,digital_video,2024-03,14,121220.59051011624,357183.6369468045,2.9465591236910895,1.5909470133424055,191451.94924778576,1.6294759784338235,0.007945651552511951,0.9288579111697842,0.0682257446950387,0.5275254143583369,3,1.080638090830505,14,0.9039953616354282,0.17664272919507695,0.0,0.9843223459715681,1.1152075581886405,0.9039953616354282,0.17664272919507695,0.3623445940269973,0.15121528853728372,0.12652015419696064,0.27437405007295,0.6438026086946326,-0.6388719416420077,0.6438026086946326,sudden,up,False,True,sudden
Verdant Snacks,social,2024-03,14,22298.709354978473,85586.07323880318,3.838162643242623,2.6589708590907124,60349.65190968102,2.6317717426996543,0.01472979645985202,0.8745717118776825,0.1360918466535738,0.5975162691500876,3,1.3449937737701219,14,1.1745969274126022,0.17039684635751962,0.0,1.0523021179043524,1.1152075581886405,1.1745969274126022,0.17039684635751962,0.25557406512811826,0.11093531487533266,0.12652015419696064,0.1953079191894576,0.8724523156289781,0.43474709062685324,0.8724523156289781,sudden,up,True,True,sudden
Crestline Beverages,ooh,2024-03,14,95677.10718029233,146014.75430616696,1.5261200783487237,0.8549686969932518,79530.79217528818,0.8812339141035026,0.0033494744325233343,,0.040883278703060084,0.4088146076664768,3,0.4227286180684191,14,0.6511163121907135,-0.22838769412229443,0.0,0.68116722257218,1.1152075581886405,0.6511163121907135,-0.22838769412229443,0.1149453856118372,0.1830377357291133,0.12652015419696064,0.14331719816070226,-1.5935819081964064,-0.7582369336849663,-0.7582369336849663,gradual,up,False,False,
Ridgeway Grocery,affiliate,2024-03,14,72494.53671426236,340937.5825426477,4.702941738719639,3.052605466734938,220067.36103953814,3.332652356087075,0.030279691759743457,1.1945370039163885,,0.5571162325245718,3,1.5481882147763837,14,1.4278741925383294,0.12031402223805432,0.0,1.356237729241877,1.1152075581886405,1.4278741925383294,0.12031402223805432,0.11803060969450782,0.12342872312994385,0.12652015419696064,0.1202798236259395,1.0002843254261926,0.9374983364176722,1.0002843254261926,sudden,up,False,True,sudden
Nimbus Home,social,2024-03,14,26752.547899170342,114102.24768150122,4.265098341718689,2.6386409164326636,80037.74756376921,2.647457283175856,0.011690100398264167,0.9530026595736046,0.08656469802933475,0.6069597703012134,3,1.4504652385251038,14,1.1472758070973264,0.30318943142777743,0.0,1.0523021179043524,1.1152075581886405,1.1472758070973264,0.30318943142777743,0.03491891267278875,0.11093531487533266,0.12652015419696064,0.08,3.789867892847218,1.4556768879815414,3.789867892847218,sudden,up,True,True,sudden
Ridgeway Grocery,audio,2024-03,14,51055.26860899103,90598.78037887564,1.7745236260087143,1.369379871929375,68219.85520806929,1.3487752121578285,0.004727180095944657,0.8538127606565995,0.062582293090332,0.4795746354931602,3,0.5735320071936986,14,0.7360684677620534,-0.1625364605683548,0.0,0.7265944521974593,1.1152075581886405,0.7360684677620534,-0.1625364605683548,0.26792693826361774,0.12701353692990727,0.12652015419696064,0.2092130210412384,-0.7768945726199179,0.028787343483156723,0.028787343483156723,gradual,up,False,False,
Aster Wellness,audio,2024-03,14,39253.23141248771,71073.68316534962,1.8106454069597646,1.1596812618733476,53049.16572118211,1.3508310594065502,0.004733789266046279,0.7835889447692883,0.05558036314057879,0.4604770389187875,3,0.5936833601495636,14,0.6180777698589797,-0.024394409709416087,0.0,0.7265944521974593,1.1152075581886405,0.6180777698589797,-0.024394409709416087,0.07603615411261856,0.12701353692990727,0.12652015419696064,0.09727673028648885,-0.25077333127431733,-0.06625273092170657,-0.06625273092170657,gradual,up,False,False,
Nimbus Home,retail_media,2024-03,14,30329.208428018013,212902.3928674927,7.019714786582238,4.352906753261127,136767.8880254961,4.363600848555658,0.02008368949416334,1.5116254689573627,0.15504836855388418,0.6722188872468614,3,1.9487225885203632,14,1.5327895978319952,0.415932990688368,0.0,1.4283624423900234,1.1152075581886405,1.5327895978319952,0.415932990688368,0.09677615301895143,0.10257838324742403,0.12652015419696064,0.09919374894748167,4.193137119039472,1.2666847884580956,4.193137119039472,sudden,up,True,True,sudden
Crestline Beverages,paid_search,2024-03,14,91308.26304366616,292213.2195717837,3.2002932684420813,3.4980047096982285,366287.551976863,3.7581945052866663,0.04224214097838674,1.8634302279584871,0.15095340827538178,0.6271733330019699,3,1.1632424519945577,14,1.3511710954522833,-0.18792864345772564,0.0,1.457508092809805,1.1152075581886405,1.3511710954522833,-0.18792864345772564,0.11445100673402918,0.1426625330102493,0.12652015419696064,0.1262058093491209,-1.4890649204416728,-0.3262927354288794,-0.3262927354288794,gradual,up,False,False,
Crestline Beverages,digital_video,2024-03,14,64422.03459242281,194427.13810387644,3.018022316959616,1.9059176241096454,134489.226228476,1.9347385386646532,0.008334362525528577,1.1104038763927133,0.08175307485323008,0.5642910829796869,3,1.1046017549371427,14,1.0273166807233587,0.07728507421378406,0.0,0.9843223459715681,1.1152075581886405,1.0273166807233587,0.07728507421378406,0.08352105679471421,0.15121528853728372,0.12652015419696064,0.1117269866874515,0.6917314831911084,-0.05282415791143786,0.6917314831911084,sudden,up,False,True,sudden
Nimbus Home,audio,2024-03,14,49095.43999908721,153354.4378755837,3.123598400960148,2.0229907978533594,97274.4596684327,1.8425010514681466,0.006348122284566551,0.9251079497398862,0.05951536293484133,0.44864108540741543,3,1.1389856708841581,14,0.9835237130979846,0.15546195778617355,0.0,0.7265944521974593,1.1152075581886405,0.9835237130979846,0.15546195778617355,0.09825854668825452,0.12701353692990727,0.12652015419696064,0.1102397926222765,1.410216348273127,0.009049669447605138,1.410216348273127,sudden,up,True,True,sudden
Ridgeway Grocery,paid_search,2024-03,14,52239.93990674945,264126.4413661897,5.056024984670097,4.9061455554756375,256217.03590213714,4.911449153043315,0.03881700668397953,1.7308880556953643,0.13261337414222008,0.6945365882279446,3,1.620580598420578,14,1.6405120743415034,-0.01993147592092548,0.0,1.457508092809805,1.1152075581886405,1.6405120743415034,-0.01993147592092548,0.3238763263177709,0.1426625330102493,0.12652015419696064,0.24837057910630359,-0.0802489408876191,-0.7066466538186583,-0.0802489408876191,sudden,up,False,False,
Ridgeway Grocery,retail_media,2024-03,14,63822.35720390236,336508.068078897,5.2725734808541596,2.716729689016656,183891.77964297385,3.274358287445475,0.02043350010857217,1.3770306533195589,0.15228482543057106,0.714118318506954,3,1.6625185698984601,14,1.5576302375656472,0.10488833233281292,0.0,1.4283624423900234,1.1152075581886405,1.5576302375656472,0.10488833233281292,0.06989135515732839,0.10257838324742403,0.12652015419696064,0.08351095019486823,1.2559829829269302,1.5228706625969801,1.5228706625969801,gradual,up,False,True,gradual
Crestline Beverages,audio,2024-03,14,92553.5289237844,141566.94747341354,1.5295683386636778,1.7188794608752518,159809.15671476492,1.67800138359996,0.004459494765221604,0.9734647752326449,0.04156100180541853,0.4289021912802031,3,0.42498556400537163,14,0.5881764824777826,-0.16319091847241102,0.0,0.7265944521974593,1.1152075581886405,0.5881764824777826,-0.16319091847241102,0.14756444374086722,0.12701353692990727,0.12652015419696064,0.13900156590296725,-1.1740221587599209,-0.2779052543938203,-0.2779052543938203,gradual,up,False,False,
Ridgeway Grocery,social,2024-03,14,69937.76715450287,307942.9716481158,4.403099844005946,1.9950060739768694,146330.3057233681,2.1105015688949864,0.012661580157937918,1.0370344255693076,0.07497546790664447,0.6281854919142184,3,1.4823088028748919,14,1.3130311214106116,0.16927768146428024,0.0,1.0523021179043524,1.1152075581886405,1.3130311214106116,0.16927768146428024,0.07443320632580097,0.11093531487533266,0.12652015419696064,0.08964241822143917,1.888365852046986,0.6129611459267436,1.888365852046986,sudden,up,False,True,sudden
Nimbus Home,display,2024-03,14,37607.17602123853,113988.38726601745,3.0310275677610807,1.840758009994036,72638.56162130056,1.9675202328878323,0.005820176781401169,0.7290603407897304,0.05968054999800015,0.4948090876485144,3,1.1089016933035492,14,0.8765395946864858,0.23236209861706336,0.0,0.9831857988514335,1.1152075581886405,0.8765395946864858,0.23236209861706336,0.11699295322847664,0.14684872574984842,0.12652015419696064,0.12943285844571487,1.7952326898081896,0.4857608350586516,1.7952326898081896,sudden,up,True,True,sudden
Crestline Beverages,retail_media,2024-03,14,83896.1986038316,259434.5054513042,3.0923273016979778,3.0067800288745317,234972.0088508622,2.908159027908325,0.018393470521872183,1.3698844243767379,0.1581687252653961,0.6742260627562686,3,1.1289239794884496,14,1.2002224950211153,-0.07129851553266575,0.0,1.4283624423900234,1.1152075581886405,1.2002224950211153,-0.07129851553266575,0.10226456928094113,0.10257838324742403,0.12652015419696064,0.102395325100309,-0.6963063544436229,0.11342403005850582,0.11342403005850582,gradual,up,False,False,
Ridgeway Grocery,tv,2024-03,14,65782.9544693317,128887.80309645302,1.959288757037221,1.3234689529626698,86560.71579530039,1.4800478635122978,0.004504117259996984,,0.05537172323344117,0.6087446697166933,3,0.672581528323244,14,0.7867609001227795,-0.11417937179953552,0.0,0.7178995665618789,1.1152075581886405,0.7867609001227795,-0.11417937179953552,0.0839838282580815,0.10895762512913751,0.12652015419696064,0.09438957695435483,-1.2096608066667223,0.09160565077558111,0.09160565077558111,gradual,up,False,False,
Crestline Beverages,affiliate,2024-03,14,88931.08664486457,262004.72460892148,2.9461545393592834,2.3558459633130644,230893.66299820118,2.4212360156923327,0.031504214787613866,1.0823344636645336,0.1192390909651644,0.5541741794390965,3,1.0805007740166988,14,1.2089321878559514,-0.1284314138392526,0.0,1.356237729241877,1.1152075581886405,1.2089321878559514,-0.1284314138392526,0.12288585044345551,0.12342872312994385,0.12652015419696064,0.12311204739615898,-1.0432075215675407,-0.2506393450152843,-0.2506393450152843,gradual,up,False,False,
Nimbus Home,digital_video,2024-03,14,34243.16928246595,161793.08251597083,4.724827926450611,1.8959091372299808,67514.37311873997,1.9676513910550932,0.008155612982194884,1.1107895315349565,0.06564097524325142,0.5817921143503318,3,1.5528311426001558,14,1.212293744679748,0.3405373979204078,0.0,0.9843223459715681,1.1152075581886405,1.212293744679748,0.3405373979204078,0.055457188916301726,0.15121528853728372,0.12652015419696064,0.09535639709171088,3.571206634337173,1.2144729171308986,3.571206634337173,sudden,up,True,True,sudden
Solstice Foods,affiliate,2024-03,14,114161.20598681508,371080.6622198501,3.250497040673411,2.978336586818342,310156.7074132197,2.907316445011439,0.030182536580244224,1.1649731310994595,0.10730873783984131,0.5801754885750696,3,1.1788079202400095,14,1.3759467180857943,-0.1971387978457848,0.0,1.356237729241877,1.1152075581886405,1.3759467180857943,-0.1971387978457848,0.14779325651199135,0.12342872312994385,0.12652015419696064,0.13764136760280488,-1.4322641606894895,-0.3189413073249831,-0.3189413073249831,gradual,up,False,False,
Nimbus Home,paid_search,2024-03,14,44423.05075785207,256087.1871626822,5.7647366129490125,3.3462451073573276,151268.52632958774,3.239493835557999,0.041797635797467945,1.662276097763766,0.15627303574520227,0.7531422793951281,3,1.751759465417833,14,1.4050941557022183,0.3466653097156147,0.0,1.457508092809805,1.1152075581886405,1.4050941557022183,0.3466653097156147,0.13572979778445507,0.1426625330102493,0.12652015419696064,0.13861843746186933,2.5008600303330804,1.683574102930543,2.5008600303330804,sudden,up,True,True,sudden
Solstice Foods,social,2024-03,14,,,,,,,0.013083761836200932,,0.081942107449977,0.5702973864969377,3,,14,1.1788181008962948,,0.0,1.0523021179043524,1.1152075581886405,1.1788181008962948,,0.15104027630103412,0.11093531487533266,0.12652015419696064,0.13432987570699184,,,,sudden,up,False,False,
Aster Wellness,social,2024-03,14,48964.73450571929,101508.6395595406,2.073096905032416,1.6019118036581343,75400.07470030316,1.743734841348144,0.012143405616067,0.9844481377918809,0.09739765017433606,0.6429329992665025,3,0.7290435786381635,14,0.6754692061313033,0.053574372506860146,0.0,1.0523021179043524,1.1152075581886405,0.6754692061313033,0.053574372506860146,0.07897254544267927,0.11093531487533266,0.12652015419696064,0.09229036603961818,0.5804979956831233,0.02420224807005664,0.5804979956831233,sudden,up,False,True,sudden
Crestline Beverages,tv,2024-03,14,74717.79803901394,96823.77052123805,1.2958595282837626,1.1885380764942126,84579.22743747101,1.1806912472776625,0.004286017517688592,,0.054822907801902764,,3,0.2591742033856703,14,0.4875486249343232,-0.2283744215486529,0.0,0.7178995665618789,1.1152075581886405,0.4875486249343232,-0.2283744215486529,0.19577380446958445,0.10895762512913751,0.12652015419696064,0.15960039641106488,-1.430913874176443,-0.42388503627994667,-0.42388503627994667,gradual,up,False,False,
Halcyon Personal Care,display,2024-03,14,25393.997820280732,61246.644841181114,2.411855166509738,1.1196620904122376,27756.8170368624,1.1648853620059256,0.006263646394545693,0.6903482324283658,0.04643332022348369,0.47666163702711384,3,0.8803962300096952,14,0.8925656680969791,-0.01216943808728388,0.0,0.9831857988514335,1.1152075581886405,0.8925656680969791,-0.01216943808728388,0.11496110426717034,0.14684872574984842,0.12652015419696064,0.1282476132182862,-0.09489017208118067,0.32563451493209694,0.32563451493209694,gradual,up,False,False,
Aster Wellness,digital_video,2024-03,14,,,,,,,0.009248773689782783,1.3267199194195087,0.05763252219242536,0.5952405122720766,3,,14,1.0076117272898417,,0.0,0.9843223459715681,1.1152075581886405,1.0076117272898417,,0.12848536714568007,0.15121528853728372,0.12652015419696064,0.13795616772551492,,,,sudden,up,False,False,
Verdant Snacks,digital_video,2024-03,14,15940.606301236518,72948.85646274977,4.576291207762349,2.2007907574119234,33764.24278406156,2.063972007016791,0.009159802108489648,0.9843284042798287,0.07944718519583518,0.3024245102637622,3,1.5208888901126352,14,1.0066600599662323,0.5142288301464029,0.0,0.9843223459715681,1.1152075581886405,1.0066600599662323,0.5142288301464029,0.1756000698860806,0.15121528853728372,0.12652015419696064,0.1654397443240819,3.1082545022499177,1.088709708034202,3.1082545022499177,sudden,up,True,True,sudden
Aster Wellness,display,2024-03,14,38939.97921647754,73431.6530705559,1.8857650812377198,1.5447208983126604,56067.53149733326,1.3682532243197074,0.005849823264319784,0.7210221760735095,0.0451260536377611,0.5023160601502924,3,0.6343336171942198,14,0.6778563370082141,-0.04352271981399436,0.0,0.9831857988514335,1.1152075581886405,0.6778563370082141,-0.04352271981399436,0.29851435286240335,0.14684872574984842,0.12652015419696064,0.23532034156550546,-0.18495094612073332,,-0.18495094612073332,sudden,up,False,False,
Aster Wellness,paid_search,2024-03,14,30500.993062270485,117444.86287169962,3.8505258708110093,2.808194859315308,82058.30171747612,2.6713194395497357,0.04292562718143349,2.023239049315367,0.1324222052523236,0.6688066251781002,3,1.348209728793194,14,1.333074691973675,0.01513503681951911,0.0,1.457508092809805,1.1152075581886405,1.333074691973675,0.01513503681951911,0.10510713999018013,0.1426625330102493,0.12652015419696064,0.12075522041520895,0.12533650112581696,0.8922726990732991,0.8922726990732991,gradual,up,False,True,gradual
Halcyon Personal Care,digital_video,2024-03,14,34513.0887155292,67419.72514134359,1.9534538243460084,1.3578571731680968,56895.47519689611,1.6213905773790196,0.007720239885308809,1.172055086492891,0.06045202423859311,0.6367480644926066,3,0.669598997837157,14,0.623191544154181,0.04640745368297605,0.0,0.9843223459715681,1.1152075581886405,0.623191544154181,0.04640745368297605,0.1749367262452472,0.15121528853728372,0.12652015419696064,0.16505279386692906,0.28116733195314014,0.10740140453187687,0.28116733195314014,sudden,up,False,False,
Verdant Snacks,paid_search,2024-03,14,14163.498435100639,71253.09913185838,5.03075560451051,3.9778760757227567,52843.38612387761,3.5728540795202184,0.04673003570738265,2.0381657096525476,0.16435388683569155,0.7186007275943928,3,1.6155701924144104,14,1.5887108721381393,0.026859320276271026,0.0,1.457508092809805,1.1152075581886405,1.5887108721381393,0.026859320276271026,0.07660068502862366,0.1426625330102493,0.12652015419696064,0.10412645502096768,0.2579490511884077,-0.2201799075812231,0.2579490511884077,sudden,up,False,False,
Halcyon Personal Care,retail_media,2024-03,14,28500.3463263237,106529.20742108116,3.7378215057929967,2.9287386359445793,82200.31380846104,2.7495648358328095,0.02014399482598395,1.154596855225337,0.1838735106973412,0.6600030724778677,3,1.318502956634013,14,1.4206030099598175,-0.10210005332580452,0.0,1.4283624423900234,1.1152075581886405,1.4206030099598175,-0.10210005332580452,0.08279983591612326,0.10257838324742403,0.12652015419696064,0.09104089730416526,-1.1214745938266724,,-1.1214745938266724,sudden,up,False,False,
Solstice Foods,tv,2024-03,14,92102.35558522493,233205.56965132445,2.5320261156136525,1.3729241266156005,131194.3288843116,1.3881383310266298,0.003977632166055629,,0.05886416406431377,0.6151388087900932,3,0.92901981845214,14,0.7902399412252938,0.13877987722684615,0.0,0.7178995665618789,1.1152075581886405,0.7902399412252938,0.13877987722684615,0.09798371191617913,0.10895762512913751,0.12652015419696064,0.10255617575491179,1.353208387552414,0.3449222350611809,1.353208387552414,sudden,up,False,True,sudden
Verdant Snacks,affiliate,2024-03,14,22066.548744146858,79381.68934177543,3.597376747137741,3.2512825320999283,69200.61070934683,2.9622702733943536,0.03541564188991193,1.1539304765199063,0.1335018830095112,0.5769706426585793,3,1.28020489849414,14,1.3053228736013156,-0.025117975107175505,0.0,1.356237729241877,1.1152075581886405,1.3053228736013156,-0.025117975107175505,0.08514024482336353,0.12342872312994385,0.12652015419696064,0.10109377745110533,-0.2484621283374635,-0.28464262412072866,-0.2484621283374635,sudden,up,False,False,
Verdant Snacks,retail_media,2024-03,14,24651.428400873272,126432.07639075337,5.128793120413036,3.0439934271709252,85412.70683354855,3.508592299108723,0.01832041370533887,1.3070535633475369,0.1529420403389244,0.6517033187190517,3,1.634870372326151,14,1.5825848799030793,0.05228549242307179,0.0,1.4283624423900234,1.1152075581886405,1.5825848799030793,0.05228549242307179,0.02651667889816845,0.10257838324742403,0.12652015419696064,0.08,0.6535686552883974,0.3374573930072906,0.6535686552883974,sudden,up,False,True,sudden
Halcyon Personal Care,paid_search,2024-03,14,37297.95256312592,118549.48883014443,3.1784449462608486,2.6539577387265427,121810.13519274218,3.0315579410771822,0.049044890710106676,1.6733589139599983,0.142609108534721,0.7101785594635055,3,1.1563920665776077,14,1.226403664668537,-0.07001159809092927,0.0,1.457508092809805,1.1152075581886405,1.226403664668537,-0.07001159809092927,0.12679371341042855,0.1426625330102493,0.12652015419696064,0.13340572157702052,-0.5248020644340111,0.05915535140956913,0.05915535140956913,gradual,up,False,False,
Halcyon Personal Care,affiliate,2024-03,14,27652.486141043035,158808.7143089956,5.743017589774134,3.890548889527985,105467.95728975695,3.133201891802836,0.048880623138379105,0.7258932830334933,0.240768592716387,0.5840317845375139,3,1.747984784697273,14,1.3442049410438428,0.4037798436534301,0.0,1.356237729241877,1.1152075581886405,1.3442049410438428,0.4037798436534301,0.12408671413421322,0.12342872312994385,0.12652015419696064,0.12381255121576765,3.261218993458624,0.6229922703932071,3.261218993458624,sudden,up,True,True,sudden
Verdant Snacks,display,2024-03,14,19361.352108710747,48235.149218803155,2.4913109863387057,1.5487292898102472,29994.05972157256,1.5822168756232406,0.0059483437961499845,0.6991565343789402,0.047048313080391375,0.5453494781354182,3,0.9128090724614709,14,1.1872937330912543,-0.2744846606297834,0.0,0.9831857988514335,1.1152075581886405,1.1872937330912543,-0.2744846606297834,0.1687940837451728,0.14684872574984842,0.12652015419696064,0.1596501845804543,-1.7192880882105042,-0.01373888939108905,-0.01373888939108905,gradual,up,False,False,
Aster Wellness,display,2024-04,15,40153.98380199949,108016.45524368486,2.6900557557705174,1.5000849193874968,59151.03279663634,1.4318290837144902,,0.6970766676696605,0.04948251214452379,0.4941341993720433,4,0.9895619204511823,15,0.6778563370082141,0.31170558344296817,0.002801236747634106,0.9883201740646964,1.1184540482394951,0.6806575737558482,0.30890434669533406,0.27310490591019326,0.14899775433894985,0.13041377868345946,0.2234620452816959,1.3823571081430395,0.6662737186239597,1.3823571081430395,sudden,up,True,True,sudden
Ridgeway Grocery,paid_search,2024-04,15,51494.01243217076,276719.3316363015,5.3738156839264235,4.050283809192565,213521.34536691633,4.450205693626653,0.035754430407194754,2.3896995760938013,0.17060043785897908,0.7060368152972544,4,1.6815382118616171,15,1.6420612827189907,0.03947692914262646,-0.019598930778808515,1.4622664167565622,1.1184540482394951,1.6224623519401822,0.05907585992143494,0.25245738820043573,0.14173530505053092,0.13041377868345946,0.20816855494047382,0.28378858631327764,-0.15985974147420184,0.28378858631327764,sudden,up,False,False,
Crestline Beverages,retail_media,2024-04,15,100564.20888605014,328410.7540868162,3.265682271303305,3.2759412382890516,325362.5573348964,3.0770868103108118,0.02011567851729471,1.4416437932742767,0.1457683786041869,0.6172547498256508,4,1.1834687060753355,15,1.1685969874154338,0.014871718659901667,0.023144764356150743,1.4321703508278174,1.1184540482394951,1.1917417517715845,-0.008273045696248982,0.10226456928094113,0.1028777130911848,0.13041377868345946,0.1025098268050386,-0.08070490365751298,-0.10617918201146426,-0.08070490365751298,sudden,up,False,False,
Nimbus Home,paid_search,2024-04,15,47667.53531447308,164706.34429580776,3.4553148848415223,3.067884607502016,143027.00268664522,3.0417513407762624,0.04915875990563035,1.7351629820363559,0.13632641957886052,0.733830102427232,4,1.2399135919499567,15,1.4050941557022183,-0.16518056375226164,-0.019598930778808515,1.4622664167565622,1.1184540482394951,1.3854952249234098,-0.14558163297345317,0.17249352940127688,0.14173530505053092,0.13041377868345946,0.1601902396609785,-0.9088046392936141,0.4073798989001264,0.4073798989001264,gradual,up,False,False,
Verdant Snacks,display,2024-04,15,16693.994584981614,40624.14282566913,2.4334584882527603,1.5108285134924835,26872.238967537913,1.6113515371765907,0.0058062390716560755,0.7465963583235612,0.03815490806268581,0.5453023506151347,4,0.8893134916921088,15,1.1872937330912543,-0.2979802413991455,0.002801236747634106,0.9883201740646964,1.1184540482394951,1.1900949698388885,-0.3007814781467797,0.2259745046492842,0.14899775433894985,0.13041377868345946,0.19518380452515047,-1.5410165760347314,-0.5343665008670995,-0.5343665008670995,gradual,up,True,False,
Halcyon Personal Care,affiliate,2024-04,15,25456.608565466508,112502.51349431815,4.419383407062907,2.4696582715484596,73257.06316190843,2.9476596012795637,0.0273986750893164,1.0870173060326516,0.1017970881987029,0.5795112745786577,4,1.4860001856939833,15,1.3607971447959077,0.12520304089807555,-0.0036477086213691614,1.3684919618407425,1.1184540482394951,1.3571494361745386,0.12885074951944464,0.15763276690157016,0.12303168091471114,0.13041377868345946,0.14379233250682655,0.8960891535251189,1.475710614668485,1.475710614668485,gradual,up,False,True,gradual
Solstice Foods,affiliate,2024-04,15,130845.23568278666,423305.79828994983,3.2351640171002254,3.1464519445595225,369393.8781786181,2.836692854859354,0.025228918134699845,1.2093427146621363,0.12405715498467479,0.5748791995969016,4,1.1740796274714007,15,1.2947454178222972,-0.12066579035089653,-0.0036477086213691614,1.3684919618407425,1.1184540482394951,1.2910977092009281,-0.11701808172952743,0.14779325651199135,0.12303168091471114,0.13041377868345946,0.13788862627307927,-0.8486420156059927,-0.4673986819538483,-0.4673986819538483,gradual,up,False,False,
Solstice Foods,display,2024-04,15,155929.35503376933,374707.13959265134,2.403057073579902,1.7558214782478778,294082.14228240476,1.885327030056069,0.0067023511348830046,0.5816229869186241,0.05798166117391684,0.5056789962534219,4,0.8767417074418626,15,0.9921389887971527,-0.11539728135529004,0.002801236747634106,0.9883201740646964,1.1184540482394951,0.9949402255447868,-0.11819851810292414,0.16896793749230704,0.14899775433894985,0.13041377868345946,0.16097986423096416,-0.7342441159804934,-1.5547569457769408,-0.7342441159804934,sudden,up,False,False,
Crestline Beverages,tv,2024-04,15,70386.78356131975,116491.82366548828,1.6550241078142547,1.1432725177133474,80866.5581565189,1.1737060873527294,0.0036003347949297294,,0.061555612977225546,0.5836649280720294,4,0.5038155753780723,15,0.4792363379515811,0.024579237426491207,-0.11123477648121605,0.6793475769023759,1.1184540482394951,0.36800156147036506,0.13581401390770725,0.2420310138898077,0.14257307961785706,0.13041377868345946,0.20224784018102743,0.671522691100895,-0.07980969934131903,0.671522691100895,sudden,up,False,True,sudden
Verdant Snacks,digital_video,2024-04,15,16453.98439395365,58262.69347224336,3.540947412935019,2.7366631616810304,53430.44179330597,2.6986756096365063,0.012693722154712353,0.9558176370732969,0.1156683128891299,0.5297044531137911,4,1.2643943221115606,15,1.0820698921564091,0.1823244299551514,-0.009606077946101865,0.9982709424661982,1.1184540482394951,1.0724638142103073,0.1919305079012532,0.24957926397378347,0.15107591223038985,0.13041377868345946,0.210177923276426,0.9131811034635936,0.8784220296331294,0.9131811034635936,sudden,up,True,True,sudden
Ridgeway Grocery,retail_media,2024-04,15,73069.5397784387,369670.2861673317,5.059157171213136,2.753190270962219,200099.41955944127,2.9027776507652603,0.01722189836545165,1.2298098879395833,0.20615440916354238,0.6463472628518898,4,1.6211999024716328,15,1.585047779427949,0.03615212304368387,0.023144764356150743,1.4321703508278174,1.1184540482394951,1.6081925437840996,0.013007358687533221,0.08242742604134605,0.1028777130911848,0.13041377868345946,0.09060754086128156,0.1435571318224743,0.19892219545476347,0.19892219545476347,gradual,up,False,False,
Aster Wellness,paid_search,2024-04,15,27653.015128646417,129785.50343980333,4.69335813241412,2.8474306553735405,86390.82352874381,2.9073960698039913,0.052061767648766105,1.7545367798931866,0.1608151086285107,0.6975194901518145,4,1.5461483459428809,15,1.3519946716583275,0.19415367428455332,-0.019598930778808515,1.4622664167565622,1.1184540482394951,1.332395740879519,0.2137526050633618,0.11517005090134808,0.14173530505053092,0.13041377868345946,0.12579615256102122,1.6991982720590333,0.9340007362264192,1.6991982720590333,sudden,up,True,True,sudden
Solstice Foods,tv,2024-04,15,95291.18957034695,182563.76580121176,1.9158514719394646,1.3600289501570626,132143.2208278435,1.3665807636684852,0.004303457029173065,,0.059652525095124476,0.607813876812993,4,0.6501621566792687,15,0.7902399412252938,-0.14007778454602515,-0.11123477648121605,0.6793475769023759,1.1184540482394951,0.6790051647440778,-0.028843008064809106,0.09798371191617913,0.14257307961785706,0.13041377868345946,0.11581945899685031,-0.24903421510191553,0.3037033279526206,0.3037033279526206,gradual,up,False,False,
Nimbus Home,audio,2024-04,15,43315.51460585217,124182.42495068892,2.866927152561433,1.6551000695226021,69276.4025637158,1.7161630984904814,0.004832115953821661,0.7980531677986626,0.044975355765483234,0.4718853212757133,4,1.0532407776357737,15,1.00274554937804,0.05049522825773378,-0.03324884781612145,0.718604818486548,1.1184540482394951,0.9694967015619185,0.08374407607385526,0.09825854668825452,0.13132051536323106,0.13041377868345946,0.11148333415824513,0.7511802253329152,0.21539988854378594,0.7511802253329152,sudden,up,False,True,sudden
Aster Wellness,social,2024-04,15,43311.81232937453,127215.83275119172,2.93720871765305,2.1479649715490705,99825.2351366256,2.098226382391064,0.012275496732425702,0.970812198958711,0.07540793507631652,0.6455677595243928,4,1.0774597146057068,15,0.7012753284552851,0.3761843861504217,0.01950508899425545,1.0815922678750338,1.1184540482394951,0.7207804174495405,0.3566792971561663,0.07897254544267927,0.1279965285230562,0.13041377868345946,0.09858213867483005,3.6180925059118594,0.8895385909233995,3.6180925059118594,sudden,up,True,True,sudden
Crestline Beverages,audio,2024-04,15,98026.54467155407,168530.49892087476,1.7192332901822658,1.5891399304594793,144252.38184323593,1.5605972485372663,0.0056871603370682935,0.909365380936876,0.05444669667881618,0.47316427263628286,4,0.5418784299222213,15,0.5303939219309851,0.011484507991236237,-0.03324884781612145,0.718604818486548,1.1184540482394951,0.49714507411486364,0.04473335580735771,0.14756444374086722,0.13132051536323106,0.13041377868345946,0.14106687238981275,0.3171074473370699,-0.27420829365608024,0.3171074473370699,sudden,up,False,False,
Verdant Snacks,social,2024-04,15,25732.498174892433,103221.74953639311,4.0113380688824085,3.424692268573726,81257.92773420717,2.913048690827334,0.01633902956138645,0.6903658171232618,0.155703520541462,0.5638700754452823,4,1.3891248686717521,15,1.253229642629111,0.13589522604264115,0.01950508899425545,1.0815922678750338,1.1184540482394951,1.2727347316233664,0.11639013704838574,0.25557406512811826,0.1279965285230562,0.13041377868345946,0.20454305048609345,0.569025135646439,0.27279555383150156,0.569025135646439,sudden,up,True,True,sudden
Ridgeway Grocery,social,2024-04,15,65675.51170649962,269876.2485225462,4.109237088682443,2.4035479168160427,137302.98103151258,2.0997011731594792,0.012524750101218993,1.056736430855665,0.09615959764454693,0.6059610082211512,4,1.4132373880864066,15,1.3670515677994013,0.04618582028700535,0.01950508899425545,1.0815922678750338,1.1184540482394951,1.3865566567936567,0.02668073129274995,0.07443320632580097,0.1279965285230562,0.13041377868345946,0.09585853520470307,0.2783344355906757,0.42585296435854525,0.42585296435854525,gradual,up,False,False,
Crestline Beverages,social,2024-04,15,132040.4652819799,346910.6279584928,2.6273054038218167,2.207661053631323,293866.44025872817,2.3587491674950876,0.011126114944652312,0.8489459147701652,0.08880179144095733,0.5522752163735642,4,0.9659587596835014,15,0.8556803166120183,0.11027844307148316,0.01950508899425545,1.0815922678750338,1.1184540482394951,0.8751854056062737,0.09077335407722775,0.16990908813985475,0.1279965285230562,0.13041377868345946,0.15314406429313535,0.5927317816476199,0.8031739243032329,0.8031739243032329,gradual,up,False,True,gradual
Halcyon Personal Care,display,2024-04,15,26847.43108246997,57112.71722157709,2.1273065957833426,1.1161092561012282,29559.172008586695,1.134432544616404,0.006203791109120936,0.7002367598423723,0.048124365239720315,0.5220095064016681,4,0.7548566705332797,15,0.895048273374345,-0.14019160284106535,0.002801236747634106,0.9883201740646964,1.1184540482394951,0.8978495101219791,-0.14299283958869946,0.07939243305981505,0.14899775433894985,0.13041377868345946,0.10723456157146898,-1.3334585183471706,-0.10100725947290853,-0.10100725947290853,gradual,up,False,False,
Solstice Foods,digital_video,2024-04,15,141143.7924741907,361860.9756093739,2.5637753475806817,1.5853907998076149,234042.66492882252,1.6349493706920608,0.009078004363707455,1.0606110220864515,0.08023587860409528,0.5483975718785914,4,0.9414809172714949,15,0.9039953616354282,0.0374855556360667,-0.009606077946101865,0.9982709424661982,1.1184540482394951,0.8943892836893262,0.04709163358216861,0.34500685520857843,0.15107591223038985,0.13041377868345946,0.267434478017303,0.17608662103441194,-0.1159020151319041,0.17608662103441194,sudden,up,False,False,
Solstice Foods,paid_search,2024-04,15,113537.05857135594,452396.5915748905,3.9845720619102316,3.0443599811386943,295678.03749618225,2.797837030172437,0.04688272081928141,1.7661587841933903,0.1734864487748432,0.717291453951384,4,1.3824299192512235,15,1.5359737054039693,-0.15354378615274578,-0.019598930778808515,1.4622664167565622,1.1184540482394951,1.5163747746251608,-0.1339448553739373,0.1152263414374817,0.14173530505053092,0.13041377868345946,0.1258299268827014,-1.064491243794496,-0.37653802768202854,-0.37653802768202854,gradual,up,False,False,
Halcyon Personal Care,paid_search,2024-04,15,36290.19286306437,133100.2233952259,3.66766371006789,2.818577369505736,116619.62499004367,3.110065739767894,0.0383631229761967,,0.1674972839792154,0.7185429660806937,4,1.2995548680940725,15,1.226403664668537,0.0731512034255355,-0.019598930778808515,1.4622664167565622,1.1184540482394951,1.2068047338897285,0.09275013420434397,0.09844058234602152,0.14173530505053092,0.13041377868345946,0.11575847142782528,0.8012384152996797,0.3078010944202876,0.8012384152996797,sudden,up,False,True,sudden
Verdant Snacks,retail_media,2024-04,15,30612.038410735448,140900.6957880735,4.602787109356968,3.1377822265459256,92122.72683854608,3.2189896867233343,0.020184672944205253,1.5202001019492388,0.15143002472419353,0.6793701061677496,4,1.5266620133542608,15,1.5825848799030793,-0.055922866548818506,0.023144764356150743,1.4321703508278174,1.1184540482394951,1.60572964425923,-0.07906763090496916,0.0294846989366679,0.1028777130911848,0.13041377868345946,0.08,-0.9883453863121144,0.13479828292877874,0.13479828292877874,gradual,up,False,False,
Crestline Beverages,ooh,2024-04,15,96140.98200283355,146163.88264461872,1.5203077771798799,0.9722464824060376,99976.50764918637,0.9557934755611561,0.0032248227261718722,,0.03565688424326206,0.4026880405252034,4,0.41891279934763004,15,0.6448590475384021,-0.22594624819077203,0.1266049667701269,0.6250248551733836,1.1184540482394951,0.771464014308529,-0.3525512149608989,0.25113008584638935,0.25113008584638935,0.13041377868345946,0.25113008584638935,-1.4038589353907465,-1.1652052064720513,-1.1652052064720513,gradual,up,False,False,
Ridgeway Grocery,affiliate,2024-04,15,68025.73683822485,259174.67512799514,3.809950280205717,2.9066939941257757,189118.20906121493,2.848800431480032,0.030946326684398014,1.047481221099376,0.12200619424947086,0.5894765774123558,4,1.3376161392386876,15,1.497838563289337,-0.16022242405064935,-0.0036477086213691614,1.3684919618407425,1.1184540482394951,1.4941908546679679,-0.15657471542928025,0.11212303458086198,0.12303168091471114,0.13041377868345946,0.11648649311440165,-1.3441448123561233,-0.2535007936286891,-0.2535007936286891,gradual,up,False,False,
Nimbus Home,digital_video,2024-04,15,33746.991463613056,94257.2885220701,2.7930575270302516,1.6415976529494747,53655.63886901337,1.7013384092310122,0.0074490924203342804,1.0128601778375863,0.05640307924345251,0.5488055475474621,4,1.0271368836110246,15,1.212293744679748,-0.1851568610687233,-0.009606077946101865,0.9982709424661982,1.1184540482394951,1.2026876667336461,-0.1755507831226215,0.055457188916301726,0.15107591223038985,0.13041377868345946,0.09370467824193698,-1.8734473712119826,0.16495596095938603,0.16495596095938603,gradual,up,False,False,
Solstice Foods,retail_media,2024-04,15,127431.59984141868,459506.10578458617,3.6059039230176437,2.859778341016857,377962.2068957788,2.8590357444168086,0.02502654849115077,1.5778084686884988,0.1362574869165716,0.6182426537843232,4,1.282572480781597,15,1.287584553454053,-0.005012072672456069,0.023144764356150743,1.4321703508278174,1.1184540482394951,1.3107293178102037,-0.028156837028606718,0.10866943066347222,0.1028777130911848,0.13041377868345946,0.10635274363455725,-0.2647495124842055,-0.17873064388886098,-0.17873064388886098,gradual,up,False,False,
Verdant Snacks,paid_search,2024-04,15,12272.562315398061,54568.78451320889,4.446405168767639,3.776559277960468,53017.455624068556,4.055744220628227,0.04369219551206713,1.7719379390144716,0.1726670216998368,0.6720631483982795,4,1.4920959424666624,15,1.595653022523905,-0.10355708005724251,-0.019598930778808515,1.4622664167565622,1.1184540482394951,1.5760540917450965,-0.08395814927843404,0.0959605777127028,0.14173530505053092,0.13041377868345946,0.11427046864783405,-0.7347318189197383,-0.04533434231608989,-0.04533434231608989,gradual,up,True,False,
Nimbus Home,social,2024-04,15,26186.24870830429,69772.40357125457,2.6644673068093203,2.5090451793800796,64996.27505781265,2.5040831444366978,0.012519274463630378,0.9523583724466558,0.07597647256270969,0.6062929420173502,4,0.9800041527636124,15,1.1601863985256666,-0.18018224576205422,0.01950508899425545,1.0815922678750338,1.1184540482394951,1.179691487519922,-0.19968733475630962,0.03979915035420973,0.1279965285230562,0.13041377868345946,0.08,-2.4960916844538703,0.3983326895193041,0.3983326895193041,gradual,up,False,False,
Halcyon Personal Care,digital_video,2024-04,15,34656.11883649019,71505.2562626187,2.0632794052901633,1.4895816252935754,55336.413965678395,1.605687148900899,0.00876935237210412,1.0212520105658953,0.06497218235100873,0.5814011365901917,4,0.7242966613169618,15,0.6073600814357364,0.11693657988122541,-0.009606077946101865,0.9982709424661982,1.1184540482394951,0.5977540034896345,0.12654265782732732,0.0844186728926126,0.15107591223038985,0.13041377868345946,0.1110815686277235,1.139186810112664,0.08033361588163404,1.139186810112664,sudden,up,False,True,sudden
Verdant Snacks,affiliate,2024-04,15,24818.233272415757,90230.04566021991,3.6356353278581746,3.2517517848530475,84401.479884343,3.263579886935692,0.025921410692357306,1.150979745534637,0.10065804989056577,0.5690464756882283,4,1.2907838764168769,15,1.2897976226863839,0.000986253730492992,-0.0036477086213691614,1.3684919618407425,1.1184540482394951,1.2861499140650148,0.0046339623518620865,0.08514024482336353,0.12303168091471114,0.13041377868345946,0.10029681925990258,0.04620248564267967,-0.11284384865413899,0.04620248564267967,sudden,up,False,False,
Aster Wellness,retail_media,2024-04,15,33997.90377103351,162728.62110941065,4.786431016610405,3.1301959144113733,107745.92036974242,3.017022939875075,0.020599718948254856,1.4534278128911162,0.1997711348273816,0.653082969690837,4,1.5657850432269604,15,1.3204416084871178,0.24534343473984266,0.023144764356150743,1.4321703508278174,1.1184540482394951,1.3435863728432684,0.222198670383692,0.07886856347255917,0.1028777130911848,0.13041377868345946,0.08847222332000942,2.5115077031577004,0.17354294418416474,2.5115077031577004,sudden,up,True,True,sudden
Ridgeway Grocery,audio,2024-04,15,55749.73545359372,92900.48082747226,1.6663842450840498,1.6198022491482194,91993.42545927188,1.514336714309203,0.00535329765221106,0.9614737546443844,0.05112179818633046,0.43245831794139805,4,0.5106561564576474,15,0.7360684677620534,-0.22541231130440598,-0.03324884781612145,0.718604818486548,1.1184540482394951,0.7028196199459319,-0.1921634634882845,0.26792693826361774,0.13132051536323106,0.13041377868345946,0.21328436910346305,-0.9009730262749217,-0.259775064269246,-0.259775064269246,gradual,up,False,False,
Aster Wellness,audio,2024-04,15,44391.634048783715,102392.13549383574,2.3065637858996806,1.4150323733494097,68451.7627056676,1.4679292858293582,0.0055423220131174955,0.8627133680931951,,0.47831294305822536,4,0.8357588784782147,15,0.601173989694467,0.23458488878374772,-0.03324884781612145,0.718604818486548,1.1184540482394951,0.5679251418783455,0.2678337365998692,0.08918951484873174,0.13132051536323106,0.13041377868345946,0.10604191505453146,2.5257346254274755,0.1980068744986404,2.5257346254274755,sudden,up,True,True,sudden
Solstice Foods,social,2024-04,15,146167.06549803738,486547.93529812194,3.3287111131382394,2.4820737452346964,335793.5985961918,2.219220218986144,0.011559703148847276,1.1649705427986827,0.06851872315708955,0.5889205479282991,4,1.2025851759563233,15,1.1206643397800478,0.08192083617627555,0.01950508899425545,1.0815922678750338,1.1184540482394951,1.1401694287743032,0.06241574718202014,0.19551709485024082,0.1279965285230562,0.13041377868345946,0.16850886831936698,0.37040037004893117,,0.37040037004893117,sudden,up,False,False,
Aster Wellness,digital_video,2024-04,15,43883.44080168659,146022.50655428422,3.3275081417196453,2.0066476042701997,79815.23556002222,1.7919332023293641,0.007384660468618788,1.1386482719068398,0.08160926342002853,0.5991919124422758,4,1.202223718081926,15,1.034587457483612,0.16763626059831394,-0.009606077946101865,0.9982709424661982,1.1184540482394951,1.0249813795375102,0.17724233854441573,0.17064461673251805,0.15107591223038985,0.13041377868345946,0.16281713493166677,1.088597576777181,,1.088597576777181,sudden,up,True,True,sudden
Halcyon Personal Care,social,2024-04,15,24094.41749427083,67254.23494919845,2.7912787252561784,2.167025165916216,44252.08369904562,2.327551805289864,0.010179326436154764,0.8039066708675533,0.0717140148604252,0.6350730727276138,4,1.026499815299278,15,0.9416369949055775,0.08486282039370041,0.01950508899425545,1.0815922678750338,1.1184540482394951,0.9611420838998329,0.06535773139944501,0.12869099681856971,0.1279965285230562,0.13041377868345946,0.1284132095003643,0.5089642385992976,0.9955183031205418,0.9955183031205418,gradual,up,False,True,gradual
Crestline Beverages,affiliate,2024-04,15,86279.16702028607,308450.31460855185,3.575026570852598,2.115633854982917,204711.56471625695,2.407643011151224,0.03318702016748065,1.3153954706672126,0.13231140891537702,0.5845207154296281,4,1.2739726085246719,15,1.2089321878559514,0.06504042066872051,-0.0036477086213691614,1.3684919618407425,1.1184540482394951,1.2052844792345823,0.0686881292900896,0.12288585044345551,0.12303168091471114,0.13041377868345946,0.12294418263195776,0.5586936105444895,-0.19270426757811746,0.5586936105444895,sudden,up,False,True,sudden
Crestline Beverages,digital_video,2024-04,15,70172.61594201502,180511.35590155082,2.57239029040489,1.7318135913396928,130537.46202959924,1.8504642056147063,0.009605733459576936,1.2387414736149192,0.07424954561484783,0.5870237933267267,4,0.9448355407437262,15,1.0273166807233587,-0.08248113997963247,-0.009606077946101865,0.9982709424661982,1.1184540482394951,1.017710602777257,-0.07287506203353067,0.08352105679471421,0.15107591223038985,0.13041377868345946,0.11054299896898448,-0.6592462907033808,-0.07017427443710547,-0.07017427443710547,gradual,up,False,False,
Ridgeway Grocery,display,2024-04,15,62940.8528372543,164610.3202953924,2.6153176017653283,1.6556363869011885,97654.60203298676,1.5241959961847646,0.00623184321536461,0.6155701173017115,0.05617224355393238,0.5443020502302847,4,0.9613855439719204,15,1.0129086069357156,-0.05152306296379516,0.002801236747634106,0.9883201740646964,1.1184540482394951,1.0157098436833496,-0.05432429971142916,0.1031122006953225,0.14899775433894985,0.13041377868345946,0.12146642215277344,-0.4472371767327039,0.10437660389359939,0.10437660389359939,gradual,up,False,False,
Ridgeway Grocery,tv,2024-04,15,63780.373575562975,117760.90491035541,1.846350190640381,1.5971122341947133,93093.99504787245,1.522193038782853,0.003820034066406881,,0.059654486803970584,,4,0.6132108204948412,15,0.7865953568441125,-0.1733845363492713,-0.11123477648121605,0.6793475769023759,1.1184540482394951,0.6753605803628965,-0.062149759868055265,0.11911118274058774,0.14257307961785706,0.13041377868345946,0.12849594149149546,-0.48367099494865107,-0.6162588138812612,-0.48367099494865107,sudden,up,False,False,
Nimbus Home,retail_media,2024-04,15,32247.310020638462,130171.84331965093,4.0366729267135835,3.389202350337236,122190.67398029775,4.083934206851509,0.016849136052820537,1.589333019554223,0.17117614470894219,0.6241556829562939,4,1.395420819691787,15,1.5327895978319952,-0.1373687781402082,0.023144764356150743,1.4321703508278174,1.1184540482394951,1.5559343621881458,-0.16051354249635885,0.09677615301895143,0.1028777130911848,0.13041377868345946,0.09921677704784479,-1.6178064564519692,0.2488698614611288,0.2488698614611288,gradual,up,False,False,
Crestline Beverages,paid_search,2024-04,15,111827.09130996502,384747.15349939134,3.440554064246739,3.030463101804677,343426.97819870786,3.37715355752766,0.04921055454665384,1.8423850945645024,0.1289432088156467,0.7740153579867608,4,1.2356325236037078,15,1.3511710954522833,-0.11553857184857552,-0.019598930778808515,1.4622664167565622,1.1184540482394951,1.3315721646734748,-0.09593964106976705,0.11445100673402918,0.14173530505053092,0.13041377868345946,0.12536472606062987,-0.7652841758962402,-0.8386189273752707,-0.7652841758962402,sudden,up,False,False,
Nimbus Home,display,2024-04,15,33493.45257257397,79001.77751343696,2.3587230173495866,1.9160420148119406,58843.745613548126,1.8376927279486432,0.004448612193362491,,0.0531602056988039,0.4756010654436292,4,0.8581203782497497,15,0.8765395946864858,-0.018419216436736052,0.002801236747634106,0.9883201740646964,1.1184540482394951,0.8793408314341199,-0.021220453184370158,0.11699295322847664,0.14899775433894985,0.13041377868345946,0.12979487367266593,-0.16349222880625267,0.4926851150086074,0.4926851150086074,gradual,up,False,False,
Halcyon Personal Care,retail_media,2024-04,15,29103.368001141964,119948.68173764963,4.121470811658055,2.8151539889400383,71592.05993534804,2.677400502737191,0.018904206674754228,1.3550624033741718,0.1489925073109092,0.6589529570950488,4,1.4162100927754395,15,1.4206030099598175,-0.0043929171843779535,0.023144764356150743,1.4321703508278174,1.1184540482394951,1.4437477743159681,-0.027537681540528602,0.10974654946298043,0.1028777130911848,0.13041377868345946,0.10699901491426218,-0.2573638791216388,,-0.2573638791216388,sudden,up,False,False,
Crestline Beverages,affiliate,2024-05,16,107842.35462423903,341016.4739108277,3.162175706372973,2.0073243321475434,181294.61544517014,2.0024618805369707,0.02836256289107148,1.230612460533628,,0.6251936115381316,5,1.1512603053563246,16,1.256484259991436,-0.10522395463511147,0.10896262230605225,1.367895196739288,1.1179092818058172,1.3654468822974883,-0.21418657694116372,0.13299717744200254,0.12380172142847841,0.13157391627594794,0.1294604635906471,-1.6544555071146652,-0.47532653736393693,-0.47532653736393693,gradual,up,False,False,
Nimbus Home,digital_video,2024-05,16,30417.137883002888,105366.38434543437,3.464046642084401,1.8502296419986977,47914.11941117562,1.6574514347005087,0.007194398611714605,1.2824121796132915,0.06722335169630402,0.5397661287914297,5,1.2424374554145048,16,1.1649952724238197,0.07744218299068506,-0.031121506379685047,1.00022321045654,1.1179092818058172,1.1338737660441347,0.10856368937037009,0.08503538370321972,0.15595272690605602,0.13157391627594794,0.11231128493507983,0.9666320658082045,0.592086961985199,0.9666320658082045,sudden,up,False,True,sudden
Aster Wellness,display,2024-05,16,42578.69897137509,85485.36304781705,2.0077025628539604,1.3288304304230583,57188.04091140232,1.3884582962564096,0.005729731715005893,0.5752582434957699,0.04934757169656437,0.4886903654230152,5,0.6969910647889883,16,0.7195559655000224,-0.02256490071103412,0.0009399264926926332,0.9733013302160352,1.1179092818058172,0.720495891992715,-0.023504827203726708,0.30273794299381046,0.1466732478001953,0.13157391627594794,0.2427130602270354,-0.0968420371847322,0.12228490275973043,0.12228490275973043,gradual,up,False,False,
Ridgeway Grocery,tv,2024-05,16,61265.77573002124,135828.61200130993,2.217038964786202,1.4004162656412766,93779.48461554547,1.4735107864033081,0.004230184838557745,,0.05150586392662415,0.5656711907581619,5,0.7961725059358407,16,0.737631263677724,0.05854124225811663,0.08633953953570278,0.6639271413107118,1.1179092818058172,0.8239708032134268,-0.027798297277586093,0.11100893029482403,0.13083204502647994,0.13157391627594794,0.11863320519161477,-0.23432138778250705,-0.6425510631326268,-0.23432138778250705,sudden,up,False,False,
Crestline Beverages,retail_media,2024-05,16,129005.64114193678,383766.3984121246,2.974803233525971,2.8771390823280796,352021.883678162,2.844463112724873,0.0211668263808905,1.2630519678992416,0.14289857794040187,0.6219183264693527,5,1.0901778968189773,16,1.1735711415081305,-0.08339324468915321,-0.038240513206117765,1.4321123083165361,1.1179092818058172,1.1353306283020128,-0.04515273148303556,0.07608776646182838,0.09782875035098039,0.13157391627594794,0.08444968334227146,-0.5346702284250516,-0.4372271621753958,-0.4372271621753958,gradual,up,False,False,
Verdant Snacks,affiliate,2024-05,16,25568.42866776502,142319.5263523541,5.566221069024125,3.515370741109719,73420.62004423732,3.030276837975231,0.024983408985050887,1.4292670880953702,0.11349743071642018,0.6459253293234524,5,1.716716380069933,16,1.2854943874555085,0.4312219926144245,0.10896262230605225,1.367895196739288,1.1179092818058172,1.3944570097615607,0.32225937030837226,0.05212792295728832,0.12380172142847841,0.13157391627594794,0.08,4.028242128854653,0.8502183302577486,4.028242128854653,sudden,up,True,True,sudden
Solstice Foods,social,2024-05,16,141591.12877954013,488971.38044949004,3.453404070327224,2.5677563096793024,412917.0222875764,2.6116023053324247,0.010730930886205463,1.1967678570451878,0.08244157422174332,0.6009449317333859,5,1.239360431638929,16,1.2025851759563233,0.036775255682605756,-0.0704289603340345,1.0912188370312654,1.1179092818058172,1.1321562156222889,0.10720421601664021,0.15104027630103412,0.1341053031344271,0.13157391627594794,0.14452682508310832,0.7417599878430442,,0.7417599878430442,sudden,up,False,True,sudden
Ridgeway Grocery,social,2024-05,16,74673.26433457775,326237.83383606473,4.368870662655617,2.0129322917548436,133325.52508731248,1.9078551301227098,0.011899296123819472,0.9586617795512681,0.10201813270810943,0.5911565788193893,5,1.4745045461105588,16,1.4149693527160911,0.05953519339446767,-0.0704289603340345,1.0912188370312654,1.1179092818058172,1.3445403923820567,0.12996415372850212,0.05262868872228045,0.1341053031344271,0.13157391627594794,0.08396584811156763,1.5478216042767214,1.2381739639714608,1.5478216042767214,sudden,up,False,True,sudden
Verdant Snacks,retail_media,2024-05,16,,,,,,,0.020648651489438383,1.525744242418416,0.15868059070333718,0.6459896057583328,5,,16,1.5825848799030793,,-0.038240513206117765,1.4321123083165361,1.1179092818058172,1.5443443666969614,,0.0294846989366679,0.09782875035098039,0.13157391627594794,0.08,,,,sudden,up,True,False,
Crestline Beverages,ooh,2024-05,16,113957.02169134478,187952.0578320691,1.649324061321483,0.7874329328786778,101747.60082168893,0.9099429367001911,0.0030251431427621555,,0.036775510697799045,0.3967310588798299,5,0.5003655441738258,16,0.5969666462202765,-0.09660110204645067,-0.12030955599948501,0.5714132818526636,1.1179092818058172,0.4766570902207915,0.023708453953034336,0.2486360491066416,0.254521577763274,0.13157391627594794,0.25089971397457717,0.09449374643542494,-0.6450993549226063,0.09449374643542494,sudden,up,False,False,
Ridgeway Grocery,affiliate,2024-05,16,70754.05957714406,331084.6733551588,4.679373527594879,2.9551854082259053,235463.2518926614,3.159894637007346,0.027406292504328484,1.1097336624269147,0.1322726350108778,0.5750263871794198,5,1.5431642393442626,16,1.4529986915211364,0.09016554782312625,0.10896262230605225,1.367895196739288,1.1179092818058172,1.5619613138271886,-0.018797074482926,0.11212303458086198,0.12380172142847841,0.13157391627594794,0.11661483721456062,-0.16118939006312813,-0.11223330599845754,-0.11223330599845754,gradual,up,False,False,
Verdant Snacks,paid_search,2024-05,16,,,,,,,0.04497490474249974,1.9888035220206306,0.11627139841735636,0.6742389504206038,5,,16,1.5436030226218058,,0.051311493167899166,1.447256343776705,1.1179092818058172,1.594914515789705,,0.12454946036105716,0.14202809612962328,0.13157391627594794,0.13127201257973642,,,,sudden,up,True,False,
Nimbus Home,social,2024-05,16,31179.41738290815,79902.56434131632,2.5626702179854424,2.493242574322419,69591.76342914633,2.433957995840314,0.013255635879946902,0.9185406071521651,0.07981369836909628,0.6199217736681822,5,0.9410497687892866,16,1.1439696952827068,-0.20291992649342017,-0.0704289603340345,1.0912188370312654,1.1179092818058172,1.0735407349486723,-0.13249096615938571,0.03491891267278875,0.1341053031344271,0.13157391627594794,0.08,-1.6561370769923214,-0.08052463746643863,-0.08052463746643863,gradual,up,False,False,
Halcyon Personal Care,digital_video,2024-05,16,37262.29574916602,62408.05249599395,1.6748311192659333,1.669752044679916,64250.02141764821,1.6836076447209378,0.007568438136163191,1.1376226380499819,0.07749010851567477,0.5320805556097866,5,0.5157123358750707,16,0.6854304605556016,-0.16971812468053094,-0.031121506379685047,1.00022321045654,1.1179092818058172,0.6543089541759166,-0.1385966183008459,0.14767270221366424,0.15595272690605602,0.13157391627594794,0.15085732709535338,-0.9187264614150444,0.11147281792239103,0.11147281792239103,gradual,up,False,False,
Ridgeway Grocery,audio,2024-05,16,54359.80040254279,98486.63865152112,1.811754971913293,1.5954436744769602,80005.97188861306,1.4803334253813494,0.004863242044562848,0.8685000568203967,0.039876419779933156,0.4827338932301075,5,0.5942959732636197,16,0.6577372051476379,-0.06344123188401818,0.03774277350882556,0.7248487206274817,1.1179092818058172,0.6954799786564635,-0.10118400539284378,0.2870540225737141,0.13060930064402804,0.13157391627594794,0.226882975677681,-0.44597442840572493,-0.7079473424335214,-0.44597442840572493,sudden,up,False,False,
Aster Wellness,digital_video,2024-05,16,49610.67480843633,107829.4881293958,2.173513836402389,1.628886272833643,78417.48185405467,1.6430088816519162,0.008192406505040235,1.3119024451499564,0.07171920277812678,0.536255999346338,5,0.7763451373810774,16,1.0546988133825208,-0.27835367600144345,-0.031121506379685047,1.00022321045654,1.1179092818058172,1.0235773070028358,-0.24723216962175842,0.13483700508466928,0.15595272690605602,0.13157391627594794,0.1429584365544334,-1.7293989468583852,,-1.7293989468583852,sudden,up,False,False,
Crestline Beverages,digital_video,2024-05,16,82222.24800165136,201351.097884226,2.4488639361962234,1.982141915033242,168961.05472053622,2.0225309401538603,0.007314468469037522,1.2051503891946513,0.06464650774416236,0.5106576008352661,5,0.8956242175030255,16,1.0141771323948858,-0.11855291489186037,-0.031121506379685047,1.00022321045654,1.1179092818058172,0.9830556260152008,-0.08743140851217535,0.07406454774494678,0.15595272690605602,0.13157391627594794,0.10556000126845033,-0.8282626701550331,-0.17683943948162342,-0.17683943948162342,gradual,up,False,False,
Ridgeway Grocery,display,2024-05,16,54727.30934540417,147952.3804367457,2.7034470030851296,1.7007012071083094,92882.22315630784,1.6013122408726126,0.005776786826198448,0.7386170511321534,0.04413130697028995,0.514969200355356,5,0.994527626572185,16,1.0129086069357156,-0.01838098036353064,0.0009399264926926332,0.9733013302160352,1.1179092818058172,1.0138485334284082,-0.01932090685622323,0.08145534550979708,0.1466732478001953,0.13157391627594794,0.10653915408302717,-0.18135029344391293,-0.10760599930290717,-0.10760599930290717,gradual,up,False,False,
Nimbus Home,retail_media,2024-05,16,36419.377423698956,159117.87469583447,4.369044337158073,3.5786569739591303,127048.49554257533,3.7528154913836556,0.019949923161918206,1.3445188984107421,0.14738133557447308,0.6507428919943333,5,1.474544298042795,16,1.5327895978319952,-0.05824529978920023,-0.038240513206117765,1.4321123083165361,1.1179092818058172,1.4945490846258775,-0.02000478658308258,0.10470256955074207,0.09782875035098039,0.13157391627594794,0.10205879293544912,-0.1960123768633571,0.2643686984137939,0.2643686984137939,gradual,up,False,False,
Crestline Beverages,paid_search,2024-05,16,129201.24833360108,503006.8147936669,3.893203984336822,3.4465314460928576,397714.3398813649,3.263473227493803,0.046158973139011815,2.296140428350303,0.12618410037884417,0.6916673701268476,5,1.3592324649789098,16,1.3300934092067012,0.029139055772208655,0.051311493167899166,1.447256343776705,1.1179092818058172,1.3814049023746002,-0.022172437395690414,0.12057656323962115,0.14202809612962328,0.13157391627594794,0.1288271528126989,-0.17210996992168878,-0.8088196887532004,-0.17210996992168878,sudden,up,False,False,
Halcyon Personal Care,affiliate,2024-05,16,13054.695444894945,70817.24927805788,5.424657325556457,2.0213808981964374,28970.289041892844,2.6698427453462537,0.02504129568170863,1.449947358200308,0.12184840005822688,0.6231491998167393,5,1.6909547316354356,16,1.3876017841407555,0.3033529474946801,0.10896262230605225,1.367895196739288,1.1179092818058172,1.4965644064468078,0.19439032518862787,0.15367058183577756,0.12380172142847841,0.13157391627594794,0.14218255860220097,1.3671882620462192,1.8414988030099877,1.8414988030099877,gradual,up,True,True,gradual
Verdant Snacks,display,2024-05,16,15026.272137671545,58084.36788169343,3.8655208257591243,1.5512989476852503,24887.28424191938,1.6255241812751011,0.006407675866882731,0.6769643602578082,0.040008687641930184,0.5199655624725443,5,1.352096427361635,16,1.0999728457246936,0.2521235816369414,0.0009399264926926332,0.9733013302160352,1.1179092818058172,1.1009127722173861,0.2511836551442488,0.2328325555985632,0.1466732478001953,0.13157391627594794,0.19969436029149862,1.2578405057488355,-0.44499203522142217,1.2578405057488355,sudden,up,True,True,sudden
Ridgeway Grocery,paid_search,2024-05,16,53707.605935558466,359036.3640828337,6.68501896200003,4.473999231327366,227033.71891133266,4.346559813805375,0.042519665792463156,2.0580093517271725,0.17012958149871366,0.7084964913850119,5,1.899869047049514,16,1.6420612827189907,0.25780776433052344,0.051311493167899166,1.447256343776705,1.1179092818058172,1.6933727758868897,0.20649627116262437,0.2971381913149731,0.14202809612962328,0.13157391627594794,0.23748046239753087,0.8695295144615288,0.23845981330826385,0.8695295144615288,sudden,up,False,True,sudden
Aster Wellness,audio,2024-05,16,47285.126317342896,83894.52868196368,1.7742265954610226,1.0586535475187464,49867.97722375501,1.2114650924359704,0.005047429501873412,0.9319610961218423,0.04901900698380676,0.4613565602440751,5,0.5733646071064293,16,0.6105871403140763,-0.03722253320764701,0.03774277350882556,0.7248487206274817,1.1179092818058172,0.648329913822902,-0.07496530671647261,0.11036012049253024,0.13060930064402804,0.13157391627594794,0.11814826670464477,-0.6345019593378892,0.18227325942391873,0.18227325942391873,gradual,up,False,False,
Crestline Beverages,audio,2024-05,16,111363.3291173432,175051.3077317032,1.5718936306874605,1.6412588637206658,159624.08790643766,1.499664234429898,0.005330413660614842,0.7966166873090706,0.05142104576936329,0.46991250521790895,5,0.4522810267605521,16,0.5544317751922628,-0.10215074843171074,0.03774277350882556,0.7248487206274817,1.1179092818058172,0.5921745487010884,-0.13989352194053634,0.1913739026019324,0.13060930064402804,0.13157391627594794,0.16800290184889227,-0.8326851524645776,-0.37546663641942835,-0.37546663641942835,gradual,up,False,False,
Nimbus Home,paid_search,2024-05,16,49812.90896510141,212861.1212296793,4.273212017768494,3.1501604233213985,138178.49237531156,2.945508234185608,0.043120669725674084,1.4757295746641657,0.14613104781995478,0.6713175530140546,5,1.452365773443708,16,1.4050941557022183,0.0472716177414898,0.051311493167899166,1.447256343776705,1.1179092818058172,1.4564056488701174,-0.004039875426409267,0.22207962296745615,0.14202809612962328,0.13157391627594794,0.1912905741836743,-0.021119051179857094,0.17454848220662322,0.17454848220662322,gradual,up,False,False,
Halcyon Personal Care,display,2024-05,16,25907.46335737203,51984.119168328114,2.0065306452912886,1.2557343677343802,33754.25491489934,1.2205369820891576,0.006177310905797465,0.7121976531841322,0.05398761019432852,0.4593608020071143,5,0.6964071836165703,16,0.895048273374345,-0.19864108975777472,0.0009399264926926332,0.9733013302160352,1.1179092818058172,0.8959881998670376,-0.1995810162504673,0.07405965432725724,0.1466732478001953,0.13157391627594794,0.1019879595091565,-1.9569076311655091,-1.12841877386462,-1.12841877386462,gradual,up,False,False,
Ridgeway Grocery,retail_media,2024-05,16,66325.95651402036,315525.7764030202,4.7571990361921515,2.552594861828534,153330.80103660995,2.5110231962865845,0.0214319857209195,1.6637819665714297,0.15749108986487093,0.6332112637842493,5,1.559659057271116,16,1.6353302056999497,-0.07567114842883371,-0.038240513206117765,1.4321123083165361,1.1179092818058172,1.597089692493832,-0.03743063522271606,0.10823336426095234,0.09782875035098039,0.13157391627594794,0.1042315896801939,-0.35911027873182894,0.23120663022612792,0.23120663022612792,gradual,up,False,False,
Verdant Snacks,digital_video,2024-05,16,19990.414824766423,110839.60720117694,5.5446376762455225,2.906359240108506,56974.189190234145,2.7831237368072905,0.014880490470092465,0.8459513901307895,0.09419264978738066,0.5641296026272712,5,1.712831276241005,16,1.1100560068741052,0.6027752693668997,-0.031121506379685047,1.00022321045654,1.1179092818058172,1.0789345004944202,0.6338967757465848,0.29670676761788617,0.15595272690605602,0.13157391627594794,0.24257059811333612,2.6132465380260537,2.211560714579855,2.6132465380260537,sudden,up,True,True,sudden
Nimbus Home,display,2024-05,16,40637.10631432292,104678.68326581338,2.575938415893516,1.7934090263624531,74223.16871714786,1.8335687495640323,0.006631679293256676,0.7611597086498817,0.05137496470838243,0.46575197193954704,5,0.9462139010826982,16,0.8783796194483331,0.06783428163436511,0.0009399264926926332,0.9733013302160352,1.1179092818058172,0.8793195459410257,0.06689435514167252,0.1018527657432049,0.1466732478001953,0.13157391627594794,0.11909141268820121,0.5617059503426309,0.4874325358543484,0.5617059503426309,sudden,up,False,True,sudden
Halcyon Personal Care,paid_search,2024-05,16,34762.87526719112,125516.76047221005,3.6106553185683006,2.7084744354529993,90265.9040323472,2.8538500534186735,0.04119421112724992,2.0486248512647953,0.1606367504223251,0.6761695806850513,5,1.2838892845597307,16,1.226403664668537,0.05748561989119372,0.051311493167899166,1.447256343776705,1.1179092818058172,1.277715157836436,0.006174126723294648,0.10421394008628498,0.14202809612962328,0.13157391627594794,0.1187578462567997,0.05198921096921743,0.0729834581855302,0.0729834581855302,gradual,up,False,False,
Verdant Snacks,social,2024-05,16,29298.70136078921,195948.62364610916,6.687962760982623,3.943406503556058,120350.85472767109,3.6374744665741607,0.019305091191498248,0.6817908813965733,0.14970555056560775,0.6217849506150426,5,1.9003093077320041,16,1.253229642629111,0.6470796651028932,-0.0704289603340345,1.0912188370312654,1.1179092818058172,1.1828006822950765,0.7175086254369276,0.25557406512811826,0.1341053031344271,0.13157391627594794,0.20885531051516013,3.4354339550530413,1.6256371354428196,3.4354339550530413,sudden,up,True,True,sudden
Solstice Foods,affiliate,2024-05,16,125372.21709371802,505310.9297904684,4.030485712897135,2.8590515270056174,368640.45578396396,2.8722141834891115,0.030333469193478818,1.2034458033292463,0.13789891814178545,0.5403968136835575,5,1.3938868929882156,16,1.275682871087747,0.11820402190046853,0.10896262230605225,1.367895196739288,1.1179092818058172,1.3846454933937993,0.009241399594416277,0.24087343756415194,0.12380172142847841,0.13157391627594794,0.19584585443504673,0.047187108560836216,-0.4963820150521437,0.047187108560836216,sudden,up,False,False,
Crestline Beverages,tv,2024-05,16,82563.7255463991,106951.22957710201,1.2953779504171918,1.3978037312972127,103794.75346765023,1.2104624427913402,0.0041822359555528,,0.0639849976032269,0.4864252924787889,5,0.2588025061745319,16,0.4875486249343232,-0.22874611875979134,0.08633953953570278,0.6639271413107118,1.1179092818058172,0.573888164470026,-0.3150856582954941,0.2043553825600635,0.13083204502647994,0.13157391627594794,0.1760771758163775,-1.7894747393272705,-0.5664146494228485,-0.5664146494228485,gradual,up,False,False,
Crestline Beverages,social,2024-05,16,129918.35406754004,324541.64902536053,2.498043108340509,2.345052002479386,313417.2549788524,2.449683628247757,0.011536227475996618,0.837631278638801,0.08966365457245515,0.6121886369046582,5,0.9155076686964003,16,0.8761839580023834,0.03932371069401697,-0.0704289603340345,1.0912188370312654,1.1179092818058172,0.8057549976683489,0.10975267102805142,0.18774376156815195,0.1341053031344271,0.13157391627594794,0.16711358524748854,0.6567549302799776,1.622693166223996,1.622693166223996,gradual,up,False,True,gradual
Aster Wellness,paid_search,2024-05,16,31535.323814466294,129714.0294770498,4.113293088100326,2.6851419986979908,83089.90304383183,2.7437820088555274,0.04278722593751219,1.9742820467143944,0.14887662863751044,0.6477754014697962,5,1.4142239456689643,16,1.3924896485197107,0.021734297149253567,0.051311493167899166,1.447256343776705,1.1179092818058172,1.4438011416876098,-0.029577196018645502,0.11517005090134808,0.14202809612962328,0.13157391627594794,0.12550006829683855,-0.2356747404207634,0.3530800072809082,0.3530800072809082,gradual,up,False,False,
Nimbus Home,audio,2024-05,16,47432.02219078436,137210.89787536714,2.892790387967605,1.697516126451795,76183.73885470864,1.6798356277170856,0.004463617117599955,0.8618448019969528,0.06412660425216148,0.46127897501467563,5,1.0622215684667007,16,1.0354524115914927,0.026769156875207978,0.03774277350882556,0.7248487206274817,1.1179092818058172,1.0731951851003183,-0.010973616633617622,0.11143593942706398,0.13060930064402804,0.13157391627594794,0.11881030912589631,-0.09236249542949615,0.4597853507058991,0.4597853507058991,gradual,up,False,False,
Solstice Foods,paid_search,2024-05,16,105670.53962661614,492339.64171173313,4.659194922741961,3.001166017547242,300580.524717226,2.933338755328421,0.03890017368457167,2.0037679901474577,0.12525863060317857,0.6819774387321065,5,1.538842669852152,16,1.4660935062532805,0.07274916359887151,0.051311493167899166,1.447256343776705,1.1179092818058172,1.5174049994211796,0.021437670430972444,0.1152263414374817,0.14202809612962328,0.13157391627594794,0.1255347086267669,0.1707708622219356,-0.47724320859427294,0.1707708622219356,sudden,up,False,False,
Solstice Foods,tv,2024-05,16,95977.12803017789,174991.0537417749,1.8232578670905095,1.4267096412868907,140071.19928689973,1.4378878731199838,0.004240617738790753,,0.06144621169137516,0.5517413837586901,5,0.6006249377449707,16,0.7902399412252938,-0.18961500348032312,0.08633953953570278,0.6639271413107118,1.1179092818058172,0.8765794807609966,-0.27595454301602584,0.08029373670096372,0.13083204502647994,0.13157391627594794,0.09973154759539303,-2.766973436886416,-0.36951094765242615,-0.36951094765242615,gradual,up,False,False,
Halcyon Personal Care,social,2024-05,16,22302.428681784357,64869.09623802411,2.908611307028025,1.8874121286396748,44789.16252431343,2.2809790589440624,0.013009814009183218,0.9517926442396921,0.09184073565925821,0.5576653330989605,5,1.0676757532008068,16,0.9416369949055775,0.12603875829522926,-0.0704289603340345,1.0912188370312654,1.1179092818058172,0.871208034571543,0.1964677186292637,0.14161865624738346,0.1341053031344271,0.13157391627594794,0.13872890505009255,1.416198870439601,2.1387095587946807,2.1387095587946807,gradual,up,False,True,gradual
Aster Wellness,social,2024-05,16,42145.6057826312,103009.20896383707,2.4441269036471795,1.6913361805449965,56327.8681864207,1.5708416323212084,0.01150616000314231,0.8670695402796667,0.1054393481177351,0.5887960031920214,5,0.8936879645305376,16,0.7012753284552851,0.1924126360752525,-0.0704289603340345,1.0912188370312654,1.1179092818058172,0.6308463681212506,0.26284159640928695,0.11181213458422587,0.1341053031344271,0.13157391627594794,0.12038643018045711,2.183315810721292,2.127302104105425,2.183315810721292,sudden,up,False,True,sudden
Solstice Foods,digital_video,2024-05,16,124982.91848527442,262123.29086472763,2.0972729237044594,1.574690818830181,203558.05001451072,1.6247230298490316,0.008812684148158056,1.0955209140379145,0.0658564225818331,0.5834477500075796,5,0.7406378930478446,16,0.8839824553785791,-0.14334456233073456,-0.031121506379685047,1.00022321045654,1.1179092818058172,0.8528609489988941,-0.11222305595104953,0.284081480798087,0.15595272690605602,0.13157391627594794,0.23480119083961354,-0.47794926230892126,0.075986659426694,0.075986659426694,gradual,up,False,False,
Aster Wellness,retail_media,2024-05,16,32821.920062511694,124938.27676168803,3.806549907005262,3.0324308077972466,108547.14304445377,3.2222568005517425,0.019942731862685862,1.6995230848292415,0.16013135966013942,0.6879866767874606,5,1.336723242673916,16,1.3434450686901482,-0.00672182601623228,-0.038240513206117765,1.4321123083165361,1.1179092818058172,1.3052045554840306,0.031518687189885375,0.07886856347255917,0.09782875035098039,0.13157391627594794,0.08616094304118271,0.3658117712896927,0.483221985710401,0.483221985710401,gradual,up,False,False,
Halcyon Personal Care,retail_media,2024-05,16,30625.88709149928,122908.97114474613,4.013237911363604,3.0927597743166313,106188.5059077413,3.1491896154924635,0.017918771464719045,1.4980539073054995,0.14643282460409887,0.6670837061527123,5,1.3895983746916014,16,1.403126424499514,-0.013528049807912668,-0.038240513206117765,1.4321123083165361,1.1179092818058172,1.3648859112933964,0.024712463398204987,0.0842558531702346,0.09782875035098039,0.13157391627594794,0.0894761982397522,0.2761903599434091,-0.24503291400108934,0.2761903599434091,sudden,up,False,False,
Solstice Foods,retail_media,2024-05,16,115053.7445957459,389846.5552737743,3.388386502703962,2.412601828469221,301421.5846552271,2.757035031757181,0.020735929928767476,1.5236533619838366,0.19109286599627953,0.7118216658452876,5,1.220353850184006,16,1.285078517117825,-0.06472466693381884,-0.038240513206117765,1.4321123083165361,1.1179092818058172,1.2468380039117073,-0.026484153727701187,0.10866943066347222,0.09782875035098039,0.13157391627594794,0.10449993823559074,-0.25343702757023423,-0.386072644669365,-0.25343702757023423,sudden,up,False,False,
Solstice Foods,display,2024-05,16,160033.74727696364,412665.13644725876,2.5786132204545376,1.6876710677909985,298895.93725716183,1.9044879668393753,0.00564881927228811,0.6117559721994885,0.05626007192184495,0.47806275158441613,5,0.9472517429707294,16,0.9713264857792322,-0.024074742808502747,0.0009399264926926332,0.9733013302160352,1.1179092818058172,0.9722664122719248,-0.025014669301195336,0.2155288077224646,0.1466732478001953,0.13157391627594794,0.18904590006005334,-0.1323206125774166,-1.0805110030914684,-0.1323206125774166,sudden,up,False,False,
Ridgeway Grocery,affiliate,2024-06,17,69760.31779289342,288412.40870079095,4.134333354917313,2.6250059931472167,174569.2211849979,2.7230505097838917,0.029562864089959964,1.073984930399821,0.11690212802917939,0.5498661371389606,6,1.4193260953857503,17,1.4504867038050757,-0.031160608419325442,-0.04305866124509583,1.3991797493754243,1.1180626968156486,1.4074280425599799,0.011898052825770389,0.15324333727070757,0.12401457669673698,0.13261359440386947,0.1424178703914592,0.08354325754953794,-0.31595354330438075,0.08354325754953794,sudden,up,False,False,
Halcyon Personal Care,social,2024-06,17,24632.32765758809,70106.55298595718,2.8461196993033897,2.2263360251759305,54377.5236532412,2.0935155196302984,0.012691567939337045,0.8183734769384791,0.08301560103843428,0.5963760800592198,6,1.0459565575686645,17,1.0066013067891468,0.039355250779517625,-0.11166658142638156,1.1278579011468377,1.1180626968156486,0.8949347253627653,0.15102183220589915,0.14161865624738346,0.1393906184572121,0.13261359440386947,0.1407934570658385,1.072648085736524,0.9992703982584742,1.072648085736524,sudden,up,False,True,sudden
Solstice Foods,retail_media,2024-06,17,112171.718526344,421590.14533680835,3.7584352889966297,2.246045095294371,241105.7594249941,2.406827394802496,0.01843255772882723,1.5039790967039952,0.16518957102757173,0.6393449208242001,6,1.324002724245351,17,1.285078517117825,0.03892420712752598,-0.05529467760457517,1.4307730152424503,1.1180626968156486,1.2297838395132499,0.09421888473210105,0.09092490390945848,0.09092490390945848,0.13261359440386947,0.09092490390945848,1.0362274875310582,0.05756010527517984,1.0362274875310582,sudden,up,False,True,sudden
Ridgeway Grocery,display,2024-06,17,56796.53898895358,179897.9109097862,3.1674097420755647,1.4203573428678649,81663.23633887371,1.5124347944229628,0.00616011213632736,0.679195390213153,0.05561828881722097,0.4831062922613683,6,1.1529141378033987,17,0.9950351767244273,0.15787896107897137,0.010214327384441751,0.9587040907227068,1.1180626968156486,1.0052495041088692,0.14766463369452953,0.07116285036036288,0.14612283849976032,0.13261359440386947,0.09892580893051008,1.492680578414636,0.0960103453597799,1.492680578414636,sudden,up,False,True,sudden
Ridgeway Grocery,social,2024-06,17,61509.62909887949,221137.7279862415,3.5951725156845384,1.8889951332752786,124402.68750421921,1.9887104957985706,0.010828549156372347,0.921115073852073,0.08711683835953488,0.5698396883690762,6,1.2795919776946671,17,1.4236302833515726,-0.14403830565690545,-0.11166658142638156,1.1278579011468377,1.1180626968156486,1.311963701925191,-0.032371724230523924,0.06522351408312835,0.1393906184572121,0.13261359440386947,0.09269281199945567,-0.34923661859254007,0.32820431583885695,0.32820431583885695,gradual,up,False,False,
Verdant Snacks,digital_video,2024-06,17,22774.894587682364,50858.03591580785,2.233074481201509,1.869152394904262,41954.19250029027,2.324742737132243,0.008375751750916937,1.0861234775163862,0.06162774880179009,0.5337268313200199,6,0.8033793270718073,17,1.1940074533063454,-0.39062812623453813,-0.07713141142114961,1.0214425007676229,1.1180626968156486,1.1168760418851957,-0.3134967148133885,0.25657517979584105,0.1627885369008448,0.13261359440386947,0.2218393861310276,-1.413169772423659,0.4696128597924417,0.4696128597924417,gradual,up,False,False,
Nimbus Home,retail_media,2024-06,17,33804.913310465075,173414.37279480515,5.129857047765918,3.5438816450354294,101686.77327438121,3.2603603650719957,0.022532530615108754,1.3577497430310685,0.1506616687656165,0.681994860894014,6,1.6350777928618463,17,1.4783683550344127,0.15670943782743363,-0.05529467760457517,1.4307730152424503,1.1180626968156486,1.4230736774298376,0.2120041154320087,0.10470256955074207,0.09092490390945848,0.13261359440386947,0.09959973042434074,2.1285611369506072,0.03497136707058675,2.1285611369506072,sudden,up,False,True,sudden
Verdant Snacks,display,2024-06,17,12583.33143146383,35351.662977638705,2.8094041049609557,1.5610260719973146,19172.705507251172,1.567384639615037,0.005735646263144386,0.7071799253905644,0.050932851064431454,0.548173848914771,6,1.0329723985657924,17,1.1872937330912543,-0.15432133452546193,0.010214327384441751,0.9587040907227068,1.1180626968156486,1.197508060475696,-0.16453566190990365,0.2640440465613466,0.14612283849976032,0.13261359440386947,0.2203695250570554,-0.7466352793894895,-0.22884696659453008,-0.22884696659453008,gradual,up,True,False,
Solstice Foods,paid_search,2024-06,17,113845.4216710708,489890.56803989224,4.303120501896987,3.0521371754535074,333069.4674629145,2.8451271861559726,0.0442652043953017,1.9557469465022548,0.13814586775842855,0.6291603420295316,6,1.4593404576235416,17,1.523607352556776,-0.06426689493323434,-0.01674633227300783,1.449879568017004,1.1180626968156486,1.506861020283768,-0.04752056266022642,0.13573874692455845,0.13660136341615392,0.13261359440386947,0.13605823451403826,-0.3492663478249332,-0.27621927319944306,-0.27621927319944306,gradual,up,False,False,
Nimbus Home,digital_video,2024-06,17,36181.23295919116,126363.13389137198,3.49250491363567,1.810291169292919,61580.02258357936,1.6542273219761137,0.008192770601866973,1.3641316884003458,,0.5377117542807986,6,1.2506192190587044,17,1.224993023157845,0.02562619590085946,-0.07713141142114961,1.0214425007676229,1.1180626968156486,1.1478616117366953,0.10275760732200911,0.16419506689778327,0.1627885369008448,0.13261359440386947,0.16367412986188012,0.6278182594202474,-0.03099967177594783,0.6278182594202474,sudden,up,False,True,sudden
Nimbus Home,audio,2024-06,17,48640.055685969084,139987.67763385613,2.8780328406210596,1.6283953412062617,83872.14031682903,1.675707940775308,0.0049910305997924315,0.7811434974231278,0.05030481723314845,0.45868396091947994,6,1.0571070193177439,17,1.0354524115914927,0.021654607726251163,0.03613677031379285,0.7006287222250688,1.1180626968156486,1.0715891819052856,-0.014482162587541758,0.11020695974011782,0.137087186791264,0.13261359440386947,0.12016259938869048,-0.12052138237036837,0.05981070528145008,0.05981070528145008,gradual,up,False,False,
Aster Wellness,audio,2024-06,17,44080.383064653666,98504.63396016223,2.234659209192518,1.2803561082798842,64646.733985623294,1.3992627865409868,0.005498192997920069,0.8810425761783426,0.03917474289858643,0.447254544463319,6,0.804088737330918,17,0.5835239836279964,0.2205647537029216,0.03613677031379285,0.7006287222250688,1.1180626968156486,0.6196607539417892,0.1844279833891288,0.09756143061650345,0.137087186791264,0.13261359440386947,0.11220059957011846,1.64373438373538,0.785548233294437,1.64373438373538,sudden,up,False,True,sudden
Crestline Beverages,paid_search,2024-06,17,141523.66281777626,475813.29272964055,3.362075876613585,3.192842941240077,502225.49981230835,3.359083645631957,0.040763891398069955,1.4904093693243934,0.12895336897339973,0.6575374853213428,6,1.212558603623358,17,1.3485554632332373,-0.13599685960987928,-0.01674633227300783,1.449879568017004,1.1180626968156486,1.3318091309602293,-0.11925052733687136,0.10113493661631459,0.13660136341615392,0.13261359440386947,0.11427065024588472,-1.0435796687974652,-0.660324604871798,-0.660324604871798,gradual,up,False,False,
Aster Wellness,paid_search,2024-06,17,33206.282183021234,137684.88338563743,4.146350459433165,2.6509309410052464,98588.10079397257,2.9331598779383983,0.04700385105768042,1.6912328069526827,0.1781383498007563,0.7413102455372572,6,1.422228539971599,17,1.4217118140924623,0.000516725879136759,-0.01674633227300783,1.449879568017004,1.1180626968156486,1.4049654818194544,0.017263058152144684,0.09373557779762726,0.13660136341615392,0.13261359440386947,0.10961179469337787,0.15749270596686638,0.3602258305789192,0.3602258305789192,gradual,up,False,False,
Ridgeway Grocery,retail_media,2024-06,17,61041.69619386767,315887.3851774103,5.17494442117329,2.6997692836187404,146810.3866791609,2.4531013951620007,0.021745152976489077,1.4840952995614092,0.17122046141687372,0.7298222798946187,6,1.6438285992238644,17,1.5904294798713745,0.053399119352489866,-0.05529467760457517,1.4307730152424503,1.1180626968156486,1.5351348022667994,0.10869379695706494,0.09481756684083352,0.09092490390945848,0.13261359440386947,0.09337583982921313,1.1640462581741569,0.21077624694773378,1.1640462581741569,sudden,up,False,True,sudden
Solstice Foods,social,2024-06,17,136587.81188179835,450570.0970645063,3.298757706539914,2.3280815985985157,292213.7120527039,2.3263482501767343,0.010277244377826239,0.8207476857483165,0.07072415217830032,0.6153022446493506,6,1.1935459450327175,17,1.2369718620125418,-0.04342591697982434,-0.11166658142638156,1.1278579011468377,1.1180626968156486,1.1253052805861603,0.06824066444655719,0.10744107778281917,0.1393906184572121,0.13261359440386947,0.11927424099555729,0.5721324560690267,0.5614309379870006,0.5721324560690267,sudden,up,False,True,sudden
Verdant Snacks,retail_media,2024-06,17,37985.39606706654,178172.67481819706,4.690557247412074,3.350378384468095,128316.71654142189,3.349228646946593,0.019395444036843193,1.5003980307369045,0.18007626661233514,0.6236276902955155,6,1.54555139147945,17,1.5832742970822582,-0.03772290560280811,-0.05529467760457517,1.4307730152424503,1.1180626968156486,1.5279796194776831,0.01757177200176696,0.02938113681668947,0.09092490390945848,0.13261359440386947,0.08,0.219647150022087,,0.219647150022087,sudden,up,False,False,
Halcyon Personal Care,display,2024-06,17,25190.59069052323,56049.78790505123,2.2250287257510526,1.1554846622700097,28174.713257360334,1.1518537262719888,0.005873205851668768,0.7785562535278416,0.04867706791200912,0.5009107212581644,6,0.7997698259847756,17,0.8779136247323294,-0.07814379874755373,0.010214327384441751,0.9587040907227068,1.1180626968156486,0.8881279521167711,-0.08835812613199545,0.092581480771952,0.14612283849976032,0.13261359440386947,0.11241161326373286,-0.7860231124403074,-1.3587964206509957,-0.7860231124403074,sudden,up,False,False,
Halcyon Personal Care,affiliate,2024-06,17,29318.636420474613,110445.41626665766,3.767072065791174,2.007768417884022,55205.56307830695,2.149144724252603,0.02937036175157959,1.0335705462507816,0.12044130686215375,0.5340034422498497,6,1.3262980593448506,17,1.4566990902205967,-0.13040103087574617,-0.04305866124509583,1.3991797493754243,1.1180626968156486,1.413640428975501,-0.08734236963065034,0.14266062245083624,0.12401457669673698,0.13261359440386947,0.13575467957894763,-0.6433838590430079,0.35997634589518446,0.35997634589518446,gradual,up,False,False,
Crestline Beverages,tv,2024-06,17,94377.68010209466,111187.94144546041,1.1781169162579646,1.3621180092064875,102414.73671122095,1.132302177921083,0.0037647120792381064,,0.06743369505283461,0.5643870892384715,6,0.16391733009899695,17,0.44262011914504484,-0.2787027890460479,-0.04499906335269376,0.639525976658814,1.1180626968156486,0.3976210557923511,-0.23370372569335413,0.2043553825600635,0.1290976843396679,0.13261359440386947,0.17648216099695402,-1.3242342703259833,-0.542708070789413,-0.542708070789413,gradual,up,False,False,
Crestline Beverages,social,2024-06,17,166507.16332152928,306588.0149271571,1.8412902412800605,2.3370696180720407,357769.0811428327,2.216801628327908,0.011661368356186714,0.9180706006815211,0.10664935364722723,0.6034682331724813,6,0.6104665439693517,17,0.902689786822986,-0.2922232428536342,-0.11166658142638156,1.1278579011468377,1.1180626968156486,0.7910232053966044,-0.18055666142725268,0.11437067759198916,0.1393906184572121,0.13261359440386947,0.12363732235688654,-1.4603734372867203,-0.023431858373235876,-0.023431858373235876,gradual,up,False,False,
Halcyon Personal Care,paid_search,2024-06,17,36635.17306659558,143947.2243763277,3.929208253354224,2.5190750295991964,90424.32411508053,2.6429723517773143,0.03917286588677746,1.99143654326074,0.13078678111171907,0.6661345777305111,6,1.368437943334091,17,1.2838892845597307,0.08454865877436024,-0.01674633227300783,1.449879568017004,1.1180626968156486,1.2671429522867228,0.10129499104736817,0.1175293995082246,0.13660136341615392,0.13261359440386947,0.12459308984449471,0.8130064931674379,0.555411373145445,0.8130064931674379,sudden,up,False,True,sudden
Solstice Foods,display,2024-06,17,143566.13253811625,415062.6382598036,2.891090196008492,1.9922262543042824,293635.92686620157,1.9779208219174154,0.006385311510823742,0.5944084100663494,0.05090581817292329,0.4720715916272782,6,1.0616336614435875,17,0.9592891143749809,0.10234454706860663,0.010214327384441751,0.9587040907227068,1.1180626968156486,0.9695034417594226,0.0921302196841649,0.2155288077224646,0.14612283849976032,0.13261359440386947,0.1898228931955371,0.48534830616695585,-0.08471476053132315,0.48534830616695585,sudden,up,False,False,
Nimbus Home,paid_search,2024-06,17,51834.83589265747,183848.74913891364,3.5468183890779184,2.943559792180722,144097.6303352185,2.8228550595294593,0.041579527206125344,2.0901217993336365,0.12570934239498613,0.6763419614921106,6,1.2660509732057517,17,1.4245844872230584,-0.15853351401730675,-0.01674633227300783,1.449879568017004,1.1180626968156486,1.4078381549500505,-0.14178718174429883,0.1846982289025109,0.13660136341615392,0.13261359440386947,0.16688457501867499,-0.8496122648149617,-0.593178651762811,-0.593178651762811,gradual,up,False,False,
Ridgeway Grocery,paid_search,2024-06,17,49575.178699781805,309277.36920711974,6.238552786265215,4.883652298062367,247905.81883448566,4.675111159817828,0.04384435819464853,2.228930350992341,0.13037815736376512,0.7780971981486574,6,1.8307482302044995,17,1.6420612827189907,0.18868694748550885,-0.01674633227300783,1.449879568017004,1.1180626968156486,1.6253149504459827,0.20543327975851677,0.2971381913149731,0.13660136341615392,0.13261359440386947,0.23768010690800304,0.8643267727830172,0.6725482911859412,0.8643267727830172,sudden,up,False,True,sudden
Solstice Foods,affiliate,2024-06,17,127296.40503842442,505319.3853890238,3.969628091512036,2.9379335748071878,354915.51708564156,2.825562708165538,0.030062921700015243,1.0949613799804112,0.13072234778863834,0.572341986654601,6,1.3786724105909898,17,1.3832223574618498,-0.004549946870860078,-0.04305866124509583,1.3991797493754243,1.1180626968156486,1.340163696216754,0.03850871437423575,0.12778768562230247,0.12401457669673698,0.13261359440386947,0.12639023787209303,0.30468108156586104,-0.05519709171992177,0.30468108156586104,sudden,up,False,False,
Solstice Foods,tv,2024-06,17,99223.30233043912,187501.6894981719,1.8896941050575302,1.3316849809020317,136248.84275253647,1.3931228939095122,0.004452158072312006,,0.07049409909275069,0.556051554337121,6,0.6364149667966498,17,0.7902399412252938,-0.15382497442864407,-0.04499906335269376,0.639525976658814,1.1180626968156486,0.7452408778726001,-0.1088259110759503,0.06257503364592662,0.1290976843396679,0.13261359440386947,0.08721305242138636,-1.2478167895114751,-1.421274813833269,-1.2478167895114751,sudden,up,False,False,
Crestline Beverages,digital_video,2024-06,17,91003.07498100339,231997.6285517144,2.5493383448871723,1.977416430405432,151222.46523417914,1.780070460469397,0.007105666583328703,1.0358715996611843,0.06917733706010348,0.5298256828352291,6,0.9358338529082314,17,1.0030188211337738,-0.06718496822554243,-0.07713141142114961,1.0214425007676229,1.1180626968156486,0.9258874097126242,0.009946443195607224,0.07099444873803061,0.1627885369008448,0.13261359440386947,0.10499225916870253,0.09473501450830948,-0.3095053214111343,0.09473501450830948,sudden,up,False,False,
Nimbus Home,display,2024-06,17,40657.88568144154,98779.40729787936,2.429526416396208,2.1089810643810845,79518.07382337871,1.8901429937685936,0.006511724907595749,0.6178026305781275,0.051007067256792826,0.4670960552101375,6,0.8876963479869298,17,0.9224263808648074,-0.03473003287787768,0.010214327384441751,0.9587040907227068,1.1180626968156486,0.9326407082492492,-0.044944360262319405,0.12131623956652751,0.14612283849976032,0.13261359440386947,0.1305038688010582,-0.3443910182527476,0.005980300364847873,0.005980300364847873,gradual,up,False,False,
Crestline Beverages,retail_media,2024-06,17,118115.0191960588,373489.4558846506,3.162082675232829,3.0221030082309155,358404.18561210076,3.0134402964438483,0.020989718939653554,1.4654618536200024,0.14871659988151698,0.6499750623243696,6,1.1512308849454125,17,1.1735711415081305,-0.022340256562717986,-0.05529467760457517,1.4307730152424503,1.1180626968156486,1.1182764639035554,0.032954421041857085,0.07608776646182838,0.09092490390945848,0.13261359440386947,0.08158300255354323,0.4039373400142876,-0.0469861760151727,0.4039373400142876,sudden,up,False,False,
Verdant Snacks,affiliate,2024-06,17,26924.473292619692,103803.22365761525,3.855348349045287,2.6976723561375167,60899.476545857084,2.6115818441375866,0.029242462519357967,1.39922404383145,0.10917110426849033,0.5802454432708486,6,1.3494613658498757,17,1.2854943874555085,0.06396697839436727,-0.04305866124509583,1.3991797493754243,1.1180626968156486,1.2424357262104126,0.1070256396394631,0.047446532866719425,0.12401457669673698,0.13261359440386947,0.08,1.3378204954932886,1.804088369996874,1.804088369996874,gradual,up,False,True,gradual
Aster Wellness,retail_media,2024-06,17,35502.84028213296,130809.0865961037,3.6844682159679,2.7302573861045802,96805.50873335004,2.931287951857917,0.021234311632112878,1.6618508449432914,0.1737293865445992,0.6337522974266876,6,1.304126204771072,17,1.3625558432345954,-0.05842963846352345,-0.05529467760457517,1.4307730152424503,1.1180626968156486,1.3072611656300204,-0.003134960858948377,0.07631829933160146,0.09092490390945848,0.13261359440386947,0.0817281528789559,-0.038358396079150765,0.630880239637387,0.630880239637387,gradual,up,False,True,gradual
Aster Wellness,digital_video,2024-06,17,43507.08591898045,109602.19138355348,2.5191802454353374,1.4690827108901539,62308.59152112499,1.5391805137774004,0.007980547452063596,1.2302626315014702,0.0710675676755734,0.5582637345675088,6,0.9239335491715733,17,1.0546988133825208,-0.13076526421094747,-0.07713141142114961,1.0214425007676229,1.1180626968156486,0.9775674019613712,-0.05363385278979782,0.19011315318577457,0.1627885369008448,0.13261359440386947,0.17999292493209687,-0.2979775611182019,-0.20861754026653462,-0.20861754026653462,gradual,up,False,False,
Verdant Snacks,social,2024-06,17,32505.13226426678,88723.38088271477,2.729519146742537,2.5148378894766243,81815.8035166761,2.963309866466095,0.010682168588110665,0.8370848193655914,0.07946238061273635,0.5914544208995762,6,1.0041254569586284,17,1.2887802505517298,-0.2846547935931014,-0.11166658142638156,1.1278579011468377,1.1180626968156486,1.1771136691253483,-0.1729882121667199,0.24535227125415576,0.1393906184572121,0.13261359440386947,0.20610721466269516,-0.8393117749411335,0.7033660701685214,0.7033660701685214,gradual,up,False,True,gradual
Solstice Foods,digital_video,2024-06,17,114109.60711371385,273516.67631464405,2.3969644908344656,1.6431655113144443,163383.30891494427,1.5164607688836926,0.008000729258897284,1.1115881226051982,0.07163240407094652,0.5216598466245724,6,0.8742031413393756,17,0.8839824553785791,-0.009779314039203513,-0.07713141142114961,1.0214425007676229,1.1180626968156486,0.8068510439574295,0.06735209738194614,0.3256779549007528,0.1627885369008448,0.13261359440386947,0.26534854082671283,0.2538250150994075,-0.005337514019455782,0.2538250150994075,sudden,up,False,False,
Aster Wellness,display,2024-06,17,40297.23256838617,72992.8221306826,1.811360668671492,1.378599671143165,56385.19121603384,1.4027831722109396,0.005290597503285425,0.7456127522316319,0.06177859011072752,0.534588999776283,6,0.594078313501982,17,0.7195559655000224,-0.1254776519980404,0.010214327384441751,0.9587040907227068,1.1180626968156486,0.7297702928844642,-0.13569197938248212,0.27305941540982764,0.14612283849976032,0.13261359440386947,0.226045868406099,-0.6002851560140304,0.07613665721603076,0.07613665721603076,gradual,up,False,False,
Halcyon Personal Care,retail_media,2024-06,17,25042.155612852464,99607.83116311015,3.9776061095949786,2.7243564178444584,77297.152383915,3.0374493320675438,0.020186689404538796,1.232394337086634,0.15668521650030984,0.6437592042329834,6,1.3806801583334218,17,1.3900427562235889,-0.009362597890167024,-0.05529467760457517,1.4307730152424503,1.1180626968156486,1.3347480786190138,0.04593207971440805,0.06259425345949883,0.09092490390945848,0.13261359440386947,0.08,0.5741509964301006,0.13177277272263793,0.5741509964301006,sudden,up,False,True,sudden
Halcyon Personal Care,digital_video,2024-06,17,36418.15508596548,72820.51364073018,1.999566245704553,1.4596033901257608,59292.85659569939,1.6410659847189062,0.007071557624187164,1.2288729973668922,0.08650360836471423,0.5597931105847949,6,0.6929302798909723,17,0.6854304605556016,0.007499819335370694,-0.07713141142114961,1.0214425007676229,1.1180626968156486,0.608299049134452,0.08463123075652035,0.1737639555379876,0.1627885369008448,0.13261359440386947,0.16969898567237915,0.49871382802434305,0.15981648371599166,0.49871382802434305,sudden,up,False,False,
Nimbus Home,social,2024-06,17,28978.215912711148,99127.34718564688,3.420753972026455,2.382954073107684,75415.14107815808,2.504297067397844,0.012011082252150355,0.8858605025782438,0.0986621700675989,0.6283284856647572,6,1.2298609864337129,17,1.1439696952827068,0.08589129115100613,-0.11166658142638156,1.1278579011468377,1.1180626968156486,1.0323031138563252,0.19755787257738766,0.05522145720154359,0.1393906184572121,0.13261359440386947,0.08639522062956896,2.286675942694138,-0.41456729305601203,2.286675942694138,sudden,up,False,True,sudden
Ridgeway Grocery,audio,2024-06,17,48841.736243485895,106787.51303588628,2.1863987902381075,1.439013368894641,73973.26109664727,1.53311006121861,0.004480480874803448,0.8317374545877335,0.05522317734689867,0.46902259422037634,6,0.7822558023193231,17,0.5839139902286592,0.19834181209066393,0.03613677031379285,0.7006287222250688,1.1180626968156486,0.620050760542452,0.16220504177687112,0.19414853223600834,0.137087186791264,0.13261359440386947,0.17301470058980672,0.937521732106662,-0.09098349390532985,0.937521732106662,sudden,up,False,True,sudden
Aster Wellness,social,2024-06,17,46140.88581290559,82753.1351861117,1.7934882204399656,1.6073322178591765,83019.93855522909,1.8078243982403177,0.01359572550053032,1.1555596715796799,0.09495664641590387,0.6289249445789801,6,0.5841624500511323,17,0.7266447789999898,-0.14248232894885748,-0.11166658142638156,1.1278579011468377,1.1180626968156486,0.6149781975736083,-0.030815747522475956,0.10586475470464946,0.1393906184572121,0.13261359440386947,0.11828174127967266,-0.26052835534111135,1.2313066580648977,1.2313066580648977,gradual,up,False,True,gradual
Crestline Beverages,ooh,2024-06,17,126008.80102275618,200121.90806316448,1.5881581797371762,0.8773263636280982,108604.97221640647,0.9036812588776857,0.002680474123208059,,0.0420040757217398,0.38417580660264683,6,0.46257496727053876,17,0.5486660951970512,-0.08609112792651247,-0.21673993780733702,0.5391581612565445,1.1180626968156486,0.3319261573897142,0.13064880988082456,0.2579130696801586,0.25113008584638935,0.13261359440386947,0.25540085344542923,0.5115441398035105,-0.08864678323909012,0.5115441398035105,sudden,up,False,False,
Verdant Snacks,paid_search,2024-06,17,8760.121713790824,45563.815093151454,5.2012764869946455,3.7991934143444794,31971.468017215717,3.767084411833844,0.04257278816346684,1.959894755281905,0.13225965035271697,0.6511983728605641,6,1.6489040737307226,17,1.4920959424666624,0.15680813126406012,-0.01674633227300783,1.449879568017004,1.1180626968156486,1.4753496101936545,0.17355446353706805,0.12532584100353306,0.13660136341615392,0.13261359440386947,0.12950196041561485,1.3401686196878724,,1.3401686196878724,sudden,up,True,True,sudden
Crestline Beverages,audio,2024-06,17,127027.29404054942,198375.51046306264,1.5616762677770464,1.6565821928286213,237436.3463852131,1.7024910109507552,0.004871616912088138,0.7419556957469489,0.04721075883241921,0.42259904660359904,6,0.4457597749929478,17,0.5544317751922628,-0.10867200019931506,0.03613677031379285,0.7006287222250688,1.1180626968156486,0.5905685455060556,-0.14480877051310787,0.19299068556275162,0.137087186791264,0.13261359440386947,0.1722856860177562,-0.8405153896428952,-0.3013540210600893,-0.3013540210600893,gradual,up,False,False,
Ridgeway Grocery,tv,2024-06,17,60735.77553038838,137346.3729331144,2.2613751406598057,1.489745969228888,93589.47172213758,1.5226173265702831,0.003941335819048692,,0.05679735297994771,0.5533724276078894,6,0.8159730975602948,17,0.737631263677724,0.07834183388257077,-0.04499906335269376,0.639525976658814,1.1180626968156486,0.6926322003250303,0.12334089723526453,0.08633571160763019,0.1290976843396679,0.13261359440386947,0.10217347928616267,1.207171353045707,0.05435321892383878,1.207171353045707,sudden,up,False,True,sudden
Crestline Beverages,affiliate,2024-06,17,125515.67462600155,352412.368168911,2.8077160021566425,2.2964172687329008,273097.08385843,2.1162349340381206,0.029777830500706124,1.3119406999978553,0.10562327912815851,0.5702275094726479,6,1.0323713422155836,17,1.2029258487974226,-0.17055450658183902,-0.04305866124509583,1.3991797493754243,1.1180626968156486,1.1598671875523268,-0.12749584533674319,0.10470600830262222,0.12401457669673698,0.13261359440386947,0.11185732993007214,-1.1398076944662232,-0.496793242452533,-0.496793242452533,gradual,up,False,False,
Verdant Snacks,retail_media,2024-07,18,37555.23655696036,147311.06950493314,3.922517417284941,3.2241880606214806,113181.53889572501,3.204375660992597,0.020200887386078167,1.3728648760366526,0.15287567932886298,0.6413512430543337,7,1.3667336459682684,18,1.5832742970822582,-0.2165406511139898,-0.014154998862936363,1.4340300513987618,1.1161228145276592,1.5691192982193218,-0.20238565225105343,0.02930119612486686,0.09364137548622012,0.13393870859859044,0.08,-2.529820653138168,,-2.529820653138168,sudden,up,False,False,
Nimbus Home,social,2024-07,18,29226.383068336007,86593.14702521944,2.962841718140444,2.5477720288477324,70135.45674531067,2.4067295241987674,0.014766951139879652,1.1795563472352735,0.0949594570067632,0.5790571295802626,7,1.0861488477047012,18,1.161945141111937,-0.07579629340723582,-0.08574126080296461,1.1178441416068423,1.1161228145276592,1.0762038803089724,0.00994496739572881,0.07926563554546939,0.14090916375900292,0.13393870859859044,0.10128118133601707,0.09819166072653453,0.161940116984078,0.161940116984078,gradual,up,False,False,
Halcyon Personal Care,retail_media,2024-07,18,33588.63545687927,132095.34768307008,3.9327393294274393,2.8634110353731423,106605.24801681715,3.215101360209001,0.020415944711291538,1.2517527775575865,0.15687227597626444,0.656477878104908,7,1.3693362134569753,18,1.3895983746916014,-0.020262161234626097,-0.014154998862936363,1.4340300513987618,1.1161228145276592,1.375443375828665,-0.006107162371689734,0.06597520505293385,0.09364137548622012,0.13393870859859044,0.08,-0.07633952964612167,0.1720004059394195,0.1720004059394195,gradual,up,False,False,
Solstice Foods,retail_media,2024-07,18,104547.86850857858,399064.02335778397,3.8170460005603952,2.7511846422018245,266562.86050146836,2.483657176867793,,1.4722981162104956,0.18076140739780347,0.6481115971179188,7,1.3394768251865168,18,1.285078517117825,0.054398308068691836,-0.014154998862936363,1.4340300513987618,1.1161228145276592,1.2709235182548886,0.0685533069316282,0.07249691696759886,0.09364137548622012,0.13393870859859044,0.08004850929567787,0.8563970464260683,0.3642638903081983,0.8563970464260683,sudden,up,False,True,sudden
Halcyon Personal Care,affiliate,2024-07,18,35030.37628030525,133833.6823814124,3.8205037054271167,2.271263977003389,77307.88272485416,2.144548448785172,0.026870628257731514,1.1381420972383913,0.12454420497297859,0.5918794399483279,7,1.340382273985165,18,1.4169028796141419,-0.07652060562897689,0.01946371774803892,1.3670332942631724,1.1161228145276592,1.4363665973621809,-0.0959843233770159,0.1538968413000176,0.12723771854896257,0.13393870859859044,0.14437572603178367,-0.6648231390080448,0.006553473777240742,0.006553473777240742,gradual,up,False,False,
Ridgeway Grocery,paid_search,2024-07,18,51684.543885412095,270153.6369712085,5.226971482425311,4.722719985775149,267779.02076622937,4.954180419114265,0.03854911325274283,2.006744424553131,0.16206612364591472,0.6813883344206834,7,1.6538320438952228,18,1.6510594051410976,0.002772638754125145,0.042085327085633714,1.4541392871670078,1.1161228145276592,1.6931447322267312,-0.03931268833150847,0.28167543655549254,0.13908258874805468,0.13393870859859044,0.2307494194814076,-0.17036960881574853,0.3474414840952883,0.3474414840952883,gradual,up,False,False,
Ridgeway Grocery,affiliate,2024-07,18,66347.0575939696,264786.47036176606,3.990930117537465,2.85749667377972,191665.33870800518,2.899362895498605,0.026807555741789165,0.992724611673201,0.09700540113228372,0.5791296605393096,7,1.3840243159001315,18,1.4812451673650064,-0.09722085146487491,0.01946371774803892,1.3670332942631724,1.1161228145276592,1.5007088851130455,-0.11668456921291392,0.13539278971791482,0.12723771854896257,0.13393870859859044,0.1324802643004319,-0.8807694476537479,-0.21298124003718624,-0.21298124003718624,gradual,up,False,False,
Verdant Snacks,paid_search,2024-07,18,22423.39100927785,80638.60365963067,3.5961823805447546,3.218825133972852,73266.03044097785,3.403656322369929,0.04810056020472409,1.7908281638628136,0.14321291078861142,0.6587915590403806,7,1.2798728329386169,18,1.5961959422708611,-0.3163231093322443,0.042085327085633714,1.4541392871670078,1.1161228145276592,1.6382812693564948,-0.3584084364178779,0.12467689977062817,0.13908258874805468,0.13393870859859044,0.12982178869113764,-2.7607725947342834,,-2.7607725947342834,sudden,up,False,False,
Crestline Beverages,digital_video,2024-07,18,99527.42761720034,271984.82491679536,2.7327625301730487,1.9308851258415138,181719.265771544,1.8388246466783489,0.008199421613605167,1.0189712646205626,0.06645357903543081,0.5555404646661831,7,1.005313013369494,18,0.968124569001241,0.03718844436825308,0.020019492062606854,1.002358012773852,1.1161228145276592,0.9881440610638479,0.01716895230564619,0.08352105679471421,0.153108580313032,0.13393870859859044,0.10837374376554199,0.15842354161714536,-0.06390045711439758,0.15842354161714536,sudden,up,False,False,
Crestline Beverages,paid_search,2024-07,18,132262.23026377973,487138.1188492398,3.683123427434321,3.8571319036664535,496452.05005920737,3.5775177690124185,0.04459879993997441,1.7273852830924143,0.1406987345276827,0.7035135873757442,7,1.3037611496448918,18,1.2867554925456361,0.01700565709925561,0.042085327085633714,1.4541392871670078,1.1161228145276592,1.3288408196312698,-0.025079669986378006,0.10113493661631459,0.13908258874805468,0.13393870859859044,0.11468766952050748,-0.21867799817741934,-0.4781225456321911,-0.21867799817741934,sudden,up,False,False,
Aster Wellness,retail_media,2024-07,18,36287.12596137511,117315.0676540957,3.2329666388836826,2.457840429599752,70950.10378403355,2.3799153610522756,0.017370210455784203,1.4072126803159435,0.1537861513348252,0.6439675721977819,7,1.1734001797552218,18,1.320424723722494,-0.14702454396727216,-0.014154998862936363,1.4340300513987618,1.1161228145276592,1.3062697248595576,-0.1328695451043358,0.07631829933160146,0.09364137548622012,0.13393870859859044,0.08250511224396526,-1.6104401471686307,-0.28510817154624196,-0.28510817154624196,gradual,up,False,False,
Verdant Snacks,display,2024-07,18,27247.803814546056,60745.84155150816,2.229384869509351,1.60702352137771,42462.88324009719,1.57101999407991,0.005768732546017193,0.6503217003865729,0.05046873898730997,0.5217586164970144,7,0.8017257041509258,18,1.0863435339141194,-0.2846178297631936,-0.011484300005246176,0.94474679327184,1.1161228145276592,1.0748592339088732,-0.27313352975794736,0.3081727297322432,0.14806538134828115,0.13393870859859044,0.2509915338808282,-1.0882180985739236,-0.12822508271435057,-0.12822508271435057,gradual,up,False,False,
Solstice Foods,paid_search,2024-07,18,96629.7886606038,436576.0619586536,4.518027701499535,2.9540308021192407,301009.205120177,3.02307310964781,0.043848075991787375,1.8354888566815681,0.14794895768344518,0.7322203653615493,7,1.508075549390347,18,1.4838562464424707,0.02421930294787633,0.042085327085633714,1.4541392871670078,1.1161228145276592,1.5259415735281043,-0.017866024137757286,0.1485532412839617,0.13908258874805468,0.13393870859859044,0.1451708653782806,-0.12306893736014243,-0.06701431621403116,-0.06701431621403116,gradual,up,False,False,
Ridgeway Grocery,audio,2024-07,18,54902.25120726278,107685.6201332434,1.961406276888663,1.4544806139491055,74686.44263216885,1.413478965799687,0.005661058408717843,0.9467878255503299,,0.4594923509233009,7,0.6736617041793149,18,0.6681191881825985,0.005542515996716402,0.004819998270976428,0.7167622609076901,1.1161228145276592,0.672939186453575,0.0007225177257399462,0.19414853223600834,0.1390825105032599,0.13393870859859044,0.17448209590288388,0.0041409275948983155,0.11015294028796348,0.11015294028796348,gradual,up,False,False,
Nimbus Home,retail_media,2024-07,18,31406.163236498865,136765.82491196122,4.354744764015554,3.5768211855743863,126978.22773889928,3.725166081495429,0.02467084374958592,1.4452865417407386,0.18674713693091213,0.6563485273223222,7,1.4712660010130496,18,1.5586351024439384,-0.08736910143088883,-0.014154998862936363,1.4340300513987618,1.1161228145276592,1.544480103581002,-0.07321410256795247,0.14854556880597594,0.09364137548622012,0.13393870859859044,0.12893692833463458,-0.5678288098963961,0.151635550021206,0.151635550021206,gradual,up,False,False,
Ridgeway Grocery,display,2024-07,18,58199.583380178294,152813.40629209694,2.625678697626938,1.5704317439562219,100756.67852028602,1.6657366781029856,0.005817212630725327,0.7676748459316797,0.0472777758522873,0.5146780206125535,7,0.965339414101843,18,1.0129086069357156,-0.04756919283387262,-0.011484300005246176,0.94474679327184,1.1161228145276592,1.0014243069304694,-0.03608489282862637,0.07116285036036288,0.14806538134828115,0.13393870859859044,0.09862803999890513,-0.36586849773175,0.1050513096932192,0.1050513096932192,gradual,up,False,False,
Solstice Foods,social,2024-07,18,152734.26895725957,569397.7515036387,3.7280287874555267,2.3440534596544,377169.12703072943,2.4927973583394323,0.011189855815240544,0.9791075373998775,0.08957044478552115,0.5824596645148565,7,1.315879618750485,18,1.2025851759563233,0.11329444279416179,-0.08574126080296461,1.1178441416068423,1.1161228145276592,1.1168439151533587,0.1990357035971264,0.06374722939133289,0.14090916375900292,0.13393870859859044,0.09130506309407219,2.179897771847095,1.1645967385863887,2.179897771847095,sudden,up,False,True,sudden
Verdant Snacks,social,2024-07,18,33361.68349767505,85862.2987738993,2.5736800356577625,2.2540211743568674,76246.69134404902,2.696220494749896,0.012431554658524985,0.9485937440182517,0.11433846119942175,0.5993795328574402,7,0.9453367951760046,18,1.2887802505517298,-0.3434434553757253,-0.08574126080296461,1.1178441416068423,1.1161228145276592,1.2030389897487652,-0.25770219457276067,0.2853219535649992,0.14090916375900292,0.13393870859859044,0.23374595720571478,-1.102488349545924,0.16595931450733153,0.16595931450733153,gradual,up,False,False,
Halcyon Personal Care,social,2024-07,18,25704.862695606877,77097.90602626961,2.9993510153799083,1.760669536633303,45652.22391912759,1.9087753134606507,0.010964528983488245,0.9180635708390202,0.08199332145373626,0.5869329326264783,7,1.0983959370590908,18,1.0362281864339713,0.06216775062511948,-0.08574126080296461,1.1178441416068423,1.1161228145276592,0.9504869256310067,0.1479090114280841,0.1425179883688202,0.14090916375900292,0.13393870859859044,0.14194340815102832,1.0420280402927085,1.1769583321562778,1.1769583321562778,gradual,up,False,True,gradual
Aster Wellness,paid_search,2024-07,18,34767.87974568444,130872.09303732785,3.7641666387083137,2.8483384562677707,90180.09524270489,2.6770215252475835,0.04221254152931328,1.9006816084234452,0.13400054420789076,0.6326450654613434,7,1.325526492451011,18,1.4257141112437797,-0.1001876187927686,0.042085327085633714,1.4541392871670078,1.1161228145276592,1.4677994383294133,-0.14227294587840222,0.11517005090134808,0.13908258874805468,0.13393870859859044,0.12371024298945757,-1.150049845836343,-0.27294041784227546,-0.27294041784227546,gradual,up,False,False,
Crestline Beverages,ooh,2024-07,18,121766.93633528813,169550.61256910977,1.3924191383303606,1.0239128255558525,121594.40114457355,0.9500985314724465,0.0032040648222243424,,0.04550970939251017,0.3842654031990403,7,0.3310426217115638,18,0.48147025572218227,-0.15042763401061848,0.010925779898307952,0.5077346037698487,1.1161228145276592,0.4923960356204902,-0.16135341390892644,0.1775013642520791,0.21431572504923424,0.13393870859859044,0.19064935025106308,-0.8463360284021042,-0.026699793573685435,-0.026699793573685435,gradual,up,False,False,
Halcyon Personal Care,digital_video,2024-07,18,44636.50176307454,75646.4950249485,1.6947227501490028,1.5624647581944386,64340.856731761894,1.5353394803313731,0.008471678902963383,1.0633465684102557,0.0555363345227417,0.5530744249765958,7,0.5275191582198808,18,0.6812646388640646,-0.1537454806441838,0.020019492062606854,1.002358012773852,1.1161228145276592,0.7012841309266715,-0.1737649727067907,0.1565690651520863,0.153108580313032,0.13393870859859044,0.15533317770956692,-1.118659743327253,-0.34192719482621203,-0.34192719482621203,gradual,up,False,False,
Aster Wellness,digital_video,2024-07,18,54916.55886653046,133687.8870229223,2.434382084060259,1.4967679169221293,85470.74705184823,1.536385977553985,0.008325149730826816,1.4262717236810512,0.07426916840603744,0.5778723714834972,7,0.8896929600846584,18,1.034587457483612,-0.14489449739895366,0.020019492062606854,1.002358012773852,1.1161228145276592,1.054606949546219,-0.16491398946156055,0.17929957879228292,0.153108580313032,0.13393870859859044,0.16994565076397902,-0.9703925267884234,-0.9992563449216703,-0.9703925267884234,sudden,up,False,False,
Solstice Foods,display,2024-07,18,142859.50875884804,417430.1343786893,2.921962549117583,1.886592149275052,256878.21110829726,1.86147191481624,0.006110473577826069,0.712875136832711,0.04349529998370472,0.4700389776356106,7,1.072255496380383,18,0.9592891143749809,0.1129663820054021,-0.011484300005246176,0.94474679327184,1.1161228145276592,0.9478048143697347,0.12445068201064824,0.2155288077224646,0.14806538134828115,0.13393870859859044,0.19143472687454197,0.6500945990442363,0.22291606502972788,0.6500945990442363,sudden,up,False,True,sudden
Aster Wellness,social,2024-07,18,56652.34676446685,117292.3885147899,2.0703888755471174,1.6289347240747822,95445.5475636325,1.63801074206377,0.012214142826325792,0.8429283377125922,0.09576950764910583,0.5581033145020121,7,0.7277364522164609,18,0.7036741280934588,0.024062324123002132,-0.08574126080296461,1.1178441416068423,1.1161228145276592,0.6179328672904941,0.10980358492596676,0.07897254544267927,0.14090916375900292,0.13393870859859044,0.10109276626993771,1.0861665871598511,0.6686564538977848,1.0861665871598511,sudden,up,False,True,sudden
Aster Wellness,audio,2024-07,18,53663.29937867012,95384.67905126773,1.7774657942329364,1.3865882560184775,78459.06769527541,1.381474686868027,0.004777789180128225,0.852617688163912,0.053523958516164455,0.4774767754493097,7,0.5751886387592862,18,0.6105871403140763,-0.035398501554790185,0.004819998270976428,0.7167622609076901,1.1161228145276592,0.6154071385850528,-0.04021849982576664,0.09347014977494296,0.1390825105032599,0.13393870859859044,0.10976027860648473,-0.3664212621941222,0.07142346246704095,0.07142346246704095,gradual,up,False,False,
Aster Wellness,display,2024-07,18,43054.587234759325,80236.46667693176,1.8635985577897802,1.3466265876175483,68037.67306644072,1.4966284615840029,0.006946241999945368,0.7990880814422608,0.05312390517818371,0.5064591480321754,7,0.6225093270762067,18,0.6969910647889883,-0.07448173771278166,-0.011484300005246176,0.94474679327184,1.1161228145276592,0.6855067647837422,-0.06299743770753552,0.25396063100122734,0.14806538134828115,0.13393870859859044,0.216140898982318,-0.29146467884677946,-0.3295306240151807,-0.29146467884677946,sudden,up,False,False,
Crestline Beverages,affiliate,2024-07,18,120713.88661695611,293779.31479592784,2.4336828432020847,2.439705147854942,292195.09767364344,2.223717135505476,0.028466465595164248,1.234280029614199,0.1255759390065519,0.5850025700372973,7,0.8894056833644703,18,1.1590580457464847,-0.2696523623820144,0.01946371774803892,1.3670332942631724,1.1161228145276592,1.1785217634945238,-0.2891160801300534,0.10470600830262222,0.12723771854896257,0.13393870859859044,0.1127530476763152,-2.5641531301223077,-1.7861387772343986,-1.7861387772343986,gradual,up,False,False,
Verdant Snacks,digital_video,2024-07,18,21122.609337146198,48928.20956914951,2.316390403675384,2.203573316034308,42599.22460375697,2.1484957313834654,,1.1025486012931358,0.07885021954077452,0.5848369122468488,7,0.8400101135856547,18,1.1940074533063454,-0.3539973397206907,0.020019492062606854,1.002358012773852,1.1161228145276592,1.2140269453689523,-0.3740168317832976,0.25657517979584105,0.153108580313032,0.13393870859859044,0.21962282283769496,-1.7029961957082322,-0.11175987335685286,-0.11175987335685286,gradual,up,False,False,
Nimbus Home,audio,2024-07,18,45448.26551344795,110746.77586112001,2.4367657293401113,1.8379060225205552,83180.38605059484,1.7642347737850241,0.005688095879713886,1.0319284479013033,0.04497082387853968,0.4311066354521198,7,0.8906716392631272,18,1.0551738984767587,-0.16450225921363149,0.004819998270976428,0.7167622609076901,1.1161228145276592,1.0599938967477351,-0.16932225748460794,0.10283511531075891,0.1390825105032599,0.13393870859859044,0.11578061359379498,-1.4624404917964817,-0.5584414565321154,-0.5584414565321154,gradual,up,False,False,
Halcyon Personal Care,display,2024-07,18,32575.850937532967,71046.23850242556,2.1809480476400425,1.2956196506679047,44743.705171387934,1.3083821426152669,0.005742358247344375,0.7681263280765896,0.048968574764372,0.5091352322121792,7,0.7797596665048055,18,0.8400830279972354,-0.060323361492429894,-0.011484300005246176,0.94474679327184,1.1161228145276592,0.8285987279919893,-0.048839061487183755,0.11419650204699407,0.14806538134828115,0.13393870859859044,0.1262925303688823,-0.38671377748574587,-1.0432148403638541,-0.38671377748574587,sudden,up,False,False,
Solstice Foods,digital_video,2024-07,18,109131.17465198171,255885.09294683335,2.344747903271897,1.6395109432592296,190126.74506075348,1.65741072185646,0.008040215680396902,0.9788021212304622,0.061741699538443474,0.5935278752778679,7,0.8521778921840554,18,0.8503435674125195,0.001834324771535889,0.020019492062606854,1.002358012773852,1.1161228145276592,0.8703630594751264,-0.018185167291071003,0.3256779549007528,0.153108580313032,0.13393870859859044,0.26404603540513827,-0.06887119991469913,-0.06511009936093624,-0.06511009936093624,gradual,up,False,False,
Ridgeway Grocery,retail_media,2024-07,18,63609.33554425728,297046.8314603345,4.669862197407472,2.6382370703243025,196264.19643174467,2.7946493570784,0.01840300525324444,1.3397859791616988,0.15367312439331784,0.6163429785265099,7,1.541129563195643,18,1.6325142508477486,-0.09138468765210561,-0.014154998862936363,1.4340300513987618,1.1161228145276592,1.6183592519848122,-0.07722968878916925,0.11492602252995668,0.09364137548622012,0.13393870859859044,0.10732436287147934,-0.7195914023887718,0.009482730783728435,0.009482730783728435,gradual,up,False,False,
Ridgeway Grocery,tv,2024-07,18,61539.361746962815,136976.4926214405,2.2258354447135744,1.5559430570705235,98806.93073958375,1.5776790054872425,0.004288576986228852,,0.05900877333676202,0.5415304056503721,7,0.8001323259130858,18,0.7829329627535018,0.017199363159584036,0.020646815558501137,0.6191355252067136,1.1161228145276592,0.8035797783120029,-0.0034474523989170835,0.08633571160763019,0.14032822903419837,0.13393870859859044,0.10561875354569025,-0.032640532890077414,0.10446771470812474,0.10446771470812474,gradual,up,False,False,
Crestline Beverages,retail_media,2024-07,18,138869.92679157984,350378.71251746005,2.523071197721008,3.3452777462970733,451279.1742724414,3.1024119077052936,0.017927903490086147,1.2379942836934636,0.1719231376646993,0.6064838965856416,7,0.9254768887300446,18,1.167349795510374,-0.24187290678032936,-0.014154998862936363,1.4340300513987618,1.1161228145276592,1.1531947966474376,-0.227717907917393,0.06927781152187727,0.09364137548622012,0.13393870859859044,0.08,-2.8464738489674124,-0.6616014971951503,-0.6616014971951503,gradual,up,False,False,
Crestline Beverages,tv,2024-07,18,96988.94301089151,128712.10978047192,1.3270802401261144,1.2140831139971062,117624.25127311511,1.1961167556350203,0.004175891392914494,,0.062315311587112676,0.5626565771574472,7,0.28298122083632493,18,0.33171191892614627,-0.048730698089821334,0.020646815558501137,0.6191355252067136,1.1161228145276592,0.3523587344846474,-0.06937751364832245,0.2043553825600635,0.14032822903419837,0.13393870859859044,0.18148854201511166,-0.3822693866951982,-1.1653261321161505,-0.3822693866951982,sudden,up,False,False,
Ridgeway Grocery,social,2024-07,18,65990.66399529882,302933.47079604486,4.5905504272184,2.0755297709934224,132493.4682837842,1.9662451214387362,0.011309203960442712,0.9199690421200346,0.08889993140100759,0.5811358897549997,7,1.5239999356667362,18,1.4236302833515726,0.1003696523151636,-0.08574126080296461,1.1178441416068423,1.1161228145276592,1.337889022548608,0.18611091311812822,0.06932818921821236,0.14090916375900292,0.13393870859859044,0.09489282298278041,1.9612749127708062,0.7021910885455527,1.9612749127708062,sudden,up,False,True,sudden
Solstice Foods,tv,2024-07,18,,,,,,,0.004162002804460403,,0.05978214069649862,0.5938288884854185,7,,18,0.71693411507193,,0.020646815558501137,0.6191355252067136,1.1161228145276592,0.7375809306304311,,0.06257503364592662,0.14032822903419837,0.13393870859859044,0.0903440319988808,,,,sudden,up,False,False,
Solstice Foods,affiliate,2024-07,18,119981.05302531674,397843.40066083526,3.3158852221182613,3.042916710899752,302017.1983924771,2.6560187046482513,0.02809024468332571,1.3548484895351165,0.10721785041752374,0.5546675680343267,7,1.1987246233200304,18,1.375615116263237,-0.1768904929432067,0.01946371774803892,1.3670332942631724,1.1161228145276592,1.395078834011276,-0.1963542106912457,0.12240007147109463,0.12723771854896257,0.13393870859859044,0.12412780257033318,-1.5818713183131368,-0.13666701424293778,-0.13666701424293778,gradual,up,False,False,
Crestline Beverages,social,2024-07,18,164799.9251824272,385200.08430559386,2.337380213487307,2.4491585498824366,374669.8926695003,2.276307609808295,0.01112566151213034,1.1949452084146948,0.09306570991379061,0.5723637823969446,7,0.8490307353006786,18,0.8890018398757978,-0.03997110457511921,-0.08574126080296461,1.1178441416068423,1.1161228145276592,0.8032605790728332,0.045770156227845415,0.11437067759198916,0.14090916375900292,0.13393870859859044,0.12384870836592263,0.36956506718352844,-0.04822815998035715,0.36956506718352844,sudden,up,False,False,
Halcyon Personal Care,paid_search,2024-07,18,41038.82996597313,132576.41026225832,3.23051145396159,2.5110781260357435,96394.16972967751,2.4222828334473814,0.05099797597856853,2.004669130776858,0.1467631300769878,0.767683730649704,7,1.172640469579087,18,1.2917220763269017,-0.11908160674781465,0.042085327085633714,1.4541392871670078,1.1161228145276592,1.3338074034125353,-0.16116693383344827,0.1175293995082246,0.13908258874805468,0.13393870859859044,0.1252269670938782,-1.2869986199747787,-0.0468892128709026,-0.0468892128709026,gradual,up,False,False,
Nimbus Home,paid_search,2024-07,18,41343.80481726298,166799.99877586128,4.034461741320297,2.9711124005187965,134427.38269292054,3.0616484894091522,0.03935471957062563,1.5301174442509429,0.1542788040826805,0.749528565997557,7,1.3948728953813765,18,1.4245844872230584,-0.029711591841681928,0.042085327085633714,1.4541392871670078,1.1161228145276592,1.466669814308692,-0.07179691892731555,0.22119362068413204,0.13908258874805468,0.13393870859859044,0.191868252135533,-0.37419905653072416,-0.41497679084184774,-0.37419905653072416,sudden,up,False,False,
Verdant Snacks,affiliate,2024-07,18,31199.45133186486,107820.26713300317,3.455838565432827,3.209971366960518,90791.63522605595,2.7727031999506746,0.03003222971175169,1.4403926495480122,0.11468286874882097,0.5525423581612847,7,1.2400651384598338,18,1.2854943874555085,-0.04542924899567469,0.01946371774803892,1.3670332942631724,1.1161228145276592,1.3049581052035475,-0.0648929667437137,0.05830921699477811,0.12723771854896257,0.13393870859859044,0.08292653897841541,-0.782535573570777,1.01856156683937,1.01856156683937,gradual,up,False,True,gradual
Nimbus Home,display,2024-07,18,35812.84090977639,94153.01944875438,2.629029617783044,1.7131629279454266,66803.7850086947,1.8756695282344515,0.006499085122202398,0.7081857459042515,0.04603691773265406,0.5114777853469854,7,0.9666148114823243,18,0.9224263808648074,0.04418843061751687,-0.011484300005246176,0.94474679327184,1.1161228145276592,0.9109420808595613,0.05567273062276301,0.11247552317980748,0.14806538134828115,0.13393870859859044,0.12518618681140523,0.44471943782930917,0.1471187488709317,0.44471943782930917,sudden,up,False,False,
Crestline Beverages,audio,2024-07,18,141262.4069746822,223756.59363750607,1.5839783451913636,1.7594334929095516,277005.54552338494,1.8370651651645078,0.005675648743457804,0.8476268309220222,0.045128109289860004,0.494566278541467,7,0.45993962233373736,18,0.4970797283413867,-0.03714010600764933,0.004819998270976428,0.7167622609076901,1.1161228145276592,0.5018997266123632,-0.04196010427862579,0.20574455152857185,0.1390825105032599,0.13393870859859044,0.1819366797338176,-0.23063026290254116,-0.634610268336671,-0.23063026290254116,sudden,up,False,False,
Nimbus Home,digital_video,2024-07,18,35408.24960074619,119125.18333042077,3.364334150195053,1.8072582255476792,58523.31153031231,1.6471338852797803,0.008431247241368333,1.057973793826103,0.0684691339018191,0.5920496674729225,7,1.213230068389055,18,1.2465283372366045,-0.033298268847549606,0.020019492062606854,1.002358012773852,1.1161228145276592,1.2665478292992114,-0.0533177609101565,0.18325046971383654,0.153108580313032,0.13393870859859044,0.17248550921354922,-0.3091144360663095,0.2856301975915872,0.2856301975915872,gradual,up,False,False,
Verdant Snacks,social,2024-08,19,26082.366560727645,76805.05854265149,2.944712028482004,2.4542061557723613,61184.26930810954,2.3679796012948806,0.01218547996718687,0.9978217539616246,0.08363960410791305,0.5955942120768222,8,1.0800110291245002,19,1.2308104506309943,-0.15079942150649406,0.01660812561541014,1.1238414368064238,1.1123202061677422,1.2474185762464045,-0.1674075471219043,0.2853219535649992,0.14576574339488,0.1337932580448272,0.23719912247185465,-0.7057679867334602,-0.8825227037401725,-0.7057679867334602,sudden,up,True,False,
Ridgeway Grocery,audio,2024-08,19,54325.90538424767,114773.4109975492,2.112682893837769,1.4900999996566517,78614.10540519257,1.4432305649851433,0.005179363324308226,0.9365057496870804,0.04825929389946451,0.3989623187859721,8,0.7479586534662471,19,0.6339788387214673,0.1139798147447798,0.010999617877099119,0.7002204438624746,1.1123202061677422,0.6449784565985665,0.10298019686768067,0.15913670599453641,0.14003830049742935,0.1337932580448272,0.15255104892656846,0.6750540071163387,0.5389055556059664,0.6750540071163387,sudden,up,False,True,sudden
Solstice Foods,digital_video,2024-08,19,123264.07607129986,287411.1508674422,2.3316700212087293,1.779547614235888,278591.90464243473,1.9908726128171679,0.00790797305242838,1.173901534066527,0.06331238393381437,0.5737061615066676,8,0.8465847581368185,19,0.8631905167617155,-0.016605758624896994,0.00511311512658603,0.9780143136904131,1.1123202061677422,0.8683036318883016,-0.02171887375148307,0.21413620652882356,0.15848448827839481,0.1337932580448272,0.19494595885626192,-0.11140971517905066,0.008171566667295276,0.008171566667295276,gradual,up,False,False,
Nimbus Home,digital_video,2024-08,19,38006.10257583986,113322.87927344296,2.9817021897289013,1.76565050999841,69122.91582678376,1.7621999480789587,0.006708401013221811,1.1449328980825826,0.07836871789261213,0.5908964804770201,8,1.092494342049072,19,1.2278337619017798,-0.1353394198527078,0.00511311512658603,0.9780143136904131,1.1123202061677422,1.2329468770283658,-0.14045253497929377,0.18325046971383654,0.15848448827839481,0.1337932580448272,0.17471047611540835,-0.8039159305279161,-0.10782491270532843,-0.10782491270532843,gradual,up,False,False,
Crestline Beverages,audio,2024-08,19,126679.5278897396,174565.60268171952,1.3780095773143346,1.751346980147806,201972.714403279,1.7226366836406268,0.00588755513432458,0.8220413621303805,0.05636405444120347,0.42607289130641585,8,0.32064012272285497,19,0.45611032454714473,-0.13547020182428976,0.010999617877099119,0.7002204438624746,1.1123202061677422,0.46710994242424386,-0.1464698197013889,0.18178374340123724,0.14003830049742935,0.1337932580448272,0.16738876308957934,-0.8750277915788438,-0.6487244813747598,-0.6487244813747598,gradual,up,False,False,
Aster Wellness,display,2024-08,19,65916.55078519708,115038.90399213435,1.745220322085917,1.4874042794561355,103228.91940531941,1.535532318893362,0.00591761872284741,0.712526984659142,0.047644421300371234,0.49109961613942965,8,0.5568808067594084,19,0.665662340991604,-0.10878153423219561,-0.08272213929056864,0.9248946195193364,1.1123202061677422,0.5829402017010354,-0.026059394941627012,0.1997354715148164,0.14612283849976032,0.1337932580448272,0.18124835668203843,-0.14377727566017418,-0.34517570350699467,-0.14377727566017418,sudden,up,False,False,
Halcyon Personal Care,digital_video,2024-08,19,55511.967207662165,84851.38745614572,1.5285242394442458,1.4761693742334723,89003.8614913159,1.5759070730476257,0.008792306420876155,1.0707258361780785,0.0722894677114557,0.5360393440207302,8,0.42430272054440105,19,0.5985590780285189,-0.17425635748411789,0.00511311512658603,0.9780143136904131,1.1123202061677422,0.603672193155105,-0.17936947261070396,0.20562725325543096,0.15848448827839481,0.1337932580448272,0.18937112740128056,-0.9471849012685923,-0.34825129257144494,-0.34825129257144494,gradual,up,False,False,
Crestline Beverages,digital_video,2024-08,19,85974.75280015169,221022.32110853895,2.5707816993938364,1.9618184768029665,178513.38838061978,1.9433180118087394,0.00676232045925645,1.173144347682413,0.06041266182002221,0.5736268164200123,8,0.9442100158471468,19,0.9750742770566101,-0.030864261209463284,0.00511311512658603,0.9780143136904131,1.1123202061677422,0.9801873921831962,-0.03597737633604936,0.08352105679471421,0.15848448827839481,0.1337932580448272,0.10937051592701787,-0.32894949823640585,-0.008421215790105666,-0.008421215790105666,gradual,up,False,False,
Aster Wellness,social,2024-08,19,64125.700207162845,142331.44649745314,2.219569471173661,1.7188039799819446,113861.67925277028,1.7621667086854929,0.012278951944166415,0.9850720380303081,0.08590500451266705,0.5687108231283454,8,0.7973132451732085,19,0.7283900154273122,0.06892322974589626,0.01660812561541014,1.1238414368064238,1.1123202061677422,0.7449981410427223,0.05231510413048612,0.06296448077907914,0.14576574339488,0.1337932580448272,0.09151664030176909,0.5716458117122862,0.3105075652291169,0.5716458117122862,sudden,up,False,True,sudden
Solstice Foods,retail_media,2024-08,19,137682.66282638136,440693.46024735906,3.2007912339920104,2.738966124907885,406237.35903788055,2.710141781187266,0.017770933654758007,1.4567998374835718,0.1895044355487136,0.6807425639707406,8,1.1633980398643144,19,1.299114722367497,-0.13571668250318258,-0.07002308596839406,1.3971956708846471,1.1123202061677422,1.229091636399103,-0.06569359653478846,0.08817183830627791,0.09580441251840263,0.1337932580448272,0.09080376044838988,-0.7234677970426866,0.25981260820320884,0.25981260820320884,gradual,up,False,False,
Halcyon Personal Care,retail_media,2024-08,19,39135.234060436065,135736.2201644938,3.468389123593282,2.564021734128822,105191.5005934737,2.8648445406625025,0.021232672085968646,1.4282579924128427,0.16263108526101683,0.6309537194994631,8,1.2436902566588652,19,1.3806801583334218,-0.1369899016745566,-0.07002308596839406,1.3971956708846471,1.1123202061677422,1.3106570723650277,-0.06696681570616247,0.0888217936361568,0.09580441251840263,0.1337932580448272,0.09122959325072433,-0.7340470709117273,-0.05249680091727746,-0.05249680091727746,gradual,up,False,False,
Halcyon Personal Care,paid_search,2024-08,19,52454.63498593997,167653.0770966251,3.1961537267691043,2.523228704235,133729.88291896466,2.4930814377229202,0.03806939816602825,1.8831615078372748,0.13457436022843947,0.7357866839371205,8,1.1619481264872928,19,1.2917220763269017,-0.12977394983960888,0.058897953726422037,1.4410889176749244,1.1123202061677422,1.3506200300533238,-0.18867190356603092,0.14167304811334333,0.1353568167890127,0.1337932580448272,0.13949503731185,-1.3525348801064723,-0.40589489042529175,-0.40589489042529175,gradual,up,False,False,
Nimbus Home,social,2024-08,19,27158.759906896506,70573.4574376971,2.598552278514608,2.4003634042352733,67896.35111009616,2.5004294785375047,0.011908653384825453,0.9719632337935954,0.10892235739950813,0.6149516759828071,8,0.9549544739919421,19,1.1357889746831482,-0.1808345006912061,0.01660812561541014,1.1238414368064238,1.1123202061677422,1.1523971002985585,-0.19744262630661635,0.07926563554546939,0.14576574339488,0.1337932580448272,0.10219670721767996,-1.9319861831366218,0.1006403156186779,0.1006403156186779,gradual,up,False,False,
Aster Wellness,paid_search,2024-08,19,42855.3526279905,138652.8487224721,3.2353682847055265,2.776220288855684,106594.38433199898,2.604930801797476,0.04396455205087205,1.8668996281112693,0.16685780624322563,0.671695811415454,8,1.174142765277022,19,1.4182262428202816,-0.24408347754325965,0.058897953726422037,1.4410889176749244,1.1123202061677422,1.4771241965467037,-0.3029814312696817,0.15278923570820147,0.1353568167890127,0.1337932580448272,0.14677805677055017,-2.0642147602711174,-0.6792826444756874,-0.6792826444756874,gradual,up,False,False,
Solstice Foods,social,2024-08,19,150875.35729236505,427032.6101750071,2.8303668527359753,2.3577005331333503,318750.94353277364,2.189372413325503,0.009600870385890215,1.2209218023956814,0.10219764431359474,0.5925336427045461,8,1.040406333195952,19,1.239360431638929,-0.19895409844297696,0.01660812561541014,1.1238414368064238,1.1123202061677422,1.2559685572543393,-0.2155622240583872,0.1193167887724845,0.14576574339488,0.1337932580448272,0.12843711795262086,-1.678348342711224,0.23859597448997721,0.23859597448997721,gradual,up,False,False,
Ridgeway Grocery,tv,2024-08,19,59313.698981937225,112932.5919937903,1.903988352305959,1.5187592722639975,81139.06774288534,1.4500825111204363,0.004001734966108654,,0.05649741815560855,0.5644166569715151,8,0.6439508188640957,19,0.7829329627535018,-0.1389821438894061,0.023725478109046388,0.5892123064657869,1.1123202061677422,0.8066584408625481,-0.16270762199845246,0.0769063376729295,0.1287408337623316,0.1337932580448272,0.09478030184168884,-1.7166818298407864,-0.12047800215225704,-0.12047800215225704,gradual,up,False,False,
Verdant Snacks,paid_search,2024-08,19,17892.063036129595,76355.03016581456,4.267536393742309,3.6342218738371983,58587.94414861459,3.3481235153139184,0.04916711634151389,1.9028222461462203,0.1612376893371025,0.7286376369317843,8,1.4510367037678,19,1.5961959422708611,-0.14515923850306112,0.058897953726422037,1.4410889176749244,1.1123202061677422,1.6550938959972832,-0.20405719222948315,0.13622265833188454,0.1353568167890127,0.1337932580448272,0.1359240922826184,-1.5012584509683529,-0.6493027613366141,-0.6493027613366141,gradual,up,True,False,
Ridgeway Grocery,affiliate,2024-08,19,65323.13920055279,309011.28601302,4.730502694677678,3.6506628188796135,219851.1558366278,3.0976050895970144,0.03463983596809916,1.0666678791384256,0.15720104948045502,0.5567030658916164,8,1.5540314748012816,19,1.401675205642941,0.15235626915834066,0.014066737299378962,1.33344648562353,1.1123202061677422,1.41574194294232,0.13828953185896165,0.14512799968668008,0.12993988918853203,0.1337932580448272,0.13989072020456006,0.9885540059894107,0.04251729241893347,0.9885540059894107,sudden,up,True,True,sudden
Verdant Snacks,affiliate,2024-08,19,28250.545095769812,103254.94816879397,3.654971888816941,2.7450500884067153,84101.32418689555,2.8205688950462764,0.030400503228630676,1.069782047079786,0.13293036022662874,0.6075340087903123,8,1.296088402014009,19,1.2854943874555085,0.01059401455850062,0.014066737299378962,1.33344648562353,1.1123202061677422,1.2995611247548875,-0.003472722740878398,0.05830921699477811,0.12993988918853203,0.1337932580448272,0.08300944878572773,-0.0418352704623125,0.05704996127335546,0.05704996127335546,gradual,up,True,False,
Crestline Beverages,retail_media,2024-08,19,120342.12477714948,331989.4833293729,2.758713824807013,3.069773802651408,307771.3101179812,2.7912856047911303,0.016090523329908245,1.474781450325274,0.1699574397019746,0.6495785323302454,8,1.0147645656100435,19,1.140077432216931,-0.12531286660688745,-0.07002308596839406,1.3971956708846471,1.1123202061677422,1.0700543462485368,-0.055289780638493324,0.08576960448210286,0.09580441251840263,0.1337932580448272,0.08922988311530967,-0.6196330053132945,-0.6804821142814266,-0.6196330053132945,sudden,up,False,False,
Nimbus Home,display,2024-08,19,37171.43970055717,78766.35135655336,2.119001900143586,1.5757605178788814,60745.0702571528,1.7447406286374298,0.0066167218526465114,0.6889536175046714,0.06013906037192959,0.5014958965373204,8,0.750945176002884,19,0.9489492916191675,-0.1980041156162835,-0.08272213929056864,0.9248946195193364,1.1123202061677422,0.8662271523285989,-0.11528197632571491,0.11083155351215931,0.14612283849976032,0.1337932580448272,0.12300096212857345,-0.9372445087479084,-0.18598135314918812,-0.18598135314918812,gradual,up,False,False,
Solstice Foods,tv,2024-08,19,103539.870702172,225346.93207437682,2.1764266320418497,1.4221961552207043,144228.9868603021,1.3941223280506456,0.0038781339823271872,,0.0715694027399729,0.546588666049654,8,0.7776843722951847,19,0.6501621566792687,0.12752221561591603,0.023725478109046388,0.5892123064657869,1.1123202061677422,0.673887634788315,0.10379673750686969,0.05768530958071991,0.1287408337623316,0.1337932580448272,0.08218721447093083,1.262930471303198,,1.262930471303198,sudden,up,False,True,sudden
Aster Wellness,audio,2024-08,19,66066.80901236647,112282.10045138381,1.699523590285202,1.344041015780969,102459.64349662974,1.516234718531109,0.004421274542594037,0.867121559204987,0.03874323124803911,0.44770420667053185,8,0.5303479707786164,19,0.5844359994544248,-0.05408802867580842,0.010999617877099119,0.7002204438624746,1.1123202061677422,0.595435617331524,-0.06508764655290755,0.06925396999661347,0.14003830049742935,0.1337932580448272,0.09366235982448101,-0.6949178589443916,0.06471058473298513,0.06471058473298513,gradual,up,False,False,
Ridgeway Grocery,paid_search,2024-08,19,51509.72872286591,316023.9681677503,6.1352287422834495,4.410575689076974,223815.4303780785,4.643392058843333,0.04542621599268792,1.9891166843957415,0.13776018050237995,0.745367765168185,8,1.814047362273592,19,1.66768512787842,0.14636223439517204,0.058897953726422037,1.4410889176749244,1.1123202061677422,1.726583081604842,0.08746428066875,0.25245738820043573,0.1353568167890127,0.1337932580448272,0.21207788081718643,0.41241585558913246,0.24586067101253362,0.41241585558913246,sudden,up,False,False,
Nimbus Home,paid_search,2024-08,19,44760.15925352309,181759.10677274404,4.060734139555987,3.1888168778918367,137476.30163112815,3.049117242325055,0.0400047675136287,,0.12239562587872777,0.7108662819925489,8,1.4013637798179501,19,1.3958380481918926,0.005525731626057517,0.058897953726422037,1.4410889176749244,1.1123202061677422,1.4547360019183146,-0.05337222210036452,0.13540656306210053,0.1353568167890127,0.1337932580448272,0.13538940917482886,-0.39421268196424997,-0.5393413344366453,-0.39421268196424997,sudden,up,False,False,
Crestline Beverages,social,2024-08,19,157571.31760732149,339100.8078384467,2.1520465335163923,2.4547236907793626,362447.3785579326,2.2645578224369065,0.013754861715412998,0.8919922769439895,0.0913273571143586,0.596159095300615,8,0.7664192654469792,19,0.8822692019985394,-0.11584993655156017,0.01660812561541014,1.1238414368064238,1.1123202061677422,0.8988773276139496,-0.13245806216697031,0.09462278891266572,0.14576574339488,0.1337932580448272,0.11225829045825686,-1.1799401329403347,-0.504610778454117,-0.504610778454117,gradual,up,False,False,
Solstice Foods,display,2024-08,19,163900.74707309913,417366.59429423814,2.546459377077117,1.8285066018414582,287076.55565485224,1.8195997981916032,0.0046329937217386916,0.7291494792672664,,0.5377241533151076,8,0.9347039147617628,19,0.9592891143749809,-0.024585199613218034,-0.08272213929056864,0.9248946195193364,1.1123202061677422,0.8765669750844123,0.05813693967735056,0.2155288077224646,0.14612283849976032,0.1337932580448272,0.19159571488704935,0.30343549025417293,0.4796261318217883,0.4796261318217883,gradual,up,False,False,
Aster Wellness,retail_media,2024-08,19,52370.147969951635,162428.35803672156,3.101544760383681,2.5406945485375294,125556.61802946955,2.3748785670430466,0.023105760177885855,1.2411810836560082,0.1424208647857196,0.6941000677469991,8,1.1319002971771892,19,1.3013139491780468,-0.16941365200085756,-0.07002308596839406,1.3971956708846471,1.1123202061677422,1.2312908632096526,-0.09939056603246343,0.10111271625075839,0.09580441251840263,0.1337932580448272,0.0992822666878771,-1.0010908226433508,-0.8832964552970441,-0.8832964552970441,gradual,up,False,False,
Crestline Beverages,tv,2024-08,19,82325.58399927353,134676.6077416839,1.6359022456843104,1.5934369826989772,115298.952836132,1.299897942535859,0.004810837117153798,,0.09599673163154954,0.5080095416927194,8,0.49219448436862673,19,0.2710777121109976,0.2211167722576291,0.023725478109046388,0.5892123064657869,1.1123202061677422,0.29480319022004403,0.1973912941485827,0.2416172463420741,0.1287408337623316,0.1337932580448272,0.20269434545250772,0.9738372015653117,-0.16281476787908206,0.9738372015653117,sudden,up,True,True,sudden
Halcyon Personal Care,affiliate,2024-08,19,47081.86216640479,181146.85831156577,3.8474871208646224,2.429593584388122,133884.33546795108,2.524156488068666,0.031953448208092206,1.3609843163679467,0.11791919699161847,0.5861689016110135,8,1.3474202393216879,19,1.4169028796141419,-0.06948264029245399,0.014066737299378962,1.33344648562353,1.1123202061677422,1.4309696169135209,-0.08354937759183301,0.164226144291758,0.12993988918853203,0.1337932580448272,0.1524032977044387,-0.548212399930239,-0.6188064659937639,-0.548212399930239,sudden,up,False,False,
Crestline Beverages,paid_search,2024-08,19,146567.82067631313,479152.66251117684,3.2691532172628723,3.9017620659297285,450928.6105027796,3.306401429428067,0.042649062031278315,1.5445143752785784,0.193786773100507,0.7819563970188053,8,1.1845309964090531,19,1.2696968366242998,-0.08516584021524665,0.058897953726422037,1.4410889176749244,1.1123202061677422,1.3285947903507218,-0.14406379394166868,0.10113493661631459,0.1353568167890127,0.1337932580448272,0.11293558495172773,-1.2756279962887351,-0.8459618877545397,-0.8459618877545397,gradual,up,False,False,
Ridgeway Grocery,retail_media,2024-08,19,60856.1665300088,295783.6167444983,4.860372146488136,2.4277411657113084,152398.92815277804,2.60065791052369,0.019229288480203065,1.4331605406140135,0.15748982938252332,0.6367854950649002,8,1.5811150083322814,19,1.5904294798713745,-0.00931447153909315,-0.07002308596839406,1.3971956708846471,1.1123202061677422,1.5204063939029804,0.06070861442930098,0.1307922699637854,0.09580441251840263,0.1337932580448272,0.11872749153434306,0.5113273568299085,0.21239604724784295,0.5113273568299085,sudden,up,False,False,
Solstice Foods,affiliate,2024-08,19,119212.8866046245,380455.21634369873,3.1913933734823274,3.197399492446007,406642.8818026281,3.107701013922711,0.027115540797206048,1.0447310997880714,0.11030628534922797,0.5846551655267329,8,1.1604576156250253,19,1.28869851695551,-0.12824090133048482,0.014066737299378962,1.33344648562353,1.1123202061677422,1.302765254254889,-0.14230763862986384,0.1300607453288965,0.12993988918853203,0.1337932580448272,0.13001907079773634,-1.094513579867404,-0.5270452925810399,-0.5270452925810399,gradual,up,False,False,
Halcyon Personal Care,display,2024-08,19,39230.40387238691,84357.16276425557,2.150300645353081,1.1373769654200914,45990.469431889906,1.2017873110870827,0.007337255951018517,0.535719769760958,0.04835208289398935,0.47999050770074225,8,0.765607667411507,19,0.7897647462447905,-0.024157078833283552,-0.08272213929056864,0.9248946195193364,1.1123202061677422,0.7070426069542219,0.058565060457285045,0.11750070413383298,0.14612283849976032,0.1337932580448272,0.12737040563932517,0.4598011615282419,-0.1584301618661803,0.4598011615282419,sudden,up,False,False,
Crestline Beverages,affiliate,2024-08,19,99022.09285440843,283043.6306631153,2.8583886939177563,2.348835596867202,224459.06332051984,2.2793263969967246,0.03236341193685527,1.341833829486572,0.14082422309765694,0.6163312041104736,8,1.0502580723308261,19,1.1158805396865117,-0.06562246735568555,0.014066737299378962,1.33344648562353,1.1123202061677422,1.1299472769858907,-0.07968920465506457,0.14298295454384866,0.12993988918853203,0.1337932580448272,0.13848534580063604,-0.5754342034845001,-1.4264650093576767,-0.5754342034845001,sudden,up,False,False,
Verdant Snacks,digital_video,2024-08,19,17185.024330760214,42108.31087447254,2.450291024557996,2.0978419550293643,33893.13369136474,1.9551257588011632,0.009261363333653481,1.31156643509669,0.06876653664613457,0.5770405861041829,8,0.8962068030360687,19,1.1050330434891436,-0.20882624045307485,0.00511311512658603,0.9780143136904131,1.1123202061677422,1.1101461586157295,-0.21393935557966082,0.25657517979584105,0.15848448827839481,0.1337932580448272,0.22275080341051476,-0.960442576655425,-1.3588695149291057,-0.960442576655425,sudden,up,True,False,
Aster Wellness,digital_video,2024-08,19,72844.5999839616,209579.1758473309,2.877072231757392,1.5665186617047855,120728.51255316848,1.5921105836612381,0.007714522328645103,1.1086296734194667,0.07294483459847886,0.5434397848177505,8,1.056773190878295,19,0.9239335491715733,0.13283964170672158,0.00511311512658603,0.9780143136904131,1.1123202061677422,0.9290466642981594,0.1277265265801355,0.19011315318577457,0.15848448827839481,0.1337932580448272,0.17920671701081603,0.7127329193382107,-0.12347492634853657,0.7127329193382107,sudden,up,False,True,sudden
Verdant Snacks,display,2024-08,19,21245.89057533012,52069.038217954665,2.4507816244904865,1.3718604211227863,29228.193433986784,1.4418373605460846,0.006538758458039769,0.6682600148736464,0.04932190827775202,0.47846016110270523,8,0.8964070040815375,19,0.9728907355136316,-0.07648373143209408,-0.08272213929056864,0.9248946195193364,1.1123202061677422,0.890168596223063,0.006238407858474515,0.3842288666755073,0.14612283849976032,0.1337932580448272,0.30212333971835315,0.020648546597856733,-0.40315662919234585,0.020648546597856733,sudden,up,True,False,
Crestline Beverages,ooh,2024-08,19,116928.96378431491,185901.09110059193,1.5898634956134716,1.139611610032887,137532.55903826127,1.077817071084682,0.003591330667357146,,0.057703314716859314,0.40803449332937786,8,0.46364816073123544,19,0.44265179266947896,0.020996368061756476,0.3019485320386006,0.4554318661320423,1.1123202061677422,0.7446003247080796,-0.28095216397684414,0.25712548764230975,0.25113008584638935,0.1337932580448272,0.255058107712682,-1.1015221844793552,-0.3191809051284331,-0.3191809051284331,gradual,up,True,False,
Solstice Foods,paid_search,2024-08,19,109166.93819536248,432851.8689412997,3.9650454258108674,2.939037278332165,336790.9337307223,3.059201214370324,0.045943719665470235,1.6929095089094666,0.15307416699610937,0.7249033400176356,8,1.3775173117200155,19,1.4837080035069443,-0.10619069178692886,0.058897953726422037,1.4410889176749244,1.1123202061677422,1.5426059572333664,-0.1650886455133509,0.1338952039574257,0.1353568167890127,0.1337932580448272,0.1343992083821109,-1.2283453712315533,-0.5668935521388764,-0.5668935521388764,gradual,up,False,False,
Nimbus Home,retail_media,2024-08,19,33214.133903236165,154713.5794566676,4.658064542865992,3.403553937327965,113891.36727000025,3.4676310790677,0.022542363842285373,1.3584780738089826,0.14239012104766516,0.6621695995915683,8,1.5386000277135086,19,1.4783683550344127,0.060231672679095904,-0.07002308596839406,1.3971956708846471,1.1123202061677422,1.4083452690660185,0.13025475864749003,0.14854556880597594,0.09580441251840263,0.1337932580448272,0.13035896318957135,0.999200633853387,0.5688739913127995,0.999200633853387,sudden,up,False,True,sudden
Ridgeway Grocery,display,2024-08,19,66141.22941922708,170686.0887218687,2.5806307233873507,1.7314898170030144,114780.18698285877,1.6750376730471477,0.005680416600357121,0.6706500926290108,0.05070271316252496,0.46434065909338884,8,0.9480338354856834,19,1.0124010567834731,-0.06436722129778971,-0.08272213929056864,0.9248946195193364,1.1123202061677422,0.9296789174929045,0.018354917992778885,0.04839013839392107,0.14612283849976032,0.1337932580448272,0.08209106946490012,0.22359214117227383,0.3000898270789244,0.3000898270789244,gradual,up,False,False,
Nimbus Home,audio,2024-08,19,44443.00175119999,134456.81104915292,3.025376454134818,1.5667883138481695,70322.58539542697,1.6602985944783768,0.004920414971056526,0.9312762734467186,0.056268986295669836,0.4358879991128271,8,1.1070355313877123,19,1.0551738984767587,0.05186163291095358,0.010999617877099119,0.7002204438624746,1.1123202061677422,1.0661735163538577,0.04086201503385456,0.09842755501173359,0.14003830049742935,0.1337932580448272,0.11277608793783558,0.3623287150763601,-0.27125181313122,0.3623287150763601,sudden,up,False,False,
Ridgeway Grocery,social,2024-08,19,81008.0588657093,303622.6011676111,3.748054272858703,1.7600043071476614,158118.25437221,1.9771802230798108,0.012201610546995418,0.9190535835346905,0.08787709969844736,0.5638424880787599,8,1.3212368447565808,19,1.4438709670984826,-0.12263412234190185,0.01660812561541014,1.1238414368064238,1.1123202061677422,1.4604790927138929,-0.1392422479573121,0.10512360327206693,0.14576574339488,0.1337932580448272,0.11913813434889903,-1.168746251721029,0.04925467138413742,0.04925467138413742,gradual,up,False,False,
Verdant Snacks,retail_media,2024-08,19,33226.398409056186,144272.4677753758,4.342103709201684,3.3709046276310564,103740.9332346097,3.1517044127405835,0.01621117562982792,1.7097588091632627,0.1401611962254743,0.6211735839079333,8,1.4683589562933064,19,1.54555139147945,-0.07719243518614372,-0.07002308596839406,1.3971956708846471,1.1123202061677422,1.475528305511056,-0.007169349217749588,0.029668201748468938,0.09580441251840263,0.1337932580448272,0.08,-0.08961686522186985,-0.5332867485195445,-0.08961686522186985,sudden,up,True,False,
Halcyon Personal Care,social,2024-08,19,36897.30034014706,96835.67830810502,2.6244651347226196,2.1909097391935086,88986.79777633122,2.243762167457981,0.012578256940419592,1.0493973824209673,0.09758564512268665,0.5887266779805197,8,0.9648771170811578,19,1.0568161553847357,-0.09193903830357797,0.01660812561541014,1.1238414368064238,1.1123202061677422,1.073424281000146,-0.10854716391898822,0.1618389991764584,0.14576574339488,0.1337932580448272,0.15629649718281066,-0.6944951798377612,0.31559576582032695,0.31559576582032695,gradual,up,False,False,
Pinebrook Pet Co.,display,2024-09,20,16451.567236835836,38106.36282425455,2.3162755423649006,1.8753945819730489,26989.109801060185,1.7520016464472135,0.006007269846166729,0.720565508541099,0.057709782973910106,0.49807319499197483,9,0.8399605260212395,0,,,-0.06897068183162777,0.8881107782889965,1.1080482161418275,0.8191400964573687,0.020820429563870757,,0.1312229921540773,0.1361238187118395,0.1312229921540773,0.1586644933337914,,0.1586644933337914,sudden,up,False,False,
Pinebrook Pet Co.,paid_search,2024-09,20,,,,,,,0.04749089554788699,1.9793351302138216,0.14025112994137054,0.762781999525123,9,,0,,,-0.009622958888813324,1.4240035055850504,1.1080482161418275,1.4143805466962371,,,0.1428101558216071,0.1361238187118395,0.1428101558216071,,,,sudden,up,False,False,
Crestline Beverages,ooh,2024-09,20,90272.27625169045,229446.2488297964,2.541713340539585,1.1186908718847741,109804.31748135692,1.1647786938306315,0.004397376181405586,,0.052538495622448354,0.4018628863846971,9,0.9328383971477431,20,0.44265179266947896,0.4901866044782641,0.28294794884935226,0.4332121185505355,1.1080482161418275,0.7255997415188312,0.20723865562891186,0.26590501261919747,0.254521577763274,0.1361238187118395,0.26211053433388964,0.7906536689018412,-0.25715656532880404,0.7906536689018412,sudden,up,True,True,sudden
Solstice Foods,affiliate,2024-09,20,154338.39010909124,486147.0593139281,3.1498777392345745,3.08588061012505,482235.2903189102,3.060373848012282,0.026121706974083676,1.3491010058709905,0.11352374640373583,0.6366758760708333,9,1.147363639142895,20,1.18876627178002,-0.04140263263712507,-0.030962837194274995,1.328703623049127,1.1080482161418275,1.157803434585745,-0.01043979544285012,0.16194285653906987,0.12833326934952713,0.1361238187118395,0.1507396608092223,-0.06925712441440898,-0.9152140075316502,-0.06925712441440898,sudden,up,True,False,
Aster Wellness,social,2024-09,20,67234.0454152353,144044.08437056458,2.1424277459574674,1.9490782725981683,114165.91880466921,1.710894452287055,0.010415989977117728,1.1855720362092936,0.09060876990924634,0.588695282820123,9,0.7619396467472476,20,0.7631784119056859,-0.0012387651584383486,0.02893138732375076,1.1178133219175777,1.1080482161418275,0.7921097992294367,-0.030170152482189128,0.10773765218732806,0.15698751998531815,0.1361238187118395,0.1241542747866581,-0.24300534584115085,0.3144015673402192,0.3144015673402192,gradual,up,False,False,
Aster Wellness,paid_search,2024-09,20,41193.79857823579,156946.15375283224,3.8099461367894514,2.6873587256648896,111852.67682284939,2.645384158745827,0.043878535003582526,1.9357753495526056,0.13067528767421754,0.6502717658181171,9,1.3376150517130734,20,1.3812168372310791,-0.04360178551800575,-0.009622958888813324,1.4240035055850504,1.1080482161418275,1.3715938783422659,-0.03397882662919249,0.1599359772251384,0.1428101558216071,0.1361238187118395,0.15422737009062795,-0.22031644972760453,-1.1448603519450213,-0.22031644972760453,sudden,up,False,False,
Solstice Foods,retail_media,2024-09,20,143816.96113861227,524110.77757692174,3.644290446881146,2.6845398363024486,354537.2947552499,2.57916018087255,0.022388869262301905,1.4330081229500542,0.15030476524026623,0.6921061896463492,9,1.293161681732139,20,1.2606382776182865,0.03252340411385246,0.030670261005316096,1.3786969690065165,1.1080482161418275,1.2913085386236025,0.0018531431085364591,0.09475921760079829,0.09557378114618417,0.1361238187118395,0.09503073878259358,0.019500459875156653,0.03387326872411962,0.03387326872411962,gradual,up,True,False,
Pinebrook Pet Co.,social,2024-09,20,16244.973758245997,42944.0697327276,2.6435296462654527,2.477997035394563,42889.52083307083,2.4389175012411743,0.012996390031670973,0.822061434099004,0.08295162503107775,0.5864674433676805,9,0.9721150114084107,0,,,0.02893138732375076,1.1178133219175777,1.1080482161418275,1.1467447092413283,-0.1746296978329176,,0.15698751998531815,0.1361238187118395,0.15698751998531815,-1.112379492645335,,-1.112379492645335,sudden,up,False,False,
Verdant Snacks,paid_search,2024-09,20,15369.306288352112,80716.7011931543,5.251811609371518,3.8462174992117304,61623.21656016378,3.714082222306786,,1.6544963519278764,0.12586585471709982,0.7145561508539497,9,1.6585730855328242,20,1.4920959424666624,0.1664771430661618,-0.009622958888813324,1.4240035055850504,1.1080482161418275,1.4824729835778492,0.17610010195497505,0.13557371709897967,0.1428101558216071,0.1361238187118395,0.1379858633398555,1.2762184305883946,-0.6635139144698317,1.2762184305883946,sudden,up,True,True,sudden
Pinebrook Pet Co.,retail_media,2024-09,20,13026.242100589785,68816.35551051392,5.282901621135857,2.939404271483145,38826.72492521765,3.002756626260052,0.020180488059287002,1.5000528952273784,0.15530453238407968,0.6476508169512549,9,1.6644754962287152,0,,,0.030670261005316096,1.3786969690065165,1.1080482161418275,1.4093672300118325,0.25510826621688265,,0.09557378114618417,0.1361238187118395,0.09557378114618417,2.6692285599403425,,2.6692285599403425,sudden,up,False,True,sudden
Crestline Beverages,audio,2024-09,20,107240.05018370601,166226.018019814,1.5500367421971821,1.8730634033608273,227157.96406448857,1.981989394040442,0.00528777177439703,0.7998129862546718,0.06177729118055833,0.43071273225444406,9,0.43827863529354794,20,0.44902040087674994,-0.010741765583202001,0.02336549767709041,0.6978974682156576,1.1080482161418275,0.47238589855384033,-0.0341072632602924,0.16031830970668748,0.14003830049742935,0.1361238187118395,0.15355830663693476,-0.22211278573769264,-0.44259028007302553,-0.22211278573769264,sudden,up,False,False,
Ridgeway Grocery,affiliate,2024-09,20,85815.88309285456,438573.4155920817,5.110632202170969,4.065544594883822,333105.2136106784,3.5798606290298256,0.04292628285204802,0.8442770847006659,0.20144425675312944,0.5954285710716901,9,1.631323115187551,20,1.4812451673650064,0.15007794782254447,-0.030962837194274995,1.328703623049127,1.1080482161418275,1.4502823301707315,0.18104078501681942,0.15172786052907836,0.12833326934952713,0.1361238187118395,0.14392966346922795,1.2578420643325259,0.303472582815153,1.2578420643325259,sudden,up,True,True,sudden
Ridgeway Grocery,paid_search,2024-09,20,58042.27708692147,348200.8574367905,5.999090230649303,4.04315407787702,232013.8590864085,4.303622529020052,0.04646899977490179,1.8812802273766351,0.16035884623321275,0.7124477158614655,9,1.7916078295062174,20,1.7477927870676044,0.043815042438613006,-0.009622958888813324,1.4240035055850504,1.1080482161418275,1.7381698281787912,0.053438001327426266,0.27634564423826424,0.1428101558216071,0.1361238187118395,0.2318338147660452,0.23050132432731246,0.10501057135571032,0.23050132432731246,sudden,up,False,False,
Solstice Foods,display,2024-09,20,136863.35938911006,364294.93279551744,2.661741860067945,1.9213372743049515,273903.7445203937,1.9107049746016433,0.00556308637174106,0.8555926882049232,0.04588760441217526,0.5626905723296148,9,0.9789807430949862,20,0.9409778288662461,0.038002914228740026,-0.06897068183162777,0.8881107782889965,1.1080482161418275,0.8720071470346183,0.10697359606036783,0.1944795671718819,0.1312229921540773,0.1361238187118395,0.173394042165947,0.6169392830578838,0.523489790785431,0.6169392830578838,sudden,up,True,True,sudden
Aster Wellness,retail_media,2024-09,20,46592.677960237655,152113.44585080218,3.2647500103045437,2.6449610935821593,109154.18444124016,2.2761847960292654,0.01787506665157016,1.4190368817284855,0.16162247877742045,,9,1.1831831932746837,20,1.2782301194501082,-0.09504692617542454,0.030670261005316096,1.3786969690065165,1.1080482161418275,1.3089003804554242,-0.12571718718074054,0.10111271625075839,0.09557378114618417,0.1361238187118395,0.09926640454923366,-1.2664625837071388,-1.2926645178397067,-1.2664625837071388,sudden,up,False,False,
Ridgeway Grocery,retail_media,2024-09,20,73716.20914117957,326206.8308902595,4.42517099957644,2.415483704070161,184490.65642734393,2.619570962280622,0.02010791913555476,1.3658382312194395,0.16631108685921714,0.6416242225251817,9,1.4873089216853106,20,1.6011574554019572,-0.1138485337166466,0.030670261005316096,1.3786969690065165,1.1080482161418275,1.6318277164072732,-0.1445187947219626,0.11158160425425238,0.09557378114618417,0.1361238187118395,0.10624566321822965,-1.3602324117937836,-0.3485547683005882,-0.3485547683005882,gradual,up,False,False,
Verdant Snacks,digital_video,2024-09,20,,,,,,,0.007866975446696753,1.0346195694545304,0.06458438892630709,0.5517278909312404,9,,20,1.0803005625738147,,0.1668618852664451,0.9769900393318224,1.1080482161418275,1.2471624478402599,,0.25657517979584105,0.16113294337374648,0.1361238187118395,0.22476110098847618,,,,sudden,up,True,False,
Ridgeway Grocery,display,2024-09,20,63817.24294959734,169530.23070078838,2.656495687767064,1.6006368294051956,98325.02456539011,1.6177583292250608,0.006993560321587326,0.65595265483838,0.04383757279243011,0.5267915983295484,9,0.9770078436314522,20,0.979933520337014,-0.002925676705561764,-0.06897068183162777,0.8881107782889965,1.1080482161418275,0.9109628385053862,0.06604500512606604,0.06422267324922878,0.1312229921540773,0.1361238187118395,0.08655611288417829,0.7630310896059023,0.1379454962325391,0.7630310896059023,sudden,up,False,True,sudden
Verdant Snacks,display,2024-09,20,14647.27250368545,43368.6367151571,2.9608677454621652,1.582515887511856,24755.12917862354,1.6008721350670811,0.006742228772107652,0.5862562029471808,0.04540290524682036,0.5292588178464263,9,1.08548238262451,20,0.9046080382715043,0.18087434435300564,-0.06897068183162777,0.8881107782889965,1.1080482161418275,0.8356373564398765,0.24984502618463345,0.388676329167998,0.1312229921540773,0.1361238187118395,0.3028585501633578,0.8249561587410045,-0.026957043692784708,0.8249561587410045,sudden,up,True,True,sudden
Aster Wellness,digital_video,2024-09,20,69038.89880617452,157758.3636190353,2.2850648887366978,1.5585575637310505,98580.85139411595,1.499485428979064,0.008775930245346798,1.0976056503762446,0.07167227423960873,0.5215284806899472,9,0.8263944216395466,20,0.9239335491715733,-0.09753912753202676,0.1668618852664451,0.9769900393318224,1.1080482161418275,1.0907954344380184,-0.26440101279847184,0.13483700508466928,0.16113294337374648,0.1361238187118395,0.143602317847695,-1.841202960796888,-0.46641390405491134,-0.46641390405491134,gradual,up,False,False,
Aster Wellness,audio,2024-09,20,62024.52303510946,128321.59638833476,2.068884855683571,1.3402243393371769,81796.35431745592,1.3938468360405696,0.006099764817572362,0.8106293253847535,0.04430821265770287,0.4589530768913816,9,0.727009745056029,20,0.5844359994544248,0.14257374560160418,0.02336549767709041,0.6978974682156576,1.1080482161418275,0.6078014971315152,0.11920824792451379,0.061931660517362694,0.14003830049742935,0.1361238187118395,0.08796720717738492,1.3551441696237059,0.032645005387243575,1.3551441696237059,sudden,up,False,True,sudden
Solstice Foods,paid_search,2024-09,20,135906.10627974066,641996.3781386737,4.723822907686196,2.7268909799629384,414362.7998333014,3.0693695061666544,0.03928304784772133,1.9705393286808257,0.1328423482886643,0.7052055032262593,9,1.5526184098437343,20,1.4415777174343514,0.11104069240938297,-0.009622958888813324,1.4240035055850504,1.1080482161418275,1.431954758545538,0.12066365129819623,0.16173248152467284,0.1428101558216071,0.1361238187118395,0.15542503962365092,0.776346279791039,-0.12779289528903487,0.776346279791039,sudden,up,True,True,sudden
Crestline Beverages,digital_video,2024-09,20,70609.74581572066,191775.72376669123,2.715995101684589,1.834568789034777,115537.70664531666,1.7622048519740217,0.008153794977572045,0.915379337199347,0.06088193118851859,0.5650958338334596,9,0.9991584061913584,20,0.9445227782954365,0.05463562789592191,0.1668618852664451,0.9769900393318224,1.1080482161418275,1.1113846635618816,-0.11222625737052316,0.06337626103506157,0.16113294337374648,0.1361238187118395,0.0959618218146232,-1.1694886075351842,-0.29778101425654324,-0.29778101425654324,gradual,up,False,False,
Solstice Foods,digital_video,2024-09,20,116418.41163899652,239147.02572322183,2.0542027876552393,1.64274414425016,164365.9927639025,1.6475749719600519,0.00753813515536757,0.9707784961324969,0.0657381652922543,0.5376834969204161,9,0.7198878348001695,20,0.8631905167617155,-0.14330268196154605,0.1668618852664451,0.9769900393318224,1.1080482161418275,1.0300524020281607,-0.31016456722799124,0.14203320844735023,0.16113294337374648,0.1361238187118395,0.14839978675614898,-2.0900607339662467,-0.7567805496866655,-0.7567805496866655,gradual,up,True,False,
Ridgeway Grocery,audio,2024-09,20,66820.69836263247,122364.86960695541,1.8312420044293403,1.5074454858595212,99571.4243460979,1.4555643192636352,0.005050384845561219,1.01831430944372,0.056549071809644,0.453717602923155,9,0.6049944275917783,20,0.6339788387214673,-0.02898441112968897,0.02336549767709041,0.6978974682156576,1.1080482161418275,0.6573443363985577,-0.052349908806779366,0.15134692313572676,0.14003830049742935,0.1361238187118395,0.1475773822562943,-0.3547285363543342,0.07210364407931179,0.07210364407931179,gradual,up,False,False,
Aster Wellness,display,2024-09,20,56784.88068939727,92340.43123308316,1.6261446728781228,1.4091656258816905,83799.15426516924,1.5147020229620518,0.006307594301362576,0.6081896970296762,0.05451893164961781,0.53048456327099,9,0.4862119818773968,20,0.6284214721352133,-0.14220949025781648,-0.06897068183162777,0.8881107782889965,1.1080482161418275,0.5594507903035855,-0.07323880842618868,0.17141072780593586,0.1312229921540773,0.1361238187118395,0.15801481592198302,-0.4634932996558312,-0.2995784180542616,-0.2995784180542616,gradual,up,False,False,
Verdant Snacks,affiliate,2024-09,20,20622.648426623913,82731.67172742407,4.011689964156941,2.875319783458562,58569.100409696846,2.8814266739121717,0.03234759450154163,1.1239756408623196,0.11120802284712732,0.6042942131992026,9,1.389212589984281,20,1.293436139215443,0.09577645076883812,-0.030962837194274995,1.328703623049127,1.1080482161418275,1.262473302021168,0.12673928796311307,0.05830921699477811,0.12833326934952713,0.1361238187118395,0.08165056777969446,1.5522156355982089,0.08087164350723548,1.5522156355982089,sudden,up,True,True,sudden
Solstice Foods,tv,2024-09,20,98363.1717719802,219966.31248197984,2.236266973902519,1.4578706831728367,150898.59650057435,1.4827574170040907,0.00414753253338166,,0.05342857398093085,0.523795227835003,9,0.8048079461540845,20,0.6501621566792687,0.15464578947481578,0.22848897253754327,0.5799094134820303,1.1080482161418275,0.878651129216812,-0.07384318306272752,0.06646623673289469,0.14100833488895625,0.1361238187118395,0.09131360278491521,-0.8086767010678747,,-0.8086767010678747,sudden,up,True,False,
Solstice Foods,social,2024-09,20,176642.10179908524,555890.6495961568,3.146988424245728,2.3982488636732326,433891.3273335068,2.3902229025778907,0.012934376836992214,1.0274670189534398,0.0972748859443053,0.5478535017027942,9,1.1464459397296922,20,1.2025851759563233,-0.056139236226631084,0.02893138732375076,1.1178133219175777,1.1080482161418275,1.231516563280074,-0.08507062355038175,0.20255274738103654,0.15698751998531815,0.1361238187118395,0.1873643382491304,-0.4540385024457907,0.005278991854453339,0.005278991854453339,gradual,up,True,False,
Ridgeway Grocery,tv,2024-09,20,67732.97823617823,127756.4776820545,1.8861783581489688,1.5056062786812934,101914.14190068531,1.4974983253092213,0.004556492336161035,,0.05817193954278889,0.5153437088102667,9,0.6345527492780084,20,0.7343770171295423,-0.09982426785153387,0.22848897253754327,0.5799094134820303,1.1080482161418275,0.9628659896670856,-0.32831324038907717,0.0769063376729295,0.14100833488895625,0.1361238187118395,0.09827367007827176,-3.340805732884367,-1.696709365205077,-1.696709365205077,gradual,up,False,False,
Ridgeway Grocery,social,2024-09,20,89284.91838295307,268513.3747899488,3.0073766057360856,2.252365792466425,206879.79336252305,2.1821733675125703,0.012545902084537857,0.8067223113113607,0.0875787797761021,0.6315953511696911,9,1.1010681391758088,20,1.4438709670984826,-0.3428028279226738,0.02893138732375076,1.1178133219175777,1.1080482161418275,1.4728023544222333,-0.37173421524642447,0.12143032317281334,0.15698751998531815,0.1361238187118395,0.13328272211031494,-2.7890652993922864,-0.44367480852055763,-0.44367480852055763,gradual,up,False,False,
Crestline Beverages,affiliate,2024-09,20,91558.04113808881,243126.19808740477,2.655432500141842,2.030422469076632,206891.71322036476,2.293270248486469,0.02810334737627249,1.330417855666289,0.11370276499616565,0.6404907129911667,9,0.9766075416688469,20,1.0653794231737623,-0.08877188150491544,-0.030962837194274995,1.328703623049127,1.1080482161418275,1.0344165859794874,-0.05780904431064049,0.14612471732178137,0.12833326934952713,0.1361238187118395,0.1401942346643633,-0.41234965509844373,-1.1839789962350837,-0.41234965509844373,sudden,up,False,False,
Verdant Snacks,retail_media,2024-09,20,26158.002193152897,118820.74695527229,4.542424382332024,3.43114514228177,87056.19240948059,3.2240500620826222,0.02296228300884035,1.668195463206801,0.1667901230578177,0.6668364404110942,9,1.5134608744423168,20,1.5266620133542608,-0.013201138911943966,0.030670261005316096,1.3786969690065165,1.1080482161418275,1.5573322743595768,-0.04387139991725997,0.029588261056646328,0.09557378114618417,0.1361238187118395,0.08,-0.5483924989657496,-1.0559433391085957,-0.5483924989657496,sudden,up,True,False,
Nimbus Home,audio,2024-09,20,49841.65277683851,126187.07576557691,2.5317594569058155,1.704583250914402,78606.13888457161,1.628776630232288,0.005316274587278303,0.9514198884016192,0.061265989559101154,0.452146028793204,9,0.928914498546996,20,1.0596642938922223,-0.13074979534522624,0.02336549767709041,0.6978974682156576,1.1080482161418275,1.0830297915693128,-0.15411529302231675,0.08388345828586867,0.14003830049742935,0.1361238187118395,0.10260173902305557,-1.502072913088594,-0.5782632644019368,-0.5782632644019368,gradual,up,False,False,
Halcyon Personal Care,display,2024-09,20,33158.985483174445,79730.80165930947,2.404500635273251,1.0858843129551787,40426.47717993727,1.2406708184672386,0.004965070757232759,0.8004996613921549,0.05085634900548567,0.46112354072508377,9,0.8773422459373549,20,0.7726836669581563,0.10465857897919861,-0.06897068183162777,0.8881107782889965,1.1080482161418275,0.7037129851265285,0.1736292608108264,0.11377147951754626,0.1312229921540773,0.1361238187118395,0.11958865039638994,1.4518874511528714,0.33888329671008166,1.4518874511528714,sudden,up,False,True,sudden
Nimbus Home,social,2024-09,20,27661.42772196638,83856.75726094247,3.0315411808751462,2.5411957740909243,70197.47425231252,2.5025853448676405,0.01651466816046884,0.8941571330995979,0.09060790689450189,0.6840178517819887,9,1.109071130760373,20,1.0330765002341569,0.07599463052621602,0.02893138732375076,1.1178133219175777,1.1080482161418275,1.0620078875579075,0.047063243202465355,0.13058205243669832,0.15698751998531815,0.1361238187118395,0.13938387495290494,0.337651993233558,-0.16623805879739217,0.337651993233558,sudden,up,False,False,
Nimbus Home,digital_video,2024-09,20,37281.04017293759,136520.6821578555,3.6619332916831073,2.0094494118469997,75495.18453427484,1.9093269007227152,0.009472651184984648,1.0745417069564502,0.06702490522115333,0.49424225775145075,9,1.2979912297246041,20,1.2278337619017798,0.07015746782282428,0.1668618852664451,0.9769900393318224,1.1080482161418275,1.394695647168225,-0.0967044174436209,0.17033775506406876,0.16113294337374648,0.1361238187118395,0.167269484500628,-0.5781354425305103,-0.5637219363749119,-0.5637219363749119,gradual,up,False,False,
Halcyon Personal Care,social,2024-09,20,32825.12196085934,89122.8556361639,2.7150807159965455,2.0922038910223093,68885.14683537034,2.096681338555562,0.012449843891066908,1.0599452864924472,0.13665298818291105,0.5635233789312528,9,0.9988216825928012,20,1.0568161553847357,-0.05799447279193448,0.02893138732375076,1.1178133219175777,1.1080482161418275,1.0857475427084864,-0.08692586011568515,0.1877029344070826,0.15698751998531815,0.1361238187118395,0.17746446293316112,-0.4898212221137719,-0.03161963592418325,-0.03161963592418325,gradual,up,False,False,
Verdant Snacks,social,2024-09,20,17760.011869994287,60666.455959584586,3.41590176874156,2.165658068971705,38280.454170064535,2.2195110584265394,0.010953940637305171,0.9699093789006576,0.10316854862798878,0.5810333936890213,9,1.2284415192896585,20,1.2125024014473111,0.01593911784234736,0.02893138732375076,1.1178133219175777,1.1080482161418275,1.2414337887710618,-0.012992269481403307,0.2811850065672774,0.15698751998531815,0.1361238187118395,0.23978584437329098,-0.05418280430756936,-0.6208130468623178,-0.05418280430756936,sudden,up,True,False,
Halcyon Personal Care,retail_media,2024-09,20,40704.466392373484,148830.43032191653,3.6563660824651385,2.779013332466621,105833.86251226971,2.7323824247910924,,1.3680556412557894,0.14998855790550394,0.6514023334175862,9,1.2964697805443335,20,1.3750081858951986,-0.07853840535086509,0.030670261005316096,1.3786969690065165,1.1080482161418275,1.4056784469005146,-0.1092086663561811,0.08369195117526892,0.09557378114618417,0.1361238187118395,0.08765256116557402,-1.2459267008740111,-0.6854377671439534,-0.6854377671439534,gradual,up,False,False,
Crestline Beverages,tv,2024-09,20,75162.30290787337,116624.61500951476,1.5516370640274535,1.8106997507262996,126570.45575202392,1.5330338203192713,0.005642976338193153,,0.08245471941016917,0.5142632698001284,9,0.439310543915961,20,0.2710777121109976,0.1682328318049634,0.22848897253754327,0.5799094134820303,1.1080482161418275,0.4995666846485409,-0.0602561407325799,0.2416172463420741,0.14100833488895625,0.1361238187118395,0.20808094252436815,-0.2895802950600503,0.03355416886778485,0.03355416886778485,gradual,up,True,False,
Pinebrook Pet Co.,digital_video,2024-09,20,10165.23875171463,35065.4310967249,3.4495432869995506,2.5525731672088123,23424.623493770127,2.380467485528213,0.008596646078101013,1.0402834998837995,0.06720882930986584,0.538046600882347,9,1.2382418417003456,0,,,0.1668618852664451,0.9769900393318224,1.1080482161418275,1.1438519245982675,0.09438991710207811,,0.16113294337374648,0.1361238187118395,0.16113294337374648,0.5857890703525567,,0.5857890703525567,sudden,up,False,True,sudden
Halcyon Personal Care,digital_video,2024-09,20,50979.178948294815,84566.00078925543,1.658834107058212,1.4173306429754413,69069.65938368352,1.4218696772394606,0.007783343648773261,0.9862716377841234,0.06714437670289088,0.558147854416992,9,0.5061150104628974,20,0.5985590780285189,-0.09244406756562151,0.1668618852664451,0.9769900393318224,1.1080482161418275,0.765420963294964,-0.2593059528320666,0.20675504057691355,0.16113294337374648,0.1361238187118395,0.19154767484252452,-1.3537410623503918,-1.1398619023154124,-1.1398619023154124,gradual,up,False,False,
Crestline Beverages,paid_search,2024-09,20,98896.46704720108,309206.5608582191,3.1265683202883445,3.9356268623086996,382116.07181809394,3.6843054751062274,0.04255521540060735,1.7913749868052082,0.10857473391466027,0.7167891887092542,9,1.1399360197897728,20,1.2240955636135329,-0.08415954382376012,-0.009622958888813324,1.4240035055850504,1.1080482161418275,1.2144726047247196,-0.07453658493494686,0.10113493661631459,0.1428101558216071,0.1361238187118395,0.11502667635141209,-0.6479939027989817,-0.7140999657550453,-0.6479939027989817,sudden,up,False,False,
Crestline Beverages,retail_media,2024-09,20,100598.44631513118,330121.3590866729,3.281575125450211,3.0129687475058327,299290.41690338874,2.9464845145553458,0.019820612747248882,1.4538025975032083,0.16477671628299045,0.6659975146653244,9,1.1883235283006108,20,1.1095509381537134,0.07877259014689741,0.030670261005316096,1.3786969690065165,1.1080482161418275,1.1402211991590294,0.04810232914158141,0.06710739620193094,0.09557378114618417,0.1361238187118395,0.08,0.6012791142697677,-0.6366283866690976,0.6012791142697677,sudden,up,False,True,sudden
Nimbus Home,display,2024-09,20,37503.3177847998,87548.64859385476,2.33442409272223,1.8526942519483722,69573.98122790828,1.8129942366013547,0.007105431485475573,0.6264769384849097,0.05411377114135701,0.5263177484395363,9,0.8477652194674601,20,0.916955124534814,-0.0691899050673539,-0.06897068183162777,0.8881107782889965,1.1080482161418275,0.8479844427031862,-0.00021922323572609592,0.1350473145167743,0.1312229921540773,0.1361238187118395,0.13377254039587527,-0.001638776052823285,-0.10981418821587163,-0.001638776052823285,sudden,up,False,False,
Halcyon Personal Care,paid_search,2024-09,20,48142.40245597245,162191.53872482982,3.368995530980375,2.533365993484312,122421.89265367745,2.5054055169011855,0.040359399677380496,1.6041740568609681,0.138214163205973,0.6485091206192246,9,1.2146146379113292,20,1.228264877069409,-0.013650239158079724,-0.009622958888813324,1.4240035055850504,1.1080482161418275,1.2186419181805956,-0.004027280269266464,0.154341652868811,0.1428101558216071,0.1361238187118395,0.15049782051974303,-0.026759724860853693,-0.888764408314035,-0.026759724860853693,sudden,up,False,False,
Crestline Beverages,social,2024-09,20,124451.21047811436,277944.7733809682,2.233363358324641,2.1414282515096614,271642.3073573806,2.22437178297292,0.011393896781581472,0.8367909812251711,0.08947922178735188,0.6188890542553515,9,0.8035086816643991,20,0.8822692019985394,-0.07876052033414027,0.02893138732375076,1.1178133219175777,1.1080482161418275,0.9112005893222902,-0.10769190765789105,0.09486047644278542,0.15698751998531815,0.1361238187118395,0.115569490956963,-0.9318368261913909,-0.38715819821071046,-0.38715819821071046,gradual,up,False,False,
Nimbus Home,retail_media,2024-09,20,32929.07198609763,146287.50238373454,4.442503039426555,3.795943488376227,126335.8347499076,3.7963832822386023,0.021421987941453117,1.3307720657215303,0.12889531108461444,0.6387420162261898,9,1.4912179652167346,20,1.5065721628781517,-0.015354197661417102,0.030670261005316096,1.3786969690065165,1.1080482161418275,1.5372424238834677,-0.046024458666733103,0.18542049762410148,0.09557378114618417,0.1361238187118395,0.1554715921314624,-0.2960313073002824,0.015037835184078703,0.015037835184078703,gradual,up,False,False,
Pinebrook Pet Co.,affiliate,2024-09,20,12209.805729786567,41040.448150255535,3.3612695450292756,2.228080865328256,26396.308623117493,2.0684310818205223,0.032136154785024615,1.2773955702960402,0.13238148686484194,0.5653705060662758,9,1.2123187433937825,0,,,-0.030962837194274995,1.328703623049127,1.1080482161418275,1.297740785854852,-0.08542204246106944,,0.12833326934952713,0.1361238187118395,0.12833326934952713,-0.6656266367563259,,-0.6656266367563259,sudden,up,False,False,
Halcyon Personal Care,affiliate,2024-09,20,40501.10669496209,138573.368005823,3.421471147677554,2.4163813681479853,106844.39237735908,2.5929428889684765,0.03499390774979666,1.2950799040590526,0.1287947397670543,0.5607468257851292,9,1.2300706187218,20,1.4167102125078355,-0.18663959378603545,-0.030962837194274995,1.328703623049127,1.1080482161418275,1.3857473753135605,-0.1556767565917605,0.16141439929338272,0.12833326934952713,0.1361238187118395,0.15038735597876418,-1.0351718439264483,-0.7494024609549106,-0.7494024609549106,gradual,up,False,False,
Nimbus Home,paid_search,2024-09,20,44765.11073731988,185325.17193902333,4.139946688091649,3.2374179867456747,136783.22161920194,3.0979160178383403,0.04470238629054897,1.7025343755604083,0.13547370339259163,,9,1.4206829104817615,20,1.3981183375996633,0.022564572882098233,-0.009622958888813324,1.4240035055850504,1.1080482161418275,1.38849537871085,0.03218753177091149,0.13540656306210053,0.1428101558216071,0.1361238187118395,0.1378744273152694,0.23345541590036958,-0.11887918279880107,0.23345541590036958,sudden,up,False,False,
Aster Wellness,paid_search,2024-10,21,33627.628809181355,141218.44961360536,4.1994768770329856,2.501071078689461,89569.17724376028,2.638652609488526,0.04209146484105533,1.683915395196135,0.13722993238916925,0.677611049374462,10,1.4349599644445583,21,1.3759194986910188,0.059040465753539495,0.06678321345248718,1.4248625166306546,1.1068390668168153,1.442702712143506,-0.007742747698947783,0.12326240675291436,0.13818930931643944,0.1336335871483172,0.12807753661211602,-0.06045359634294626,-0.7816616021138892,-0.06045359634294626,sudden,up,False,False,
Nimbus Home,display,2024-10,21,39462.93442981626,92610.830922775,2.3467801434655295,1.7997867307983486,63806.43613939681,1.6679877558304725,0.005972462278441063,0.7152593183763376,0.05312946436227444,0.526804788357943,10,0.8530442369231236,21,0.8729083631183397,-0.01986412619521616,0.06338150108797763,0.8826575866407019,1.1068390668168153,0.9362898642063173,-0.08324562728319373,0.1350473145167743,0.13688749136297815,0.1336335871483172,0.1356409199510336,-0.6137206037326008,-0.5175346295111108,-0.5175346295111108,gradual,up,False,False,
Crestline Beverages,retail_media,2024-10,21,85069.7395151309,266946.5781162255,3.1379733808723502,2.968128999502941,279102.97160312603,3.075037371525423,,1.4870878323655414,0.1864569147663338,0.6105822558255631,10,1.1435771714425957,21,1.120704390882195,0.022872780560400763,-0.010029142913492809,1.3678237472397352,1.1068390668168153,1.110675247968702,0.032901923473893646,0.06710739620193094,0.09369366281824147,0.1336335871483172,0.08,0.4112740434236706,0.08731558941780972,0.4112740434236706,sudden,up,False,False,
Pinebrook Pet Co.,retail_media,2024-10,21,12728.000877449716,64616.465102192014,5.076717524169363,3.2543220259198615,39594.52459896394,3.026618894178032,0.018581775305331595,1.370726083776931,0.16037370250189883,0.628934567645003,10,1.624664896081631,1,,,-0.010029142913492809,1.3678237472397352,1.1068390668168153,1.3577946043262423,0.2668702917553887,,0.09369366281824147,0.1336335871483172,0.09369366281824147,2.8483280910161084,,2.8483280910161084,sudden,up,False,True,sudden
Solstice Foods,social,2024-10,21,212477.93532615193,575862.560086769,2.71022287186114,2.2387471857727026,463671.2840310602,2.223126959272081,0.011267287093865335,0.9712345545321829,0.07665378080994129,0.5664338846048168,10,0.9970308720492079,21,1.1980655604945203,-0.20103468844531236,0.06578095489054951,1.0717299320610902,1.1068390668168153,1.2638465153850698,-0.26681564333586183,0.18959596022218425,0.1526729712773915,0.1336335871483172,0.1776853186270898,-1.5016189598411946,-1.2113352683327365,-1.2113352683327365,gradual,up,True,False,
Halcyon Personal Care,retail_media,2024-10,21,30912.1367117612,134398.10116696756,4.347745431516317,3.0531381368965795,102027.89464324419,3.037936908666575,0.01949316442261652,1.6483550508196114,0.17437003433700762,0.5367145812536338,10,1.469657419135627,21,1.3750081858951986,0.09464923324042851,-0.010029142913492809,1.3678237472397352,1.1068390668168153,1.3649790429817057,0.10467837615392139,0.08369195117526892,0.09369366281824147,0.1336335871483172,0.0869183097697762,1.2043305539556275,-0.17236515951780246,1.2043305539556275,sudden,up,True,True,sudden
Solstice Foods,tv,2024-10,21,105621.49222013756,195554.5207014107,1.8514652329833938,1.4143506921664024,154622.0212052177,1.4637707764686745,0.0036184105016974994,,0.058675379334900184,0.5532234884344716,10,0.615977343438485,21,0.6501621566792687,-0.03418481324078371,0.05542775401483091,0.5809036184368636,1.1068390668168153,0.7055899106940996,-0.08961256725561462,0.07203819267667104,0.13577391909707226,0.1336335871483172,0.09259810442518757,-0.9677581178566669,-0.11411207724918757,-0.11411207724918757,gradual,up,True,False,
Nimbus Home,social,2024-10,21,27234.678350932154,77764.23847288809,2.855338971544214,2.1633221197245223,60110.555436418224,2.3318234479118045,0.013264242206898215,0.83401869736107,0.09984135925641997,0.5973153234102622,10,1.0491905651475237,21,1.0330765002341569,0.016114064913366866,0.06578095489054951,1.0717299320610902,1.1068390668168153,1.0988574551247063,-0.049666889977182604,0.1331035353999402,0.1526729712773915,0.1336335871483172,0.13941625665073093,-0.3562489136515072,-0.4334629119010158,-0.3562489136515072,sudden,up,False,False,
Pinebrook Pet Co.,digital_video,2024-10,21,11256.206185475337,37794.484972805214,3.3576574869047846,2.4524523254083395,28285.728582487904,2.491179055742335,0.007542630417543222,1.3424985182177214,0.05898433114490942,0.5305493358126318,10,1.2112435543181177,1,,,0.05801740961376926,0.9345877641356504,1.1068390668168153,0.9926051737494196,0.2186383805686981,,0.15950005102178436,0.1336335871483172,0.15950005102178436,1.370773107394409,,1.370773107394409,sudden,up,False,True,sudden
Pinebrook Pet Co.,social,2024-10,21,15172.351182438271,41443.93438362927,2.7315433109404883,2.283368115519273,34018.78836295017,2.3209920478448707,0.013340241487663357,1.0243622020610155,0.08413842157015151,0.6149348911041763,10,1.0048667648291507,1,,,0.06578095489054951,1.0717299320610902,1.1068390668168153,1.1375108869516397,-0.132644122122489,,0.1526729712773915,0.1336335871483172,0.1526729712773915,-0.8688120825361283,,-0.8688120825361283,sudden,up,False,False,
Pinebrook Pet Co.,affiliate,2024-10,21,11525.462341929122,38542.0980698197,3.344082599585203,2.5461221710138937,33635.21159172781,2.5183814374885563,0.032086213348321624,1.1557382139115797,0.1335053589085581,0.5619900965601027,10,1.2071923957502904,1,,,0.003031265036371211,1.3115945213110645,1.1068390668168153,1.3146257863474358,-0.1074333905971454,,0.12833326934952713,0.1336335871483172,0.12833326934952713,-0.8371437207334052,,-0.8371437207334052,sudden,up,False,False,
Crestline Beverages,social,2024-10,21,100860.99978140053,226646.66827605144,2.247118993141754,2.134720035510093,210269.23443798773,2.14743221517241,0.012194356876520235,0.9909535295066266,0.0903440412081676,0.6553520515763098,10,0.8096489482504277,21,0.8262697084825389,-0.01662076023211123,0.06578095489054951,1.0717299320610902,1.1068390668168153,0.8920506633730884,-0.0824017151226607,0.14621806273986115,0.1526729712773915,0.1336335871483172,0.14830029130035483,-0.5556409525573437,-0.8891393038963565,-0.5556409525573437,sudden,up,False,False,
Solstice Foods,display,2024-10,21,129573.6939741685,330936.1091856404,2.5540377759980744,1.9396920065926975,263288.6543447932,1.9697404774009857,0.006133774520325675,0.6026444303861526,0.03694017130759991,0.5122231058232188,10,0.937675548416419,21,0.9631162430328578,-0.02544069461643883,0.06338150108797763,0.8826575866407019,1.1068390668168153,1.0264977441208354,-0.0888221957044164,0.1944795671718819,0.13688749136297815,0.1336335871483172,0.17590147820126778,-0.5049542312702193,0.0923156760092972,0.0923156760092972,gradual,up,True,False,
Crestline Beverages,ooh,2024-10,21,81613.39190723466,188976.08438308095,2.3155033747142797,1.230124743864471,103906.39631251755,1.2424070909066462,0.004660810891735589,,0.07685027517890013,0.43299352985450423,10,0.8396271043827725,21,0.4631115640008871,0.37651554038188545,0.17295949394287968,0.5182304150637562,1.1068390668168153,0.6360710579437667,0.20355604643900582,0.26590501261919747,0.25712548764230975,0.1336335871483172,0.26307290778794334,0.7737628634989939,0.1028654106492177,0.7737628634989939,sudden,up,True,True,sudden
Solstice Foods,digital_video,2024-10,21,106611.67403425011,241261.52821564756,2.2629935267514867,1.6660849837319032,192721.0450777704,1.8190106776268617,0.009757434591254312,1.0749843015835185,0.0908903327220315,0.5719616947972196,10,0.8166885061751424,21,0.849381325160437,-0.032692818985294525,0.05801740961376926,0.9345877641356504,1.1068390668168153,0.9073987347742062,-0.09071022859906375,0.16646504524589545,0.15950005102178436,0.1336335871483172,0.16421827291553703,-0.5523759749057833,-0.9179488080170269,-0.5523759749057833,sudden,up,True,False,
Aster Wellness,social,2024-10,21,51784.18852543767,101065.40918113035,1.951665403262707,1.8925219995463025,120465.29537722879,2.0905046934572837,0.012384944223215576,0.8831565969537236,0.08290894498775413,0.6002635278666936,10,0.6686830610351823,21,0.779626445960228,-0.11094338492504574,0.06578095489054951,1.0717299320610902,1.1068390668168153,0.8454074008507775,-0.1767243398155952,0.10773765218732806,0.1526729712773915,0.1336335871483172,0.12223291640992917,-1.4457999122177503,-0.2482576547436922,-0.2482576547436922,gradual,up,False,False,
Ridgeway Grocery,tv,2024-10,21,76842.38864270343,129507.63010004858,1.6853670531016995,1.4398471834311963,96059.32406556375,1.3245716642067231,0.004285281723373084,,0.0699000295225814,0.573954938423039,10,0.5219833757502452,21,0.7200616623999682,-0.19807828664972293,0.05542775401483091,0.5809036184368636,1.1068390668168153,0.7754894164147991,-0.25350604066455384,0.11156964287073365,0.13577391909707226,0.1336335871483172,0.11937747391148804,-2.123566803336071,-2.3936847886870747,-2.123566803336071,sudden,up,False,False,
Ridgeway Grocery,affiliate,2024-10,21,98227.77047546692,539674.0155969891,5.494108366551763,4.385778167997262,434596.2671794725,4.1040677155051455,,0.7638347567711231,0.17439443283613162,0.5728652656571858,10,1.7036763120056335,21,1.4812451673650064,0.22243114464062708,0.003031265036371211,1.3115945213110645,1.1068390668168153,1.4842764324013777,0.21939987960425578,0.17568705584260275,0.12833326934952713,0.1336335871483172,0.16041164084483642,1.3677304118874871,1.2047088274031412,1.3677304118874871,sudden,up,True,True,sudden
Halcyon Personal Care,social,2024-10,21,24339.569633088362,61424.436549142214,2.523645137325638,1.9527638992412888,42667.87477208994,1.9538734957544994,0.012056294480325646,1.0794447891434473,0.09347538700109323,0.5872713866466823,10,0.9257043394401704,21,1.0362281864339713,-0.11052384699380091,0.06578095489054951,1.0717299320610902,1.1068390668168153,1.1020091413245208,-0.17630480188435038,0.17548076995080183,0.1526729712773915,0.1336335871483172,0.1681234155400243,-1.0486629796215292,-0.7443264605243541,-0.7443264605243541,gradual,up,False,False,
Solstice Foods,paid_search,2024-10,21,159999.98129821877,717544.6023206603,4.484654288698023,3.0614270405435833,431873.28840202995,2.8463230903762766,0.0529884501157687,1.7459393861336474,0.14525938261704943,0.7023984693547767,10,1.500661410867133,21,1.4837080035069443,0.016953407360188688,0.06678321345248718,1.4248625166306546,1.1068390668168153,1.5504912169594316,-0.04982980609229859,0.16173248152467284,0.13818930931643944,0.1336335871483172,0.15413790984459755,-0.32328066562299435,-0.1722843904585575,-0.1722843904585575,gradual,up,True,False,
Solstice Foods,affiliate,2024-10,21,193415.72518341494,584402.223787204,3.021482473738984,2.9334075460188336,546139.7313802704,3.0013138296763526,0.03617362357620462,1.3201739255601006,0.11926541993583133,0.5984118553704156,10,1.105747596286017,21,1.1864021253957155,-0.0806545291096985,0.003031265036371211,1.3115945213110645,1.1068390668168153,1.1894333904320868,-0.0836857941460698,0.16183210447779994,0.12833326934952713,0.1336335871483172,0.15102602862997,-0.5541150416601962,-0.5726285819806699,-0.5541150416601962,sudden,up,True,False,
Crestline Beverages,affiliate,2024-10,21,74843.4690494422,275197.2357049658,3.6769706054534734,2.3521246181311852,166758.5476228466,2.2421456418724053,0.031203512114061336,1.3123063698660629,,0.5645185340033877,10,1.302089208121686,21,1.0413147072732047,0.2607745008484812,0.003031265036371211,1.3115945213110645,1.1068390668168153,1.044345972309576,0.2577432358121099,0.16953606799743726,0.12833326934952713,0.1336335871483172,0.15624484262714367,1.6496111582202932,0.0735363666263722,1.6496111582202932,sudden,up,False,True,sudden
Solstice Foods,retail_media,2024-10,21,196361.90080120414,599523.3806556106,3.053155312763881,2.7482077917348042,454021.87233562075,2.470447702283572,0.022563420872097468,1.431986814255778,0.17637851853604453,0.6148501140189085,10,1.116175584638252,21,1.287867081256868,-0.17169149661861605,-0.010029142913492809,1.3678237472397352,1.1068390668168153,1.2778379383433751,-0.16166235370512316,0.09888966288411581,0.09369366281824147,0.1336335871483172,0.09721353383060796,-1.6629613936966388,-0.5259841624142597,-0.5259841624142597,gradual,up,True,False,
Nimbus Home,digital_video,2024-10,21,37307.56038889591,114448.33108739043,3.0676980723042515,1.7639514167440027,61720.87654350342,1.7613801048689997,0.008025866635106892,1.2480674124796554,0.07005763478418053,0.5248463374453561,10,1.1209274667666258,21,1.2278337619017798,-0.10690629513515404,0.05801740961376926,0.9345877641356504,1.1068390668168153,1.2858511715155492,-0.16492370474892337,0.1510396278740751,0.15950005102178436,0.1336335871483172,0.15376879663140067,-1.0725433791633432,-0.8181982507405898,-0.8181982507405898,gradual,up,False,False,
Aster Wellness,retail_media,2024-10,21,35714.988007959815,126299.1615805574,3.53630698552689,2.8196075164267755,107874.66968373582,2.7603022291763732,0.020041811382173882,1.357793670413457,0.16876621438198272,0.6343908974519153,10,1.2630829581808984,21,1.2436546990228778,0.0194282591580206,-0.010029142913492809,1.3678237472397352,1.1068390668168153,1.233625556109385,0.029457402071513483,0.1202947255078731,0.09369366281824147,0.1336335871483172,0.1117137375434758,0.2636864786665069,-0.44530376170755176,0.2636864786665069,sudden,up,False,False,
Aster Wellness,audio,2024-10,21,43159.13748429152,78260.85505958243,1.813309060869596,1.2302493051468781,45101.42403290794,1.2009264229337995,0.006500311272732634,0.8133557802638118,0.051563267420214644,0.44329420401340824,10,0.5951533865602991,21,0.6510991919076576,-0.05594580534735849,0.0029947097844148923,0.6965645808929725,1.1068390668168153,0.6540939016920725,-0.05894051513177334,0.07936565617968709,0.1444458607964547,0.1336335871483172,0.10035927057219277,-0.5872951725907063,0.008103459787623118,0.008103459787623118,gradual,up,False,False,
Nimbus Home,audio,2024-10,21,46964.314207441006,131678.42726790247,2.8037975107286757,1.997355379562889,89262.2175479705,1.7722689233354687,0.005050227093715457,0.7442806682378431,0.04209181458955616,0.47118950463723214,10,1.0309747521313306,21,1.0551738984767587,-0.02419914634542808,0.0029947097844148923,0.6965645808929725,1.1068390668168153,1.0581686082611736,-0.02719385612984304,0.09840404965072845,0.1444458607964547,0.1336335871483172,0.1132562467945111,-0.2401091056741691,-0.3066340674858673,-0.2401091056741691,sudden,up,False,False,
Verdant Snacks,display,2024-10,21,8908.268670787034,29176.28890341741,3.275191844976059,1.5749754591209835,14835.430431210552,1.6123720450408308,0.006473415529642825,0.7087085132981131,0.06475088996139232,0.5082269109259551,10,1.1863764459901989,21,0.9646897013236649,0.22168674466653393,0.06338150108797763,0.8826575866407019,1.1068390668168153,1.0280712024116425,0.15830524357855635,0.3081727297322432,0.13688749136297815,0.1336335871483172,0.25291942703248027,0.6259117594720257,0.49050548827029566,0.6259117594720257,sudden,up,True,True,sudden
Aster Wellness,digital_video,2024-10,21,,,,,,,0.008846217978270949,1.261051757371769,0.0753680499335184,0.526738616923595,10,,21,0.9068132546281158,,0.05801740961376926,0.9345877641356504,1.1068390668168153,0.964830664241885,,0.13483700508466928,0.15950005102178436,0.1336335871483172,0.14279282635470641,,,,sudden,up,False,False,
Ridgeway Grocery,paid_search,2024-10,21,63798.09343401581,336039.2948976594,5.2672309909262935,4.092811738366252,269586.2495226036,4.203856668827095,0.04806778338280229,1.8079016785043942,0.13511505044540117,0.6959498272149645,10,1.6615047958005198,21,1.8028275958899047,-0.14132280008938491,0.06678321345248718,1.4248625166306546,1.1068390668168153,1.869610809342392,-0.2081060135418722,0.1814301861451357,0.13818930931643944,0.1336335871483172,0.16748151620039498,-1.242561079354388,-0.06662709993754921,-0.06662709993754921,gradual,up,False,False,
Crestline Beverages,paid_search,2024-10,21,90698.6512769185,353804.59281555586,3.9008804192173696,3.7054933242978865,352175.49287269893,3.7178283913791477,0.04533451531008624,1.80640040258292,0.1393943099895251,0.6575169027470517,10,1.3612022761755127,21,1.2240955636135329,0.13710671256197982,0.06678321345248718,1.4248625166306546,1.1068390668168153,1.2908787770660202,0.07032349910949254,0.10113493661631459,0.13818930931643944,0.1336335871483172,0.11308796006796777,0.6218477994229176,-0.28928313325884425,0.6218477994229176,sudden,up,False,True,sudden
Halcyon Personal Care,digital_video,2024-10,21,36481.91157849428,65804.63999087001,1.8037607445345927,1.4066545248202484,48769.415132959955,1.393724036131128,0.008093539522617675,1.1923487911586887,0.0572342215778821,0.557915858136441,10,0.589873787864137,21,0.5216157470474758,0.0682580408166612,0.05801740961376926,0.9345877641356504,1.1068390668168153,0.579633156661245,0.010240631202891981,0.22212828491134515,0.15950005102178436,0.1336335871483172,0.20192562881793844,0.050714865977340644,-0.5000469105870318,0.050714865977340644,sudden,up,False,False,
Halcyon Personal Care,affiliate,2024-10,21,30478.598205919323,122062.8004376881,4.004869240147074,2.2814051928765506,69199.43101720168,2.45859837857075,0.024231616233990252,1.0198323032604422,0.11466341357740925,0.5354406469388692,10,1.3875109308355356,21,1.3439012566534263,0.04360967418210926,0.003031265036371211,1.3115945213110645,1.1068390668168153,1.3469325216897976,0.04057840914573796,0.16141439929338272,0.12833326934952713,0.1336335871483172,0.1507430670534293,0.26918922335151485,-0.29204333789003833,0.26918922335151485,sudden,up,True,False,
Halcyon Personal Care,display,2024-10,21,27120.836004327222,59673.529883888084,2.2002835706969712,1.1697021910423477,35006.3275402152,1.2527500221878856,,0.6644441912583964,,0.5155086777794398,10,0.7885862478292746,21,0.7726836669581563,0.015902580871118288,0.06338150108797763,0.8826575866407019,1.1068390668168153,0.836065168046134,-0.0474789202168594,0.11826530635400925,0.13688749136297815,0.1336335871483172,0.12427246280851534,-0.38205503571629607,0.3399185726588483,0.3399185726588483,gradual,up,False,False,
Crestline Beverages,audio,2024-10,21,86984.73814120056,138718.04337018647,1.5947400237615048,1.6882572496838413,148697.75188563895,1.7681974722693794,0.00508035498362862,0.827085529544766,0.047529979433491285,0.4431318433373824,10,0.4667107284448661,21,0.44902040087674994,0.01769032756811617,0.0029947097844148923,0.6965645808929725,1.1068390668168153,0.45201511066116484,0.014695617783701265,0.13739912720733213,0.1444458607964547,0.1336335871483172,0.13967226707479102,0.10521500145646041,-0.22042790574668336,0.10521500145646041,sudden,up,False,False,
Crestline Beverages,digital_video,2024-10,21,61046.655089870284,193298.45524059635,3.1664053494172713,1.7233438918462611,102979.06555560173,1.7546611588773682,0.007438575983295056,,0.06974481934733096,0.5828160926205777,10,1.1525969852966698,21,0.9445227782954365,0.20807420700123325,0.05801740961376926,0.9345877641356504,1.1068390668168153,1.0025401879092057,0.15005679738746402,0.058799264145884406,0.15950005102178436,0.1336335871483172,0.09128338894456181,1.6438565561867609,0.016157605601685637,1.6438565561867609,sudden,up,False,True,sudden
Verdant Snacks,paid_search,2024-10,21,12291.161666664508,71038.35832618589,5.779629318427458,3.8931274849580846,50131.50480861061,3.9040017945799024,0.05404923769773955,1.8277524682666595,0.15043114749453554,0.6588662833842276,10,1.7543395488678015,21,1.4920959424666624,0.2622436064011391,0.06678321345248718,1.4248625166306546,1.1068390668168153,1.5588791559191497,0.1954603929486518,0.2462144826612837,0.13818930931643944,0.1336335871483172,0.21136765255004364,0.9247412770616563,0.15548916815148844,0.9247412770616563,sudden,up,True,True,sudden
Nimbus Home,paid_search,2024-10,21,46432.872585117155,153861.12474410955,3.3136249423738153,3.0671606943190617,152661.15299113988,3.198064150006357,0.0440422578830562,1.6774729965684565,,0.7427779493226071,10,1.1980427389044572,21,1.3981183375996633,-0.20007559869520608,0.06678321345248718,1.4248625166306546,1.1068390668168153,1.4649015510521506,-0.26685881214769336,0.10859493245603793,0.13818930931643944,0.1336335871483172,0.11814150563681261,-2.258806595609704,-0.5376808581496855,-0.5376808581496855,gradual,up,False,False,
Pinebrook Pet Co.,display,2024-10,21,13735.209817291872,32921.09898033237,2.3968399040316455,1.979193432819956,27365.406243082194,1.8907583721436114,0.006669278493421761,0.6573250604820753,0.0409105011187276,0.4808803005131404,10,0.874151163080529,1,,,0.06338150108797763,0.8826575866407019,1.1068390668168153,0.9460390877286795,-0.07188792464815053,,0.13688749136297815,0.1336335871483172,0.13688749136297815,-0.5251606551655525,,-0.5251606551655525,sudden,up,False,False,
Ridgeway Grocery,retail_media,2024-10,21,81513.73167830613,403686.38685542496,4.9523727909865904,2.74245431969007,220582.72460274023,2.62504090244048,0.019507408737980087,1.1805346373148506,0.16936862330965632,0.6993283471244955,10,1.5998668134427303,21,1.5703870328016987,0.029479780641031628,-0.010029142913492809,1.3678237472397352,1.1068390668168153,1.5603578898882058,0.03950892355452451,0.13892856632751818,0.09369366281824147,0.1336335871483172,0.12433666196968698,0.317757634221809,-0.05901638008245181,0.317757634221809,sudden,up,False,False,
Verdant Snacks,digital_video,2024-10,21,8338.288884560188,27860.569142600598,3.341281350204759,2.0993385757545715,18280.002444801125,2.0853280634289804,0.007700906157372938,1.1340089519108745,0.0732234758127634,0.5670305205199557,10,1.2063543712043052,21,0.8962068030360687,0.3101475681682365,0.05801740961376926,0.9345877641356504,1.1068390668168153,0.9542242126498379,0.2521301585544673,0.3014202052366915,0.15950005102178436,0.1336335871483172,0.25563951032865695,0.9862722637448416,,0.9862722637448416,sudden,up,True,True,sudden
Pinebrook Pet Co.,paid_search,2024-10,21,16870.988351275162,106600.99808165593,6.318598286128192,3.106491072333471,46735.97522330613,3.050139367675392,0.04299047230393044,1.9411894354432755,0.13081225215806086,,10,1.8434973933900993,1,,,0.06678321345248718,1.4248625166306546,1.1068390668168153,1.4916457300831418,0.3518516633069575,,0.13818930931643944,0.1336335871483172,0.13818930931643944,2.546156899165427,,2.546156899165427,sudden,up,False,True,sudden
Ridgeway Grocery,audio,2024-10,21,73312.93497294316,131195.68328636858,1.7895298194621128,1.5768851255015237,137750.0408879187,1.7148017082227187,0.005159559015941568,0.7027654117527158,0.0485074069283164,0.4818562901709729,10,0.5819529146571182,21,0.6393280658855467,-0.05737515122842851,0.0029947097844148923,0.6965645808929725,1.1068390668168153,0.6423227756699615,-0.06036986101284336,0.15134692313572676,0.1444458607964547,0.1336335871483172,0.14912077399402607,-0.4048387048692615,-0.018780718690501498,-0.018780718690501498,gradual,up,False,False,
Verdant Snacks,retail_media,2024-10,21,18645.676912636514,95618.75477107316,5.128199701147379,2.8393047809444014,56768.940392237935,3.1168369686342396,0.01792558557973352,1.3464546810259541,0.1249161893933565,0.6504788368404463,10,1.6347546621415692,21,1.5134608744423168,0.12129378769925236,-0.010029142913492809,1.3678237472397352,1.1068390668168153,1.503431731528824,0.13132293061274525,0.03668118632005523,0.09369366281824147,0.1336335871483172,0.08,1.6415366326593155,0.11150302983018845,1.6415366326593155,sudden,up,True,True,sudden
Verdant Snacks,social,2024-10,21,12456.336718956894,42763.779029702644,3.4330943354013415,2.3570808712242006,28822.74001708447,2.288588936833508,0.014798187231376495,0.7790832863145817,0.11237448300353915,0.5544164402780992,10,1.233461993096366,21,1.1542262742070792,0.07923571888928671,0.06578095489054951,1.0717299320610902,1.1068390668168153,1.2200072290976287,0.01345476399873724,0.2012731959799929,0.1526729712773915,0.1336335871483172,0.18559570414044407,0.07249501846527517,-0.15276794946127875,0.07249501846527517,sudden,up,True,False,
Verdant Snacks,affiliate,2024-10,21,15562.420322963682,78709.26685382085,5.057649467138385,3.2841570882008666,44581.16514034946,2.8822043790178267,0.0369117875459322,1.3137295031697975,0.128408759234144,0.6165715112229583,10,1.6209018431847828,21,1.3227748839319424,0.2981269592528404,0.003031265036371211,1.3115945213110645,1.1068390668168153,1.3258061489683137,0.2950956942164691,0.07636178567073298,0.12833326934952713,0.1336335871483172,0.09312678040582786,3.1687522421638668,1.039807246066614,3.1687522421638668,sudden,up,True,True,sudden
Nimbus Home,retail_media,2024-10,21,34270.95536288857,128090.59429643318,3.7375845797149934,3.7417523699771262,128803.67115755333,3.708156536441713,0.02010620968709006,1.6515044658935907,0.16799305418789265,0.6603383900579008,10,1.3184395684848282,21,1.4828811316297648,-0.16444156314493652,-0.010029142913492809,1.3678237472397352,1.1068390668168153,1.4728519887162719,-0.15441242023144364,0.1420620840164835,0.09369366281824147,0.1336335871483172,0.12645936750092154,-1.221043749331724,-0.1150832050619155,-0.1150832050619155,gradual,up,False,False,
Ridgeway Grocery,social,2024-10,21,92616.53858054907,357951.52844931727,3.8648769856369123,2.1613883097453943,178820.5432840477,2.012248995596334,0.011601352421646081,0.9898552923084714,0.0919013479715255,0.6041576464877376,10,1.3519298537545816,21,1.3672371164214936,-0.015307262666911958,0.06578095489054951,1.0717299320610902,1.1068390668168153,1.433018071312043,-0.08108821755746143,0.15262994441702468,0.1526729712773915,0.1336335871483172,0.15264382404940108,-0.5312250139332092,-1.4963455216821748,-0.5312250139332092,sudden,up,False,False,
Crestline Beverages,tv,2024-10,21,65676.56103045524,147053.95631087248,2.239062977774998,1.7131932827033505,102487.10590867935,1.5531865087479755,0.005665994910650065,,0.10343236041431733,0.5731291154936655,10,0.8060574648561473,21,0.361145882376143,0.4449115824800043,0.05542775401483091,0.5809036184368636,1.1068390668168153,0.4165736363909739,0.3894838284651734,0.20782839940301204,0.13577391909707226,0.1336335871483172,0.1845850186591605,2.1100511368388037,0.6209573429653479,2.1100511368388037,sudden,up,True,True,sudden
Halcyon Personal Care,paid_search,2024-10,21,43189.94715617176,181648.01841303208,4.205793949138346,2.4137680654504625,110291.93313247991,2.550659115884892,0.047930882356606856,1.728395527757538,0.1358886836106564,0.6418779165587198,10,1.436463086336854,21,1.24925196123553,0.18721112510132398,0.06678321345248718,1.4248625166306546,1.1068390668168153,1.3160351746880172,0.1204279116488367,0.14167304811334333,0.13818930931643944,0.1336335871483172,0.14054926140466467,0.8568377410543961,-0.11610152531398439,0.8568377410543961,sudden,up,False,True,sudden
Aster Wellness,display,2024-10,21,43352.55667584356,86264.4289288153,1.9898348688828915,1.4205808291823845,59203.550729741204,1.427734916398038,0.005034268558048629,0.7544418057602477,0.04711803704760025,0.4860789884733308,10,0.6880516548324735,21,0.6082938202890944,0.07975783454337915,0.06338150108797763,0.8826575866407019,1.1068390668168153,0.6716753213770721,0.01637633345540146,0.16632867182022276,0.13688749136297815,0.1336335871483172,0.15683151683401483,0.10441991371373151,-0.11174459146717197,0.10441991371373151,sudden,up,False,False,
Ridgeway Grocery,display,2024-10,21,76694.19644752254,193909.05024270585,2.528340594524473,1.4467674158964534,110188.26644272807,1.5172551095287499,0.006364958839480259,0.7290380058968654,0.05000092630653196,0.5066842119084548,10,0.9275631960562011,21,0.9711736288666476,-0.04361043281044652,0.06338150108797763,0.8826575866407019,1.1068390668168153,1.0345551299546252,-0.1069919338984241,0.08922976567603519,0.13688749136297815,0.1336335871483172,0.10460322557504906,-1.0228358954539238,-0.004023629408416421,-0.004023629408416421,gradual,up,False,False,
Ridgeway Grocery,display,2024-11,22,105520.82725994546,250754.88342376272,2.3763544120635083,1.4511420597722449,147599.99089107456,1.4347556510949548,0.005830305051089935,0.791603576297226,0.045624601790784376,0.4953734101792682,11,0.865567553703048,22,0.9711736288666476,-0.10560607516359954,0.14956493310998936,0.8835418444676412,1.107811707458026,1.120738561976637,-0.25517100827358896,0.08922976567603519,0.1262615186582067,0.13444507173414633,0.10080218848296378,-2.531403455756464,-0.6202685025787746,-0.6202685025787746,gradual,up,False,False,
Solstice Foods,digital_video,2024-11,22,122232.57819510205,295237.45457738714,2.4153745174722783,1.551184529187618,195434.36966055175,1.6032332869275159,0.008005916723029412,1.2579407415089987,0.06664694606461137,,11,0.8818543547795885,22,0.8316366321559805,0.05021772262360802,-0.09691733896297576,0.934402114926992,1.107811707458026,0.7347192931930048,0.14713506158658374,0.19211406043253423,0.16311007239136152,0.13444507173414633,0.18305031416966777,0.8037957337249119,-0.4085868833660262,0.8037957337249119,sudden,up,True,True,sudden
Crestline Beverages,digital_video,2024-11,22,57936.97142308676,178957.2500725746,3.088826455316986,1.8726302644478103,107341.26691693337,1.7762702629782487,0.007714366705852853,1.0604676928927732,0.07392874644978847,0.5459359148636872,11,1.12779123084865,22,0.9716842110192526,0.15610701982939734,-0.09691733896297576,0.934402114926992,1.107811707458026,0.8747668720562769,0.25302435879237306,0.058799264145884406,0.16311007239136152,0.13444507173414633,0.091396391722596,2.76842831564233,0.7206213920653126,2.76842831564233,sudden,up,False,True,sudden
Aster Wellness,social,2024-11,22,45438.421143955224,89260.11860858928,1.9644194573970966,1.652823919260804,73552.09414395514,1.7760986247185842,0.011199273703416075,1.0877367547793308,0.09646146062972025,0.5943278709094267,11,0.6751967601415833,22,0.7448380494818543,-0.06964128934027103,-0.03185585744547979,1.0474580742714643,1.107811707458026,0.7129821920363745,-0.03778543189479122,0.06248590117571451,0.15726132091993072,0.13444507173414633,0.09210321984578207,-0.4102509332253451,-0.6996853970947488,-0.4102509332253451,sudden,up,False,False,
Crestline Beverages,paid_search,2024-11,22,74428.75209179407,299206.634382675,4.020040991869098,3.3878418994720683,259637.69135374643,3.6423870380199155,0.04992887739702252,2.6952832658024035,0.1357518242180323,0.6831023122602727,11,1.3912920995613034,22,1.2581598766341249,0.13313222292717852,0.014728138485958426,1.4436607049584744,1.107811707458026,1.2728880151200832,0.11840408444122019,0.10113493661631459,0.139781259434092,0.13444507173414633,0.11321191249687003,1.0458624170357842,0.2266036252577156,1.0458624170357842,sudden,up,False,True,sudden
Ridgeway Grocery,social,2024-11,22,115398.13524664464,381998.1358840415,3.310262640445471,1.955671573034768,236654.1114871731,2.080024580513872,0.01154690569780272,1.036369224079822,0.09433645927291597,0.5653881270608649,11,1.1970275338077274,22,1.3365833492555812,-0.13955581544785378,-0.03185585744547979,1.0474580742714643,1.107811707458026,1.3047274918101015,-0.10769995800237409,0.15905853461652372,0.15726132091993072,0.13444507173414633,0.15849690533633842,-0.6795082703591553,-1.3332661945615505,-0.6795082703591553,sudden,up,False,False,
Aster Wellness,audio,2024-11,22,45609.814090997264,78739.23049731944,1.726365960190604,1.308022857359929,54462.85498001718,1.1892177796384429,0.0051883982398788974,0.7093144007803904,0.048042106445892706,0.43614352057922484,11,0.5460185981068898,22,0.5851710126597927,-0.03915241455290286,0.10836580212755832,0.685450311697129,1.107811707458026,0.693536814787351,-0.14751821668046117,0.05592370442016056,0.1352472746268881,0.13444507173414633,0.08071232010976293,-1.8277038310860976,-0.23552329645624395,-0.23552329645624395,gradual,up,False,False,
Solstice Foods,affiliate,2024-11,22,278581.36965978396,699351.8266138845,2.5104041503850896,3.2987667708075112,1088258.9711559091,3.533496690696829,0.026232528205024547,1.188885877263959,0.13770670985012445,0.5709902342381635,11,0.9204437562716704,22,1.1795911194725277,-0.2591473632008573,-0.02184713041280504,1.3241549480157644,1.107811707458026,1.1577439890597228,-0.23730023278805235,0.12918108186745092,0.13308227950067228,0.13444507173414633,0.1304002061278326,-1.8197841846616762,-0.8143854502454273,-0.8143854502454273,gradual,up,True,False,
Ridgeway Grocery,paid_search,2024-11,22,84082.59245184496,468078.7685940708,5.566892681884716,4.258874563601567,383040.19870071806,4.377902169991989,0.05273867579087481,1.971845588381152,0.15805922967654887,0.635515481374072,11,1.7168370314665562,22,1.8028275958899047,-0.08599056442334851,0.014728138485958426,1.4436607049584744,1.107811707458026,1.817555734375863,-0.10071870290930685,0.2805249888140029,0.139781259434092,0.13444507173414633,0.23654257338278073,-0.42579524467386526,-0.31952333326687565,-0.31952333326687565,gradual,up,False,False,
Crestline Beverages,audio,2024-11,22,74688.07757812274,122181.47286708461,1.6358899148165167,1.617644459106548,118838.01594351928,1.720212372355277,0.005942172126721322,0.7274717475872313,0.05310075349208004,0.4668398972174612,11,0.49218694668457535,22,0.44902040087674994,0.04316654580782542,0.10836580212755832,0.685450311697129,1.107811707458026,0.5573862030043083,-0.06519925631973295,0.12324563560940688,0.1352472746268881,0.13444507173414633,0.12699614780236976,-0.5133955434710935,-0.14006518394496106,-0.14006518394496106,gradual,up,False,False,
Nimbus Home,display,2024-11,22,35533.28428000462,90730.88864737871,2.5534056444772553,1.7911700902831078,64239.49005061446,1.7791232552203011,0.006589787611219124,0.7024485208762214,0.052308455839032535,0.4915561387662646,11,0.9374280149747316,22,0.8703702924550267,0.06705772251970488,0.14956493310998936,0.8835418444676412,1.107811707458026,1.019935225565016,-0.08250721059028443,0.12672872426090667,0.1262615186582067,0.13444507173414633,0.12658272251006292,-0.6518046772435738,-0.4223880190096659,-0.4223880190096659,gradual,up,False,False,
Nimbus Home,digital_video,2024-11,22,38382.61175582785,111352.03245869077,2.9011061875377346,1.7273180779898405,64269.539102157694,1.7405482365437899,0.007916306981368826,1.1489056365773813,0.06684118226566883,0.6011065577862926,11,1.0650921082396978,22,1.2278337619017798,-0.16274165366208204,-0.09691733896297576,0.934402114926992,1.107811707458026,1.130916422938804,-0.06582431469910621,0.12813466130117035,0.16311007239136152,0.13444507173414633,0.13906447726685509,-0.47333665644026346,-0.7080051593780389,-0.47333665644026346,sudden,up,False,False,
Nimbus Home,paid_search,2024-11,22,47028.68977816115,211394.1235662004,4.495003466253617,3.3252741194633,169257.3068571604,3.428085089708499,0.05040486269860922,1.8142688544650396,0.12247734496857152,0.6865648113887632,11,1.5029664390586848,22,1.3981183375996633,0.10484810145902146,0.014728138485958426,1.4436607049584744,1.107811707458026,1.4128464760856216,0.09011996297306313,0.13540656306210053,0.139781259434092,0.13444507173414633,0.13677365567834787,0.6588985468444248,-0.1518280703183233,0.6588985468444248,sudden,up,False,True,sudden
Ridgeway Grocery,tv,2024-11,22,,,,,,,0.004289510253629923,,0.06328746770867016,,11,,22,0.7200616623999682,,0.03395148625954284,0.5907274868531244,1.107811707458026,0.754013148659511,,0.13857783374038454,0.13318910908905582,0.13444507173414633,0.1368938572868443,,,,sudden,up,False,False,
Nimbus Home,social,2024-11,22,29674.21773036982,72518.97617663404,2.4438378404973125,2.137685485047997,64307.99486836586,2.2492544876815703,0.012611119098802349,0.8835011714029524,0.1054853100508625,0.5923824664293369,11,0.8935696890660713,22,1.0676697064261125,-0.17410001736004121,-0.03185585744547979,1.0474580742714643,1.107811707458026,1.0358138489806328,-0.14224415991456152,0.1476649705851578,0.15726132091993072,0.13444507173414633,0.15066383006477435,-0.9441161813914263,-0.21393624484652796,-0.21393624484652796,gradual,up,False,False,
Ridgeway Grocery,audio,2024-11,22,95196.52710702736,166084.58396523198,1.744649610783666,1.4932579815922686,138156.2373164227,1.5445765038338188,0.004899463035844355,,0.04614694070642031,0.4431523099255237,11,0.5565537393796397,22,0.6393280658855467,-0.08277432650590699,0.10836580212755832,0.685450311697129,1.107811707458026,0.747693868013105,-0.1911401286334653,0.18129161920591358,0.1352472746268881,0.13444507173414633,0.16690276152496814,-1.145218490617193,-0.6349285772802628,-0.6349285772802628,gradual,up,False,False,
Crestline Beverages,retail_media,2024-11,22,76150.27718714662,256983.81243183592,3.3746930664516626,3.2340624128657467,250182.06121621298,3.2224182382442077,0.020684800601737514,1.3180993569797903,0.1538880904743571,0.6784803170134934,11,1.2163043769153215,22,1.1168775341307864,0.09942684278453506,-0.042926289611223134,1.362648095596345,1.107811707458026,1.0739512445195634,0.1423531323957581,0.06912997644102856,0.09796128728190395,0.13444507173414633,0.08,1.779414154946976,0.9306557708801382,1.779414154946976,sudden,up,False,True,sudden
Ridgeway Grocery,retail_media,2024-11,22,113918.99728286186,572050.9370556202,5.021558745247843,2.67161600830419,293385.7383706518,2.5869925266979115,0.020249320962579424,1.3745321074780639,0.2088349106050897,0.6310839226052164,11,1.613740392527792,22,1.5703870328016987,0.04335335972609333,-0.042926289611223134,1.362648095596345,1.107811707458026,1.5274607431904754,0.08627964933731658,0.12019746346962461,0.09796128728190395,0.13444507173414633,0.1132486584109619,0.7618602334715617,-0.03117939378893477,0.7618602334715617,sudden,up,False,True,sudden
Verdant Snacks,social,2024-11,22,19524.977449885297,66488.20424394756,3.405289681619487,2.3529330561244817,46935.321861857505,2.336182562540119,0.010834523057905825,0.9135957857135664,0.07980834859279311,0.6158258142481182,11,1.2253300113482601,22,1.1542262742070792,0.0711037371411809,-0.03185585744547979,1.0474580742714643,1.107811707458026,1.1223704167615995,0.1029595945866606,0.2468085783407169,0.15726132091993072,0.13444507173414633,0.21882506039672123,0.47051098443660383,0.10862737746540214,0.47051098443660383,sudden,up,False,False,
Ridgeway Grocery,affiliate,2024-11,22,123127.71486506933,472328.7960434093,3.8360883783233963,2.7528873842761588,328832.26651099906,3.263595877341543,0.029218320120069866,1.0784177713801513,0.10683429051001399,0.5912791112518043,11,1.344453195943332,22,1.548597857072772,-0.20414466112944019,-0.02184713041280504,1.3241549480157644,1.107811707458026,1.5267507266599671,-0.18229753071663524,0.2006851278165024,0.13308227950067228,0.13444507173414633,0.1795592377178055,-1.0152500814418317,0.357849421061818,0.357849421061818,gradual,up,False,False,
Crestline Beverages,affiliate,2024-11,22,74570.68365487712,296913.71515106177,3.981641317990556,2.7546245934919833,226578.285553356,2.720617039490463,0.03245903971438631,0.9130869590901834,0.1541423323130406,0.5896525743414409,11,1.3816941257412747,22,1.0413147072732047,0.34037941846806996,-0.02184713041280504,1.3241549480157644,1.107811707458026,1.0194675768603998,0.3622265488808749,0.16953606799743726,0.13308227950067228,0.13444507173414633,0.1581442590921982,2.2904818104696205,0.7839429585758821,2.2904818104696205,sudden,up,True,True,sudden
Solstice Foods,display,2024-11,22,131348.5192761034,373314.66333924874,2.842168799440489,1.8441607777410105,270892.6533224402,2.044088396444523,0.007008733942476082,0.6540086902104231,0.07021000635013962,0.4824095538106574,11,1.0445674225066472,22,0.9631162430328578,0.08145117947378944,0.14956493310998936,0.8835418444676412,1.107811707458026,1.1126811761428472,-0.06811375363619998,0.1944795671718819,0.1262615186582067,0.13444507173414633,0.1731614270113584,-0.3933540789758686,-0.06252645048626758,-0.06252645048626758,gradual,up,True,False,
Pinebrook Pet Co.,display,2024-11,22,14206.807176781967,32681.00055149212,2.300376160866203,2.037223652315397,28955.043750612305,1.9494410387458576,0.005430379490532885,0.6884544301354173,0.04527151050305614,0.5107683694464874,11,0.8330726577652516,2,,,0.14956493310998936,0.8835418444676412,1.107811707458026,1.0331067775776306,-0.20003411981237895,,0.1262615186582067,0.13444507173414633,0.1262615186582067,-1.584284126614037,-0.433506730765733,-0.433506730765733,gradual,up,False,False,
Halcyon Personal Care,display,2024-11,22,27170.29632576112,58514.82012480478,2.1536320187028952,1.3715387535491825,39798.196777276375,1.380846179191361,0.006197080795874837,0.6603065873985807,0.05258657260762839,0.4828198653321894,11,0.767155727883241,22,0.78417295716704,-0.017017229283799007,0.14956493310998936,0.8835418444676412,1.107811707458026,0.9337378902770295,-0.16658216239378842,0.11377147951754626,0.1262615186582067,0.13444507173414633,0.11767461674900265,-1.415616782921881,-0.07684097055229018,-0.07684097055229018,gradual,up,False,False,
Aster Wellness,paid_search,2024-11,22,31990.761042367296,103317.84872108004,3.2296152187267433,2.4045897710760036,72936.77616672408,2.4437272300313113,0.046094619337617874,1.8274780606609862,0.12351990177621464,0.7289586272794183,11,1.1723630028091596,22,1.3759194986910188,-0.2035564958818592,0.014728138485958426,1.4436607049584744,1.107811707458026,1.3906476371769771,-0.21828463436781753,0.08159046931562039,0.139781259434092,0.13444507173414633,0.09977509122764278,-2.187766823182233,-0.8228456230842611,-0.8228456230842611,gradual,up,False,False,
Halcyon Personal Care,retail_media,2024-11,22,29536.71283430397,161690.1164459624,5.474208228688716,2.844946082897746,97706.80613919986,3.164913502219584,0.01649528405411484,1.4538661935126775,0.16199689875821086,0.46025892825635284,11,1.7000476494800785,22,1.3750081858951986,0.3250394635848799,-0.042926289611223134,1.362648095596345,1.107811707458026,1.3320818962839756,0.3679657531961029,0.08369195117526892,0.09796128728190395,0.13444507173414633,0.08815111870859237,4.174260730740291,0.9183699075159795,4.174260730740291,sudden,up,True,True,sudden
Solstice Foods,social,2024-11,22,280544.66840606485,860199.7510979444,3.0661775038721375,2.562300316643848,715408.2446657302,2.4577492207427545,0.012591676698726255,0.930438798539362,0.08213293035129843,0.6505482299700969,11,1.120431673056963,22,1.1699959423812047,-0.04956426932424174,-0.03185585744547979,1.0474580742714643,1.107811707458026,1.138140084935725,-0.017708411878762043,0.18959596022218425,0.15726132091993072,0.13444507173414633,0.17949138544023002,-0.09865884000688646,-0.684772100764624,-0.09865884000688646,sudden,up,True,False,
Halcyon Personal Care,paid_search,2024-11,22,,,,,,,,1.555466329053531,0.1300333213199518,0.6717068741402319,11,,22,1.24925196123553,,0.014728138485958426,1.4436607049584744,1.107811707458026,1.2639800997214883,,0.14167304811334333,0.139781259434092,0.13444507173414633,0.1410818641510773,,,,sudden,up,False,False,
Pinebrook Pet Co.,retail_media,2024-11,22,14906.23752539064,74575.5906239201,5.0029788198994725,3.153033069292572,43521.877654288866,2.9701204154739203,0.020751878147274777,1.7092703778442246,0.1551683605516176,0.7073521220549054,11,1.6100334990170893,2,,,-0.042926289611223134,1.362648095596345,1.107811707458026,1.3197218059851217,0.2903116930319676,,0.09796128728190395,0.13444507173414633,0.09796128728190395,2.9635348930903223,2.827030514682258,2.9635348930903223,sudden,up,False,True,sudden
Halcyon Personal Care,digital_video,2024-11,22,,,,,,,0.007362246132362576,1.3319778129680193,0.06886444263852681,0.5496168605170348,11,,22,0.5216157470474758,,-0.09691733896297576,0.934402114926992,1.107811707458026,0.42469840808450005,,0.2198762326068614,0.16311007239136152,0.13444507173414633,0.20213680753951768,,,,sudden,up,False,False,
Solstice Foods,tv,2024-11,22,91380.3765343592,172486.6300941027,1.8875675132422705,1.3614748248240502,126486.59321890588,1.4301104999969136,0.003395151647698744,,0.058590041590896154,0.5625579310185922,11,0.6352889701065378,22,0.6364149667966498,-0.00112599669011193,0.03395148625954284,0.5907274868531244,1.107811707458026,0.6703664530561926,-0.03507748294965474,0.08877159588318378,0.13318910908905582,0.13444507173414633,0.10265206876001878,-0.3417123821601617,-0.7060490670282346,-0.3417123821601617,sudden,up,True,False,
Aster Wellness,digital_video,2024-11,22,46626.77149681435,131016.07758755333,2.8098895416017524,1.6211107930737139,75319.91125817558,1.6054366158228845,0.0070086672492836784,1.0519509424933702,0.06857986244303221,0.5531542686733889,11,1.0331451735345116,22,0.8896929600846584,0.14345221344985326,-0.09691733896297576,0.934402114926992,1.107811707458026,0.7927756211216826,0.24036955241282898,0.15481680068928128,0.16311007239136152,0.13444507173414633,0.15740844809618135,1.5270435311448842,,1.5270435311448842,sudden,up,False,True,sudden
Nimbus Home,audio,2024-11,22,51162.28105695477,139927.57320793005,2.7349752653162622,1.7486780438383993,90646.4244509041,1.7585972587591558,0.004816996524997845,0.7613768678469022,0.0602859126910088,0.4317316602428263,11,1.0061223920729991,22,1.0440408857245371,-0.03791849365153799,0.10836580212755832,0.685450311697129,1.107811707458026,1.1524066878520955,-0.1462842957790964,0.0792306884337644,0.1352472746268881,0.13444507173414633,0.09673587161911557,-1.5122032120108564,-1.0847950769245398,-1.0847950769245398,gradual,up,False,False,
Aster Wellness,display,2024-11,22,40328.72247614935,103075.43735207782,2.55588154107875,1.7173282478589165,73660.47638587716,1.664172966139764,0.006323278457250719,0.5538293226328447,0.0691073805260803,0.4991125223831406,11,0.9383971900104567,22,0.6082938202890944,0.33010336972136234,0.14956493310998936,0.8835418444676412,1.107811707458026,0.7578587533990837,0.18053843661137303,0.07373560056042212,0.1262615186582067,0.13444507173414633,0.0901499499659798,2.0026459990216683,0.3652383584621264,2.0026459990216683,sudden,up,True,True,sudden
Crestline Beverages,tv,2024-11,22,58643.16143047604,79514.97355794815,1.3559121237386995,1.4911926042908528,92236.00493578875,1.5925897065450592,0.003701860935396447,,0.06623243545550692,0.520203082511576,11,0.30447438191580256,22,0.361145882376143,-0.05667150046034042,0.03395148625954284,0.5907274868531244,1.107811707458026,0.39509736863568584,-0.09062298671988328,0.20782839940301204,0.13318910908905582,0.13444507173414633,0.1845036211799007,-0.49117185961093474,0.1476998869075355,0.1476998869075355,gradual,up,False,False,
Verdant Snacks,affiliate,2024-11,22,20129.418037351854,75358.38188869972,3.743694017823357,2.677395275872601,56062.42999361484,2.8120007601543056,0.028990352775418667,1.0634037023514382,0.13042381911462625,0.6342169074843446,11,1.3200728292668746,22,1.3693369779170785,-0.0492641486502039,-0.02184713041280504,1.3241549480157644,1.107811707458026,1.3474898475042736,-0.02741701823739895,0.08054345260117148,0.13308227950067228,0.13444507173414633,0.09696183600726548,-0.2827609229196584,0.9862682121872038,0.9862682121872038,gradual,up,False,True,gradual
Verdant Snacks,digital_video,2024-11,22,,,,,,,0.008091288024044312,1.2864160466784345,0.06174618344740849,0.5657477961864256,11,,22,0.8962068030360687,,-0.09691733896297576,0.934402114926992,1.107811707458026,0.799289464073093,,0.3014202052366915,0.16311007239136152,0.13444507173414633,0.25819828872252587,,,,sudden,up,False,False,
Verdant Snacks,display,2024-11,22,15586.068277513343,37918.12586688164,2.4328217477134797,1.5694944564985587,23472.31609700802,1.5746762739776523,,0.8172576736225416,0.04904182120442305,0.5104445909389584,11,0.8890517967168756,22,1.0592273905951513,-0.17017559387827563,0.14956493310998936,0.8835418444676412,1.107811707458026,1.2087923237051406,-0.31974052698826494,0.21529012250397647,0.1262615186582067,0.13444507173414633,0.1874686838021734,-1.7055676740424102,-0.02829997286993111,-0.02829997286993111,gradual,up,False,False,
Pinebrook Pet Co.,social,2024-11,22,15736.251024384794,34854.05876586438,2.2148896018406643,2.4963066641964775,38121.636356873176,2.4299873504688807,0.013556377137344287,1.043558536735493,0.08611731363568315,0.6483724626636806,11,0.795202561099531,2,,,-0.03185585744547979,1.0474580742714643,1.107811707458026,1.0156022168259846,-0.2203996557264536,,0.15726132091993072,0.13444507173414633,0.15726132091993072,-1.4014867383612377,-1.127559437847567,-1.127559437847567,gradual,up,False,False,
Pinebrook Pet Co.,paid_search,2024-11,22,15377.57219614617,84100.55904076503,5.469040103862545,2.9571492544503517,42976.96026193133,2.8692128563317074,0.055002062495252246,,0.14822266035902795,0.7259021594837894,11,1.699103117280252,2,,,0.014728138485958426,1.4436607049584744,1.107811707458026,1.4583888434444328,0.24071427383581923,,0.139781259434092,0.13444507173414633,0.139781259434092,1.722078301557427,,1.722078301557427,sudden,up,False,True,sudden
Verdant Snacks,retail_media,2024-11,22,22350.974590572216,109832.63982643493,4.913997793758981,2.9921848634701353,64627.649426540505,3.0094362071358445,0.016109645399207548,1.384902466752008,0.16276734672110638,0.6687189516270663,11,1.5920878251283903,22,1.5134608744423168,0.0786269506860735,-0.042926289611223134,1.362648095596345,1.107811707458026,1.4705345848310936,0.12155324029729675,0.055984530714486946,0.09796128728190395,0.13444507173414633,0.08,1.5194155037162094,0.5805688083132834,1.5194155037162094,sudden,up,False,True,sudden
Pinebrook Pet Co.,digital_video,2024-11,22,11454.560983342144,39242.008241097516,3.425884963916593,2.5743389604727307,26667.32004891081,2.3603148670230905,0.007887486421895174,0.9000440188127096,0.06029741894899614,0.555211914992969,11,1.2313598219641713,2,,,-0.09691733896297576,0.934402114926992,1.107811707458026,0.8374847759640163,0.393875046000155,,0.16311007239136152,0.13444507173414633,0.16311007239136152,2.4147806461338743,1.4571142746269468,2.4147806461338743,sudden,up,False,True,sudden
Pinebrook Pet Co.,affiliate,2024-11,22,12212.815701506317,41791.858052284115,3.4219674703786405,2.397208359500379,30251.488827703208,2.502263656602829,0.029626723283550604,1.2605624202769483,0.13550438243193744,0.6041140691167148,11,1.2302156693987059,2,,,-0.02184713041280504,1.3241549480157644,1.107811707458026,1.3023078176029594,-0.07209214820425358,,0.13308227950067228,0.13444507173414633,0.13308227950067228,-0.5417111013934007,-0.6814938196277106,-0.5417111013934007,sudden,up,False,False,
Crestline Beverages,ooh,2024-11,22,75279.64912739697,140159.043377122,1.8618450670503068,0.9773459025242466,69002.64638201501,1.0478748923189871,0.002788332395338166,,0.0435884313959137,0.3846751239923583,11,0.6215679675788996,22,0.4820068524525306,0.13956111512636904,0.0,0.5883494659029466,1.107811707458026,0.4820068524525306,0.13956111512636904,0.26590501261919747,0.2486783360423959,0.13444507173414633,0.26052167618894695,0.5356986687938796,0.7000384003982383,0.7000384003982383,gradual,up,False,True,gradual
Nimbus Home,retail_media,2024-11,22,34795.0049674314,164096.11574024722,4.716082549602836,3.7775806153169342,138397.71415038317,3.9055093109744927,0.018835348821286825,1.3721160964797452,0.1395208189782197,0.6518149129892875,11,1.5509784866785945,22,1.4828811316297648,0.06809735504882974,-0.042926289611223134,1.362648095596345,1.107811707458026,1.4399548420185417,0.11102364466005277,0.16766536609533556,0.09796128728190395,0.13444507173414633,0.14588284146613817,0.761046628542831,-0.1680063173531502,0.761046628542831,sudden,up,False,True,sudden
Aster Wellness,retail_media,2024-11,22,31932.36796020803,115885.42048451946,3.6290894752599643,2.437721042181429,80839.61170898654,2.591585815117444,0.020945024474200376,1.515769177146739,0.1657063500889883,0.6828257041081626,11,1.2889817835511175,22,1.223133075727791,0.06584870782332652,-0.042926289611223134,1.362648095596345,1.107811707458026,1.180206786116568,0.10877499743454955,0.1202947255078731,0.09796128728190395,0.13444507173414633,0.11331552606225774,0.9599302162246193,-0.004760654312890312,0.9599302162246193,sudden,up,False,True,sudden
Verdant Snacks,paid_search,2024-11,22,10957.294345731198,52713.68885539336,4.810830775567314,3.5118311182788013,37436.151264322114,3.6675627521486804,0.03838693681808804,2.052591536272147,0.13428634321926772,0.6615604725620164,11,1.5708697876167248,22,1.6489040737307226,-0.07803428611399776,0.014728138485958426,1.4436607049584744,1.107811707458026,1.663632212216681,-0.0927624245999561,0.24998864617967265,0.139781259434092,0.13444507173414633,0.21554883782167872,-0.4303545569412788,0.39346781126861596,0.39346781126861596,gradual,up,False,False,
Solstice Foods,retail_media,2024-11,22,243865.11095076503,708007.0264287243,2.903273140091232,2.3851605009821446,631378.5870580712,2.5089024545007375,0.018886291769404647,1.5457228981710254,0.15543628946209434,0.6388466321643419,11,1.0658387695214153,22,1.2567577659580724,-0.1909189964366571,-0.042926289611223134,1.362648095596345,1.107811707458026,1.2138314763468494,-0.14799270682543408,0.08748487192443138,0.09796128728190395,0.13444507173414633,0.09075875172364156,-1.630616375994997,-0.7275727355147731,-0.7275727355147731,gradual,up,True,False,
Halcyon Personal Care,social,2024-11,22,22808.32023566155,62930.0259983112,2.7590820081488534,2.162652916516728,42092.93336992778,1.8776196199230122,0.009962819415998475,0.9391199746343256,0.09586314967727491,0.5672553126050626,11,1.0148980186603314,22,1.022389120080733,-0.007491101420401547,-0.03185585744547979,1.0474580742714643,1.107811707458026,0.9905332626352531,0.02436475602507826,0.18153990014412463,0.15726132091993072,0.13444507173414633,0.17395284413656403,0.14006529267179085,-0.3107597575696689,0.14006529267179085,sudden,up,False,False,
Halcyon Personal Care,affiliate,2024-11,22,28308.37477353864,155246.28337912413,5.4841114907183295,2.3607846220072406,68449.85497887847,2.43250194351877,0.02661379829244698,1.1978301568070273,0.12471257542984632,0.38035022866241835,11,1.7018550916754567,22,1.3439012566534263,0.3579538350220304,-0.02184713041280504,1.3241549480157644,1.107811707458026,1.3220541262406214,0.3798009654348353,0.16141439929338272,0.13308227950067228,0.13444507173414633,0.15256061185816072,2.4895086668107065,0.38300578805239405,2.4895086668107065,sudden,up,True,True,sudden
Crestline Beverages,social,2024-11,22,101469.79130965244,239952.0467613607,2.36476338094661,2.517266018107393,248985.14183412658,2.325764333900602,0.010520069029041986,0.9686130257172035,0.09593657856617628,0.5736339199311117,11,0.8606779665988274,22,0.8065788149574133,0.0540991516414141,-0.03185585744547979,1.0474580742714643,1.107811707458026,0.7747229575119335,0.08595500908689391,0.1507120261975911,0.15726132091993072,0.13444507173414633,0.15275868079832222,0.5626849396557368,-0.20550951979844392,0.5626849396557368,sudden,up,False,True,sudden
Solstice Foods,paid_search,2024-11,22,256583.4879363986,944571.6647628957,3.6813423668051244,3.4908401299450804,951114.5748375288,3.373725212779728,0.045472209365905736,1.645856304856401,0.135407919015129,0.7372264642708475,11,1.3032774592554777,22,1.50436848012874,-0.20109102087326236,0.014728138485958426,1.4436607049584744,1.107811707458026,1.5190966186146984,-0.2158191593592207,0.14485578523398243,0.139781259434092,0.13444507173414633,0.14326999592151668,-1.506380718245057,-0.234070023128225,-0.234070023128225,gradual,up,True,False,
Ridgeway Grocery,paid_search,2024-12,23,107112.36937554485,523579.39830122556,4.888131980962094,4.403676295693299,412594.7925646233,4.067416344331578,0.0488944524528768,1.8836324314435955,0.13860672268207802,0.735382003761217,12,1.5868102225199316,23,1.754222430486387,-0.16741220796645528,-0.07875637596857976,1.4416817022736257,1.108063088520283,1.6754660545178073,-0.08865583199787563,0.1934370220023835,0.14450580883931316,0.14070999455155264,0.17860938164993795,-0.49636716268149306,-0.7215744955699154,-0.49636716268149306,sudden,up,False,False,
Halcyon Personal Care,digital_video,2024-12,23,39679.418403991025,89008.08798409575,2.243180257277742,1.6410369470850834,66198.76927911381,1.5858281195052095,0.00783618308016399,0.9634626773940151,0.0582121427685811,0.5381838827093194,12,0.8078946166771702,23,0.5275191582198808,0.2803754584572894,0.08316015241533581,0.9489438624763645,1.108063088520283,0.6106793106352166,0.1972153060419536,0.22066610611424178,0.16627257296978037,0.14070999455155264,0.20418321728258682,0.9658742215282574,,0.9658742215282574,sudden,up,False,True,sudden
Crestline Beverages,paid_search,2024-12,23,88030.26187555099,315917.536953901,3.588737897889204,3.7441560170255883,363185.01382841624,3.949675112248432,0.04355658815406312,1.9123679200004169,0.1564730693588107,0.7469322623340842,12,1.277800580211771,23,1.2581598766341249,0.019640703577646024,-0.07875637596857976,1.4416817022736257,1.108063088520283,1.1794035006655452,0.09839707954622567,0.11841529660611902,0.14450580883931316,0.14070999455155264,0.12632151243435966,0.7789415884119949,0.8155506016235656,0.8155506016235656,gradual,up,False,True,gradual
Verdant Snacks,digital_video,2024-12,23,13907.594657681351,35874.89119916375,2.579518031851005,2.0059588167685014,26331.197424444836,1.9865644790526065,0.007579303758467787,1.1387174667093725,0.07064871227576044,0.5424725133094429,12,0.9476025721224086,23,0.8681084583108617,0.07949411381154692,0.08316015241533581,0.9489438624763645,1.108063088520283,0.9512686107261975,-0.0036660386037888903,0.3896298488986752,0.16627257296978037,0.14070999455155264,0.3219458258899192,-0.011387128855158366,,-0.011387128855158366,sudden,up,False,False,
Aster Wellness,digital_video,2024-12,23,44829.291744538394,142743.2384626399,3.1841510964765685,1.783359376096524,73596.48778042517,1.658727587560234,0.008979599988275749,1.0575243021274425,0.0521017562528311,0.5320663179442539,12,1.1581857217797327,23,0.9239335491715733,0.23425217260815934,0.08316015241533581,0.9489438624763645,1.108063088520283,1.0070937015869093,0.15109202019282342,0.14851832770018666,0.16627257296978037,0.14070999455155264,0.15389840202430596,0.9817647110394342,,0.9817647110394342,sudden,up,False,True,sudden
Verdant Snacks,retail_media,2024-12,23,20535.260434567437,102801.32851210354,5.006088373686067,2.8986385280133526,58643.62010327051,2.9006730835436243,0.018203196184139108,1.5784853342282525,0.18391431331719865,0.6774302661922725,12,1.6106548464067103,23,1.5295061329608834,0.08114871344582686,0.016668991040659505,1.3809106752472458,1.108063088520283,1.5461751240015429,0.06447972240516742,0.0864977371774663,0.10387145944858678,0.14070999455155264,0.09176250150204826,0.7026805214516536,1.2878775526090596,1.2878775526090596,gradual,up,False,True,gradual
Nimbus Home,paid_search,2024-12,23,49156.55232294429,199141.74751952814,4.051174016664648,3.16233389063978,168218.41001909136,3.4306180544392024,0.042256129859373694,1.8999486453907264,0.13401211359745033,0.6902760289270243,12,1.3990067197691054,23,1.3981183375996633,0.0008883821694420924,-0.07875637596857976,1.4416817022736257,1.108063088520283,1.3193619616310834,0.07964475813802196,0.1579703265819415,0.14450580883931316,0.14070999455155264,0.15389016969023595,0.5175428573399986,-0.12026279904725341,0.5175428573399986,sudden,up,False,False,
Verdant Snacks,paid_search,2024-12,23,12625.803092743401,70305.36501728468,5.568387571139315,3.9521930059165027,57900.38040441053,4.250568926872949,0.04374624055803329,2.7769307475675387,0.18535871275583313,0.6789962395545159,12,1.7171055274953244,23,1.6098869306737238,0.10721859682160062,-0.07875637596857976,1.4416817022736257,1.108063088520283,1.5311305547051441,0.18597497279018027,0.1780588410792254,0.14450580883931316,0.14070999455155264,0.16789125555197926,1.1077108940471427,0.35602169203722667,1.1077108940471427,sudden,up,False,True,sudden
Ridgeway Grocery,display,2024-12,23,99550.14424673596,232866.21682718114,2.3391851271457735,1.649736533894805,161450.4211571257,1.5401796354536121,0.005571346323969952,0.5714018605789619,,0.5144458026684344,12,0.8498026324587925,23,0.9566866247937632,-0.1068839923349707,0.05824416373088396,0.8764665530256246,1.108063088520283,1.0149307885246472,-0.16512815606585474,0.09291962130694877,0.1302846191962021,0.14070999455155264,0.10424234794005582,-1.5840794008286447,-1.7127729173463442,-1.5840794008286447,sudden,up,False,False,
Verdant Snacks,display,2024-12,23,17330.747677281746,44965.20876408533,2.5945336924516305,1.406305641319752,20670.596085589088,1.349894515818057,0.006278807681166129,0.7114775573310007,0.045085906424094685,0.5038800613162764,12,0.9534068058471895,23,0.9646897013236649,-0.01128289547647543,0.05824416373088396,0.8764665530256246,1.108063088520283,1.022933865054549,-0.06952705920735947,0.3081727297322432,0.1302846191962021,0.14070999455155264,0.2542672416910186,-0.27344088347742257,-0.30068817734395714,-0.27344088347742257,sudden,up,False,False,
Halcyon Personal Care,affiliate,2024-12,23,29638.690528836934,170411.51110580302,5.749630232145422,2.3028889698382704,69878.40687768019,2.352291983864559,0.031238884933710194,1.1499944966478017,0.11159459744425318,0.3207796488143713,12,1.749135545288476,23,1.3439012566534263,0.40523428863504973,0.1594585508883053,1.2936981593775507,1.108063088520283,1.5033598075417316,0.24577573774674444,0.18514111466603925,0.13663695576676987,0.14070999455155264,0.17044288469656368,1.4419829738524694,1.4002269546715638,1.4419829738524694,sudden,up,True,True,sudden
Crestline Beverages,audio,2024-12,23,68299.07381386626,146524.4545171713,2.1453358930823967,1.614892672941204,109581.47191091358,1.6227801673191262,0.005750093393171538,0.9780400654007075,0.060953257006060774,0.4626874096401372,12,0.763296133632103,23,0.45284969866334257,0.31044643496876045,-0.07167871939070805,0.6820635825574124,1.108063088520283,0.38117097927263455,0.3821251543594685,0.13686390447451385,0.13981601272636718,0.14070999455155264,0.13775848273265123,2.7738774903688594,0.5257104329676061,2.7738774903688594,sudden,up,False,True,sudden
Aster Wellness,audio,2024-12,23,44150.77478052806,87829.36166775091,1.9893051051617454,1.2317087337752937,55072.00957664151,1.1962386999571608,0.004905912862293212,0.8353332403551001,0.0475407118742297,0.3901917681678256,12,0.6877853843681362,23,0.5851710126597927,0.10261437170834353,-0.07167871939070805,0.6820635825574124,1.108063088520283,0.5134922932690846,0.17429309109905156,0.04028881150468067,0.13981601272636718,0.14070999455155264,0.08,2.1786636387381444,-0.05251896998636872,2.1786636387381444,sudden,up,False,True,sudden
Nimbus Home,audio,2024-12,23,51001.89359948105,125118.82514291373,2.453219210358629,1.8003915574919107,84726.93092479589,1.7312269014903032,0.006851493780122778,0.9469176250541654,0.04833975865195669,0.4254628269932754,12,0.8974011254738388,23,1.0185485721021648,-0.121147446628326,-0.07167871939070805,0.6820635825574124,1.108063088520283,0.9468698527114567,-0.04946872723761797,0.125071603196724,0.13981601272636718,0.14070999455155264,0.12953960608449466,-0.3818810997877441,-0.7113978058242565,-0.3818810997877441,sudden,up,False,False,
Aster Wellness,display,2024-12,23,40277.33650454526,95105.22423005609,2.3612590226596426,1.8373953770685925,78132.0313346965,1.8023369131409388,0.008108033320941775,0.5466394180326628,0.07958628063821081,0.49690684352037384,12,0.85919496096324,23,0.6082938202890944,0.2509011406741456,0.05824416373088396,0.8764665530256246,1.108063088520283,0.6665379840199783,0.19265697694326167,0.07373560056042212,0.1302846191962021,0.14070999455155264,0.09087166681368877,2.120099517248429,1.409055143327943,2.120099517248429,sudden,up,True,True,sudden
Verdant Snacks,affiliate,2024-12,23,16378.821476279523,71034.85566043764,4.33699431691793,3.061084174113441,53057.31193835729,3.0735845706158704,0.028410547351923415,1.1166144261693438,0.09772593559149308,0.5533890556156621,12,1.467181554480669,23,1.3347670975583752,0.1324144569222938,0.1594585508883053,1.2936981593775507,1.108063088520283,1.4942256484466805,-0.027044093966011484,0.07502541483293587,0.13663695576676987,0.14070999455155264,0.0936955787522795,-0.2886378880001692,0.28859482569378214,0.28859482569378214,gradual,up,False,False,
Solstice Foods,digital_video,2024-12,23,213346.34702870512,431272.3633470519,2.021465890339456,1.895378068884513,400687.57031228935,1.8081780046714508,0.007121729689228246,1.0244280425759666,0.0656869450141639,0.5043848313451924,12,0.7038229365155468,23,0.849381325160437,-0.14555838864489012,0.08316015241533581,0.9489438624763645,1.108063088520283,0.9325414775757728,-0.22871854106022593,0.14203320844735023,0.16627257296978037,0.14070999455155264,0.14937847042384422,-1.5311345765642357,-0.28438107061002377,-0.28438107061002377,gradual,up,False,False,
Solstice Foods,display,2024-12,23,268576.59161357605,580926.8713673273,2.1629840034724848,1.5160609712396318,421039.25516919926,1.7594728597464013,0.006174860541079378,0.766888541989812,0.05443434236005554,0.5179365167121742,12,0.771488751415366,23,1.0117740828008168,-0.24028533138545083,0.05824416373088396,0.8764665530256246,1.108063088520283,1.0700182465317007,-0.29852949511633475,0.1798049689781218,0.1302846191962021,0.14070999455155264,0.16479880237754005,-1.811478547231363,-0.903262285825817,-0.903262285825817,gradual,up,False,False,
Aster Wellness,retail_media,2024-12,23,40337.10980966714,136091.51939644845,3.373854002892218,2.7946826085070624,112441.40464686544,2.7829293988505985,0.022267844370534022,1.2366695534110435,0.162343994202112,0.6870485939861396,12,1.2160557119641413,23,1.223133075727791,-0.007077363763649647,0.016668991040659505,1.3809106752472458,1.108063088520283,1.2398020667684504,-0.02374635480430909,0.133588402115971,0.10387145944858678,0.14070999455155264,0.12458326797433941,-0.19060629240517402,0.22955786721910046,0.22955786721910046,gradual,up,False,False,
Halcyon Personal Care,social,2024-12,23,25413.26770494146,91443.19771885629,3.5982463483464464,2.105585451169982,53182.9485151233,1.9753408111261361,0.010612366378043865,0.9577180565427396,0.08915843694282766,0.6091344020405202,12,1.2804466013185931,23,1.0068598506265662,0.27358675069202687,0.04609422187012603,1.0088258598990443,1.108063088520283,1.0529540724966924,0.22749252882190074,0.17639062431799044,0.15431102750159406,0.14070999455155264,0.16969983740393094,1.3405583193365576,0.0959912516415154,1.3405583193365576,sudden,up,False,True,sudden
Solstice Foods,affiliate,2024-12,23,223596.90848453704,684321.1427843019,3.0605125420668617,3.006078438381808,679660.6572473199,3.169819296647425,0.035056730391097524,1.1115741035347204,0.10276803594479905,0.5347417632579703,12,1.118582399345636,23,1.15391062738396,-0.03532822803832403,0.1594585508883053,1.2936981593775507,1.108063088520283,1.3133691782722654,-0.19478677892662932,0.12918108186745092,0.13663695576676987,0.14070999455155264,0.1314404375945173,-1.4819395194615084,-1.2852795819277938,-1.2852795819277938,gradual,up,False,False,
Solstice Foods,paid_search,2024-12,23,221260.69922332626,848009.9561439551,3.832628022602553,3.5239753981317348,761636.1730401973,3.3465643232700963,0.039866275291813406,1.7073919239829274,0.14203861518359054,0.6841827079023979,12,1.343550735668421,23,1.4800009342453373,-0.1364501985769162,-0.07875637596857976,1.4416817022736257,1.108063088520283,1.4012445582767574,-0.05769382260833633,0.14485578523398243,0.14450580883931316,0.14070999455155264,0.14474973178105235,-0.3985763696999708,-0.7427459178560074,-0.3985763696999708,sudden,up,False,False,
Crestline Beverages,retail_media,2024-12,23,82841.23744682387,316670.7751212046,3.8226224629306977,3.1230289736712327,268927.1666461714,3.261026616813224,0.023201847437911698,1.8564941786246543,0.15251474638691642,0.6326636005220219,12,1.3409366956998359,23,1.147404028194004,0.19353266750583176,0.016668991040659505,1.3809106752472458,1.108063088520283,1.1640730192346636,0.17686367646517231,0.07878916415829965,0.10387145944858678,0.14070999455155264,0.0863898597008109,2.0472735698112516,1.4126539227272994,2.0472735698112516,sudden,up,False,True,sudden
Crestline Beverages,social,2024-12,23,96463.86652529516,261824.3527169855,2.7142220413519174,2.362326544658093,232985.4194222283,2.356862349357462,0.01141734495418616,1.114319751784949,0.08161176129038036,0.6175027377487716,12,0.9985053713866798,23,0.8065788149574133,0.19192655642926648,0.04609422187012603,1.0088258598990443,1.108063088520283,0.8526730368275394,0.14583233455914046,0.16997716452035116,0.15431102750159406,0.14070999455155264,0.16522985027224296,0.8826028367081254,0.19769929417922633,0.8826028367081254,sudden,up,False,True,sudden
Nimbus Home,digital_video,2024-12,23,41390.80672084168,119140.7355293952,2.878434729067597,1.9826546805282999,93019.91694403876,2.014178965867344,0.008900603298974172,1.1085396634168418,0.0729462916148131,0.5399916116887618,12,1.0572466495483759,23,1.1670787675778405,-0.10983211802946458,0.08316015241533581,0.9489438624763645,1.108063088520283,1.2502389199931763,-0.19299227044480038,0.1380553858613809,0.16627257296978037,0.14070999455155264,0.14660604862150195,-1.31640046409719,-0.9540934999002655,-0.9540934999002655,gradual,up,False,False,
Ridgeway Grocery,tv,2024-12,23,115117.41722284416,166351.8560312976,1.4450624418481686,1.4765872522104053,166694.6347125409,1.3663542055333973,0.004747212152070225,,0.05089423465448077,0.5226166687078541,12,0.36815253298244244,23,0.6439508188640957,-0.2757982858816532,-0.021737031318073474,0.5770633245296893,1.108063088520283,0.6222137875460222,-0.25406125456357975,0.08703204105374426,0.13153305371909377,0.14070999455155264,0.10051719640688048,-2.5275401985464554,,-2.5275401985464554,sudden,up,False,False,
Halcyon Personal Care,display,2024-12,23,27379.115782081553,67826.82421676964,2.4773197482571505,1.16259767643848,31228.367432150826,1.235458995811687,0.006023261832881443,0.8045621232952007,0.040976280450510015,0.5192014978910503,12,0.9071772290785872,23,0.78417295716704,0.12300427191154717,0.05824416373088396,0.8764665530256246,1.108063088520283,0.842417120897924,0.06476010818066325,0.13412384619405146,0.1302846191962021,0.14070999455155264,0.13296044407349106,0.487062965470155,-0.291246411815116,0.487062965470155,sudden,up,False,False,
Solstice Foods,retail_media,2024-12,23,221229.11245218804,598105.940922992,2.7035589226632837,2.5047738176024255,522937.794106559,2.398513747071487,0.018782809977000183,1.3301267909484904,0.15880356183514482,0.6062098415101624,12,0.9945690245583189,23,1.2282798607982266,-0.23371083623990774,0.016668991040659505,1.3809106752472458,1.108063088520283,1.244948851838886,-0.2503798272805672,0.08748487192443138,0.10387145944858678,0.14070999455155264,0.09245050450750877,-2.7082580956627607,-2.000611955118132,-2.000611955118132,gradual,up,False,False,
Verdant Snacks,social,2024-12,23,18531.401838914677,73459.78686975289,3.964070689757121,2.5385011234412285,52524.223520155196,2.6441541936245585,0.010946375113055429,0.9939637112060269,0.09254091135476558,0.5582654350119873,12,1.3772714492444382,23,1.1526705202363803,0.22460092900805795,0.04609422187012603,1.0088258598990443,1.108063088520283,1.1987647421065064,0.17850670713793182,0.18698409584040226,0.15431102750159406,0.14070999455155264,0.1770831660407634,1.0080388279077905,0.5170149436032232,1.0080388279077905,sudden,up,False,True,sudden
Halcyon Personal Care,retail_media,2024-12,23,33465.15612969752,184340.61143474822,5.50843422694094,2.778928104557553,99569.48865120906,3.1069020434123056,0.019823778859260788,1.4845980272742922,0.16841354193435928,0.33441972900782624,12,1.7062804134418534,23,1.3750081858951986,0.33127222754665486,0.016668991040659505,1.3809106752472458,1.108063088520283,1.391677176935858,0.3146032365059954,0.09023052203368928,0.10387145944858678,0.14070999455155264,0.09436413943214306,3.3339278925149904,2.904173059070303,3.3339278925149904,sudden,up,True,True,sudden
Solstice Foods,social,2024-12,23,267933.891126855,819872.7645020483,3.0599815538597706,2.318490477795242,650121.1957558623,2.4023099447437466,0.014465104150111258,0.8999530146408438,0.11141318687593707,0.5378192953982786,12,1.1184088877957183,23,1.1334388063933276,-0.01502991859760927,0.04609422187012603,1.0088258598990443,1.108063088520283,1.1795330282634537,-0.0611241404677354,0.0954707169198825,0.15431102750159406,0.14070999455155264,0.11330111406585569,-0.5394840198323849,-0.7132539398934887,-0.5394840198323849,sudden,up,False,False,
Halcyon Personal Care,paid_search,2024-12,23,41526.729357366065,150754.16400873216,3.630292256136738,2.382405276982276,88435.08556439604,2.3174763254485398,0.05548707758702076,1.7823911153911325,0.11942533439538991,0.7065843569482043,12,1.2893131563683307,23,1.2146146379113292,0.07469851845700148,-0.07875637596857976,1.4416817022736257,1.108063088520283,1.1358582619427495,0.15345489442558113,0.1422541940727231,0.14450580883931316,0.14070999455155264,0.1429365015777504,1.0735878710597184,,1.0735878710597184,sudden,up,False,True,sudden
Solstice Foods,tv,2024-12,23,197252.7553221473,300425.6645580615,1.5230492677651843,1.3406025597168547,234266.5320513431,1.2822083616461728,0.004239144750922359,,0.0659386819695087,0.5276645697882454,12,0.4207144225461936,23,0.6364149667966498,-0.21570054425045615,-0.021737031318073474,0.5770633245296893,1.108063088520283,0.6146779354785763,-0.19396351293238268,0.08877159588318378,0.13153305371909377,0.14070999455155264,0.1017296134092171,-1.9066573285022317,-1.0720426095063535,-1.0720426095063535,gradual,up,False,False,
Crestline Beverages,affiliate,2024-12,23,,,,,,,0.04155830669024527,1.0198460797184918,0.16645094784279674,0.565219143459103,12,,23,1.0413147072732047,,0.1594585508883053,1.2936981593775507,1.108063088520283,1.20077325816151,,0.16953606799743726,0.13663695576676987,0.14070999455155264,0.15956664004875018,,,,sudden,up,True,False,
Ridgeway Grocery,social,2024-12,23,,,,,,,0.01386687377778546,0.952903073795067,0.08546997400859681,0.6008348633788564,12,,23,1.300414411225624,,0.04609422187012603,1.0088258598990443,1.108063088520283,1.34650863309575,,0.14927596950284983,0.15431102750159406,0.14070999455155264,0.15080174465398444,,,,sudden,up,False,False,
Nimbus Home,display,2024-12,23,42674.422079377924,97552.92656873063,2.2859811994002914,1.5874728482605955,63712.506221365125,1.5807419131722997,0.005569891018961781,0.671856293255738,0.056699905495765625,0.5170348483361941,12,0.8267953411044565,23,0.8703702924550267,-0.04357495135057021,0.05824416373088396,0.8764665530256246,1.108063088520283,0.9286144561859107,-0.10181911508145414,0.10298017871568572,0.1302846191962021,0.14070999455155264,0.11125425158856947,-0.9151930252337006,-0.7269061020699583,-0.7269061020699583,gradual,up,False,False,
Crestline Beverages,tv,2024-12,23,53464.04791769279,78830.05396557726,1.4744497851516052,1.1575821116587268,56344.85548390518,1.2589932519105758,0.0036717247832692853,,0.057559323155292434,0.5314756282777027,12,0.388284893184038,23,0.3718924629158818,0.016392430268156233,-0.021737031318073474,0.5770633245296893,1.108063088520283,0.3501554315978083,0.03812946158622971,0.17452250554673038,0.13153305371909377,0.14070999455155264,0.16149539893229503,0.2361024638368491,0.41221816468104855,0.41221816468104855,gradual,up,False,False,
Ridgeway Grocery,retail_media,2024-12,23,121931.80995501575,503024.68799843785,4.125459042919305,2.2368283276484893,343182.64522456925,2.7450213117606967,0.021343020308946883,1.214189449766809,0.159711535468677,0.6760137922575798,12,1.4171772967270886,23,1.5904909108875058,-0.17331361416041724,0.016668991040659505,1.3809106752472458,1.108063088520283,1.6071599019281653,-0.18998260520107668,0.11737647254366658,0.10387145944858678,0.14070999455155264,0.11328404433303635,-1.677046457156484,-0.06638095438479041,-0.06638095438479041,gradual,up,False,False,
Aster Wellness,paid_search,2024-12,23,37239.43075390794,146562.09116417856,3.9356694825094287,2.474413352313169,96938.59929242675,2.5505685902464394,0.05136932890948599,1.6984929986430393,0.14921462953954692,0.7217317444576516,12,1.3700810027244046,23,1.3315707720820422,0.038510230642362364,-0.07875637596857976,1.4416817022736257,1.108063088520283,1.2528143961134623,0.11726660661094224,0.1465950248092432,0.14450580883931316,0.14070999455155264,0.14596192906077954,0.8034054315773781,-0.3210699973217335,0.8034054315773781,sudden,up,False,True,sudden
Nimbus Home,retail_media,2024-12,23,33961.16914811997,235989.89578420023,6.948815417836233,3.5540621554394867,125959.404592021,3.772536230794425,0.019682011981644498,1.2710849457304285,0.1517808718088718,0.38447878307039424,12,1.9385712015727596,23,1.5149089964651217,0.42366220510763797,0.016668991040659505,1.3809106752472458,1.108063088520283,1.5315779875057811,0.4069932140669785,0.1898649935773786,0.10387145944858678,0.14070999455155264,0.16380634687168413,2.484599784071811,0.4499117029517594,2.484599784071811,sudden,up,True,True,sudden
Aster Wellness,social,2024-12,23,52491.73194263049,101044.14075490595,1.924953454866751,1.8092699957082123,93862.7685357562,1.8618893642666188,0.011400471860311767,1.0981991842538517,0.07647181325792303,0.5741521081757702,12,0.6549017881574244,23,0.701466606179022,-0.04656481802159762,0.04609422187012603,1.0088258598990443,1.108063088520283,0.747560828049148,-0.09265903989172364,0.06555449521069731,0.15431102750159406,0.14070999455155264,0.09245041408672663,-1.0022566238026938,-0.952769156415263,-0.952769156415263,gradual,up,False,False,
Pinebrook Pet Co.,paid_search,2024-12,23,19395.283200073503,109807.59114623482,5.661561628851012,3.0620435995992676,55637.88820657072,2.8341738485006083,0.03896820693672032,1.8917074679016026,0.13834983171010395,0.7099161659952908,12,1.73369976031741,3,,,-0.07875637596857976,1.4416817022736257,1.108063088520283,1.3629253263050458,0.3707744340123642,,0.14450580883931316,0.14070999455155264,0.14450580883931316,2.5658098936677076,2.2780150314635206,2.5658098936677076,sudden,up,False,True,sudden
Pinebrook Pet Co.,display,2024-12,23,16231.999492334946,43873.42486287752,2.7028971312865906,1.7110610547820082,31643.83287644283,1.9757763612174424,0.005318769316025502,0.5287333470178156,0.0409556347257057,0.5039140896846843,12,0.9943242093324501,3,0.8399605260212395,0.15436368331121064,0.05824416373088396,0.8764665530256246,1.108063088520283,0.8982046897521234,0.09611951958032672,,0.1302846191962021,0.14070999455155264,0.1302846191962021,0.737765671599159,-0.3048175800400957,0.737765671599159,sudden,up,False,True,sudden
Ridgeway Grocery,audio,2024-12,23,104640.69819080051,165815.84157277254,1.5846209404148475,1.5285722170474991,152369.3621629368,1.5397129487079155,0.004482079011967068,0.8119527854894383,0.03650176599807724,0.5045742199356527,12,0.460345224414892,23,0.6393280658855467,-0.17898284147065469,-0.07167871939070805,0.6820635825574124,1.108063088520283,0.5676493464948387,-0.10730412207994666,0.18905249834734597,0.13981601272636718,0.14070999455155264,0.1741323511894736,-0.61622163456111,-0.722092943349188,-0.61622163456111,sudden,up,False,False,
Crestline Beverages,ooh,2024-12,23,,,,,,,0.0027020762885588776,,0.03968170428750693,0.389907734846194,12,,23,0.5426080641550676,,0.0,,1.108063088520283,0.5426080641550676,,0.2661537604175121,0.24023118444248204,0.14070999455155264,0.2582984343644727,,,,sudden,up,False,False,
Pinebrook Pet Co.,affiliate,2024-12,23,11420.926727562366,34876.00353879847,3.0536929594891338,2.429528858566489,27869.6764221029,2.5432109219480785,0.03294268795622729,1.198512831692382,0.11558882864981283,0.571972795619155,12,1.1163516645743083,3,1.2123187433937825,-0.0959670788194742,0.1594585508883053,1.2936981593775507,1.108063088520283,1.3717772942820878,-0.2554256297077795,,0.13663695576676987,0.14070999455155264,0.13663695576676987,-1.8693744183218917,-1.0827430801495659,-1.0827430801495659,gradual,up,False,False,
Crestline Beverages,digital_video,2024-12,23,59093.91377230804,181271.89399536204,3.067522227311127,1.9143508767721964,121071.14633470488,1.9371984985564747,0.008175983151475639,0.9811941657649691,0.05631441431793035,0.5586105550275844,12,1.120870143643874,23,1.0022357097804262,0.11863443386344774,0.08316015241533581,0.9489438624763645,1.108063088520283,1.085395862195762,0.03547428144811193,0.0667496278296318,0.16627257296978037,0.14070999455155264,0.09690809605391924,0.36606107118619063,1.5927819810050938,1.5927819810050938,gradual,up,False,True,gradual
Pinebrook Pet Co.,retail_media,2024-12,23,14276.953205981921,77371.52771517081,5.4193304831140585,3.605679946478522,52341.581026053216,3.405801323813522,0.021923731557092898,1.1212348591761678,0.19345412769897277,0.6675684919170399,12,1.689972280720727,3,1.624664896081631,0.06530738463909591,0.016668991040659505,1.3809106752472458,1.108063088520283,1.6413338871222904,0.04863839359843647,,0.10387145944858678,0.14070999455155264,0.10387145944858676,0.46825560993018495,2.0933728646788716,2.0933728646788716,gradual,up,True,True,gradual
Pinebrook Pet Co.,social,2024-12,23,17684.110366784666,40359.01405759017,2.28221907805975,2.5260452104510396,44140.76817800558,2.4305802440067654,0.013985522764565819,0.9758870766686419,0.08168204662205089,0.6058465868354382,12,0.8251482494873797,3,0.9721150114084107,-0.14696676192103098,0.04609422187012603,1.0088258598990443,1.108063088520283,1.0182092332785369,-0.1930609837911571,,0.15431102750159406,0.14070999455155264,0.15431102750159406,-1.251115924227533,-1.173804915041633,-1.173804915041633,gradual,up,False,False,
Nimbus Home,social,2024-12,23,31741.652259831295,106170.04705718214,3.344817912693825,2.5198926601760614,76388.53756848219,2.3187958673530815,0.011415856218756591,1.0208946530482244,0.10140715898572492,0.31876978265889855,12,1.207412256431499,23,1.0676697064261125,0.1397425500053866,0.04609422187012603,1.0088258598990443,1.108063088520283,1.1137639282962386,0.09364832813526047,0.1476649705851578,0.15431102750159406,0.14070999455155264,0.1496789272265021,0.6256614065221542,-0.14993415300461765,0.6256614065221542,sudden,up,True,True,sudden
Pinebrook Pet Co.,digital_video,2024-12,23,10972.612816534158,34398.17399607095,3.1349118547441885,2.105545832522596,22542.799214856008,2.200875664036404,0.007851550197742264,0.9927231610351585,0.0657783213316928,0.5307549297942971,12,1.1426010571805767,3,1.2313598219641713,-0.08875876478359457,0.08316015241533581,0.9489438624763645,1.108063088520283,1.314519974379507,-0.17191891719893038,,0.16627257296978037,0.14070999455155264,0.16627257296978037,-1.033958362033504,0.6114656425543954,0.6114656425543954,gradual,up,False,True,gradual
Ridgeway Grocery,affiliate,2024-12,23,133956.55039143946,415487.3784188284,3.101657792804586,2.73470104180583,382747.2526610643,3.133356095846215,0.028772081084491734,1.3103037743788795,0.11576616096838825,0.5721218898889371,12,1.1319367404240277,23,1.486678785093516,-0.3547420446694882,0.1594585508883053,1.2936981593775507,1.108063088520283,1.6461373359818212,-0.5142005955577935,0.2185828665147737,0.13663695576676987,0.14070999455155264,0.19375077234871194,-2.65392797832226,-0.5114328106392454,-0.5114328106392454,gradual,up,False,False,
Solstice Foods,tv,2025-01,24,87199.8668788598,215414.33739688547,2.470351677212356,1.4089814017237021,128265.30404111797,1.3969254175572874,0.003978004564383724,,0.06801823339936912,0.5065417360343669,1,0.9043605199430964,24,0.6352889701065378,0.26907154983655857,0.04112071415473186,0.55266590532173,1.1084611919989193,0.6764096842612697,0.22795083568182672,0.09801482834745591,0.13512207496672848,0.14410349831185068,0.10892872441194784,2.092660470527129,-0.03460205336339219,2.092660470527129,sudden,up,False,True,sudden
Pinebrook Pet Co.,paid_search,2025-01,24,17060.63345459539,98873.41330216969,5.795412788470495,3.1442920751867898,51164.71871587956,2.932078090424411,0.057797584972050876,1.7793089682355252,0.1599388884134954,0.6741263583417897,1,1.7570667060875482,4,1.73369976031741,0.023366945770138203,-0.002772201510429958,1.4427395098985496,1.1084611919989193,1.7309275588069801,0.026139147280568098,,0.14241272528950077,0.14410349831185068,0.14241272528950077,0.1835450254001647,1.4904777402084328,1.4904777402084328,gradual,up,False,True,gradual
Aster Wellness,paid_search,2025-01,24,30956.75112566855,101582.31057067786,3.2814267284801857,2.50386722681249,83607.02643499592,2.597071181538941,0.05429877049930173,1.8203408048060208,0.13908675945750326,0.733548102085217,1,1.1882783060156403,24,1.3315707720820422,-0.1432924660664019,-0.002772201510429958,1.4427395098985496,1.1084611919989193,1.3287985705716123,-0.140520264555972,0.16953844613076477,0.14241272528950077,0.14410349831185068,0.1615602929421577,-0.8697698054204537,-0.5009180437834018,-0.5009180437834018,gradual,up,False,False,
Ridgeway Grocery,retail_media,2025-01,24,60626.86476503303,340068.1223355019,5.609198556670846,2.3139187897058764,128263.67368827341,2.347361573217177,0.019040243893969414,1.428678386136438,0.15659122214573828,0.6370288078387638,1,1.7244078495557078,24,1.5611222857639622,0.16328556379174564,0.13298340157181318,1.3913974021840216,1.1084611919989193,1.6941056873357754,0.030302162219932427,0.11737647254366658,0.10816646277686459,0.14410349831185068,0.114667646141666,0.26426078531773173,-0.07232504870746566,0.26426078531773173,sudden,up,False,False,
Crestline Beverages,tv,2025-01,24,60840.58954473473,98522.20287067212,1.6193499045276498,1.2134594749176604,75687.9484161896,1.2717658141559995,0.004069379710177171,,0.05771209601122836,0.5651741640213658,1,0.48202477520305737,24,0.4137977185499995,0.06822705665305784,0.04112071415473186,0.55266590532173,1.1084611919989193,0.45491843270473137,0.027106342498325997,0.19755932856788846,0.13512207496672848,0.14410349831185068,0.17919543044990022,0.15126692924183932,-0.011533607392471761,0.15126692924183932,sudden,up,False,False,
Halcyon Personal Care,retail_media,2025-01,24,27947.883494218826,98132.87899769194,3.5112812395253923,2.398633160621597,76377.66371195522,2.8963755426944378,0.016740802582156752,1.6759939664003312,0.16141428706800848,0.6057663759631746,1,1.2559809963779822,24,1.4194968162963013,-0.1635158199183191,0.13298340157181318,1.3913974021840216,1.1084611919989193,1.5524802178681145,-0.2964992214901323,0.09023052203368928,0.10816646277686459,0.14410349831185068,0.09550579872285848,-3.10451538498225,0.9785940529495624,0.9785940529495624,gradual,up,False,True,gradual
Solstice Foods,social,2025-01,24,132761.12747019663,350938.4446656411,2.6433825273472675,2.462842163326822,376292.48377302557,2.695913005287701,0.013493474800747833,0.9300241135249482,0.09350650811481984,0.589951026536616,1,0.9720593574034293,24,1.1194202804263407,-0.14736092302291137,0.0053301125767177505,1.021073114330303,1.1084611919989193,1.1247503930030585,-0.15269103559962915,0.1274281005599183,0.15597066445430777,0.14410349831185068,0.13582297229356227,-1.1241915341803075,-0.5874447980065264,-0.5874447980065264,gradual,up,False,False,
Nimbus Home,social,2025-01,24,26438.271503200405,68038.29617152676,2.573477474247535,2.1654108293251397,57437.55998480682,2.2182503310945334,0.009047217462824829,1.0248487876506,0.08366193011801751,0.5580795104041236,1,0.9452580871085159,24,1.0676697064261125,-0.12241161931759659,0.0053301125767177505,1.021073114330303,1.1084611919989193,1.0729998190028303,-0.12774173189431437,0.16763705886062122,0.15597066445430777,0.14410349831185068,0.16420576638817608,-0.7779369428010089,-0.24364260392672915,-0.24364260392672915,gradual,up,False,False,
Ridgeway Grocery,audio,2025-01,24,52555.87506940723,107175.06247225184,2.0392594040288072,1.3381510749912946,74257.63165668139,1.429235077871556,0.00594706147219619,0.7756058906288756,0.0577171290576927,0.45097169622468186,1,0.7125867047013719,24,0.5934736711244483,0.1191130335769236,0.03588710575363094,0.6703809381377472,1.1084611919989193,0.6293607768780792,0.08322592782329263,0.16784859921067954,0.13981601272636718,0.14410349831185068,0.1596037208329406,0.5214535562764626,-0.2755525708670756,0.5214535562764626,sudden,up,False,False,
Solstice Foods,retail_media,2025-01,24,92985.75608590274,382959.27246644243,4.118472426170889,2.7835466110897054,252569.61128388243,2.6202974247509516,0.025104951443761712,1.4298141382083374,0.20289861255357614,0.6544777703560318,1,1.4154823242622436,24,1.139786812251283,0.27569551201096054,0.13298340157181318,1.3913974021840216,1.1084611919989193,1.2727702138230963,0.14271211043914733,0.06707151390771675,0.10816646277686459,0.14410349831185068,0.08,1.7839013804893415,-0.5677717980374257,1.7839013804893415,sudden,up,True,True,sudden
Nimbus Home,paid_search,2025-01,24,45950.65280733812,172638.2564162944,3.7570359911997775,2.9900145144193826,128981.73785723864,3.08840076922971,0.05002790343293375,1.9667772451497723,0.14278702746174976,0.6840436681995974,1,1.323630346316981,24,1.4001852497935277,-0.0765549034765467,-0.002772201510429958,1.4427395098985496,1.1084611919989193,1.3974130482830978,-0.0737827019661168,0.1200289845527507,0.14241272528950077,0.14410349831185068,0.12661243771061836,-0.582744502042938,0.13193264492033002,0.13193264492033002,gradual,up,False,False,
Pinebrook Pet Co.,retail_media,2025-01,24,11629.255327005698,70841.81379461358,6.091689605447328,3.773329271224467,43099.66856565325,3.5408586752602216,0.026154585148222418,1.0837022718580311,0.18457655885163032,0.6490823502113628,1,1.8069254825607513,4,1.644570196155173,0.16235528640557817,0.13298340157181318,1.3913974021840216,1.1084611919989193,1.7775535977269863,0.02937188483376496,0.026096300298022453,0.10816646277686459,0.14410349831185068,0.08471784492576684,0.34670245518523024,1.2594976527352457,1.2594976527352457,gradual,up,True,True,gradual
Aster Wellness,display,2025-01,24,43711.09971130223,101744.29448112847,2.327653505702598,2.2981967281352347,105880.88113695338,2.206643441811119,0.008175496750280366,0.5256420964070696,0.1182858804364756,0.485542594249573,1,0.8448606810351375,24,0.6552804909543402,0.1895801900807973,-0.011003255283757674,0.869600230740685,1.1084611919989193,0.6442772356705825,0.20058344536455497,0.07373560056042212,0.13501817393978352,0.14410349831185068,0.09175988684846959,2.1859600338848977,2.102901850051665,2.1859600338848977,sudden,up,True,True,sudden
Crestline Beverages,audio,2025-01,24,83363.00883487018,153390.78936798728,1.8400342251541304,1.741718021324817,142311.11954399289,1.663387311075426,0.004584843281063879,0.7634683338565624,0.04659648630820959,0.4479707614913923,1,0.6097841720751496,24,0.46332517538930174,0.14645899668584783,0.03588710575363094,0.6703809381377472,1.1084611919989193,0.4992122811429327,0.11057189093221687,0.13686390447451385,0.13981601272636718,0.14410349831185068,0.13773217160741189,0.8028036561231898,0.680730134004657,0.8028036561231898,sudden,up,False,True,sudden
Crestline Beverages,paid_search,2025-01,24,88955.71699609504,324520.7492162982,3.6481157161663256,3.4553985361680017,322496.69867091096,3.698035248578801,0.04550624641373006,2.207519760201429,0.13367204925316972,0.6518924567652167,1,1.2942107921493329,24,1.2907808649283314,0.0034299272210014387,-0.002772201510429958,1.4427395098985496,1.1084611919989193,1.2880086634179015,0.006202128731431333,0.11841529660611902,0.14241272528950077,0.14410349831185068,0.1254733638659372,0.049429843437193866,0.6247446162949911,0.6247446162949911,gradual,up,False,True,gradual
Halcyon Personal Care,paid_search,2025-01,24,32842.65305797286,115197.13230728995,3.5075464854787297,2.365029393202574,73016.99101954955,2.288850969551602,0.05365719477690777,1.623315460481154,0.10515195731467547,0.717868471333107,1,1.2549167860723671,24,1.2146146379113292,0.04030214816103794,-0.002772201510429958,1.4427395098985496,1.1084611919989193,1.2118424364008993,0.04307434967146784,0.1410261934468714,0.14241272528950077,0.14410349831185068,0.1414339969299977,0.304554425431301,,0.304554425431301,sudden,up,False,False,
Halcyon Personal Care,social,2025-01,24,25554.833656220002,84715.43595714294,3.3150454859847365,2.4707758256613452,57445.01112160964,2.136393367654188,0.011272766892712971,0.9697632096727902,0.08224513150868706,0.6002193843933064,1,1.1984713448060542,24,1.0068598506265662,0.19161149417948797,0.0053301125767177505,1.021073114330303,1.1084611919989193,1.012189963203284,0.1862813816027702,0.2100796599236306,0.15597066445430777,0.14410349831185068,0.19416524949147682,0.9593960921979878,0.8133399014021121,0.9593960921979878,sudden,up,False,True,sudden
Ridgeway Grocery,paid_search,2025-01,24,41557.08934128422,224211.6801581935,5.395269103590805,4.230728945024819,176682.9021712566,4.232443201641754,0.0433511850107565,1.8245378345581988,0.13564792108267645,0.6750986698263187,1,1.6855224776497755,24,1.689170913633538,-0.0036484359837625213,-0.002772201510429958,1.4427395098985496,1.1084611919989193,1.686398712123108,-0.0008762344733326266,0.15254790517983338,0.14241272528950077,0.14410349831185068,0.14956696991797086,-0.005858475797251173,-0.3093402943842031,-0.005858475797251173,sudden,up,False,False,
Nimbus Home,digital_video,2025-01,24,37552.86327935844,143662.61884309872,3.8256102543867883,2.3583609000047634,82020.48448351058,2.0948405997899133,0.009619744862427553,0.9454723466947372,0.1084200733013074,0.5138310978479811,1,1.3417179981833005,24,1.106710904407849,0.2350070937754516,0.0631629934496295,0.9618924600903388,1.1084611919989193,1.1698738978574785,0.17184410032582198,0.16407371721002978,0.16773783919033006,0.14410349831185068,0.1651514001454122,1.0405246348170043,-0.16649166349343308,1.0405246348170043,sudden,up,True,True,sudden
Crestline Beverages,retail_media,2025-01,24,85958.71696023672,267079.69355986273,3.1070693351950562,3.234673263786685,285820.08436964307,3.301385071275709,0.023199797390349008,1.3606099449457683,0.15243868811566422,0.6665732377481536,1,1.1336799459633509,24,1.1659503498716033,-0.03227040390825242,0.13298340157181318,1.3913974021840216,1.1084611919989193,1.2989337514434165,-0.16525380548006563,0.11156821311678754,0.10816646277686459,0.14410349831185068,0.11056769831092784,-1.4945938823412492,0.5182430760926618,0.5182430760926618,gradual,up,False,False,
Ridgeway Grocery,affiliate,2025-01,24,65421.682195137226,318758.89775710145,4.872373914298319,2.943353487366702,193842.75681446484,2.8833663782270866,0.03008205555345944,1.164149886722254,0.11651595960820021,0.6019150390228362,1,1.583581275060827,24,1.4690278953507065,0.11455337971012036,0.07046327709670779,1.296266780401753,1.1084611919989193,1.5394911724474143,0.04409010261341262,0.2185828665147737,0.14190932387056174,0.14410349831185068,0.1960318245605937,0.22491298396186843,-0.7653922390671606,0.22491298396186843,sudden,up,False,False,
Solstice Foods,affiliate,2025-01,24,110564.53577370694,356088.59300905664,3.2206402398131093,3.0145765946259284,313808.951856888,3.0921655430444677,0.03185562124483067,1.1731342910332627,0.12691225261074987,0.540390425288691,1,1.169580172031903,24,1.1329730192442655,0.03660715278763749,0.07046327709670779,1.296266780401753,1.1084611919989193,1.2034362963409733,-0.03385612430907026,0.1411710324171505,0.14190932387056174,0.14410349831185068,0.14138817696227146,-0.2394551300997717,-1.1803929447409858,-0.2394551300997717,sudden,up,False,False,
Crestline Beverages,affiliate,2025-01,24,85299.91233384135,407953.8787414435,4.782582626167535,2.8587608335495336,217120.2547928012,2.7451691569184438,0.046294741640271475,0.8578341747505184,0.26281327282724354,0.5629600755726066,1,1.5649806989561676,24,1.0502580723308261,0.5147226266253415,0.07046327709670779,1.296266780401753,1.1084611919989193,1.1207213494275339,0.4442593495286338,0.15168130006672398,0.14190932387056174,0.14410349831185068,0.1488071894207939,2.9854696621704635,,2.9854696621704635,sudden,up,True,True,sudden
Aster Wellness,social,2025-01,24,43943.43187044003,95342.52129844701,2.169664890524453,1.7845681099077488,85988.72182383384,1.8554557574833777,0.013341627372325169,0.9833628897290853,0.10137077547474964,0.6633550652854213,1,0.7745727272973407,24,0.701466606179022,0.07310612111831871,0.0053301125767177505,1.021073114330303,1.1084611919989193,0.7067967187557398,0.06777600854160093,0.1074693329636641,0.15597066445430777,0.14410349831185068,0.12173443046091223,0.5567529932574266,-0.19016768083791386,0.5567529932574266,sudden,up,False,True,sudden
Verdant Snacks,social,2025-01,24,19107.361874914055,60547.3445401668,3.16879666259208,2.4678255931988224,48351.564936632574,2.565951454835308,0.0122741110083812,0.9740157590715858,0.08572084471915457,0.5639405515984228,1,1.1533519141162547,24,1.2268857653189593,-0.07353385120270461,0.0053301125767177505,1.021073114330303,1.1084611919989193,1.232215877895677,-0.0788639637794224,0.17234424018682273,0.15597066445430777,0.14410349831185068,0.16752848261843598,-0.4707495856632541,0.22395560592914224,0.22395560592914224,gradual,up,False,False,
Pinebrook Pet Co.,social,2025-01,24,14289.139046515453,42896.955479601325,3.0020671882300825,2.2860252452847316,34492.751821023405,2.4320694775153435,0.012919671481559349,1.0468585712771161,0.0820286916707958,0.62423326892253,1,1.0993011141167395,4,0.8986316304478952,0.2006694836688443,0.0053301125767177505,1.021073114330303,1.1084611919989193,0.903961743024613,0.1953393710921265,0.033929269786478235,0.15597066445430777,0.14410349831185068,0.12110169454921361,1.6130193043066297,-0.231018524062698,1.6130193043066297,sudden,up,False,True,sudden
Solstice Foods,digital_video,2025-01,24,114602.72994550577,301023.41306538077,2.6266687818738617,1.7502997901285113,224487.48659281884,1.8706954422249722,0.007617130978697047,1.0437395780251233,0.0654254952832495,0.5156504767995405,1,0.9657164204832809,24,0.8316366321559805,0.1340797883273004,0.0631629934496295,0.9618924600903388,1.1084611919989193,0.89479962560561,0.07091679487767089,0.21947716427718214,0.16773783919033006,0.14410349831185068,0.20425971572222565,0.3471893350429958,-0.042238834199591985,0.3471893350429958,sudden,up,False,False,
Ridgeway Grocery,social,2025-01,24,65014.67041731785,251855.48357090363,3.8738254297728054,2.092129115314772,139419.01887311199,2.085231147243186,0.011486682490919385,0.9068634868099817,0.08217044936857706,0.5632616361336955,1,1.354242501959364,24,1.3212368447565808,0.033005657202783256,0.0053301125767177505,1.021073114330303,1.1084611919989193,1.3265669573332985,0.027675544626065474,0.16691040825785497,0.15597066445430777,0.14410349831185068,0.1636928365509293,0.16906998014818356,,0.16906998014818356,sudden,up,False,False,
Pinebrook Pet Co.,affiliate,2025-01,24,10881.75924834796,49036.55197991623,4.506307377399553,3.601449248627464,39677.28744052198,3.171183393432379,0.04483287993985228,0.9201581187234396,0.21136267759933375,0.5361971132246692,1,1.505478054818782,4,1.2097555695720366,0.2957224852467455,0.07046327709670779,1.296266780401753,1.1084611919989193,1.2802188466687443,0.22525920815003775,0.02619846298585071,0.14190932387056174,0.14410349831185068,0.10884907790350144,2.0694636324777873,-0.07591597494166782,2.0694636324777873,sudden,up,True,True,sudden
Nimbus Home,display,2025-01,24,33658.10101340106,94727.82599391043,2.8144138600152844,1.9001004326121815,67669.6329246757,1.86647208281778,0.005791430649932648,0.7282782669842317,0.05312372576791588,0.4652533384468058,1,1.034754019667571,24,0.8504047281952918,0.1843492914722793,-0.011003255283757674,0.869600230740685,1.1084611919989193,0.8394014729115341,0.19535254675603697,0.10065670034093664,0.13501817393978352,0.14410349831185068,0.11076301610530337,1.7636983320345268,0.02185562550636138,1.7636983320345268,sudden,up,False,True,sudden
Crestline Beverages,ooh,2025-01,24,81677.46029283771,123778.77003847866,1.5154581153073978,0.8835287157642344,77602.37267580947,0.9414012025497474,0.0032015138706314207,,0.04221059005519941,0.3797548412182818,1,0.4157177795933138,24,0.6215679675788996,-0.20585018798558585,-0.0490372202121383,0.6085498698037922,1.1084611919989193,0.5725307473667614,-0.15681296777344755,0.2664025082158267,0.24023118444248204,0.14410349831185068,0.25870506004719596,-0.6061457311458845,,-0.6061457311458845,sudden,up,False,False,
Solstice Foods,display,2025-01,24,,,,,,,0.0075928836954439,0.5881056842443166,0.07967841558384801,0.49171138184950114,1,,24,0.9583281457557026,,-0.011003255283757674,0.869600230740685,1.1084611919989193,0.9473248904719449,,0.19332031222500684,0.13501817393978352,0.14410349831185068,0.17617262449405882,,,,sudden,up,True,False,
Aster Wellness,retail_media,2025-01,24,36174.507420505004,139531.27713554943,3.8571714471074765,2.746433704364535,102527.66391903433,2.764377259029475,0.021721239676559995,1.3724854481621636,0.15367436033502826,0.6656464171743101,1,1.349934129134595,24,1.1996194526194124,0.1503146765151826,0.13298340157181318,1.3913974021840216,1.1084611919989193,1.3326028541912256,0.01733127494336939,0.10403564524475754,0.10816646277686459,0.14410349831185068,0.1052505915777302,0.16466676988290188,0.2075534874894104,0.2075534874894104,gradual,up,False,False,
Solstice Foods,paid_search,2025-01,24,92365.50862613322,330293.74683582224,3.5759424892331655,3.365182862686468,294708.25794586964,3.3442244835065957,0.037931192451145936,2.1383193462588252,0.13779835732146734,0.6757030009372271,1,1.2742287747527399,24,1.4390893612935742,-0.16486058654083435,-0.002772201510429958,1.4427395098985496,1.1084611919989193,1.4363171597831443,-0.16208838503040446,0.1151850663791796,0.14241272528950077,0.14410349831185068,0.12319320135280348,-1.3157250826383842,-1.0735607235278042,-1.0735607235278042,gradual,up,False,False,
Nimbus Home,audio,2025-01,24,46003.66931278605,118882.08546133507,2.5841870276268057,1.724579331052656,71733.6818151465,1.6221808715773394,0.005035702179846509,0.8336382301108646,0.059762749749660574,0.47649111606932765,1,0.9494109624136547,24,0.9675184453099976,-0.018107482896342897,0.03588710575363094,0.6703809381377472,1.1084611919989193,1.0034055510636286,-0.05399458864997386,0.125071603196724,0.13981601272636718,0.14410349831185068,0.12940819423485433,-0.41724242401514905,-0.7704422452712499,-0.41724242401514905,sudden,up,False,False,
Crestline Beverages,social,2025-01,24,102365.85797705455,253703.96296412483,2.4784041083404285,2.412659256061617,250720.15831506695,2.443362790524966,0.011586637618835742,0.8363083944122311,0.10260621277039615,0.6646329205466803,1,0.9076148483374327,24,0.8293398417755531,0.07827500656187958,0.0053301125767177505,1.021073114330303,1.1084611919989193,0.8346699543522709,0.0729448939851618,0.16918990102911918,0.15597066445430777,0.14410349831185068,0.1653018902718217,0.4412828786483417,0.628856885004068,0.628856885004068,gradual,up,False,True,gradual
Ridgeway Grocery,tv,2025-01,24,47602.66711733764,95816.9770160128,2.012848918314385,1.5921568045690828,73125.32432176924,1.4588178156309586,0.003723644161107727,,0.05691058100451122,0.5967666310331039,1,0.6995510908427187,24,0.6345527492780084,0.0649983415647103,0.04112071415473186,0.55266590532173,1.1084611919989193,0.6756734634327403,0.023877627409978452,0.14908708639452686,0.13512207496672848,0.14410349831185068,0.14497973009223322,0.1646963157869585,,0.1646963157869585,sudden,up,False,False,
Crestline Beverages,digital_video,2025-01,24,62592.06623745508,197327.95676073874,3.1526033349360456,1.8205192866915467,116238.57105249928,1.8945523265240043,0.008009388925554462,0.992393397974654,0.06877577208641537,0.5585326331762024,1,1.148228567046466,24,1.063091578506684,0.08513698853978213,0.0631629934496295,0.9618924600903388,1.1084611919989193,1.1262545719563133,0.021973995090152743,0.08854759451874585,0.16773783919033006,0.14410349831185068,0.11183884295156472,0.19647909894480275,1.110322828591108,1.110322828591108,gradual,up,False,True,gradual
Verdant Snacks,affiliate,2025-01,24,19559.590372431263,83211.85278999314,4.254273796412327,2.9434046296750402,56450.472698446756,2.9365427759142735,0.025160456935550433,,0.10432406478901678,0.6115545720216886,1,1.4479240768160444,24,1.354642709625578,0.09328136719046642,0.07046327709670779,1.296266780401753,1.1084611919989193,1.4251059867222857,0.02281809009375868,0.03073606798815794,0.14190932387056174,0.14410349831185068,0.08,0.2852261261719835,-0.06359392994396534,0.2852261261719835,sudden,up,False,False,
Verdant Snacks,display,2025-01,24,16598.58287273948,46077.159387416155,2.7759694752671042,1.5806277306546923,31142.81695634554,1.6654786670741308,0.006480481833126214,0.7260826863274642,0.06115617418892079,0.535172052435612,1,1.0210000466428575,24,0.9249069049643635,0.09609314167849403,-0.011003255283757674,0.869600230740685,1.1084611919989193,0.9139036496806058,0.1070963969622517,0.3198255626743502,0.13501817393978352,0.14410349831185068,0.26547044834065414,0.4034211628136651,-0.35013053215692613,0.4034211628136651,sudden,up,False,False,
Aster Wellness,digital_video,2025-01,24,39424.66735745773,108720.08393854412,2.757666487146104,1.673956123202699,70660.97448590487,1.7267990637226331,0.007452209214284246,1.1352825402359994,0.07739296524896232,0.5184150585025147,1,1.0143848464412166,24,1.0331451735345116,-0.018760327093295004,0.0631629934496295,0.9618924600903388,1.1084611919989193,1.0963081669841412,-0.08192332054292462,0.14851832770018666,0.16773783919033006,0.14410349831185068,0.15417112519728765,-0.5313791440393918,0.43942868847665034,0.43942868847665034,gradual,up,False,False,
Halcyon Personal Care,digital_video,2025-01,24,29276.423921633992,56195.233469394196,1.9194705480360388,1.5868403608006814,51482.084080631066,1.7062194670379525,0.008911014476741329,1.1861284830297942,0.06594768076846118,0.5738892573320807,1,0.6520493917807197,24,0.5275191582198808,0.12453023356083892,0.0631629934496295,0.9618924600903388,1.1084611919989193,0.5906821516695103,0.06136724011120942,0.23841155475123968,0.16773783919033006,0.14410349831185068,0.21762516782156038,0.2819859519259596,,0.2819859519259596,sudden,up,False,False,
Halcyon Personal Care,affiliate,2025-01,24,27281.679288683856,103487.15648302449,3.7932839612974205,2.1650822856001866,55948.03677782492,2.185589419764266,0.03427566368980454,1.187689618500166,0.12274882211448775,0.584770301458956,1,1.3332321244701764,24,1.3674655850786117,-0.03423346060843535,0.07046327709670779,1.296266780401753,1.1084611919989193,1.4379288621753195,-0.1046967377051431,0.19435913997659532,0.14190932387056174,0.14410349831185068,0.17893272347482075,-0.5851178905231157,0.7436386111422355,0.7436386111422355,gradual,up,False,True,gradual
Verdant Snacks,retail_media,2025-01,24,24282.14984159757,111226.7596509577,4.580597697342925,3.11685554034041,73035.59409583602,2.9541224252076503,0.018432970119429397,1.2939021241741042,0.16600499194429408,0.556106666843194,1,1.5218294912147587,24,1.5527743497853534,-0.030944858570594702,0.13298340157181318,1.3913974021840216,1.1084611919989193,1.6857577513571667,-0.1639282601424079,0.08560198568071598,0.10816646277686459,0.14410349831185068,0.09223859659134792,-1.7772197995235386,0.09886138347651657,0.09886138347651657,gradual,up,False,False,
Verdant Snacks,digital_video,2025-01,24,13087.331392176888,33203.76175627538,2.5370918456396185,1.9510002722029192,26929.02651082264,2.025371095613831,0.008903857354772305,0.8966932937929988,0.05366048492086408,0.5751757234499326,1,0.9310184824212991,24,0.9219046875792387,0.00911379484206043,0.0631629934496295,0.9618924600903388,1.1084611919989193,0.9850676810288682,-0.05404919860756907,0.3578956139834731,0.16773783919033006,0.14410349831185068,0.30196685669137224,-0.17899049981770188,,-0.17899049981770188,sudden,up,False,False,
Halcyon Personal Care,display,2025-01,24,26267.13190673738,68346.73700998496,2.601987048020815,1.2347146061022476,32647.42998064119,1.2668121460131585,0.00568490657299569,0.679901382211033,0.04386802571089397,0.5188520096463879,1,0.9562754023764701,24,0.78417295716704,0.17210244520943008,-0.011003255283757674,0.869600230740685,1.1084611919989193,0.7731697018832824,0.18310570049318775,0.13871623507139172,0.13501817393978352,0.14410349831185068,0.13762857003268342,1.3304337932865584,0.08930666129662942,1.3304337932865584,sudden,up,False,True,sudden
Ridgeway Grocery,display,2025-01,24,49753.68355521721,150987.32374789784,3.0346963874610484,1.7663507746647882,73896.44792517442,1.4952626364607076,,0.7091561674557935,0.049933367725923675,0.5374199813385437,1,1.1101113824270397,24,0.9377985157709423,0.17231286665609735,-0.011003255283757674,0.869600230740685,1.1084611919989193,0.9267952604871846,0.18331612193985503,0.09291962130694877,0.13501817393978352,0.14410349831185068,0.10530154855190016,1.740868244207289,-0.5276921360839599,1.740868244207289,sudden,up,False,True,sudden
Verdant Snacks,paid_search,2025-01,24,12668.69603342955,57023.87401625187,4.501163645080756,4.2259984753247934,53669.097609288794,4.142298720040496,0.05315318283809418,1.9758592916962339,0.14663717987431854,0.7179231412208161,1,1.5043359511439363,24,1.6147214365747744,-0.11038548543083815,-0.002772201510429958,1.4427395098985496,1.1084611919989193,1.6119492350643445,-0.10761328392040825,0.24998864617967265,0.14241272528950077,0.14410349831185068,0.21834866944726916,-0.4928506511755808,0.02050063177003146,0.02050063177003146,gradual,up,False,False,
Pinebrook Pet Co.,display,2025-01,24,15076.397472813924,68752.402858034,4.5602673305748125,3.0290115466446625,46994.672069455104,2.6677778995111385,0.00932317386774205,0.48436507299180287,0.12018808243363092,0.5024291150884994,1,1.5173812469339645,4,0.8570558445508842,0.6603254023830802,-0.011003255283757674,0.869600230740685,1.1084611919989193,0.8460525892671266,0.6713286576668379,0.12454391840657017,0.13501817393978352,0.14410349831185068,0.13202552950172255,5.084839729107688,0.9418491720206243,5.084839729107688,sudden,up,True,True,sudden
Nimbus Home,retail_media,2025-01,24,30037.49725553609,128432.77859905541,4.275748325715934,4.030453824485162,106599.89926547953,3.6666247087531145,0.021264007962328035,1.4699259006848768,0.1784955767973989,0.6739743732814071,1,1.4529591340208894,24,1.5149089964651217,-0.061949862444232284,0.13298340157181318,1.3913974021840216,1.1084611919989193,1.6478923980369349,-0.1949332640160455,0.17650183851356424,0.10816646277686459,0.14410349831185068,0.15640319859100552,-1.2463508788320636,0.4442878963961284,0.4442878963961284,gradual,up,False,False,
Aster Wellness,audio,2025-01,24,44629.174434579814,76031.49667914673,1.7036276749998673,1.2578329223899345,58494.25719440851,1.2746970644789668,0.0056065977191716325,0.9346437962725382,0.04477793645033386,0.4652716167847827,1,0.5327599039454606,24,0.5851710126597927,-0.05241110871433208,0.03588710575363094,0.6703809381377472,1.1084611919989193,0.6210581184134236,-0.08829821446796304,0.09347014977494296,0.13981601272636718,0.14410349831185068,0.10710128593712655,-0.8244365480335896,-0.10521705341812056,-0.10521705341812056,gradual,up,False,False,
Pinebrook Pet Co.,digital_video,2025-01,24,10915.613387269337,42462.022093684805,3.8900262025776233,2.740684091186163,29333.694209374564,2.4889004793614795,0.006684112097061435,1.2759531187532118,0.0684741508599415,0.5430476372419757,1,1.358415893488806,4,1.2213016881411445,0.1371142053476615,0.0631629934496295,0.9618924600903388,1.1084611919989193,1.2844646815907739,0.07395121189803211,0.22200832605214438,0.16773783919033006,0.14410349831185068,0.18324369257941986,0.4035675709055079,0.39653107889019523,0.4035675709055079,sudden,up,False,False,
Ridgeway Grocery,tv,2025-02,25,55055.61312748237,172644.10829309432,3.1358130168005474,1.313870163064588,75788.66632972506,1.4227903572988936,0.004571240225755762,,0.06576894673983551,0.31596935536755016,2,1.1428884759658122,25,0.6345527492780084,0.5083357266878038,0.007006115195354767,0.578291797869772,1.1105189388901184,0.6415588644733632,0.501329611492449,0.1275442043784128,0.12992397645627318,0.14380674176492605,0.1282241392578015,3.9097912015186083,0.3437660708353581,3.9097912015186083,sudden,up,True,True,sudden
Nimbus Home,digital_video,2025-02,25,32365.3870426877,160730.65880952397,4.966128123156117,2.4886269860470955,74842.3844461853,2.273750482891706,0.010370218220513126,0.8827450556449318,0.10669848638931208,0.550122821487984,2,1.6026404868248698,25,1.106710904407849,0.4959295824170209,-0.09826374634436386,0.990359075797644,1.1105189388901184,1.008447158063485,0.5941933287613848,0.16407371721002978,0.16185333626660986,0.14380674176492605,0.16343932265476696,3.635559173336149,0.746596298679103,3.635559173336149,sudden,up,True,True,sudden
Halcyon Personal Care,social,2025-02,25,22343.766475679386,67590.2751119768,3.0250170751447425,2.0866911310097604,47601.788260492925,2.1463839672831933,0.014061271591014023,1.007645353423926,0.09252709919028174,0.557928571072593,2,1.1069167361428216,25,1.0068598506265662,0.10005688551625536,-0.021354703459223984,1.0164953663869178,1.1105189388901184,0.9855051471673423,0.12141158897547932,0.15618709497750086,0.15688445521136632,0.14380674176492605,0.15638634075860527,0.7763567354190335,1.0254370489845264,1.0254370489845264,gradual,up,False,True,gradual
Crestline Beverages,ooh,2025-02,25,80685.33224326071,145445.85862431006,1.802630720857675,0.9476596078826082,71929.791268395,0.912925877942014,,,0.04396377349893947,0.4276103126825511,2,0.5892471095211207,25,0.6215679675788996,-0.032320858057778956,-0.09692962153026385,0.6007403385242548,1.1105189388901184,0.5246383460486358,0.0646087634724849,0.2728318214312999,0.22392011782571655,0.14380674176492605,0.25885704897256184,0.2495924438949053,,0.2495924438949053,sudden,up,False,False,
Nimbus Home,display,2025-02,25,32961.43690619447,85381.78551173408,2.5903538657833276,2.0733470831598733,67691.21644397904,1.9328875212421521,0.006668770330336077,0.607407945669311,0.05467825934039459,0.5604607847349505,2,0.9517944940943006,25,0.8504047281952918,0.10138976589900883,0.09215539450106426,0.9050496296125337,1.1105189388901184,0.942560122696356,0.009234371397944585,0.11129876897155336,0.14617915209556676,0.14380674176492605,0.12126459272127146,0.07615059920392368,0.20547909022327776,0.20547909022327776,gradual,up,False,False,
Solstice Foods,display,2025-02,25,129573.36446904787,586617.9728102804,4.527303703304008,2.45034435549953,358460.14863475057,2.4258330607538428,0.007572566861003465,0.5161258850198074,0.06973321608572826,0.520441773747783,2,1.5101265533040924,25,0.937675548416419,0.5724510048876734,0.09215539450106426,0.9050496296125337,1.1105189388901184,1.0298309429174832,0.4802956103866092,0.18717927790667002,0.14617915209556676,0.14380674176492605,0.1754649562463548,2.7372737021759983,,2.7372737021759983,sudden,up,True,True,sudden
Halcyon Personal Care,digital_video,2025-02,25,34990.12924765695,62248.02615640762,1.77901675400573,1.427788444342697,44473.41297723354,1.4479810156145567,0.008648706461549166,1.2025751748408182,0.08486485804304315,0.5098035135503721,2,0.5760608262929385,25,0.589873787864137,-0.01381296157119849,-0.09826374634436386,0.990359075797644,1.1105189388901184,0.49161004151977317,0.08445078477316537,0.22066610611424178,0.16185333626660986,0.14380674176492605,0.20386245758634697,0.41425373643107294,0.5540379699617634,0.5540379699617634,gradual,up,False,True,gradual
Nimbus Home,retail_media,2025-02,25,29932.393334426444,148997.97733893042,4.977817031675909,3.7309004257275133,121819.7343827689,3.8934613306424923,,1.6821146508350284,0.14503023591817768,0.6421283924251608,2,1.6049914478813767,25,1.5149089964651217,0.09008245141625504,0.001093153809809048,1.4156052621042186,1.1105189388901184,1.5160021502749308,0.08898929760644592,0.20129051683904792,0.10828588829570328,0.14380674176492605,0.17471776582666373,0.5093317052527536,0.38835124677611127,0.5093317052527536,sudden,up,False,False,
Pinebrook Pet Co.,social,2025-02,25,15331.503414366443,40114.62889963344,2.6164837077911014,2.0967165702328456,34644.66394429287,2.3378192528726407,0.012161736186350412,0.8307868240340412,0.0920947045081057,0.5819594261244215,2,0.961831320092261,5,0.9721150114084107,-0.010283691316149701,-0.021354703459223984,1.0164953663869178,1.1105189388901184,0.9507603079491868,0.011071012143074266,0.06224781454828144,0.15688445521136632,0.14380674176492605,0.12533890832367137,0.08832861472261129,0.10005155440037955,0.10005155440037955,gradual,up,False,False,
Crestline Beverages,digital_video,2025-02,25,61828.43918633495,164485.53398954927,2.660353975519782,1.7607737373091297,110980.94356943076,1.8581640168800373,0.00958339160233621,1.133091571316822,0.07363687469583484,0.5358934579305099,2,0.9784591874437919,25,1.124330687246262,-0.14587149980247005,-0.09826374634436386,0.990359075797644,1.1105189388901184,1.026066940901898,-0.047607753458106195,0.09065731890641218,0.16185333626660986,0.14380674176492605,0.11099903815218294,-0.4289023963688277,0.02969728305825904,0.02969728305825904,gradual,up,False,False,
Crestline Beverages,retail_media,2025-02,25,78334.65809342379,260327.96219470128,3.3232794848511107,3.1608221258281484,236877.52334242,3.1286266213840337,0.02037094416782195,1.4107006635041688,0.1978280120850635,0.6561707664376505,2,1.2009520920202357,25,1.1659503498716033,0.03500174214863239,0.001093153809809048,1.4156052621042186,1.1105189388901184,1.1670435036814124,0.033908588338823265,0.09271542133225734,0.10828588829570328,0.14380674176492605,0.09716412617895617,0.34898258927755577,0.20036939483279065,0.34898258927755577,sudden,up,False,False,
Solstice Foods,paid_search,2025-02,25,97037.49452654968,436725.48462427146,4.5005849208604864,3.2231565824293646,326563.40062018915,3.345785544606943,0.043751843996124765,1.8911850495193492,0.12207690088355608,0.693431764215008,2,1.5042073707427335,25,1.3605340236942183,0.1436733470485152,0.023597065071620214,1.448295103693412,1.1105189388901184,1.3841310887658385,0.12007628197689502,0.13731434763444855,0.14191557759769566,0.14380674176492605,0.13862898476680488,0.8661701027305484,-0.18847363324617927,0.8661701027305484,sudden,up,False,True,sudden
Aster Wellness,retail_media,2025-02,25,30126.463646557324,123750.33644861805,4.107695410269619,2.4823550612440743,75682.96529243569,2.6316641783513024,0.02165647095730046,1.4339192171490553,0.14530412444215754,0.6194030749381522,2,1.4128621438134104,25,1.2395693350725199,0.17329280874089048,0.001093153809809048,1.4156052621042186,1.1105189388901184,1.240662488882329,0.17219965493108136,0.07631829933160146,0.10828588829570328,0.14380674176492605,0.0854518961784877,2.015164819413711,0.44205006597587526,2.015164819413711,sudden,up,False,True,sudden
Crestline Beverages,affiliate,2025-02,25,77542.67711283549,318283.70278034656,4.104626183039812,2.3762628267190715,170229.71719774153,2.436514057867213,0.02965928040469717,1.073989794176842,0.11988399438674194,0.5697429515379808,2,1.412114674942925,25,1.302089208121686,0.11002546682123904,-0.02246033081496157,1.333534945960596,1.1105189388901184,1.2796288773067244,0.1324857976362006,0.18754470958044242,0.13974534259807556,0.14380674176492605,0.17388774758548045,0.7619041564217899,,0.7619041564217899,sudden,up,False,True,sudden
Pinebrook Pet Co.,digital_video,2025-02,25,9681.968671890369,31914.42985242084,3.2962748521463316,2.374183236013538,22550.099247341608,2.3458043586473947,0.010532183554104416,1.1620745789823377,0.07046596042551954,0.5598251765029311,2,1.1927929981780088,5,1.2313598219641713,-0.038566823786162496,-0.09826374634436386,0.990359075797644,1.1105189388901184,1.1330960756198074,0.05969692255820136,0.1842107719356108,0.16185333626660986,0.14380674176492605,0.16930581482294352,0.3525981822929777,-0.03086584542611311,0.3525981822929777,sudden,up,False,False,
Ridgeway Grocery,social,2025-02,25,64661.28929099924,213743.7226499467,3.305590176032873,2.3139815499798426,166108.62031222414,2.358651323865267,0.012327981768757573,0.9574682165565165,0.08486670792347469,0.5095400453721829,2,1.195615028022283,25,1.3212368447565808,-0.12562181673429773,-0.021354703459223984,1.0164953663869178,1.1105189388901184,1.2998821412973567,-0.10426711327507365,0.12014580917066388,0.15688445521136632,0.14380674176492605,0.13064256518229317,-0.798109813058123,,-0.798109813058123,sudden,up,False,False,
Verdant Snacks,social,2025-02,25,20914.564574237145,68477.64829796806,3.2741608392038812,2.4071559986376796,43935.44626416268,2.3333976068617783,0.00983906245014256,1.0606817145233522,0.09506505948866152,0.5893973358722332,2,1.1860616039499512,25,1.2268857653189593,-0.04082416136900813,-0.021354703459223984,1.0164953663869178,1.1105189388901184,1.2055310618597352,-0.01946945790978405,0.210379223275436,0.15688445521136632,0.14380674176492605,0.19509500382855896,-0.09979475397992747,0.04861049869606766,0.04861049869606766,gradual,up,False,False,
Crestline Beverages,social,2025-02,25,102414.36937811243,232964.71428960335,2.2747268347618377,2.3987652273505033,275431.0934110768,2.5865309733346713,0.011605586776780953,0.8100417767929575,0.10788356833160596,0.6010706976127201,2,0.8218599725614589,25,0.8351634574246276,-0.01330348486316868,-0.021354703459223984,1.0164953663869178,1.1105189388901184,0.8138087539654036,0.008051218596055287,0.16918990102911918,0.15688445521136632,0.14380674176492605,0.16567405936690408,0.048596736428271774,0.457494150594913,0.457494150594913,gradual,up,False,False,
Nimbus Home,audio,2025-02,25,43148.32376847268,99604.1538609395,2.30841305436105,1.6048641847392142,67447.57455980238,1.58200462060764,0.004738507148397108,0.8283569366101097,0.0477685404638729,0.42954734412557827,2,0.8365602989942247,25,0.9777666772433269,-0.1412063782491022,-0.03970971859203215,0.6789259439127545,1.1105189388901184,0.9380569586512948,-0.10149665965707011,0.13602503130194404,0.13981601272636718,0.14380674176492605,0.13710816885177923,-0.7402670497831028,-0.513130191195332,-0.513130191195332,gradual,up,False,False,
Solstice Foods,digital_video,2025-02,25,111569.88040288608,266966.5427904639,2.392819117726311,1.9146199723558037,193849.59496587634,1.8098715476043432,0.008620331385724978,1.2283176728770404,0.06862267088868014,0.5388466138330357,2,0.8724722179900453,25,0.8316366321559805,0.04083558583406477,-0.09826374634436386,0.990359075797644,1.1105189388901184,0.7333728858116166,0.13909933217842863,0.13576157141933043,0.16185333626660986,0.14380674176492605,0.143216361375696,0.9712530805997279,-0.023632462324612417,0.9712530805997279,sudden,up,False,True,sudden
Ridgeway Grocery,affiliate,2025-02,25,65750.92876802063,308533.22358134313,4.692454226310562,3.152384265123278,185811.95517557696,2.8596431434014016,0.03292881271706674,1.3268741025863264,0.09787861767642066,0.575871921051615,2,1.545955734782162,25,1.5688063749310541,-0.022850640148892154,-0.02246033081496157,1.333534945960596,1.1105189388901184,1.5463460441160926,-0.000390309333930583,0.19681705940656738,0.13974534259807556,0.14380674176492605,0.18051085460414115,-0.0021622485516814387,-0.5402616095360161,-0.0021622485516814387,sudden,up,False,False,
Aster Wellness,audio,2025-02,25,37576.627362420535,77431.6086879452,2.060632210047213,1.2570133843032236,46441.0642811085,1.2531488284702585,0.0044948556044705455,0.8189605748500547,0.04741330140573483,0.4260905314130639,2,0.723012833799078,25,0.5705859923335945,0.15242684146548346,-0.03970971859203215,0.6789259439127545,1.1105189388901184,0.5308762737415624,0.19213656005751556,0.05307548812658459,0.13981601272636718,0.14380674176492605,0.08,2.4017070007189445,0.8346520203163332,2.4017070007189445,sudden,up,False,True,sudden
Ridgeway Grocery,display,2025-02,25,50778.66485216375,149909.35905204265,2.9522115141957066,1.4412839221229543,64607.65704340604,1.3848123279739677,0.006355686851844726,0.7454816576139038,0.04974459236328786,0.4888015845227248,2,1.0825545553217122,25,0.9377985157709423,0.14475603955076988,0.09215539450106426,0.9050496296125337,1.1105189388901184,1.0299539102720066,0.05260064504970563,0.12095135884227547,0.14617915209556676,0.14380674176492605,0.12815929977178728,0.4104317450498823,0.12604901965078363,0.4104317450498823,sudden,up,False,False,
Solstice Foods,affiliate,2025-02,25,,,,,,,0.02892757477957346,1.2580954409287881,0.12911305741989562,0.5330908912315983,2,,25,1.1329730192442655,,-0.02246033081496157,1.333534945960596,1.1105189388901184,1.110512688429304,,0.1411710324171505,0.13974534259807556,0.14380674176492605,0.14076369246884338,,,,sudden,up,False,False,
Nimbus Home,social,2025-02,25,25003.169567916695,77282.89327857416,3.0909238554195633,2.3368632301302186,68748.81458496841,2.565579714969891,0.011815278575986661,0.929481245592651,0.0880286008206003,0.6367480023360421,2,1.1284700285597704,25,1.0020725195697329,0.12639750899003754,-0.021354703459223984,1.0164953663869178,1.1105189388901184,0.9807178161105089,0.1477522124492615,0.16763705886062122,0.15688445521136632,0.14380674176492605,0.16456488638940553,0.8978355935520739,0.16568001272738198,0.8978355935520739,sudden,up,False,True,sudden
Verdant Snacks,paid_search,2025-02,25,12166.29717194697,53808.347049194934,4.422738183090426,3.59847463882515,44593.310414516585,3.963635412174333,0.042929976703935946,1.8576907626696226,0.13699542104428325,0.6586357007537443,2,1.4867590027164115,25,1.6147214365747744,-0.12796243385836292,0.023597065071620214,1.448295103693412,1.1105189388901184,1.6383185016463946,-0.1515594989299831,0.2462144826612837,0.14191557759769566,0.14380674176492605,0.21641479550025855,-0.7003194886913452,-0.01899094351550739,-0.01899094351550739,gradual,up,False,False,
Aster Wellness,social,2025-02,25,45055.971205349415,96128.8012613388,2.133541874465811,1.6067083859197613,71250.75369016167,1.6978196391590477,0.01073180232429338,0.786434081902946,0.09619498578319038,0.6089839267835465,2,0.7577834505757881,25,0.7185682034444154,0.0392152471313727,-0.021354703459223984,1.0164953663869178,1.1105189388901184,0.6972134999851914,0.060569950590596666,0.0782526957954975,0.15688445521136632,0.14380674176492605,0.10071891277146003,0.6013761360593234,0.034638334558679124,0.6013761360593234,sudden,up,False,True,sudden
Pinebrook Pet Co.,affiliate,2025-02,25,10940.86071075388,44413.063003512456,4.0593755992029426,2.425226513173282,31481.467945899727,2.943742688613072,0.03237423605370541,1.144521126329509,0.1239901127376891,0.6002083783316345,2,1.4010291684864713,5,1.2123187433937825,0.18871042509268876,-0.02246033081496157,1.333534945960596,1.1105189388901184,1.189858412578821,0.21117075590765033,0.03263402474654623,0.13974534259807556,0.14380674176492605,0.10404156998089913,2.029676752728923,0.49550354819662634,2.029676752728923,sudden,up,False,True,sudden
Halcyon Personal Care,affiliate,2025-02,25,29679.79297402344,128202.86920381755,4.31953380928311,2.5724979835793667,75712.1282783817,2.412265330492664,0.031228316304945193,1.3064372976519367,0.1368113629271088,0.521315148927166,2,1.4631474819150299,25,1.3674655850786117,0.09568189683641815,-0.02246033081496157,1.333534945960596,1.1105189388901184,1.3450052542636501,0.11814222765137972,0.2072239330302168,0.13974534259807556,0.14380674176492605,0.18794433576389075,0.628602225074761,0.3301038463120255,0.628602225074761,sudden,up,False,True,sudden
Ridgeway Grocery,paid_search,2025-02,25,43799.34348975321,222914.16215045928,5.089440717361659,3.8806561154344763,160711.26222588617,3.822267437078997,0.04549433697455958,1.6094974718007067,0.1401469773354917,0.6850675251026667,2,1.627167945814451,25,1.701179754558166,-0.07401180874371494,0.023597065071620214,1.448295103693412,1.1105189388901184,1.7247768196297861,-0.09760887381533512,0.12495858701143082,0.14191557759769566,0.14380674176492605,0.12980344146464934,-0.751974467810377,-0.4180667020963737,-0.4180667020963737,gradual,up,False,False,
Halcyon Personal Care,paid_search,2025-02,25,34918.27887456305,131456.35137973703,3.7646858784755035,2.5549258350718316,99395.3866022242,2.5784748845892946,0.04773487662551308,1.866785974157153,0.14302743551923128,0.6876399140541712,2,1.3256644257593946,25,1.2549167860723671,0.07074763968702746,0.023597065071620214,1.448295103693412,1.1105189388901184,1.2785138511439873,0.04715057461540728,0.11468439098764707,0.14191557759769566,0.14380674176492605,0.12246473001908953,0.38501350232068904,0.5877185996039028,0.5877185996039028,gradual,up,False,True,gradual
Verdant Snacks,digital_video,2025-02,25,13868.46227274678,36943.56222201326,2.663854254022947,1.9315884023881094,23334.190542772598,1.7997091623939556,0.008645283776583072,1.142024932627569,0.06630146060486494,0.5437848644642391,2,0.9797740417306803,25,0.9393105272718538,0.040463514458826455,-0.09826374634436386,0.990359075797644,1.1105189388901184,0.84104678092749,0.1387272608031903,0.3454973308276292,0.16185333626660986,0.14380674176492605,0.2930276180959094,0.47342725475720926,0.031449958453816505,0.47342725475720926,sudden,up,False,False,
Crestline Beverages,audio,2025-02,25,84300.26473932498,123067.14074620366,1.459866598601492,1.8532191930110014,173854.97227677787,1.8997102941558892,0.004904227834624099,0.7978893478076369,0.048588165753637086,0.48032718645566674,2,0.37834506072478147,25,0.47944883756472073,-0.10110377683993926,-0.03970971859203215,0.6789259439127545,1.1105189388901184,0.4397391189726886,-0.06139405824790711,0.13686390447451385,0.13981601272636718,0.14380674176492605,0.13770736397504338,-0.44582988502367615,0.6957447247707497,0.6957447247707497,gradual,up,False,True,gradual
Solstice Foods,tv,2025-02,25,85495.5669763542,145730.3448451115,1.7045368549391182,1.378592608538,129422.89981480422,1.4399941821725544,0.004125285888803158,,0.05005944700246331,0.5118756899524152,2,0.5332934345029388,25,0.7064866712008613,-0.17319323669792253,0.007006115195354767,0.578291797869772,1.1105189388901184,0.713492786396216,-0.1801993518932773,0.10933941954004579,0.12992397645627318,0.14380674176492605,0.11522072151611076,-1.563949170966447,-0.3062102286536778,-0.3062102286536778,gradual,up,False,False,
Ridgeway Grocery,audio,2025-02,25,46368.477134132714,88764.78375459118,1.9143346782301318,1.455233786233728,64793.533972627694,1.41222638496349,0.005448278526943859,0.856288919198793,0.047171147269514456,0.4269360015757039,2,0.6493701357543559,25,0.5934736711244483,0.055896464629907605,-0.03970971859203215,0.6789259439127545,1.1105189388901184,0.5537639525324161,0.09560618322193981,0.1786212902080229,0.13981601272636718,0.14380674176492605,0.16753406807040697,0.5706671145940351,0.1057553414020862,0.5706671145940351,sudden,up,False,True,sudden
Crestline Beverages,paid_search,2025-02,25,91540.04234285989,352136.4578210886,3.8468024353995203,3.65518948554609,337540.91442780645,3.762624030374707,0.03886823709311436,2.1014837816535885,0.10408410438987127,0.692742124928869,2,1.3472422669535042,25,1.2860056861805518,0.061236580772952465,0.023597065071620214,1.448295103693412,1.1105189388901184,1.309602751252172,0.03763951570133228,0.11402625742412373,0.14191557759769566,0.14380674176492605,0.12199463461657284,0.3085341893898258,0.37896854041300493,0.37896854041300493,gradual,up,False,False,
Nimbus Home,paid_search,2025-02,25,44374.49111349343,159079.70140993787,3.5849357912200324,3.2204570954641913,142244.4966273995,3.169139406743013,0.04617207236247705,2.208577863222103,0.11917914983324521,0.6346011616777236,2,1.2767405634923155,25,1.4001852497935277,-0.12344468630121219,0.023597065071620214,1.448295103693412,1.1105189388901184,1.4237823148651478,-0.14704175137283237,0.12546086440608978,0.14191557759769566,0.14380674176492605,0.1301622110322629,-1.1296808052560325,-0.26552943332421597,-0.26552943332421597,gradual,up,False,False,
Pinebrook Pet Co.,retail_media,2025-02,25,12363.383627121506,94662.57751479583,7.656688522318025,4.789400479801851,57114.034653380455,4.2462273209007,0.03317186419982418,0.929301856262779,0.2623484494760411,0.6965427437095486,2,2.035579582489166,5,1.6644754962287152,0.3711040862604509,0.001093153809809048,1.4156052621042186,1.1105189388901184,1.6655686500385243,0.37001093245064176,0.05219260059604491,0.10828588829570328,0.14380674176492605,0.0895881257291505,4.130133647055932,1.6483639040571159,4.130133647055932,sudden,up,True,True,sudden
Aster Wellness,display,2025-02,25,38464.53486545047,76627.06828322598,1.992148574037581,1.2489198131820265,47572.17159626818,1.6144959046203735,0.006706526178708409,0.6465218414459345,0.04387638566243053,0.49001507956922086,2,0.6892137417412882,25,0.7664561679338056,-0.07724242619251731,0.09215539450106426,0.9050496296125337,1.1105189388901184,0.8586115624348698,-0.16939782069358156,0.14959604058693415,0.14617915209556676,0.14380674176492605,0.14861978673225776,-1.1398066463300471,0.703611756622951,0.703611756622951,gradual,up,False,True,gradual
Solstice Foods,social,2025-02,25,119981.02424224668,355807.78306522657,2.965533802635622,2.250521375811592,274258.75413126417,2.4236669080134856,0.010695179928406786,0.899095307036662,0.09004449287469063,0.606612114789732,2,1.0870570508611264,25,1.0794076104958352,0.007649440365291138,-0.021354703459223984,1.0164953663869178,1.1105189388901184,1.0580529070366111,0.029004143824515216,0.1274281005599183,0.15688445521136632,0.14380674176492605,0.13584420188890345,0.21351035540136987,-0.32225893302473835,0.21351035540136987,sudden,up,False,False,
Aster Wellness,digital_video,2025-02,25,41519.71017592645,118451.34022303998,2.852894197024508,1.7549313286614319,68680.94792720786,1.6793079704973994,0.007812942552843972,1.1501906459019133,0.07456040250184237,0.5464127019966329,2,1.0483339867293011,25,1.0331451735345116,0.015188813194789486,-0.09826374634436386,0.990359075797644,1.1105189388901184,0.9348814271901478,0.11345255953915334,0.21677934229242812,0.16185333626660986,0.14380674176492605,0.2010861977136229,0.5641986413245871,0.2254631574054732,0.5641986413245871,sudden,up,False,True,sudden
Halcyon Personal Care,display,2025-02,25,26313.80761508035,58935.90840256581,2.2397331950086103,1.256754538018465,31446.687365191785,1.1937367208548584,0.005852348344768504,0.6088668384283114,0.03637631833206476,0.4991781832460298,2,0.8063567494017079,25,0.8329642468833147,-0.026607497481606845,0.09215539450106426,0.9050496296125337,1.1105189388901184,0.925119641384379,-0.11876289198267109,0.15400726018142857,0.14617915209556676,0.14380674176492605,0.15177065787118235,-0.7825154983743491,0.2299958356405255,0.2299958356405255,gradual,up,False,False,
Halcyon Personal Care,retail_media,2025-02,25,26411.933351130323,102627.72557258584,3.88565744916185,2.677692137596846,66780.52294874944,2.6586891388862863,0.01769743664397832,1.3393951055771514,0.17362150580231783,0.6678488820762581,2,1.3572921970857263,25,1.3830635998399803,-0.025771402754253936,0.001093153809809048,1.4156052621042186,1.1105189388901184,1.3841567536497894,-0.026864556564063058,0.14231906012857057,0.10828588829570328,0.14380674176492605,0.13259529674775133,-0.20260565210823475,0.0029785394916117193,0.0029785394916117193,gradual,up,False,False,
Verdant Snacks,retail_media,2025-02,25,25184.02186716954,131613.46203331547,5.226070034702827,3.42482808535738,77453.21089693697,3.0180024609570775,0.02115744038521458,1.4585522207368034,0.17573124183065525,0.6602029518353282,2,1.6536595682146773,25,1.5569586581715744,0.09670091004310288,0.001093153809809048,1.4156052621042186,1.1105189388901184,1.5580518119813835,0.09560775623329376,0.09109564668714933,0.10828588829570328,0.14380674176492605,0.09600714428959331,0.9958400173314723,-0.008744362304490296,0.9958400173314723,sudden,up,False,True,sudden
Verdant Snacks,display,2025-02,25,16877.288728815616,42827.38884032571,2.537575171490899,1.370310225099904,24956.164406496544,1.5009991176438962,0.0065507854517178315,0.6345507656098831,0.05382511362317052,0.514001579110947,2,0.9312089681619835,25,0.9872034262450236,-0.055994458083040044,0.09215539450106426,0.9050496296125337,1.1105189388901184,1.0793588207460878,-0.1481498525841043,0.3198255626743502,0.14617915209556676,0.14380674176492605,0.2702123025089835,-0.5482720483430946,-0.09295372644596714,-0.09295372644596714,gradual,up,False,False,
Solstice Foods,retail_media,2025-02,25,,,,,,,0.02911311680101036,1.0552926690271294,0.2489031928069067,0.6467137280864079,2,,25,1.139786812251283,,0.001093153809809048,1.4156052621042186,1.1105189388901184,1.1408799660610922,,0.1078637434135955,0.10828588829570328,0.14380674176492605,0.10798435623705488,,,,sudden,up,True,False,
Pinebrook Pet Co.,display,2025-02,25,12785.411057403066,34370.12410332952,2.688229885532572,2.2400205348968862,27165.764144676396,2.2881631149816255,0.006655971233307479,0.6716915020761098,0.051063090585258646,0.5284469989842222,2,0.9888829418956109,5,0.874151163080529,0.1147317788150819,0.09215539450106426,0.9050496296125337,1.1105189388901184,0.9663065575815932,0.02257638431401765,0.13744940595474275,0.14617915209556676,0.14380674176492605,0.1432692367152921,0.1575801255846847,1.9933951754305106,1.9933951754305106,gradual,up,False,True,gradual
Crestline Beverages,tv,2025-02,25,55354.02346468818,80248.77687977481,1.4497370174178517,1.1447351213011403,61102.02573118519,1.1218884675368135,0.004308881221056232,,0.05653704534627218,0.5395839235923284,2,0.3713821726854124,25,0.46066765955950917,-0.08928548687409676,0.007006115195354767,0.578291797869772,1.1105189388901184,0.46767377475486394,-0.09629160206945153,0.16838362865600295,0.12992397645627318,0.14380674176492605,0.1573951565989373,-0.6117824979507767,-0.024934789430231974,-0.024934789430231974,gradual,up,False,False,
Verdant Snacks,affiliate,2025-02,25,17909.49443005266,66904.04258789927,3.735674552355443,2.855456047213021,49805.15110539245,2.8936537017365387,0.03073917636325168,1.4443086163562529,0.11460477511589227,0.6140080717529832,2,1.3179284053182942,25,1.4185683334001626,-0.10063992808186839,-0.02246033081496157,1.333534945960596,1.1105189388901184,1.396108002585201,-0.07817959726690682,0.04724449420520475,0.13974534259807556,0.14380674176492605,0.08,-0.9772449658363352,-0.2179237172587824,-0.2179237172587824,gradual,up,False,False,
Ridgeway Grocery,retail_media,2025-02,25,63967.754455156086,263627.22432977404,4.121251817813725,2.6306846681821763,167436.54098959884,2.5565428592219517,0.024626204012351362,1.384786171082013,0.14779200612001428,0.61155777972281,2,1.4161569564868064,25,1.5904909108875058,-0.17433395440069943,0.001093153809809048,1.4156052621042186,1.1105189388901184,1.591584064697315,-0.17542710821050855,0.10358185583910515,0.10828588829570328,0.14380674176492605,0.10492586511241889,-1.6719148135929474,-0.6854889967626,-0.6854889967626,gradual,up,False,False,
Aster Wellness,paid_search,2025-02,25,30947.087630598973,120857.17652254869,3.905284334512014,2.520881311440469,85107.6495482372,2.710838412188897,0.052023170195740084,,0.15098088294207976,0.721768807396779,2,1.362330593576131,25,1.2629466788643569,0.0993839147117741,0.023597065071620214,1.448295103693412,1.1105189388901184,1.286543743935977,0.07578684964015392,0.1819693326171497,0.14191557759769566,0.14380674176492605,0.1705254026115914,0.44443143648676736,0.08401490280970937,0.44443143648676736,sudden,up,False,False,
Pinebrook Pet Co.,paid_search,2025-02,25,16634.879383253912,96489.38344423936,5.800425793370874,3.187306211529772,47114.91231760174,2.872902509980096,0.04218315277936576,1.8263911367041046,0.154521815906452,0.6655408646346098,2,1.7579313275079476,5,1.745383233202479,0.012548094305468549,0.023597065071620214,1.448295103693412,1.1105189388901184,1.7689802982740992,-0.011048970766151633,0.09641359673887279,0.14191557759769566,0.14380674176492605,0.1267482506447547,-0.08717257011395983,0.5915960775453138,0.5915960775453138,gradual,up,False,True,gradual
Crestline Beverages,retail_media,2025-03,26,102344.56776209446,300524.3309753158,2.936397481045609,3.633519683887334,332668.0247933481,3.2200830060146766,0.022044980143778516,1.2941730073335787,0.12612679389282508,0.6358496228285129,3,1.0771834834165002,26,1.1946378101604234,-0.1174543267439232,0.03590315270299697,1.452263996302835,1.1117990407880545,1.2305409628634203,-0.15335747944692013,0.09271542133225734,0.11091758767707773,0.14357389883327373,0.097771578650263,-1.56852821202256,-0.6031421122413898,-0.6031421122413898,gradual,up,False,False,
Aster Wellness,social,2025-03,26,49877.96900094317,105184.3174587029,2.1088332096423956,1.6746470439130048,77907.48788065095,1.6448147534514392,0.011756886153965878,1.098279009835481,0.11534519054328962,0.6088375677192339,3,0.7461348133253415,26,0.7164901053586856,0.02964470796665586,0.28422784404746726,1.0233924493190478,1.1117990407880545,1.0007179494061529,-0.2545831360808114,0.12370471670472301,0.1500031717687093,0.14357389883327373,0.13100984311138586,-1.943236706759219,-0.08723417527138544,-0.08723417527138544,gradual,up,False,False,
Ridgeway Grocery,tv,2025-03,26,69164.96914097603,144431.38169251598,2.0882158047107287,1.409600273310653,109754.55572984007,1.5346598910044686,0.004029322123858053,,0.05538355044083668,0.5837246800133049,3,0.736310019426176,26,0.6345527492780084,0.1017572701481676,-0.06792463870711409,0.5857214871823418,1.1117990407880545,0.5666281105708943,0.16968190885528167,0.14908708639452686,0.13604104909537704,0.14357389883327373,0.14546318714476303,1.166493820092203,1.74699377913259,1.74699377913259,gradual,up,False,True,gradual
Solstice Foods,tv,2025-03,26,88280.93522326005,200768.2799496106,2.2741974747081364,1.456227877541248,139372.10092135175,1.544186560290055,0.0033754408051720297,,0.05376004036892921,0.5686071321186175,3,0.8216272317989939,26,0.6256331567725114,0.19599407502648247,-0.06792463870711409,0.5857214871823418,1.1117990407880545,0.5577085180653973,0.26391871373359654,0.15768365590817307,0.13604104909537704,0.14357389883327373,0.1516718206823964,1.7400642554838661,0.504172345565455,1.7400642554838661,sudden,up,False,True,sudden
Nimbus Home,digital_video,2025-03,26,35407.427645404365,195489.2480060968,5.521136693799611,2.413002914935678,83891.66217503005,2.3209051940268624,0.015563222468738251,0.7195718035323525,0.12138081493250494,0.5470279720765244,3,1.7085837618796011,26,1.2094593482456149,0.4991244136339863,0.23102029703172952,1.0168638363440536,1.1117990407880545,1.4404796452773443,0.26810411660225686,0.1848809449603834,0.17107994168064203,0.14357389883327373,0.18104733293823302,1.480850958979465,2.0523115890442063,2.0523115890442063,gradual,up,True,True,gradual
Solstice Foods,affiliate,2025-03,26,126943.12268911605,566286.1937789745,4.460944254268981,3.4717474395363315,405528.69842657744,3.0558793222359135,0.03190889016893669,1.1361131084652802,0.1582434992696778,0.6014398477723308,3,1.4953604598270673,26,1.118582399345636,0.37677806048143125,0.034681135819854304,1.3579322680056645,1.1117990407880545,1.1532635351654903,0.34209692466157704,0.11878697371396317,0.13993744455702478,0.14357389883327373,0.1246621045037025,2.744193402024724,,2.744193402024724,sudden,up,True,True,sudden
Pinebrook Pet Co.,paid_search,2025-03,26,16309.872586865265,106039.5095320342,6.501553520254375,3.0736326846750113,46995.76921433673,2.8951163812920075,0.04954708209703826,,0.1471676423046121,0.6283916236735592,3,1.8720411514609543,6,1.7570667060875482,0.11497444537340606,-0.006860763032979714,1.464067746877693,1.1117990407880545,1.7502059430545684,0.12183520840638584,0.19282719347774557,0.14022622278524938,0.14357389883327373,0.15995158679493543,0.7617005298145847,0.19068288557795324,0.7617005298145847,sudden,up,True,True,sudden
Aster Wellness,display,2025-03,26,43178.356857802246,75144.04221911625,1.7403173183867433,1.4424021825726,65393.34804019241,1.6405098626865182,0.005753091124117616,0.5909817331221753,0.04936813097481402,0.5011664128005189,3,0.554067463488551,26,0.7670372113882129,-0.21296974789966194,-0.05350222030406406,0.9359733565649332,1.1117990407880545,0.7135349910841489,-0.1594675275955979,0.11813843512621695,0.14719950422701067,0.14357389883327373,0.12621095432088186,-1.2634998955016512,-0.04829922398817792,-0.04829922398817792,gradual,up,False,False,
Aster Wellness,audio,2025-03,26,,,,,,,0.0049012788352536234,0.7793183547925608,0.040920105701389264,0.46615486945834694,3,,26,0.6414693854642177,,-0.04866495774100209,0.6739803627009632,1.1117990407880545,0.5928044277232156,,0.1269131705718959,0.13981601272636718,0.14357389883327373,0.13049729339258237,,,,sudden,up,False,False,
Crestline Beverages,tv,2025-03,26,72764.13052096106,105507.39512976448,1.4499918349106242,1.2426649860577181,82123.16264043016,1.1467484632803222,0.004453917676568397,,0.05532954309434269,0.5617594805314208,3,0.37155792532050713,26,0.4137977185499995,-0.042239793229492395,-0.06792463870711409,0.5857214871823418,1.1117990407880545,0.34587307984288546,0.025684845477621676,0.19755932856788846,0.13604104909537704,0.14357389883327373,0.18047091760330194,0.1423212438808575,-0.035354924980897706,0.1423212438808575,sudden,up,False,False,
Verdant Snacks,affiliate,2025-03,26,20780.84823523166,83019.61804474058,3.9950062242401576,2.7143572844954615,58416.47565535989,2.820046045033933,0.03267264652897852,1.3345445627152002,0.1117693264062943,0.5800105647149428,3,1.3850451372245731,26,1.4185683334001626,-0.03352319617558952,0.034681135819854304,1.3579322680056645,1.1117990407880545,1.4532494692200169,-0.06820433199544373,0.06929021879012101,0.13993744455702478,0.14357389883327373,0.0889144481698165,-0.7670781678269116,-0.324243779442503,-0.324243779442503,gradual,up,False,False,
Ridgeway Grocery,affiliate,2025-03,26,66824.0874300917,328278.17075260443,4.912572447712571,2.8631976518885223,159298.7312840916,2.5881054968261576,0.03075361901329697,,0.14815869767574627,0.5794232879643376,3,1.5917977247126032,26,1.5647685049214943,0.02702921979110884,0.034681135819854304,1.3579322680056645,1.1117990407880545,1.5994496407413485,-0.007651916028745376,0.18901230112458134,0.13993744455702478,0.14357389883327373,0.1753803965224823,-0.04363039530341388,0.019902260011863727,0.019902260011863727,gradual,up,False,False,
Verdant Snacks,paid_search,2025-03,26,14291.457362732379,53823.33496421714,3.766119409527222,3.905028301116449,51468.393889976316,3.7411379091924855,0.03814931050324694,1.6635901686494867,0.13372987401662395,0.6925473010801259,3,1.3260451369885953,26,1.6147214365747744,-0.28867629958617913,-0.006860763032979714,1.464067746877693,1.1117990407880545,1.6078606735417946,-0.28181553655319935,0.1780588410792254,0.14022622278524938,0.14357389883327373,0.16754978044200985,-1.6819809361119258,-0.9583836919929505,-0.9583836919929505,gradual,up,False,False,
Verdant Snacks,retail_media,2025-03,26,25949.167113220068,130099.65071975351,5.013634932948307,3.2405789078381635,94844.77113479958,3.409668989272098,0.018287791977037317,1.4080226435443226,0.16978527905319574,0.5940054531779738,3,1.6121611875417416,26,1.6013713357675503,0.010789851774191339,0.03590315270299697,1.452263996302835,1.1117990407880545,1.6372744884705472,-0.025113300928805593,0.11569615022166163,0.11091758767707773,0.14357389883327373,0.114368771737055,-0.21958180146013573,-0.22243590747826708,-0.21958180146013573,sudden,up,False,False,
Crestline Beverages,social,2025-03,26,121288.59432198519,258061.6710714243,2.127666434869772,2.60641987927601,310409.5884275087,2.563285684761934,0.01129369609880634,0.9182605040077509,0.10271097585861455,0.6437736391655386,3,0.7550258086616272,26,0.8412689695801432,-0.08624316091851603,0.28422784404746726,1.0233924493190478,1.1117990407880545,1.1254968136276104,-0.3704710049659833,0.10213714126343504,0.1500031717687093,0.14357389883327373,0.11543326084823344,-3.209395647698649,-0.3021684480691151,-0.3021684480691151,gradual,up,False,False,
Halcyon Personal Care,display,2025-03,26,30126.567621986655,69738.37048554364,2.3148461969045524,1.1555966726407783,43618.385932029676,1.3562956442022553,0.005312782504167898,0.611614872354883,0.05488957965972875,0.4992837273618715,3,0.8393432477088972,26,0.8418494976695314,-0.0025062499606341992,-0.05350222030406406,0.9359733565649332,1.1117990407880545,0.7883472773654674,0.05099597034342984,0.14941487130408831,0.14719950422701067,0.14357389883327373,0.14879949156045563,0.34271602549603286,0.19791873786849828,0.34271602549603286,sudden,up,False,False,
Solstice Foods,retail_media,2025-03,26,120023.63666818579,566432.4278221639,4.719340652775821,4.343471475155315,468867.58606906334,3.463771416607143,0.030415961015582058,1.0607832525231191,0.3369227774996206,0.6387579973493979,3,1.551669097631086,26,1.116175584638252,0.4354935129928341,0.03590315270299697,1.452263996302835,1.1117990407880545,1.1520787373412489,0.3995903602898372,0.14338245943544428,0.11091758767707773,0.14357389883327373,0.1343644395025647,2.9739294248476362,,2.9739294248476362,sudden,up,True,True,sudden
Pinebrook Pet Co.,social,2025-03,26,11282.085637335862,38530.642357962395,3.415205627446467,2.4670208913851863,27874.12441639904,2.417115745805213,0.011161893903911622,0.8445774667878942,0.0906388992849485,0.5902308210091021,3,1.2282377042250934,6,0.9669731657503359,0.2612645384747575,0.28422784404746726,1.0233924493190478,1.1117990407880545,1.251201009797803,-0.022963305572709647,0.0787162893414619,0.1500031717687093,0.14357389883327373,0.12327059085849154,-0.186283730878441,0.33668093070017774,0.33668093070017774,gradual,up,True,False,
Solstice Foods,paid_search,2025-03,26,,,,,,,0.05325490488336797,1.8259416495416962,0.17221735730668913,0.7428804978778746,3,,26,1.422106073267777,,-0.006860763032979714,1.464067746877693,1.1117990407880545,1.4152453102347973,,0.13731434763444855,0.14022622278524938,0.14357389883327373,0.13812320184300433,,,,sudden,up,True,False,
Aster Wellness,paid_search,2025-03,26,28103.62982914143,130405.94206048785,4.6401814588828065,2.3986452903236715,66806.67630511979,2.5164669973781337,0.04422376580048841,2.498822225765296,0.16766213095126234,0.6324231177199326,3,1.534753472991331,26,1.3499728226446022,0.18478065034672886,-0.006860763032979714,1.464067746877693,1.1117990407880545,1.3431120596116224,0.19164141337970864,0.16034846375358813,0.14022622278524938,0.14357389883327373,0.15475895237349402,1.2383219868095436,0.18066302619463506,1.2383219868095436,sudden,up,False,True,sudden
Halcyon Personal Care,social,2025-03,26,23671.460528047213,69990.49165837007,2.956745806852162,2.460125575618346,52492.70323663691,2.2061993928345762,0.010986527356401855,0.9104433215486373,0.10762484090854617,0.5497905782892236,3,1.0840892739869818,26,1.0609073774015765,0.02318189658540537,0.28422784404746726,1.0233924493190478,1.1117990407880545,1.3451352214490437,-0.2610459474620619,0.12019052532926643,0.1500031717687093,0.14357389883327373,0.12847181600688945,-2.03193163742671,-0.03290875664552094,-0.03290875664552094,gradual,up,False,False,
Pinebrook Pet Co.,affiliate,2025-03,26,,,,,,,0.029450172351489848,1.2602985730234735,0.13936099246796588,0.5872755539161524,3,,6,1.2212672063962442,,0.034681135819854304,1.3579322680056645,1.1117990407880545,1.2559483422160984,,0.15222212221183687,0.13993744455702478,0.14357389883327373,0.1445441986775793,,,,sudden,up,True,False,
Halcyon Personal Care,digital_video,2025-03,26,17204.365979450988,43086.61948886469,2.504400309800875,1.6070213421948047,28194.827956138848,1.5891929291299212,0.008111916382898599,1.0427368846729506,0.07458346897534973,0.5737733837704988,3,0.9180493085916441,26,0.589873787864137,0.3281755207275071,0.23102029703172952,1.0168638363440536,1.1117990407880545,0.8208940848958666,0.09715522369577756,0.11880845366441518,0.17107994168064203,0.14357389883327373,0.13332831144670043,0.7286916232687497,0.47497710387526076,0.7286916232687497,sudden,up,True,True,sudden
Halcyon Personal Care,retail_media,2025-03,26,13319.543993334963,60798.78164528524,4.564629365367813,2.5148676888542476,36452.05728335162,2.694297327319373,0.02227343344319557,1.4077734123377799,0.13974563974338922,0.6601284194120621,3,1.5183373202508734,26,1.4134748081106767,0.1048625121401967,0.03590315270299697,1.452263996302835,1.1117990407880545,1.4493779608136736,0.06895935943719977,0.10973622022270957,0.11091758767707773,0.14357389883327373,0.11006437784892294,0.6265365850870941,-0.5956854337785312,0.6265365850870941,sudden,up,True,True,sudden
Aster Wellness,retail_media,2025-03,26,34828.97731086736,128948.24519180374,3.702326486387219,2.7385077379486407,91054.45022013212,2.6378836474641156,0.02250949894636145,1.3364659493244755,0.15423251777647679,0.620730673019399,3,1.3089614021554492,26,1.276032370866008,0.032929031289441246,0.03590315270299697,1.452263996302835,1.1117990407880545,1.311935523569005,-0.002974121413555686,0.133588402115971,0.11091758767707773,0.14357389883327373,0.12729095366072288,-0.023364750817114713,0.4792148529954441,0.4792148529954441,gradual,up,False,False,
Solstice Foods,display,2025-03,26,129973.04894122506,570167.6685615261,4.386814598920126,2.6892473819832574,354168.4075331487,2.6406756800998155,0.01161013160405389,0.5702041199962388,0.10985134714565156,0.5073280218747018,3,1.478603359818532,26,0.9789807430949862,0.4996226167235458,-0.05350222030406406,0.9359733565649332,1.1117990407880545,0.9254785227909221,0.5531248370276098,0.17367901240969508,0.14719950422701067,0.14357389883327373,0.1663235934700605,3.325594556295926,,3.325594556295926,sudden,up,True,True,sudden
Pinebrook Pet Co.,display,2025-03,26,4802.6917988374225,19486.197439042757,4.057349139863553,1.8116325944719458,8636.68264723392,2.1273500981090585,0.0058093632194094105,0.557620787018971,0.049213467666502315,0.5075114743112132,3,1.4005298391518837,6,0.9315170524880699,0.46901278666381374,-0.05350222030406406,0.9359733565649332,1.1117990407880545,0.8780148321840059,0.5225150069678778,0.12454391840657017,0.14719950422701067,0.14357389883327373,0.1387036595443455,3.767132090706103,3.003183981799492,3.767132090706103,sudden,up,True,True,sudden
Aster Wellness,digital_video,2025-03,26,44526.46657132372,115403.05021235291,2.5917854952064774,1.4991024638624784,60784.68190956926,1.5083777106578071,0.008984469662322676,0.9635628139428867,0.07107530167091813,0.5790185233572508,3,0.9523470185865395,26,1.0331451735345116,-0.08079815494797216,0.23102029703172952,1.0168638363440536,1.1117990407880545,1.264165470566241,-0.3118184519797016,0.1990506528186181,0.17107994168064203,0.14357389883327373,0.19128101083584698,-1.6301589510487118,-0.3549643230585592,-0.3549643230585592,gradual,up,False,False,
Pinebrook Pet Co.,retail_media,2025-03,26,12966.702171555626,73996.77416764681,5.7066764693623995,3.136575585185736,43376.58962261477,3.672288205045306,0.020638017632793628,1.29577201305011,0.17372820171104855,0.6476873473948149,3,1.7416367998061137,6,1.677223888474721,0.06441291133139271,0.03590315270299697,1.452263996302835,1.1117990407880545,1.713127041177718,0.028509758628395776,0.10255445724541357,0.11091758767707773,0.14357389883327373,0.10778141376520367,0.264514610009689,1.5804502374169507,1.5804502374169507,gradual,up,True,True,gradual
Verdant Snacks,social,2025-03,26,23248.96623002313,83299.42193511127,3.582930144547266,2.583833693057377,55383.141699287145,2.3555520635234704,0.011030859088946875,0.8308098987934328,0.09287268328337829,0.5774820151374708,3,1.2761809417741965,26,1.2268857653189593,0.04929517645523718,0.28422784404746726,1.0233924493190478,1.1117990407880545,1.5111136093664266,-0.23493266759223008,0.210379223275436,0.1500031717687093,0.14357389883327373,0.19360809785690083,-1.2134444281657732,-0.5946629226029849,-0.5946629226029849,gradual,up,False,False,
Halcyon Personal Care,affiliate,2025-03,26,30776.665593677815,118037.88668084382,3.8353045855978407,2.250589851216349,66203.68515406652,2.2110040732436333,0.03128618157264601,1.142990912525131,0.11429166562483149,0.5417685752880214,3,1.3442488542463367,26,1.4253292063752827,-0.08108035212894604,0.034681135819854304,1.3579322680056645,1.1117990407880545,1.460010342195137,-0.11576148794880026,0.24694045299886275,0.13993744455702478,0.14357389883327373,0.2172173950983522,-0.5329291786064625,-0.10876552090107047,-0.10876552090107047,gradual,up,False,False,
Pinebrook Pet Co.,digital_video,2025-03,26,9898.804688608972,42507.17510569772,4.29417252313431,2.174817160917391,24234.420359127645,2.472209559459471,0.006842490366745282,1.0189740927429567,0.07444640571305854,0.45380470922383975,3,1.4572588763705645,6,1.2213016881411445,0.23595718822942002,0.23102029703172952,1.0168638363440536,1.1117990407880545,1.452321985172874,0.004936891197690585,0.11782330282318124,0.17107994168064203,0.14357389883327373,0.15110870210909422,0.03267112435474665,0.26294562585107756,0.26294562585107756,gradual,up,True,False,
Halcyon Personal Care,paid_search,2025-03,26,40731.30049148863,153121.34639535652,3.759304135829234,2.4012406660533725,106831.92054223827,2.587657715172146,0.0480675172632126,1.819677954966899,0.16021527902901794,0.6464506024653262,3,1.3242338700160072,26,1.2893131563683307,0.03492071364767657,-0.006860763032979714,1.464067746877693,1.1117990407880545,1.2824523933353509,0.04178147668065635,0.08631792290390983,0.14022622278524938,0.14357389883327373,0.10129245064872637,0.4124836195892917,0.36735051578042727,0.4124836195892917,sudden,up,False,False,
Verdant Snacks,digital_video,2025-03,26,14646.630995514251,39126.96710902476,2.671397068787216,1.7871630338495463,25427.92684246604,1.7896917472503717,0.009036149316927216,1.05820561366309,0.06474871346794785,0.5672094080095944,3,0.9826015823031035,26,0.9636883069265445,0.018913275376558958,0.23102029703172952,1.0168638363440536,1.1117990407880545,1.194708603958274,-0.21210702165517048,0.3454973308276292,0.17107994168064203,0.14357389883327373,0.2970480560645772,-0.7140495193446382,-0.09324728097891806,-0.09324728097891806,gradual,up,False,False,
Verdant Snacks,display,2025-03,26,18372.42574671675,52567.36631577513,2.861209893591171,1.6889292239078229,31690.306694104605,1.7059138633838482,0.0062472130878326575,0.807715402307155,0.0478231642782256,0.482904093534516,3,1.0512445750928807,26,0.9872034262450236,0.06404114884785717,-0.05350222030406406,0.9359733565649332,1.1117990407880545,0.9337012059409595,0.1175433691519212,0.2650808939640541,0.14719950422701067,0.14357389883327373,0.23233606348154204,0.5059196036574815,0.08023749291734486,0.5059196036574815,sudden,up,False,False,
Nimbus Home,audio,2025-03,26,47404.90076354393,117830.57144004041,2.485620042277493,1.7383944432258207,90718.8560536799,1.7727131922609445,0.004760913585036206,0.8788503920161649,0.0413784339660633,0.4749006707303705,3,0.9105221424201193,26,0.9391627304803254,-0.028640588060206085,-0.04866495774100209,0.6739803627009632,1.1117990407880545,0.8904977727393233,0.020024369680796017,0.10553048554838246,0.13981601272636718,0.14357389883327373,0.11505424309782267,0.17404286136384106,-0.21854813609653573,0.17404286136384106,sudden,up,False,False,
Solstice Foods,digital_video,2025-03,26,125788.13298062647,357000.8800050931,2.838112559155937,1.7861813886296796,227704.02404604433,1.82539206749207,0.00854543724431088,1.0574272447942434,0.07573245922975959,0.5411236331291148,3,1.0431392393875574,26,0.8445803620825938,0.19855887730496358,0.23102029703172952,1.0168638363440536,1.1117990407880545,1.0756006591143232,-0.03246141972676586,0.1703578274043551,0.17107994168064203,0.14357389883327373,0.17055841470332367,-0.1903243518253297,0.25069290307053205,0.25069290307053205,gradual,up,False,False,
Nimbus Home,social,2025-03,26,26125.917880889167,77570.6768735425,2.9691081946745546,2.370376211416552,51778.14027692977,2.1735451881692454,0.012215779030536241,0.9549252393223631,0.091412515402777,0.6018317529703497,3,1.0882616365708504,26,1.0791308479539483,0.009130788616902086,0.28422784404746726,1.0233924493190478,1.1117990407880545,1.3633586920014156,-0.2750970554305652,0.17486710139133302,0.1500031717687093,0.14357389883327373,0.16796045427393755,-1.6378680125614071,-0.33732652484674275,-0.33732652484674275,gradual,up,False,False,
Solstice Foods,social,2025-03,26,136248.5044451394,452806.75656497444,3.3233888211029687,2.4450394767536996,336463.7584347619,2.5057332263828016,0.013089777059744949,1.023468697088445,0.1021596900418413,0.5888739729614325,3,1.2009849915864046,26,1.1027329693284225,0.09825202225798213,0.28422784404746726,1.0233924493190478,1.1117990407880545,1.3869608133758897,-0.18597582178948513,0.1274281005599183,0.1500031717687093,0.14357389883327373,0.13369895367347134,-1.3910043173837239,-0.5114856658139247,-0.5114856658139247,gradual,up,False,False,
Nimbus Home,retail_media,2025-03,26,31780.841629843868,138189.55000208676,4.348202971198836,3.040008453316394,92610.97364684357,3.272174944694987,0.02195609494264753,1.4113591143617221,0.17778728794219675,0.5751504964100529,3,1.4697626496778873,26,1.5210982259476644,-0.05133557626977714,0.03590315270299697,1.452263996302835,1.1117990407880545,1.5570013786506613,-0.08723872897277407,0.2114322650033712,0.11091758767707773,0.14357389883327373,0.18351152130162302,-0.4753855690040673,-0.26942327612963934,-0.26942327612963934,gradual,up,False,False,
Crestline Beverages,audio,2025-03,26,87383.43493140594,151692.43531631192,1.7359404037548665,1.706478979124583,150800.20745560367,1.7893290677538887,0.004900336561116743,0.8968643410123922,0.043521870146944426,0.45878439556915646,3,0.5515492860145895,26,0.47944883756472073,0.07210044844986879,-0.04866495774100209,0.6739803627009632,1.1117990407880545,0.43078387982371863,0.1207654061908709,0.1344333687149676,0.13981601272636718,0.14357389883327373,0.13592854760702305,0.8884477051870691,0.2767603280636852,0.8884477051870691,sudden,up,False,True,sudden
Nimbus Home,display,2025-03,26,36652.702877088625,92592.96164855502,2.526224654128695,1.6134853515644925,55417.54623944153,1.7200079464761258,0.00623932405574895,0.6962551275413937,0.043456102925960645,0.5307962902111776,3,0.9267259566833618,26,0.8952361259489277,0.03148983073443412,-0.05350222030406406,0.9359733565649332,1.1117990407880545,0.8417339056448636,0.08499205103849816,0.106979346585392,0.14719950422701067,0.14357389883327373,0.11815161259695275,0.719347363699801,0.8530654316460838,0.8530654316460838,gradual,up,False,True,gradual
Ridgeway Grocery,social,2025-03,26,74865.57939781663,301055.4940257989,4.021280492949459,1.9254460738651844,172107.46984267636,2.321997422735687,0.011663189652491954,0.975985647793633,0.09962226258577514,0.638581107337152,3,1.3916003824952758,26,1.1970275338077274,0.19457284868754843,0.28422784404746726,1.0233924493190478,1.1117990407880545,1.4812553778551947,-0.08965499535991883,0.11168163939014504,0.1500031717687093,0.14357389883327373,0.12232650949530177,-0.7329155040049781,-0.30265674153664834,-0.30265674153664834,gradual,up,False,False,
Ridgeway Grocery,display,2025-03,26,54827.65735892054,163160.62458981018,2.9758817438014007,1.5585509625947986,77855.10143650879,1.4035149978015917,0.006536870007463035,0.609218312413013,0.05520438732512979,0.47631330686275736,3,1.0905403795554514,26,0.9522855198438267,0.13825485971162466,-0.05350222030406406,0.9359733565649332,1.1117990407880545,0.8987832995397627,0.1917570800156887,0.08928993365394948,0.14719950422701067,0.14357389883327373,0.10537592547979982,1.819742784156594,1.323680924471255,1.819742784156594,sudden,up,False,True,sudden
Crestline Beverages,paid_search,2025-03,26,97732.1631861581,343054.82866997714,3.510152824679975,3.291706502161592,274845.8582102615,3.149885362384138,0.045425764754549944,1.7689733314563096,0.16357437423745305,0.6888211463897996,3,1.2556595763248097,26,1.3207265295514186,-0.06506695322660883,-0.006860763032979714,1.464067746877693,1.1117990407880545,1.3138657665184388,-0.05820619019362905,0.12325086581488512,0.14022622278524938,0.14357389883327373,0.12796624275109741,-0.4548558193338835,-0.010765754056318182,-0.010765754056318182,gradual,up,False,False,
Ridgeway Grocery,audio,2025-03,26,50064.395125678,96174.3909198104,1.9210137399719147,1.3109530502639044,66461.49091287724,1.3585698645910633,0.005112369264986515,0.7535865574888351,0.052082099129099946,0.46292206500123445,3,0.652853036270947,26,0.5934736711244483,0.059379365146498775,-0.04866495774100209,0.6739803627009632,1.1117990407880545,0.5448087133834462,0.10804432288750088,0.1786212902080229,0.13981601272636718,0.14357389883327373,0.1678420464631185,0.6437262007005048,0.5786156238570008,0.6437262007005048,sudden,up,False,True,sudden
Crestline Beverages,affiliate,2025-03,26,82124.0248005971,294633.72889705136,3.5876679158436615,2.35519478584068,186304.2623452332,2.3092788887690565,0.030401370931183783,1.2892689134545718,0.12040262644383666,0.5632925247397819,3,1.2775023858004617,26,1.3816941257412747,-0.10419173994081299,0.034681135819854304,1.3579322680056645,1.1117990407880545,1.416375261561129,-0.1388728757606672,0.23184532987801373,0.13993744455702478,0.14357389883327373,0.20631536173329457,-0.6731097219032542,0.683169799264222,0.683169799264222,gradual,up,False,True,gradual
Ridgeway Grocery,retail_media,2025-03,26,61480.71990524331,285530.07569385035,4.644221410125343,2.675139824926555,163795.39464658708,2.5451328057223237,0.018625744941018336,1.568048085807734,0.1366902171074416,0.6578343193318031,3,1.5356237392980634,26,1.5435878675640204,-0.007964128265957049,0.03590315270299697,1.452263996302835,1.1117990407880545,1.5794910202670174,-0.04386728096895398,0.1096074769633627,0.11091758767707773,0.14357389883327373,0.10997139660606133,-0.39889718893081816,-0.40145582604578534,-0.39889718893081816,sudden,up,False,False,
Crestline Beverages,digital_video,2025-03,26,54381.55476735789,167150.73982091612,3.0736660718138764,1.6072322054251325,84208.62176754234,1.659499321277881,0.008486687066756518,0.9296942570738583,0.07025360845965627,0.5805936470463022,3,1.1228710093568977,26,1.124330687246262,-0.001459677889364297,0.23102029703172952,1.0168638363440536,1.1117990407880545,1.3553509842779914,-0.23247997492109373,0.09258305315317224,0.17107994168064203,0.14357389883327373,0.11438774441080274,-2.032385340917155,-0.5032908085202621,-0.5032908085202621,gradual,up,False,False,
Crestline Beverages,ooh,2025-03,26,103302.10904863798,163195.19586951134,1.5797857117580605,0.8847232762443105,81816.18206282385,0.8435238767791076,0.002902351026639486,,0.0492771503253728,0.3757958028564883,3,0.4572892123713278,26,0.6215679675788996,-0.16427875520757185,-0.22838769412229443,0.6437744198258476,1.1117990407880545,0.3931802734566052,0.06410893891472258,0.267641059851682,0.24023118444248204,0.14357389883327373,0.26002720557134873,0.2465470440827845,-0.01222291590757723,0.2465470440827845,sudden,up,False,False,
Ridgeway Grocery,paid_search,2025-03,26,47631.48074932741,262617.3131377421,5.513524018281763,4.08526554371113,202658.51739956706,4.136997299595774,0.04786203356920197,1.7959915903572765,0.14330311809996837,0.7096364641961463,3,1.7072039864747712,26,1.6735136367251475,0.033690349749623705,-0.006860763032979714,1.464067746877693,1.1117990407880545,1.6666528736921677,0.04055111278260348,0.12265327070406959,0.14022622278524938,0.14357389883327373,0.1275346462821751,0.3179615419396127,-0.09774920037067004,0.3179615419396127,sudden,up,False,False,
Nimbus Home,paid_search,2025-03,26,43149.85345713291,146455.8693832421,3.394122057187013,3.6635810894332477,171669.7995037833,3.5895754006127127,0.044979144241927865,1.9175475365803052,0.16099400403290218,0.7309120841205919,3,1.2220451288015208,26,1.3613185330430433,-0.13927340424152246,-0.006860763032979714,1.464067746877693,1.1117990407880545,1.3544577700100635,-0.13241264120854268,0.12413383057208223,0.14022622278524938,0.14357389883327373,0.12860393952018423,-1.029615746629291,-0.9140136846427539,-0.9140136846427539,gradual,up,False,False,
Aster Wellness,paid_search,2025-04,27,36489.04387411086,138044.10330174808,3.7831658121272667,2.948478470635401,107139.49010616563,2.787177267812547,0.052134369016315345,1.856590063801164,0.13915233363268364,0.7109305490354348,4,1.3305611755460889,27,1.3662057981502678,-0.03564462260417889,-0.02630219360069784,1.4670757082652948,1.1144228122092608,1.33990360454957,-0.009342429003481145,0.1819693326171497,0.14107090019147253,0.1445156316371443,0.17091570223183153,-0.05466103395701463,0.361798308742066,0.361798308742066,gradual,up,False,False,
Ridgeway Grocery,retail_media,2025-04,27,28100.638188583645,150906.4029728902,5.370212660657596,2.804691137124306,71995.71598091057,2.5935781045998816,0.018950683389808133,1.383294872152058,0.1319125605387631,0.6556167493830471,4,1.6808675093488654,27,1.5677452763703967,0.11312223297846868,0.018263142313615904,1.46680012626852,1.1144228122092608,1.5860084186840127,0.09485909066485276,0.10225366417585198,0.11091758767707773,0.1445156316371443,0.10459526512212922,0.9069157246658522,-0.2586436173017585,0.9069157246658522,sudden,up,True,True,sudden
Nimbus Home,social,2025-04,27,30213.067056841504,84829.9097055538,2.807722550840622,2.3065647935470115,70057.08422692804,2.3375551710362203,0.014543613612479472,0.9214575755497432,0.07995831429004922,0.6090564980513941,4,1.032373674601173,27,1.068726100859187,-0.03635242625801416,0.05654863637994723,1.0369154451785767,1.1144228122092608,1.1252747372391343,-0.09290106263796138,0.1628794287426063,0.15632587217544663,0.1445156316371443,0.16110819723796854,-0.5766377144717209,-0.29259336299578986,-0.29259336299578986,gradual,up,False,False,
Pinebrook Pet Co.,retail_media,2025-04,27,13006.514127504513,72766.4002041156,5.594612014470389,3.2419365786732626,43161.975285092805,3.5840616678787676,0.02029898633208106,1.3501726708521835,0.12682187738729117,0.6270074163562943,4,1.7218039943139027,7,1.7158045402634203,0.005999454050482411,0.018263142313615904,1.46680012626852,1.1144228122092608,1.7340676825770363,-0.01226368826313351,0.17035469295817124,0.11091758767707773,0.1445156316371443,0.13539168985164562,-0.09057932784923026,0.9564597620480868,0.9564597620480868,gradual,up,True,True,gradual
Halcyon Personal Care,retail_media,2025-04,27,31157.08176419749,111769.20677732227,3.587280979111334,2.899008711372445,97658.1272276244,2.933659269154875,0.02127192500886828,1.275453209215627,0.19494787824237322,0.6220034547482602,4,1.2773945281032522,27,1.4939973696932503,-0.2166028415899981,0.018263142313615904,1.46680012626852,1.1144228122092608,1.5122605120068662,-0.23486598390361402,0.10076207363377443,0.11091758767707773,0.1445156316371443,0.10350680715899155,-2.2690873223714485,-0.4100347531983531,-0.4100347531983531,gradual,up,False,False,
Crestline Beverages,affiliate,2025-04,27,92697.5990518902,258141.62399202926,2.784771414063561,2.292562191394674,214163.8358760588,2.278984713397718,0.029453434292065227,1.0486251218158311,0.11183972564544845,0.533777939560578,4,1.0241657924751764,27,1.3816941257412747,-0.35752833326609834,-0.010789704221110263,1.383650302063278,1.1144228122092608,1.3709044215201645,-0.3467386290449881,0.23184532987801373,0.14010634425763738,0.1445156316371443,0.20705100944007415,-1.6746531687175528,-0.3524130520442259,-0.3524130520442259,gradual,up,False,False,
Aster Wellness,social,2025-04,27,45367.78018708796,100340.33686160932,2.2117092008430905,1.5534693073020276,74379.30885626205,1.612353582005666,0.012796454583410352,0.9589355998441188,0.0895677757436796,0.6212305188874877,4,0.7937656106612425,27,0.7106657867334624,0.08309982392778015,0.05654863637994723,1.0369154451785767,1.1144228122092608,0.7672144231134096,0.026551187547832922,0.11522369998062536,0.15632587217544663,0.1445156316371443,0.12633239516841488,0.2101692722000346,-0.1257434776110957,0.2101692722000346,sudden,up,False,False,
Solstice Foods,social,2025-04,27,143791.74070546826,476582.4034454919,3.3143934492154594,2.450657860772165,325985.5624323089,2.311307811108442,0.013473062915903321,0.912918508098012,0.12080028024197034,0.5762385815678367,4,1.1982746353174374,27,1.1027329693284225,0.09554166598901492,0.05654863637994723,1.0369154451785767,1.1144228122092608,1.1592816057083697,0.0389930296090677,0.16377666924423792,0.15632587217544663,0.1445156316371443,0.16176294030672675,0.24105045033881725,-0.10404927907150409,0.24105045033881725,sudden,up,False,False,
Aster Wellness,audio,2025-04,27,45033.47178429124,77503.56207128147,1.7210212537581118,1.3468508110010202,55455.35331360744,1.2037203197534927,0.004355572522118645,0.9267340104250942,0.05190577912843482,0.49049697147749616,4,0.5429178668092249,27,0.5951533865602991,-0.05223551975107421,-0.007730384692021756,0.6790096118587071,1.1144228122092608,0.5874230018682773,-0.0445051350590524,0.1590825602087701,0.14573125186221839,0.1445156316371443,0.15547409849348587,-0.2862543374767798,,-0.2862543374767798,sudden,up,False,False,
Solstice Foods,retail_media,2025-04,27,110946.23523960733,396645.98746260564,3.5751189448292764,2.418044748234855,244564.20405658518,2.6805528901208677,,1.387423066928321,0.1623952403254509,0.6281313470450036,4,1.2739984468734107,27,1.116175584638252,0.15782286223515873,0.018263142313615904,1.46680012626852,1.1144228122092608,1.1344387269518679,0.1395597199215428,0.17895432482050277,0.11091758767707773,0.1445156316371443,0.16056601748444196,0.86917345343678,,0.86917345343678,sudden,up,False,True,sudden
Verdant Snacks,social,2025-04,27,24709.586746754743,72779.22774749424,2.945384254839987,2.469452177303759,53567.09128008283,2.1972974585268763,0.01025243023799636,0.9954065563459474,0.11286546475063117,0.6061129335197193,4,1.0802392856176257,27,1.229396002222313,-0.1491567166046872,0.05654863637994723,1.0369154451785767,1.1144228122092608,1.2859446386022602,-0.20570535298463444,0.210379223275436,0.15632587217544663,0.1445156316371443,0.1957702094646281,-1.0507490059247315,-0.787996062690144,-0.787996062690144,gradual,up,False,False,
Crestline Beverages,digital_video,2025-04,27,68994.03935042427,184047.17991534935,2.6675808757994917,1.8762480004552564,129187.20402852428,1.7921559983766033,0.007017532842734846,1.0000998109121446,0.06159614042380872,0.5643474270760073,4,0.9811720226842987,27,1.1253311201027738,-0.1441590974184751,0.01492569644548254,1.056524882245732,1.1144228122092608,1.1402568165482563,-0.15908479386395757,0.08031936832294166,0.17193156426235467,0.1445156316371443,0.10507942127953977,-1.51394813491358,-1.3250786240665209,-1.3250786240665209,gradual,up,False,False,
Verdant Snacks,paid_search,2025-04,27,16213.845948905655,79379.32698173173,4.895774095293498,3.3246863066566283,46951.37461913991,3.1907857560729673,0.0515014973422737,2.0477413372085853,0.1581210224104437,0.6271214479444236,4,1.588372403478334,27,1.5376028693803305,0.050769534098003444,-0.02630219360069784,1.4670757082652948,1.1144228122092608,1.5113006757796328,0.07707172769870119,0.28029014378187844,0.14107090019147253,0.1445156316371443,0.24266332118987682,0.31760765211976494,-0.45882061615189024,0.31760765211976494,sudden,up,False,False,
Nimbus Home,display,2025-04,27,36056.56118142565,91507.54835746487,2.5378889544409606,2.0017378886687296,77722.59622568569,2.006467025271309,0.0052509969298174634,0.730859874790085,0.05315578624816927,0.4946529614260956,4,0.9313326151596474,27,0.9320769858290467,-0.0007443706693993635,-0.024583200088938273,0.9656948774898181,1.1144228122092608,0.9074937857401084,0.023838829419538965,0.106979346585392,0.15085148898871883,0.1445156316371443,0.11883668237007491,0.2006016067101347,0.33203318987128655,0.33203318987128655,gradual,up,False,False,
Solstice Foods,display,2025-04,27,137826.40470691086,325429.6071084225,2.3611557437085557,1.825874818171018,223454.87427560953,2.071047023394337,0.007188389598904083,0.6767079010959539,0.06050991914488538,0.507041729020673,4,0.8591512210732841,27,1.0445674225066472,-0.18541620143336313,-0.024583200088938273,0.9656948774898181,1.1144228122092608,1.019984222417709,-0.1608330013444248,0.18717927790667002,0.15085148898871883,0.1445156316371443,0.177360956577494,-0.9068117608745097,1.1457903327994252,1.1457903327994252,gradual,up,False,True,gradual
Ridgeway Grocery,display,2025-04,27,69228.00153162195,208105.99422423056,3.0060956494486115,1.4726761634697259,105940.10995450536,1.456651425874965,0.006950974750093854,0.6425613776704259,0.05175694720559437,0.5552046529950087,4,1.100642110335069,27,1.0050588756889567,0.09558323464611229,-0.024583200088938273,0.9656948774898181,1.1144228122092608,0.9804756756000184,0.12016643473505062,0.12827228289885453,0.15085148898871883,0.1445156316371443,0.13437477103125028,0.8942633636719249,1.0414792976261338,1.0414792976261338,gradual,up,False,True,gradual
Ridgeway Grocery,social,2025-04,27,71273.7510463353,269554.6777078148,3.781962836957696,1.8339826389127507,130399.12536965017,2.071289995759302,0.011033632898054554,0.9861768768467661,0.08590388073264385,0.6373961760851793,4,1.3302431438944116,27,1.3519298537545816,-0.021686709860170073,0.05654863637994723,1.0369154451785767,1.1144228122092608,1.4084784901345289,-0.0782353462401173,0.0862191654708186,0.15632587217544663,0.1445156316371443,0.10516692403963698,-0.7439158932767751,-0.7583137367799587,-0.7439158932767751,sudden,up,False,False,
Nimbus Home,audio,2025-04,27,49133.32869025029,111483.63052534954,2.269002192547798,1.7926627796833685,89435.33406811772,1.7875264664902653,0.005193954547698848,0.7497341280057892,0.05310436131315334,0.4555020994785045,4,0.8193401721030105,27,0.929966552416887,-0.1106263803138765,-0.007730384692021756,0.6790096118587071,1.1144228122092608,0.9222361677248652,-0.1028959956218547,0.09008353904816016,0.14573125186221839,0.1445156316371443,0.10512346143033806,-0.9788109544893607,-0.3433411428685827,-0.3433411428685827,gradual,up,False,False,
Aster Wellness,retail_media,2025-04,27,36048.17648438509,109134.2414720179,3.0274552589169477,2.4998661411120913,104223.40464489505,2.760036426113685,0.019649257980130383,1.5456876386267084,0.16847629079458779,0.6676066353396818,4,1.1077224181086438,27,1.2989715928532832,-0.19124917474463943,0.018263142313615904,1.46680012626852,1.1144228122092608,1.3172347351668992,-0.20951231705825535,0.0982380784146659,0.11091758767707773,0.1445156316371443,0.10166497280991235,-2.0608112240386873,-0.015335812320464695,-0.015335812320464695,gradual,up,False,False,
Pinebrook Pet Co.,digital_video,2025-04,27,10544.676133686937,48074.297688258535,4.559106138374057,2.320127852812961,27883.779566219542,2.5420677961491887,0.00808854858371303,1.00549874964147,0.060302007091056105,0.4056829412531691,4,1.5171265820250242,7,1.2213016881411445,0.29582489388387967,0.01492569644548254,1.056524882245732,1.1144228122092608,1.236227384586627,0.2808991974383972,0.10232063187032633,0.17193156426235467,0.1445156316371443,0.14326823915975476,1.960652263794306,0.7819738568140102,1.960652263794306,sudden,up,True,True,sudden
Halcyon Personal Care,social,2025-04,27,25333.936733458457,75226.9128387638,2.9694126747941167,2.3668555413262875,58166.22761780492,2.247184463787355,0.011562171617803613,1.0576229955705476,0.09175813199258098,0.5846361235625654,4,1.0883641806644122,27,1.0955030050649017,-0.0071388244004895185,0.05654863637994723,1.0369154451785767,1.1144228122092608,1.152051641444849,-0.06368746078043674,0.1452798108080753,0.15632587217544663,0.1445156316371443,0.14826523279925674,-0.4295508770196057,-0.374472395339396,-0.374472395339396,gradual,up,False,False,
Nimbus Home,retail_media,2025-04,27,31626.75326655543,135104.01012802587,4.271826734453178,3.5208404873086785,107268.95480648804,3.4318053610262975,0.018125516032242925,1.583455575405555,0.1474408033995196,0.6736821894179001,4,1.4520415424208608,27,1.510370568178241,-0.05832902575738008,0.018263142313615904,1.46680012626852,1.1144228122092608,1.5286337104918568,-0.076592168070996,0.18495645536820918,0.11091758767707773,0.1445156316371443,0.1649459505868223,-0.46434706519624636,-0.09564465087723556,-0.09564465087723556,gradual,up,False,False,
Pinebrook Pet Co.,social,2025-04,27,8443.99075068513,31065.811913028872,3.679043811187056,2.2826822484989564,19012.266769116206,2.297015725914191,0.012866684098130876,0.934396474588746,0.09544256825496164,0.5474653616443494,4,1.3026528845015979,7,0.9833490424607059,0.319303842040892,0.05654863637994723,1.0369154451785767,1.1144228122092608,1.039897678840653,0.2627552056609448,0.13010635412123792,0.15632587217544663,0.1445156316371443,0.14552960003547832,1.805510395114728,0.379456728657533,1.805510395114728,sudden,up,True,True,sudden
Solstice Foods,digital_video,2025-04,27,121022.46977806749,263508.0860116422,2.1773484419452567,1.8749322958145163,255879.12142359008,1.9781247347312125,0.007887992276959065,1.0669291204454847,0.07160995456138801,0.5360144702113597,4,0.7781078254600894,27,0.8771632863848169,-0.0990554609247275,0.01492569644548254,1.056524882245732,1.1144228122092608,0.8920889828302995,-0.11398115737021008,0.13207959545689943,0.17193156426235467,0.1445156316371443,0.14285039783675219,-0.7979057748265179,-0.0037726769004709938,-0.0037726769004709938,gradual,up,False,False,
Solstice Foods,paid_search,2025-04,27,94035.00603732039,559263.3021504876,5.9473947598677075,4.53919565283046,361500.6650701954,3.618448530672019,0.05766876548953877,1.3973956412264665,0.22699851258731726,0.6530963641511972,4,1.7829532681864162,27,1.343550735668421,0.4394025325179951,-0.02630219360069784,1.4670757082652948,1.1144228122092608,1.3172485420677233,0.46570472611869285,0.12470897206495754,0.14107090019147253,0.1445156316371443,0.1291311148018535,3.6064485839319054,,3.6064485839319054,sudden,up,True,True,sudden
Crestline Beverages,social,2025-04,27,132946.5301676194,282525.6633591221,2.1251074623979496,2.1557847836021318,263872.04719506856,2.240607748246794,0.012130591287518418,0.9829241470923746,0.08464566002418968,0.5278421933681318,4,0.7538223716379451,27,0.8412689695801432,-0.08744659794219811,0.05654863637994723,1.0369154451785767,1.1144228122092608,0.8978176059600904,-0.14399523432214534,0.14244404645352288,0.15632587217544663,0.1445156316371443,0.146195891243232,-0.9849472040399182,-0.921276914513399,-0.921276914513399,gradual,up,False,False,
Halcyon Personal Care,digital_video,2025-04,27,36393.789921721174,68016.62514856731,1.8689074508278252,1.4862372186332315,51794.15268945075,1.4358645680942619,0.007782526093535771,1.0620358189749672,0.07695812756832013,0.5513991651202713,4,0.6253540092312234,27,0.6520493917807197,-0.026695382549496327,0.01492569644548254,1.056524882245732,1.1144228122092608,0.6669750882262023,-0.04162107899497891,0.0966290743059164,0.17193156426235467,0.1445156316371443,0.11698109861846728,-0.35579319639256984,0.1749227029571673,0.1749227029571673,gradual,up,False,False,
Pinebrook Pet Co.,affiliate,2025-04,27,6768.279173262935,28203.7956433625,4.167055601780928,2.184052075776784,16057.333737034494,2.448711647550793,0.027358439614343963,1.1766380449535732,,0.5914104207419308,4,1.4272096957112483,7,1.2302156693987059,0.19699402631254248,-0.010789704221110263,1.383650302063278,1.1144228122092608,1.2194259651775956,0.20778373053365273,0.15222212221183687,0.14010634425763738,0.1445156316371443,0.14509519400348422,1.4320510886712288,,1.4320510886712288,sudden,up,True,True,sudden
Verdant Snacks,display,2025-04,27,20486.1551232667,54864.19545951463,2.678110906092077,1.536267645553624,32341.154930189103,1.5879235868238872,0.006037878767631356,0.6483165431766318,0.05769352648704923,0.5122940597099724,4,0.985111660187435,27,0.9872034262450236,-0.00209176605758854,-0.024583200088938273,0.9656948774898181,1.1144228122092608,0.9626202261560852,0.02249143403134979,0.2514024538620314,0.15085148898871883,0.1445156316371443,0.22422651740978475,0.10030675359527443,0.012878735313258043,0.10030675359527443,sudden,up,False,False,
Crestline Beverages,ooh,2025-04,27,103023.42856234987,188553.35880261063,1.8301988337390458,0.8054572712003699,86037.46709302755,0.837773987404961,0.0031247104394154443,,0.03512880209306204,0.4149711645035765,4,0.6044246132675126,27,0.5892471095211207,0.01517750374639193,-0.04967064071032257,0.6427145950991963,1.1144228122092608,0.5395764688107981,0.0648481444567145,0.20674428161550232,0.21740034672227493,0.1445156316371443,0.20962429921192735,0.3093541383346684,0.2684978754374526,0.3093541383346684,sudden,up,False,False,
Pinebrook Pet Co.,paid_search,2025-04,27,14831.188922830454,105371.31267373245,7.104711107248366,3.4866133356746545,51984.99659560563,3.245813421430686,0.05278710764587055,1.585462882874363,0.1394220410689044,0.495578287361701,4,1.9607581002366004,7,1.7574990167977478,0.20325908343885257,-0.02630219360069784,1.4670757082652948,1.1144228122092608,1.73119682319705,0.22956127703955032,0.24145068813036244,0.14107090019147253,0.1445156316371443,0.1824037540486625,1.2585337304971635,0.4295692644883974,1.2585337304971635,sudden,up,True,True,sudden
Crestline Beverages,tv,2025-04,27,71833.86607517737,97991.59414392074,1.3641420056852869,1.1272150554000386,71570.16768940967,1.0442898788223394,0.003803465110140382,,0.052206173797088376,0.5253632527964773,4,0.3105256637421739,27,0.3799214092522726,-0.0693957455100987,-0.10376456881874224,0.5885450392488764,1.1144228122092608,0.27615684043353034,0.03436882330864355,0.11293208349703336,0.13859447486942478,0.1445156316371443,0.11986786494903104,0.2867225784263155,-0.020304297293733693,0.2867225784263155,sudden,up,False,False,
Nimbus Home,digital_video,2025-04,27,33553.04423002611,115039.60237299251,3.4285891194947165,1.7423400451222135,55280.802995405626,1.9248875386565414,0.007185046291493757,1.1768759515326688,0.06499338417530555,0.5473295157609965,4,1.232148841131946,27,1.2313227324749632,0.0008261086569827381,0.01492569644548254,1.056524882245732,1.1144228122092608,1.2462484289204456,-0.014099587788499734,0.1848809449603834,0.17193156426235467,0.1445156316371443,0.18138111233929455,-0.07773459764721703,1.119705674370755,1.119705674370755,gradual,up,False,True,gradual
Crestline Beverages,paid_search,2025-04,27,107221.84643899939,401627.76568694063,3.745764310405105,3.3643018607892565,329932.8935708458,3.146181791157827,0.05038702081348594,1.9376815996420989,0.1226655424269165,0.7784163729999447,4,1.3206256843716762,27,1.3207265295514186,-0.0001008451797424037,-0.02630219360069784,1.4670757082652948,1.1144228122092608,1.2944243359507208,0.02620134842095534,0.09902222891441592,0.14107090019147253,0.1445156316371443,0.11038673466497176,0.23735957495687776,0.02023065444729339,0.23735957495687776,sudden,up,False,False,
Nimbus Home,paid_search,2025-04,27,50205.13726637973,170342.8493881573,3.392936632845913,3.0630995367639384,145920.49972272007,3.1806917921175604,0.03681230129363662,2.0204195248050447,0.14584367275152718,0.6589358017916966,4,1.22169580977916,27,1.300185454904648,-0.07848964512548817,-0.02630219360069784,1.4670757082652948,1.1144228122092608,1.2738832613039504,-0.05218745152479043,0.10510832938196815,0.14107090019147253,0.1445156316371443,0.11482794311426664,-0.4544839009513397,-0.8712601509455545,-0.4544839009513397,sudden,up,False,False,
Aster Wellness,display,2025-04,27,45519.877759225485,86902.39922648562,1.909108800470651,1.4691970745658502,75434.96441328949,1.5445671495948923,0.006077119658432648,0.6883260205743668,0.04913076294547248,0.46591634571893686,4,0.6466365365562414,27,0.7670372113882129,-0.12040067483197148,-0.024583200088938273,0.9656948774898181,1.1144228122092608,0.7424540112992746,-0.09581747474303315,0.1820597846465,0.15085148898871883,0.1445156316371443,0.17362511014439697,-0.5518641552673207,-0.9850568990330064,-0.5518641552673207,sudden,up,False,False,
Verdant Snacks,retail_media,2025-04,27,31822.131289715,128855.77504364704,4.0492503116940375,2.8772635980474375,76037.2150293869,2.779769055534402,0.020615254914085033,1.3063334861709301,0.17461963248472104,0.6554381358081043,4,1.3985317557601116,27,1.611408016974226,-0.2128762612141144,0.018263142313615904,1.46680012626852,1.1144228122092608,1.629671159287842,-0.23113940352773032,0.10659639242947172,0.11091758767707773,0.1445156316371443,0.1077642830369328,-2.1448609596234642,-0.3041339430560283,-0.3041339430560283,gradual,up,False,False,
Aster Wellness,digital_video,2025-04,27,41406.03197639647,103089.72855470376,2.4897273086556595,1.5348248267791944,67630.94566568393,1.5838784339459082,0.008110239040051526,1.1366329960526702,0.08565333381401316,0.5718990349963892,4,0.9121731898833343,27,1.0331451735345116,-0.12097198365117734,0.01492569644548254,1.056524882245732,1.1144228122092608,1.048070869979994,-0.1358976800966598,0.28702886453506476,0.17193156426235467,0.1445156316371443,0.255921486082981,-0.5310131719561672,-0.3548829959289537,-0.3548829959289537,gradual,up,False,False,
Ridgeway Grocery,affiliate,2025-04,27,73959.13636244975,286492.5859621679,3.8736605110984614,3.1273544625095355,250743.64886088693,3.076149784372985,0.031244765721644373,1.1496493369033598,0.1354887777687688,0.563627543574489,4,1.3541999284908537,27,1.5647685049214943,-0.21056857643064064,-0.010789704221110263,1.383650302063278,1.1144228122092608,1.553978800700384,-0.1997788722095304,0.18901230112458134,0.14010634425763738,0.1445156316371443,0.1757944749443262,-1.136434306441087,-0.39407565009872725,-0.39407565009872725,gradual,up,False,False,
Ridgeway Grocery,paid_search,2025-04,27,55505.442643106384,329053.1382514172,5.928304010963232,4.469437704570305,270034.26367310795,4.503799058037434,0.040441906875794395,1.9718160578402442,0.13083682016932777,0.7048814230810552,4,1.7797381705794917,27,1.6735136367251475,0.10622453385434416,-0.02630219360069784,1.4670757082652948,1.1144228122092608,1.6472114431244498,0.1325267274550419,0.13055783951976957,0.14107090019147253,0.1445156316371443,0.13339920726887847,0.9934596326942333,0.12432149040521537,0.9934596326942333,sudden,up,False,True,sudden
Halcyon Personal Care,display,2025-04,27,25761.04033542174,68639.37416339856,2.664464372155755,1.3335022545574156,33652.54110811624,1.3123812259619663,0.005206860758290537,,0.05694684982973616,0.5245431996973284,4,0.9800030513595253,27,0.8228499985553026,0.15715305280422265,-0.024583200088938273,0.9656948774898181,1.1144228122092608,0.7982667984663643,0.18173625289316098,0.15261811196977712,0.15085148898871883,0.1445156316371443,0.15214064629922083,1.194527940519809,0.1677174372536651,1.194527940519809,sudden,up,False,True,sudden
Halcyon Personal Care,affiliate,2025-04,27,33414.682920040024,104798.83435546067,3.1363109027920455,2.0822042296371217,67743.30261099906,2.156823912554543,0.0318617265110963,1.172838156444222,0.13147763701806078,0.5545297213872106,4,1.143047237495057,27,1.4253292063752827,-0.2822819688802256,-0.010789704221110263,1.383650302063278,1.1144228122092608,1.4145395021541725,-0.27149226465911536,0.16936279176882743,0.14010634425763738,0.1445156316371443,0.16145564379283012,-1.681528488452701,-0.35241232044097826,-0.35241232044097826,gradual,up,False,False,
Solstice Foods,tv,2025-04,27,98928.56991101551,186095.75747705932,1.8811123788047188,1.4321347084775127,144354.84240862264,1.4940156201840455,0.0038565884006912365,,0.062475023925071975,0.5295351003254721,4,0.6318632927154179,27,0.6256331567725114,0.006230135942906445,-0.10376456881874224,0.5885450392488764,1.1144228122092608,0.5218685879537692,0.10999470476164863,0.15768365590817307,0.13859447486942478,0.1445156316371443,0.15252441778959247,0.7211612826045098,0.1993947482493175,0.7211612826045098,sudden,up,False,True,sudden
Verdant Snacks,affiliate,2025-04,27,23029.74425414634,89554.69260773544,3.8886533701568036,2.9726485451038505,75414.33114622073,3.0831911261327685,0.029228773961282983,1.2563024868529047,0.12451327363917884,0.5871534995376778,4,1.3580629203595658,27,1.4164846070203088,-0.05842168666074299,-0.010789704221110263,1.383650302063278,1.1144228122092608,1.4056949027991985,-0.047631982439632736,0.0995258544789596,0.14010634425763738,0.1445156316371443,0.11049355441914278,-0.4310838101826924,-0.7251356479486465,-0.4310838101826924,sudden,up,False,False,
Crestline Beverages,audio,2025-04,27,103785.19452776246,184452.89423294773,1.7772563328732474,1.888400615597987,170784.50160541254,1.7449464786326723,0.005745403381303147,0.6409006708597909,0.06063429481206052,0.4810172980574664,4,0.575070789120163,27,0.5218681163495824,0.05320267277058055,-0.007730384692021756,0.6790096118587071,1.1144228122092608,0.5141377316575606,0.06093305746260236,0.13686390447451385,0.14573125186221839,0.1445156316371443,0.13926048484956913,0.43754735974402925,0.19559226220164955,0.43754735974402925,sudden,up,True,False,
Verdant Snacks,digital_video,2025-04,27,17639.939669174215,53973.3045420363,3.059721606438066,1.8320464496581668,31619.87467434364,1.7592356517844725,0.008478024008968204,1.087628959532444,0.07468275243243634,0.5244767000342944,4,1.1183239335373003,27,0.9797740417306803,0.13854989180662003,0.01492569644548254,1.056524882245732,1.1144228122092608,0.9946997381761629,0.12362419536113745,0.30087132979840153,0.17193156426235467,0.1445156316371443,0.26602274451838887,0.4647128785358122,0.049797914210751734,0.4647128785358122,sudden,up,False,False,
Ridgeway Grocery,tv,2025-04,27,58735.20261338695,133411.05286823932,2.2713985298798,1.33499674692265,78187.35757458993,1.3913974794622757,0.003436813648185824,,0.0606055396119671,0.5105232636949657,4,0.8203957342443287,27,0.6995510908427187,0.12084464340160994,-0.10376456881874224,0.5885450392488764,1.1144228122092608,0.5957865220239764,0.22460921222035224,0.22407896978475234,0.13859447486942478,0.1445156316371443,0.2009750522400692,1.1175974814627814,2.064627501024531,2.064627501024531,gradual,up,False,True,gradual
Crestline Beverages,retail_media,2025-04,27,95566.84992958036,282802.8025176468,2.9592144423095834,3.1076360767025086,313784.8059637205,3.224921435767955,0.023207137082038868,1.5936739660850638,0.16463341140990626,0.6338630140490222,4,1.0849238420018887,27,1.1722646317314158,-0.08734078972952708,0.018263142313615904,1.46680012626852,1.1144228122092608,1.1905277740450317,-0.105603932043143,0.09271542133225734,0.11091758767707773,0.1445156316371443,0.09763492574977636,-1.081620447111211,-0.5113702377458256,-0.5113702377458256,gradual,up,False,False,
Pinebrook Pet Co.,display,2025-04,27,7117.618292054161,25667.404659176293,3.606178865735243,1.8766325728476234,12047.114406186216,1.800155468263524,0.007269562902302017,0.7362525718678249,0.04562859696860498,0.4884767314446438,4,1.282648725807004,7,0.9916035756140305,0.2910451501929736,-0.024583200088938273,0.9656948774898181,1.1144228122092608,0.9670203755250921,0.31562835028191194,0.14005278446731054,0.15085148898871883,0.1445156316371443,0.1464049635975507,2.155858261401134,2.026856825897307,2.155858261401134,sudden,up,True,True,sudden
Solstice Foods,affiliate,2025-04,27,,,,,,,0.04584788876672241,0.9786039079927199,0.1852101937680491,0.5582319941141607,4,,27,1.118582399345636,,-0.010789704221110263,1.383650302063278,1.1144228122092608,1.1077926951245258,,0.13777385743964465,0.14010634425763738,0.1445156316371443,0.1384042592823454,,,,sudden,up,True,False,
Halcyon Personal Care,paid_search,2025-04,27,36726.65280030223,134877.91583687838,3.6724804890406033,2.4546267031928517,89052.6721595468,2.5487174959968755,0.037796078772450295,1.534607973070298,0.12584825990480564,0.7065248408538759,4,1.3008673163330906,27,1.3242338700160072,-0.023366553682916624,-0.02630219360069784,1.4670757082652948,1.1144228122092608,1.2979316764153095,0.0029356399177811188,0.07364931814844215,0.14107090019147253,0.1445156316371443,0.09187136734926117,0.03195380674613119,0.27648364288537064,0.27648364288537064,gradual,up,False,False,
Ridgeway Grocery,audio,2025-04,27,57437.210166019606,116247.88526226298,2.023912458948717,1.6837250374101131,80520.92852487316,1.3861132637667644,0.005484174858445893,0.6770520228371786,0.043431128647694564,0.4560243927063243,4,0.7050324989822948,27,0.615661525205737,0.08937097377655778,-0.007730384692021756,0.6790096118587071,1.1144228122092608,0.6079311405137152,0.09710135846857959,0.17083962892620533,0.14573125186221839,0.1445156316371443,0.1640535810710737,0.5918880760457884,0.6020937971134429,0.6020937971134429,gradual,up,False,True,gradual
Ridgeway Grocery,display,2025-05,28,64137.08055380217,161621.99146599113,2.519946185115373,1.5239537525261404,97284.14507179214,1.5001503688624238,0.006289734609727663,0.7466977249276535,0.04438912450975753,0.5005163108533593,5,0.924237546182361,28,1.0865474674385818,-0.1623099212562208,0.005161309048885005,0.9783157686171986,1.114628146144564,1.0917087764874667,-0.1674712303051057,0.14594381214345398,0.15149086802308928,0.14526842882874771,0.14740356369072644,-1.1361409867707408,0.35063670245728407,0.35063670245728407,gradual,up,False,False,
Aster Wellness,retail_media,2025-05,28,39892.39668525093,140917.034983932,3.5324283997213946,2.6293442329478434,106493.40318571294,2.702820923547957,0.02141009514945891,1.2537424807758113,0.17817416643423234,0.7262260290144796,5,1.2619855663609054,28,1.2989715928532832,-0.03698602649237781,-0.0443106095751548,1.4631973130056617,1.114628146144564,1.2546609832781284,0.007324583082777059,0.09704302941372717,0.112588068805628,0.14526842882874771,0.10113382925370107,0.07242465885873703,-0.44705584799934783,0.07242465885873703,sudden,up,False,False,
Nimbus Home,paid_search,2025-05,28,51729.40914963046,207123.03807904548,4.003970690636143,3.4844211756744214,169759.36065394751,3.345996234892229,0.03955359830630108,1.7425276614540475,0.11671926717203504,0.6803760765704353,5,1.3872865414052393,28,1.300185454904648,0.08710108650059123,0.06617137312424465,1.4690528064678767,1.114628146144564,1.3663568280288927,0.020929713376346637,0.11047644451112218,0.1393316589161715,0.14526842882874771,0.11806992198613517,0.17726541209034077,-0.2904076078867311,0.17726541209034077,sudden,up,False,False,
Crestline Beverages,tv,2025-05,28,86110.31654201938,134526.50950629797,1.5622577515512077,1.2352267912470656,110636.5136547011,1.1958839008136832,,,0.05591214494058286,0.5567398916033207,5,0.4461320516014032,28,0.37147004900295977,0.07466200259844341,-0.016800210229148245,0.5784765118409343,1.114628146144564,0.35466983877381153,0.09146221282759165,0.09544418992932155,0.14146816636047096,0.14526842882874771,0.10755576267436087,0.8503701759291639,0.42647133274544574,0.8503701759291639,sudden,up,False,True,sudden
Aster Wellness,digital_video,2025-05,28,43519.125816476466,105511.32783747971,2.424481784915193,1.6592450364750382,77729.41719148098,1.6713578575760202,0.008506141552547322,1.074626912944312,0.06001916032752777,0.5465989927321847,5,0.8856178046108131,28,1.0237650099878641,-0.13814720537705105,-0.018040071985424566,1.0577258573344002,1.114628146144564,1.0057249380024396,-0.12010713339162649,0.2705414265380743,0.16726783164655656,0.14526842882874771,0.24336416472451697,-0.49352842694644544,-0.8849001833171082,-0.49352842694644544,sudden,up,False,False,
Halcyon Personal Care,social,2025-05,28,24558.929907282327,65037.81378125458,2.648234838683638,2.061877954705838,44934.62237024461,2.000505788022516,0.010713475941658824,0.9788391202266874,0.09981346869271811,0.6186925056697308,5,0.9738933194459415,28,1.097640458403617,-0.12374713895767553,0.02894589788662883,1.048149182455519,1.114628146144564,1.1265863562902458,-0.15269303684430435,0.19285303449641095,0.15466376617352945,0.14526842882874771,0.18280322704302107,-0.8352863311782206,-1.098922948541512,-0.8352863311782206,sudden,up,False,False,
Solstice Foods,display,2025-05,28,140676.72297647232,349589.71709612955,2.4850572980335714,1.9573782563817232,250567.4885920114,1.9379378715227782,0.006017169545216217,0.6235698876607465,0.06025399928657759,0.5154147422860421,5,0.9102957168415519,28,1.0445674225066472,-0.1342717056650954,0.005161309048885005,0.9783157686171986,1.114628146144564,1.0497287315555321,-0.13943301471398029,0.18717927790667002,0.15149086802308928,0.14526842882874771,0.17778759109520142,-0.7842674162749463,0.18161281990516331,0.18161281990516331,gradual,up,False,False,
Crestline Beverages,ooh,2025-05,28,106528.93211151294,207132.24130182705,1.9443754592884122,0.974173899744821,106383.45661526869,0.9246074585207633,0.003427142370452711,,0.0427872607701817,0.42888353529910006,5,0.6649408248836418,28,0.5892471095211207,0.07569371536252112,-0.10845532902296784,0.5879789644524912,1.114628146144564,0.48079178049815285,0.18414904438548896,0.11112435656204862,0.21352110155560516,0.14526842882874771,0.13807086840245825,1.33372844334345,0.6298765419203008,1.33372844334345,sudden,up,False,True,sudden
Verdant Snacks,affiliate,2025-05,28,28676.796147299247,99935.75944296781,3.484899740181738,2.7938277701714855,81101.03984162443,2.9140083944454283,0.03375939959653216,1.226597041406697,0.09517263258906129,0.49914118316344386,5,1.2484392748407585,28,1.3715540287920693,-0.12311475395131088,0.13825336667278493,1.3625643132647873,1.114628146144564,1.5098073954648543,-0.26136812062409587,0.07604291133051994,0.14486996182120918,0.14526842882874771,0.09415529303859604,-2.7759259430795473,-1.324695973696384,-1.324695973696384,gradual,up,False,False,
Pinebrook Pet Co.,social,2025-05,28,5834.83690814293,18105.368721841463,3.102977685044484,2.1360950736649222,12582.263291714848,2.2382875813202032,0.011453004910465065,0.9520154234044125,0.09050507600739999,0.5960946267260921,5,1.1323621940270698,8,1.0305662171045002,0.10179597692256959,0.02894589788662883,1.048149182455519,1.114628146144564,1.059512114991129,0.07285007903594076,0.1572173161374758,0.15466376617352945,0.14526842882874771,0.15579867726861674,0.46759112665852715,0.4637372868655143,0.46759112665852715,sudden,up,True,False,
Verdant Snacks,digital_video,2025-05,28,18501.665437389736,38509.180327560025,2.081389940698928,1.999891637018778,34524.253350501465,1.825326711310197,0.0073888711377407025,1.2219055166088308,0.07775693920709824,0.5528129480118179,5,0.7330359112604514,28,0.9797740417306803,-0.24673813047022886,-0.018040071985424566,1.0577258573344002,1.114628146144564,0.9617339697452557,-0.2286980584848043,0.2730438740994008,0.16726783164655656,0.14526842882874771,0.24520807345391546,-0.9326693663199712,-0.26266800158417725,-0.26266800158417725,gradual,up,False,False,
Nimbus Home,display,2025-05,28,36237.91368822696,97752.00029322454,2.6975062950432047,1.772196804473375,68036.79250575398,1.860009357047544,0.006220761999357078,0.7201662735653068,0.06500649492033993,0.47174950110971325,5,0.9923277518057076,28,0.9343803150671894,0.05794743673851821,0.005161309048885005,0.9783157686171986,1.114628146144564,0.9395416241160744,0.0527861276896332,0.10591046356870795,0.15149086802308928,0.14526842882874771,0.11790530684617673,0.44769933687971974,0.45588276909655195,0.45588276909655195,gradual,up,False,False,
Halcyon Personal Care,display,2025-05,28,27854.875828104756,65914.44664996919,2.366352198327283,1.2506722115341091,36320.21158101891,1.333179666391386,0.005915553408966294,0.7646569861416844,0.05827318154968206,0.508788272937192,5,0.8613496126044168,28,0.8732602383937422,-0.011910625789325446,0.005161309048885005,0.9783157686171986,1.114628146144564,0.8784215474426272,-0.017071934838210456,0.15614599998722897,0.15149086802308928,0.14526842882874771,0.1549209652598238,-0.11019770506579578,0.3171213913222325,0.3171213913222325,gradual,up,False,False,
Verdant Snacks,social,2025-05,28,,,,,,,0.010839552086152966,0.885163238576919,0.09592742794340865,0.6292341685154997,5,,28,1.2056958076491058,,0.02894589788662883,1.048149182455519,1.114628146144564,1.2346417055357346,,0.20456010914628095,0.15466376617352945,0.14526842882874771,0.19142949257450423,,,,sudden,up,False,False,
Solstice Foods,paid_search,2025-05,28,111655.99627641519,735873.0223424406,6.5905374264066925,4.583629959153255,496854.11680559453,4.077573091488546,0.0709436210215548,1.4690684413207749,0.21117873667994214,0.7429820121553091,5,1.88563489699603,28,1.343550735668421,0.5420841613276088,0.06617137312424465,1.4690528064678767,1.114628146144564,1.4097221087926657,0.47591278820336425,0.16985825344602595,0.1393316589161715,0.14526842882874771,0.16182493909606427,2.940911276480368,,2.940911276480368,sudden,up,True,True,sudden
Crestline Beverages,paid_search,2025-05,28,124596.68226369612,431297.28051267844,3.4615470707308393,3.618456452233765,456803.10535150196,3.377620623771351,0.0487015996759633,2.180085183915898,0.13867281739467432,0.6888995404439916,5,1.2417156194057104,28,1.3074182382605044,-0.065702618854794,0.06617137312424465,1.4690528064678767,1.114628146144564,1.373589611384749,-0.1318739919790386,0.08656342938999806,0.1393316589161715,0.14526842882874771,0.10044980558109634,-1.3128347159673943,-0.34007354674319995,-0.34007354674319995,gradual,up,False,False,
Verdant Snacks,retail_media,2025-05,28,30127.985773560315,143165.38931755823,4.751907093742628,3.032806881313293,86853.0139872262,2.9385743746337702,0.018204066795902762,1.3694028220913226,0.1628220576812274,0.6221012747147223,5,1.5585460308891341,28,1.6013713357675503,-0.04282530487841618,-0.0443106095751548,1.4631973130056617,1.114628146144564,1.5570607261923954,0.0014853046967386874,0.15237733654171687,0.112588068805628,0.14526842882874771,0.14190647661116715,0.010466785817031575,-0.5231057722814596,0.010466785817031575,sudden,up,False,False,
Verdant Snacks,display,2025-05,28,25823.321600553736,55026.8020127472,2.1308955859329592,1.4027539345723068,34743.34315501083,1.467968552574687,0.0060859024142198995,0.7584354806772414,0.05094889541704853,0.5185681753514824,5,0.7565423542309109,28,0.9692592330173122,-0.21271687878640133,0.005161309048885005,0.9783157686171986,1.114628146144564,0.9744205420661972,-0.21787818783528634,0.22717516278538033,0.15149086802308928,0.14526842882874771,0.20725824311109323,-1.0512401560718658,-0.049445977646567774,-0.049445977646567774,gradual,up,False,False,
Solstice Foods,social,2025-05,28,146591.41970237347,481118.2007928607,3.2820352089479825,2.3152028167678145,355602.56794939394,2.402795160041943,0.011136978834902557,0.9090015809488114,0.10515111054665628,0.5981704391226573,5,1.1884637205043174,28,1.1194202804263407,0.06904344007797669,0.02894589788662883,1.048149182455519,1.114628146144564,1.1483661783129695,0.04009754219134787,0.16377666924423792,0.15466376617352945,0.14526842882874771,0.16137853685720938,0.24846886687804645,-0.10016500001854002,0.24846886687804645,sudden,up,False,False,
Halcyon Personal Care,paid_search,2025-05,28,38260.820018938306,140827.4308634948,3.680721709408951,2.1718460650424896,82245.43058337239,2.2992771989478857,0.04136292322012694,1.983957341076108,0.14815454230784889,0.7197437275989023,5,1.303108849639691,28,1.3008673163330906,0.002241533306600374,0.06617137312424465,1.4690528064678767,1.114628146144564,1.3670386894573352,-0.06392983981764422,0.06791606305395556,0.1393316589161715,0.14526842882874771,0.08670964091243344,-0.7372864095032506,-0.03253877590753641,-0.03253877590753641,gradual,up,False,False,
Ridgeway Grocery,audio,2025-05,28,47496.24974930341,95843.56901201962,2.0179186676401812,1.6386258509626244,79473.92453550627,1.5498434056079797,0.005662598355602282,0.7734417891429456,0.044620327445064625,0.46856073566697515,5,0.7020666176703418,28,0.6511115860126515,0.05095503165769033,-0.0031342828266082146,0.6776583429095856,1.114628146144564,0.6479773031860433,0.054089314484298545,0.11890024395496994,0.14249768594058,0.14526842882874771,0.12511009710907786,0.4323337263269847,0.5559826676910927,0.5559826676910927,gradual,up,False,True,gradual
Halcyon Personal Care,retail_media,2025-05,28,28968.046088842937,128400.42548115291,4.432484852011004,2.61182466055035,67515.9836932037,2.5726461691570606,0.018861542063943366,1.4446794521972985,0.1681518167519419,0.6453604562314164,5,1.4889603414783792,28,1.4378147586682999,0.051145582810079304,-0.0443106095751548,1.4631973130056617,1.114628146144564,1.393504149093145,0.09545619238523417,0.12724058072588015,0.112588068805628,0.14526842882874771,0.12338465653634012,0.7736471864888625,-0.09654483897727686,0.7736471864888625,sudden,up,False,True,sudden
Pinebrook Pet Co.,affiliate,2025-05,28,4065.1927333108224,19518.23868467731,4.801307088035906,2.3366832436342424,9180.526122745265,2.2792464557133894,0.02829952979539906,1.2022298560703513,0.1234048168181696,0.610933868089776,5,1.568888190851685,8,1.4010291684864713,0.16785902236521366,0.13825336667278493,1.3625643132647873,1.114628146144564,1.5392825351592563,0.02960565569242868,0.2718102196771275,0.14486996182120918,0.14526842882874771,0.20128785420161732,0.1470811828654826,,0.1470811828654826,sudden,up,True,False,
Pinebrook Pet Co.,digital_video,2025-05,28,,,,,,,0.007375834996021005,1.0729339948849934,0.07195457271697323,0.292436006603873,5,,8,1.2948878577264886,,-0.018040071985424566,1.0577258573344002,1.114628146144564,1.276847785741064,,0.15841691407072786,0.16726783164655656,0.14526842882874771,0.1633340905017438,,,,sudden,up,True,False,
Solstice Foods,tv,2025-05,28,106381.08974109194,235165.6679359737,2.2105965309089703,1.3022777948774036,122306.284336912,1.2974029717788538,0.003767111960809541,,0.055439998327605586,0.5461266582217126,5,0.7932624025950927,28,0.6335761314109778,0.15968627118411494,-0.016800210229148245,0.5784765118409343,1.114628146144564,0.6167759211818296,0.17648648141326317,0.17809040106475071,0.14146816636047096,0.14526842882874771,0.16845297087941394,1.0476899308567253,1.1696384896483671,1.1696384896483671,gradual,up,False,True,gradual
Aster Wellness,paid_search,2025-05,28,32030.58617486146,128893.06887217954,4.024062131380493,2.6703650273784154,74819.01166766195,2.4641897881789845,0.04694520237042079,1.9881839551927964,0.14666314351890464,0.6383702798648179,5,1.3922918728821392,28,1.3464458845611098,0.045845988321029374,0.06617137312424465,1.4690528064678767,1.114628146144564,1.4126172576853544,-0.02032538480321522,0.16034846375358813,0.1393316589161715,0.14526842882874771,0.15481772563847848,-0.1312859023047393,0.1169305611719767,0.1169305611719767,gradual,up,False,False,
Aster Wellness,display,2025-05,28,,,,,,,0.006170076933412449,0.6950337556174533,0.05154737025753824,,5,,28,0.7670372113882129,,0.005161309048885005,0.9783157686171986,1.114628146144564,0.7721985204370979,,0.11272824030672308,0.15149086802308928,0.14526842882874771,0.12292893181102998,,,,sudden,up,False,False,
Solstice Foods,retail_media,2025-05,28,127727.83472436773,432091.8719348329,3.3829108030154296,2.972975188213832,368932.21171433356,2.955216571760103,0.016306188591181034,1.3658891890145937,0.1570753906739458,0.6375782660027248,5,1.2187365232125573,28,1.2739984468734107,-0.05526192366085336,-0.0443106095751548,1.4631973130056617,1.114628146144564,1.2296878372982558,-0.010951314085698494,0.20416377078296322,0.112588068805628,0.14526842882874771,0.1800649018415592,-0.060818704665358145,0.8405075941375684,0.8405075941375684,gradual,up,False,True,gradual
Pinebrook Pet Co.,display,2025-05,28,5834.190320633336,21310.8222681093,3.652747184599196,1.8807248937151888,11002.725423874128,1.8297180727693267,0.004405293098365217,0.6564291135576626,0.04422732712775219,0.5038754674472626,5,1.2954795378077848,8,1.138486467569727,0.15699307023805775,0.005161309048885005,0.9783157686171986,1.114628146144564,1.143647776618612,0.15183176118917285,0.2872658146056553,0.15149086802308928,0.14526842882874771,0.21183528872645196,0.7167444201671086,2.2132449240914487,2.2132449240914487,gradual,up,True,True,gradual
Halcyon Personal Care,digital_video,2025-05,28,35855.61965060788,76311.06917920202,2.1282875577889584,1.4292975408999995,50073.68413121927,1.4503173978923658,0.0068150531343319914,0.9946303732268454,,0.5585905274613924,5,0.755317692890013,28,0.6520493917807197,0.1032683011092933,-0.018040071985424566,1.0577258573344002,1.114628146144564,0.6340093197952952,0.12130837309471787,0.12885957482995214,0.16726783164655656,0.14526842882874771,0.13896701083432172,0.872929282758649,0.27685060214107304,0.872929282758649,sudden,up,False,True,sudden
Pinebrook Pet Co.,paid_search,2025-05,28,14066.405660639037,130366.45138713403,9.267929173401322,3.451363095574009,50159.332534970505,3.416846102380014,0.04744029822892155,1.637726964738311,0.13508186897321167,0.3810718168076665,5,2.2265599644823753,8,1.7574990167977478,0.46906094768462747,0.06617137312424465,1.4690528064678767,1.114628146144564,1.8236703899219924,0.4028895745603829,0.18130772668005787,0.1393316589161715,0.14526842882874771,0.15798768903345434,2.550132716195816,1.5234556588358548,2.550132716195816,sudden,up,True,True,sudden
Crestline Beverages,social,2025-05,28,147072.43906692156,332972.79898276867,2.264005418658066,2.5277311007705836,370406.05044177466,2.4199293295581024,0.013940171562481408,0.9808683422660095,0.07436758246981831,0.6431974783154122,5,0.8171355537382782,28,0.8412689695801432,-0.024133415841865014,0.02894589788662883,1.048149182455519,1.114628146144564,0.870214867466772,-0.05307931372849384,0.16081771711420678,0.15466376617352945,0.14526842882874771,0.15919825634034432,-0.33341642646523373,-1.5092530927346006,-0.33341642646523373,sudden,up,False,False,
Ridgeway Grocery,paid_search,2025-05,28,58693.0641781868,277092.7134833401,4.721046981669109,4.572147664284523,275298.2634781861,4.638228736491998,0.051555495391065194,1.766260426628622,0.11876154769142541,0.7432078621537828,5,1.5520305931496905,28,1.6963632320622732,-0.14433263891258274,0.06617137312424465,1.4690528064678767,1.114628146144564,1.7625346051865178,-0.21050401203682734,0.16396263132244776,0.1393316589161715,0.14526842882874771,0.15748079647869084,-1.3366963892979244,-0.002808357184897581,-0.002808357184897581,gradual,up,False,False,
Ridgeway Grocery,retail_media,2025-05,28,67719.42222259847,389383.4847664461,5.749952849368906,2.4649636717402252,150778.41424569013,2.3811583088853485,0.02435207384010504,1.4533569444698842,0.17327619937584338,0.6136284936582753,5,1.7491916546658826,28,1.5746820659129277,0.17450958875295486,-0.0443106095751548,1.4631973130056617,1.114628146144564,1.5303714563377728,0.21882019832810973,0.12120947235316394,0.112588068805628,0.14526842882874771,0.11894068194591764,1.8397422542743394,0.5217246200020829,1.8397422542743394,sudden,up,False,True,sudden
Pinebrook Pet Co.,retail_media,2025-05,28,11209.71807284231,50993.08809630237,4.549007188668098,3.0598785226826606,35348.559222140124,3.2247747700197227,0.019919643270214483,1.2728013244469722,0.15346977769490633,0.6440174146447094,5,1.5149090088609858,8,1.7317203970600081,-0.21681138819902235,-0.0443106095751548,1.4631973130056617,1.114628146144564,1.6874097874848533,-0.17250077862386748,0.18225973662259629,0.112588068805628,0.14526842882874771,0.14355325450205836,-1.2016500721089125,-0.22838106443298972,-0.22838106443298972,gradual,up,True,False,
Crestline Beverages,audio,2025-05,28,122008.4604846165,270538.1602362323,2.2173721327329035,2.272532718631497,324200.8123808484,2.268577136914898,0.005984744650157424,0.7346416487509109,0.07229756288809346,0.5148680275934067,5,0.7963227707353829,28,0.5633100375673763,0.23301273316800664,-0.0031342828266082146,0.6776583429095856,1.114628146144564,0.5601757547407681,0.23614701599461485,0.1488727433115467,0.14249768594058,0.14526842882874771,0.1471950966349765,1.6043130606464888,0.9767693751925294,1.6043130606464888,sudden,up,True,True,sudden
Nimbus Home,social,2025-05,28,28210.9554214582,84601.84712385976,2.9989004576395435,2.3121356263723167,67537.33266106417,2.296533786896347,0.010453446103157292,0.8503757874185013,0.09527088853256703,0.6579779161699594,5,1.0982457073652412,28,1.0603176555860117,0.03792805177922953,0.02894589788662883,1.048149182455519,1.114628146144564,1.0892635534726405,0.008982153892600708,0.14794580979004757,0.15466376617352945,0.14526842882874771,0.1497136930488586,0.05999554021868535,-0.4787800415143207,0.05999554021868535,sudden,up,False,False,
Aster Wellness,audio,2025-05,28,43153.29435531627,79017.72403285778,1.8310936676639424,1.3049411173774554,53289.70749558138,1.2049055283728016,0.00523875669349634,0.8637180330987081,0.05485786029970446,0.4227773374430274,5,0.6049134209453318,28,0.5460185981068898,0.05889482283844205,-0.0031342828266082146,0.6776583429095856,1.114628146144564,0.5428843152802816,0.062029105665050266,0.06492761953165091,0.14249768594058,0.14526842882874771,0.08534079490242172,0.7268400269293726,,0.7268400269293726,sudden,up,False,True,sudden
Ridgeway Grocery,affiliate,2025-05,28,73148.70388154231,251949.47796074874,3.444346442129146,2.7954314705195205,195396.99751140835,2.75756823926851,0.02601185940921103,1.2705287632889688,0.11146242940653732,0.5839020356186758,5,1.2367341744590663,28,1.450077831636508,-0.21334365717744164,0.13825336667278493,1.3625643132647873,1.114628146144564,1.588331198309293,-0.3515970238502266,0.18901230112458134,0.14486996182120918,0.14526842882874771,0.17739589604474654,-1.981990743244361,-1.0540184816629539,-1.0540184816629539,gradual,up,False,False,
Halcyon Personal Care,affiliate,2025-05,28,29511.21319656357,115472.3218236637,3.9128286951317155,2.1782621601363186,67240.97304774435,2.2027836366945808,0.032083992289012576,1.4028643597362567,0.10893374146340287,0.6060576154621304,5,1.364260563872763,28,1.4036981680806833,-0.03943760420792031,0.13825336667278493,1.3625643132647873,1.114628146144564,1.5419515347534682,-0.1776909708807053,0.1454839543612076,0.14486996182120918,0.14526842882874771,0.1453223773769975,-1.2227364710648567,-1.1457313793746733,-1.1457313793746733,gradual,up,False,False,
Nimbus Home,retail_media,2025-05,28,31345.660171920656,146910.77329226807,4.686797868875969,3.667526906280704,131998.1216872353,3.7877828172112373,0.01674011413004837,1.3400239254926498,0.19134063569530582,0.6750154955025768,5,1.5447495921040637,28,1.510370568178241,0.034379023925822816,-0.0443106095751548,1.4631973130056617,1.114628146144564,1.466059958603086,0.07868963350097768,0.18043369343322752,0.112588068805628,0.14526842882874771,0.16257958168912237,0.4840068641057559,-0.10127239335434615,0.4840068641057559,sudden,up,False,False,
Crestline Beverages,retail_media,2025-05,28,123186.82299332591,363679.3727188921,2.9522587228229416,2.8007791387402428,371525.4408723516,3.116346122122277,0.019908667542984006,1.3298911387096144,0.16757910137008897,0.5995996680391577,5,1.0825705461304862,28,1.1673160189917933,-0.08474547286130707,-0.0443106095751548,1.4631973130056617,1.114628146144564,1.1230054094166384,-0.0404348632861522,0.1139424514162362,0.112588068805628,0.14526842882874771,0.11358603493976036,-0.3559844597762091,-1.0020443729699935,-0.3559844597762091,sudden,up,False,False,
Crestline Beverages,digital_video,2025-05,28,82182.18169716865,241749.4090777525,2.9416280279412597,1.8347522900442073,148826.04289081303,1.7707405545169967,0.008783431932779607,1.0266416917184342,0.07835376377129351,0.5742503140831309,5,1.0789631790875107,28,1.1218705765003858,-0.04290739741287508,-0.018040071985424566,1.0577258573344002,1.114628146144564,1.1038305045149612,-0.024867325427450515,0.09110998796756095,0.16726783164655656,0.14526842882874771,0.11115152577782297,-0.22372455306782715,-1.256686009632854,-0.22372455306782715,sudden,up,False,False,
Solstice Foods,affiliate,2025-05,28,116038.52375436676,617793.1719906707,5.32403508767856,4.181375474977005,500431.8946550192,4.04888822615748,0.0557108053619834,0.9580676419135031,0.24390884218384812,0.581818251605697,5,1.672231490984206,28,1.1440812856887694,0.5281502052954365,0.13825336667278493,1.3625643132647873,1.114628146144564,1.2823346523615544,0.38989683862265156,0.13403916248193903,0.14486996182120918,0.14526842882874771,0.13688937283437855,2.848262290560604,,2.848262290560604,sudden,up,True,True,sudden
Nimbus Home,audio,2025-05,28,49920.469716571104,137865.18686276666,2.7616965073748556,1.622006606571091,91000.32908675444,1.8405356728780986,0.005208852867256356,0.9182989903230311,0.05588032649911896,0.47026668512680225,5,1.0158451674778772,28,0.903961633946979,0.1118835335308982,-0.0031342828266082146,0.6776583429095856,1.114628146144564,0.9008273511203708,0.11501781635750641,0.07481891929079512,0.14249768594058,0.14526842882874771,0.0926291210407385,1.2417025560128256,0.09709654730829026,1.2417025560128256,sudden,up,False,True,sudden
Ridgeway Grocery,social,2025-05,28,80314.30454410514,292989.44217386184,3.6480356000961787,1.7383142197826011,148355.83892434812,1.9340023957866683,0.010313426976491562,1.1455166709876818,0.10777344285874496,0.5580779262135628,5,1.2941888309627627,28,1.3302431438944116,-0.036054312931648846,0.02894589788662883,1.048149182455519,1.114628146144564,1.3591890417810404,-0.06500021081827767,0.07222707300651754,0.15466376617352945,0.14526842882874771,0.09392093962941542,-0.6920736853224585,-0.7229683608680705,-0.6920736853224585,sudden,up,False,False,
Solstice Foods,digital_video,2025-05,28,128525.5726779787,300410.2403832336,2.3373577267452648,1.6601432709683888,209948.84726058593,1.7650167509953234,0.007468661846001897,1.1252959281447437,0.08960696067007343,0.5527409311146534,5,0.8490211147647984,28,0.8771632863848169,-0.02814217162001853,-0.018040071985424566,1.0577258573344002,1.114628146144564,0.8591232143993923,-0.010102099634593964,0.1344223417477734,0.16726783164655656,0.14526842882874771,0.1430658917211374,-0.07061151692455722,-0.3529472145254682,-0.07061151692455722,sudden,up,False,False,
Verdant Snacks,paid_search,2025-05,28,20020.66360499838,83360.01115428947,4.163698706444363,3.231886594082736,61265.63137001201,3.135491509672221,0.04729872386152975,1.559595234417613,0.15111039865781148,0.6557089068949306,5,1.4264037913731653,28,1.5376028693803305,-0.11119907800716522,0.06617137312424465,1.4690528064678767,1.114628146144564,1.6037742425045751,-0.1773704511314098,0.28029014378187844,0.1393316589161715,0.14526842882874771,0.24319580565932397,-0.7293318675893437,-0.4652678114625566,-0.4652678114625566,gradual,up,False,False,
Nimbus Home,digital_video,2025-05,28,42284.678281276894,119761.02412915567,2.8322557719963615,1.8966933975874838,77496.83287169551,1.9030218219090722,0.007922283256763222,1.0241988417290935,0.06393312379859381,,5,1.0410734867237885,28,1.2869334196576232,-0.24585993293383468,-0.018040071985424566,1.0577258573344002,1.114628146144564,1.2688933476721986,-0.2278198609484101,0.19843215663818223,0.16726783164655656,0.14526842882874771,0.19023101848249127,-1.1975957589134103,0.022835622490981956,0.022835622490981956,gradual,up,False,False,
Crestline Beverages,affiliate,2025-05,28,102574.7070832079,310059.9898309521,3.0227723641407382,1.9644489712388895,218146.4223423674,2.1918089013061803,0.029348786392035406,1.3137162414094816,0.12409143744124511,0.5270399044338038,5,1.1061744116523222,28,1.3816941257412747,-0.2755197140889525,0.13825336667278493,1.3625643132647873,1.114628146144564,1.5199474924140597,-0.41377308076173747,0.31049628557921843,0.14486996182120918,0.14526842882874771,0.2669104109060581,-1.5502320773368754,-1.299331655985894,-1.299331655985894,gradual,up,False,False,
Ridgeway Grocery,tv,2025-05,28,77182.83074342422,148019.58239811615,1.9177786169850612,1.362470982169981,121800.40402886357,1.5304529876428492,0.004200961641877016,,0.059786651155806406,0.5424093906344865,5,0.6511675459125676,28,0.736310019426176,-0.08514247351360837,-0.016800210229148245,0.5784765118409343,1.114628146144564,0.7195098091970278,-0.06834226328446014,0.25668159099547505,0.14146816636047096,0.14526842882874771,0.22636226872310555,-0.30191543701154033,0.4404835254540987,0.4404835254540987,gradual,up,False,False,
Aster Wellness,social,2025-05,28,50929.44868627325,93701.55250997066,1.8398304895694964,1.6892510725295318,79179.81069781292,1.5731048454470584,0.013499561679080122,0.8982880350255151,0.08897329640240587,0.6053990358869252,5,0.6096734421431349,28,0.7519591319505647,-0.14228568980742984,0.02894589788662883,1.048149182455519,1.114628146144564,0.7809050298371936,-0.17123158769405866,0.09782559821053632,0.15466376617352945,0.14526842882874771,0.11278301083237663,-1.5182391960483395,-0.7225125845794498,-0.7225125845794498,gradual,up,False,False,
Crestline Beverages,paid_search,2025-06,29,124112.23560136482,354988.9226845796,2.860225029099999,3.9611424972252234,518138.6611272601,3.853527203403244,0.04711143413804851,1.8798433576585956,0.11865675921090223,0.7460944183663863,6,1.0509003032400304,29,1.2860056861805518,-0.2351053829405214,-0.0032472236477435155,1.4811110011373796,1.1155334984439529,1.2827584625328083,-0.23185815929277798,0.10738478030214292,0.1405690611504611,0.1455207776353503,0.11589357026325015,-2.0006127929799415,-0.6835750964423238,-0.6835750964423238,gradual,up,False,False,
Nimbus Home,retail_media,2025-06,29,28992.8462069157,207568.93797504038,7.159315663376598,6.303368316005031,196719.32163451,5.59161219322007,0.030311475292389412,0.9151547733846871,0.3455685021464284,0.6208732556900699,6,1.9684143986640124,29,1.5072561208909754,0.461158277773037,-0.018991812674556664,1.4586480730240492,1.1155334984439529,1.4882643082164186,0.4801500904475937,0.14697189757401452,0.11180066969664382,0.1455207776353503,0.13795363401571434,3.4805178846749314,0.7778172630187645,3.4805178846749314,sudden,up,True,True,sudden
Ridgeway Grocery,audio,2025-06,29,53237.559074683166,98949.99255185116,1.8586500634456453,1.5624987190963868,82812.03241616259,1.5483438151213125,0.004880985457379945,0.8246603786498072,0.056903825755910124,0.444353130934028,6,0.6198504518838116,29,0.6774598269706444,-0.05760937508683284,0.05955453182196163,0.69925277210062,1.1155334984439529,0.7370143587926061,-0.11716390690879452,0.07955765416641337,0.1376178371434395,0.1455207776353503,0.09444488057077904,-1.240553285691217,-0.02403683147982706,-0.02403683147982706,gradual,up,False,False,
Pinebrook Pet Co.,affiliate,2025-06,29,11784.879823087838,40739.43968783551,3.4569244913319013,2.0423359623410025,23266.900208323328,2.1107335229633883,0.03368687332623211,1.1829836739957829,0.10898693547476936,0.6195161027823569,6,1.2403793184480931,9,1.4272096957112483,-0.1868303772631552,-0.048799242057888256,1.3708419087748842,1.1155334984439529,1.3784104536533601,-0.138031135205267,0.23367045189426064,0.15174718393364559,0.1455207776353503,0.19055294244130536,-0.7243715758825594,0.18994682125647822,0.18994682125647822,gradual,up,False,False,
Crestline Beverages,retail_media,2025-06,29,135028.3865694997,346690.74055548495,2.5675396808288284,3.227304408346199,451811.0150523112,3.267498319459344,0.020346073957100787,1.5289462665000104,0.1604515230634382,0.628759885638248,6,0.9429481177464564,29,1.1093018939826198,-0.16635377623616343,-0.018991812674556664,1.4586480730240492,1.1155334984439529,1.090310081308063,-0.1473619635616067,0.1139424514162362,0.11180066969664382,0.1455207776353503,0.11339327661634072,-1.2995652648807121,-0.912390057256044,-0.912390057256044,gradual,up,False,False,
Pinebrook Pet Co.,retail_media,2025-06,29,14198.313442680275,71616.94851463876,5.044046168142582,3.0137394622938762,47566.838646696924,3.3044800267805394,0.02209267088102757,1.3552206706479342,0.17127648224752487,0.6382977557117434,6,1.618208571142184,9,1.7317203970600081,-0.11351182591782405,-0.018991812674556664,1.4586480730240492,1.1155334984439529,1.7127285843854514,-0.09452001324326731,0.3061122331441083,0.11180066969664382,0.1455207776353503,0.20384298922439015,-0.4636902824223196,-0.5853065607934874,-0.4636902824223196,sudden,up,False,False,
Halcyon Personal Care,retail_media,2025-06,29,29284.91456944122,119364.98888808198,4.075988973949039,2.81731483300702,72834.82479031195,2.585283480946946,0.018878722639506025,1.5609626758263144,0.1702521841468026,0.6193877676889634,6,1.4051134102412748,29,1.4231262692820528,-0.018012859040777984,-0.018991812674556664,1.4586480730240492,1.1155334984439529,1.404134456607496,0.0009789536337787563,0.12724058072588015,0.11180066969664382,0.1455207776353503,0.12328162917992212,0.00794079085660064,-0.16527770500288724,0.00794079085660064,sudden,up,False,False,
Solstice Foods,paid_search,2025-06,29,106117.6041608755,429557.2732164717,4.047936029212061,3.0530276999262287,287395.71698770457,3.2838023889239594,0.04220526233066404,1.7420023626729182,0.1360076878920418,0.6779799344752003,6,1.3982071288000333,29,1.5042073707427335,-0.10600024194270019,-0.0032472236477435155,1.4811110011373796,1.1155334984439529,1.50096014709499,-0.10275301829495675,0.17430643963804235,0.1405690611504611,0.1455207776353503,0.16565582976943177,-0.6202801219732118,1.317128830764236,1.317128830764236,gradual,up,False,True,gradual
Aster Wellness,paid_search,2025-06,29,33755.59404188398,124877.26016683658,3.699453785701082,2.269107688909205,76737.9285558979,2.418418019819749,0.05395382816784544,1.871267717883703,0.15613235386022514,0.6828200855355404,6,1.30818518326627,29,1.3662057981502678,-0.05802061488399768,-0.0032472236477435155,1.4811110011373796,1.1155334984439529,1.3629585745025243,-0.05477339123625424,0.16034846375358813,0.1405690611504611,0.1455207776353503,0.15527682206047863,-0.3527467300620089,-0.17956455544125413,-0.17956455544125413,gradual,up,False,False,
Aster Wellness,display,2025-06,29,42263.45255783232,83466.44345712004,1.9749083050634944,1.3520137579874751,48080.51691728194,1.2663077389168265,0.0058987392272014105,0.6417863728318927,0.05410414960313609,0.505166497026112,6,0.6805219694593285,29,0.6892137417412882,-0.00869177228195972,-0.005930278807892103,0.988356187089213,1.1155334984439529,0.6832834629333961,-0.0027614934740676222,0.11767955312617036,0.15130805154499524,0.1455207776353503,0.12630224502843315,-0.021864167762385815,,-0.021864167762385815,sudden,up,False,False,
Solstice Foods,tv,2025-06,29,98084.08231934544,185104.84498046504,1.887205758604077,1.4393258503153619,152231.6727421207,1.4530080750911547,0.003668831245558947,,0.049981514603753066,0.5558765362252479,6,0.6350973005077308,29,0.7125628476552552,-0.0774655471475244,-0.08153051994170041,0.6051941214006873,1.1155334984439529,0.6310323277135548,0.004064972794176058,0.21508402550077838,0.13955945133100267,0.1455207776353503,0.19571875007263076,0.0207694602211978,0.5965402245608109,0.5965402245608109,gradual,up,False,True,gradual
Crestline Beverages,social,2025-06,29,149087.31733638915,377080.0205374214,2.5292561921052417,2.2145994282027277,369556.78526046977,2.3879418040840648,0.01180633314084043,1.053412135792903,0.08519302831772235,0.5988238692396295,6,0.9279252642990439,29,0.8194977631498686,0.10842750114917532,-0.11166029400617644,1.0553972855776586,1.1155334984439529,0.7078374691436922,0.2200877951553517,0.14015823363166788,0.15110626270226507,0.1455207776353503,0.14296542057284664,1.539447750886083,0.024564902264547918,1.539447750886083,sudden,up,False,True,sudden
Halcyon Personal Care,paid_search,2025-06,29,38799.726104391215,142613.90032319134,3.6756419346746574,2.6309725318538972,100783.67662939218,2.4733897976420103,0.04360925013813874,1.989285065807436,0.13362870025497828,0.6989970173024955,6,1.3017277935126537,29,1.3019880829863908,-0.00026028947373712974,-0.0032472236477435155,1.4811110011373796,1.1155334984439529,1.2987408593386474,0.002986934174006306,0.08823473640008693,0.1405690611504611,0.1455207776353503,0.101653794028388,0.029383400812095315,-0.07510546688278044,0.029383400812095315,sudden,up,False,False,
Verdant Snacks,display,2025-06,29,26762.767627203408,63483.785759978135,2.372093448789994,1.6720594329454856,41304.98041706215,1.5108465678935574,0.0076311971315905,0.7075539391864091,0.054011633169840506,0.4821854951316506,6,0.8637728769825528,29,0.9692592330173122,-0.10548635603475942,-0.005930278807892103,0.988356187089213,1.1155334984439529,0.9633289542094201,-0.09955607722686732,0.2134413358653648,0.15130805154499524,0.1455207776353503,0.19750972450116747,-0.5040565849519923,-0.32333110831746303,-0.32333110831746303,gradual,up,False,False,
Verdant Snacks,social,2025-06,29,36837.4423379495,93937.61179668426,2.5500579257075846,2.5707037424879475,98644.27476175448,2.5134070157465667,0.011779923489878151,0.9632350059061594,0.08927695566646975,0.6057235509561514,6,0.9361160748760898,29,1.1860616039499512,-0.24994552907386136,-0.11166029400617644,1.0553972855776586,1.1155334984439529,1.0744013099437748,-0.13828523506768498,0.13954861065900726,0.15110626270226507,0.1455207776353503,0.1425121111829195,-0.9703402322781592,,-0.9703402322781592,sudden,up,False,False,
Nimbus Home,social,2025-06,29,28163.976323877712,86938.71727077114,3.086876521660175,2.6310940080699723,68119.37883107434,2.393758009280465,0.014519539385328947,1.0820694115923803,0.10176724462304756,0.6802015269275244,6,1.127159745257818,29,1.093253671968046,0.03390607328977202,-0.11166029400617644,1.0553972855776586,1.1155334984439529,0.9815933779618695,0.1455663672959484,0.16411645149992382,0.15110626270226507,0.1455207776353503,0.1607805056543703,0.9053732397687085,0.08638468122570504,0.9053732397687085,sudden,up,False,True,sudden
Pinebrook Pet Co.,digital_video,2025-06,29,11422.758432133307,38550.51489185182,3.374886645891552,2.3980168487051583,31086.274817328645,2.6582339579808925,0.007813166456209232,1.4323054707846177,0.06048093533560097,0.5291834768252626,6,1.216361737357954,9,1.358415893488806,-0.14205415613085193,-0.08566834383340825,1.028168578503773,1.1155334984439529,1.2727475496553977,-0.05638581229744366,0.15841691407072786,0.16724445169952895,0.1455207776353503,0.16306298650693896,-0.34579160792596075,,-0.34579160792596075,sudden,up,False,False,
Solstice Foods,retail_media,2025-06,29,,,,,,,0.019152750369234615,1.7154859361792263,0.15477761541725055,0.6261892213502739,6,,29,1.2739984468734107,,-0.018991812674556664,1.4586480730240492,1.1155334984439529,1.255006634198854,,0.20416377078296322,0.11180066969664382,0.1455207776353503,0.18048092435057364,,,,sudden,up,False,False,
Halcyon Personal Care,digital_video,2025-06,29,38739.83475299495,69917.1664578075,1.8047874211028287,1.5449178330284692,51396.236731540004,1.3599606481321003,0.008246992503231,1.0204088188744505,0.07321714414221873,0.49074970679401847,6,0.590442812606949,29,0.7036835423353665,-0.11324072972841748,-0.08566834383340825,1.028168578503773,1.1155334984439529,0.6180151985019582,-0.02757238589500921,0.08886872376134962,0.16724445169952895,0.1455207776353503,0.10896506425831867,-0.25303877057002944,0.029344146199561084,0.029344146199561084,gradual,up,False,False,
Solstice Foods,affiliate,2025-06,29,125017.18266998511,464230.7348607583,3.7133354387469626,3.1062892536474997,371498.2600216101,3.4678664468992393,0.027324806176772385,1.134938085915414,0.127234106011361,0.5622392069130312,6,1.3119305128183798,29,1.332470315929485,-0.02053980311110526,-0.048799242057888256,1.3708419087748842,1.1155334984439529,1.2836710738715968,0.028259438946782955,0.17294194918393127,0.15174718393364559,0.1455207776353503,0.16750739399155032,0.1687056211274379,,0.1687056211274379,sudden,up,False,False,
Verdant Snacks,retail_media,2025-06,29,34464.37301588069,143887.9111760021,4.174975448115671,3.326915877230092,120093.41273518436,3.1451893936491424,0.024985387364342162,1.197634831238821,0.14484706040919684,0.6533965706191414,6,1.42910847759467,29,1.5846004386479222,-0.15549196105325214,-0.018991812674556664,1.4586480730240492,1.1155334984439529,1.5656086259733655,-0.1365001483786954,0.12288643011811665,0.11180066969664382,0.1455207776353503,0.12004392744594412,-1.1370849928261595,-0.7269953703627983,-0.7269953703627983,gradual,up,False,False,
Nimbus Home,audio,2025-06,29,48405.305475471716,130514.31572190142,2.696281212150114,1.7845422106230868,85477.18774776565,1.788151236426781,0.005401296804617317,0.8515589647123567,0.06429864439012284,0.4910110302638796,6,0.9918734947877872,29,0.903961633946979,0.08791186084080815,0.05955453182196163,0.69925277210062,1.1155334984439529,0.9635161657689406,0.028357329018846578,0.09112086679885496,0.1376178371434395,0.1455207776353503,0.10304316688720996,0.2751985393644416,0.11957558686397926,0.2751985393644416,sudden,up,False,False,
Solstice Foods,social,2025-06,29,128104.95007502589,404921.312537434,3.160856097288106,2.7467193951193662,345009.2803744095,2.55448106022242,0.010908878047499914,0.8423923806038857,0.09151835020865473,0.5998510564448104,6,1.1508429077707987,29,1.1534363041500177,-0.0025933963792190706,-0.11166029400617644,1.0553972855776586,1.1155334984439529,1.0417760101438414,0.10906689762695732,0.13874968363513757,0.15110626270226507,0.1455207776353503,0.14191803724209334,0.7685203357266255,0.4193465509811631,0.7685203357266255,sudden,up,False,True,sudden
Ridgeway Grocery,retail_media,2025-06,29,63379.8340706667,300343.11561544426,4.7387804026209706,2.80161013976791,167852.70574758796,2.5467335336653774,0.025385807488535122,1.3587956201040812,0.12798887906820164,0.6226058906890922,6,1.5557798035748003,29,1.6082456243234644,-0.05246582074866413,-0.018991812674556664,1.4586480730240492,1.1155334984439529,1.5892538116489077,-0.033474008074107386,0.11309352706655781,0.11180066969664382,0.1455207776353503,0.11276202517683627,-0.29685532892489824,0.5444005888922873,0.5444005888922873,gradual,up,False,False,
Aster Wellness,social,2025-06,29,50574.1989906017,92719.61557530948,1.8333382915770895,1.486636648336777,79896.37540878616,1.5867052300757432,0.011380270454108518,,0.09215182007209823,0.5929564776418568,6,0.6061385080632526,29,0.7519591319505647,-0.1458206238873121,-0.11166029400617644,1.0553972855776586,1.1155334984439529,0.6402988379443884,-0.03416032988113571,0.1288905387381969,0.15110626270226507,0.1455207776353503,0.13458687821616308,-0.25381619912655984,-0.3470858051055255,-0.25381619912655984,sudden,up,False,False,
Crestline Beverages,digital_video,2025-06,29,95401.45500128392,264188.23042506905,2.7692264276421525,1.6369792607047744,165012.29609314894,1.7744710398410883,0.0069845071637062274,1.1032753542343305,0.060053896615024284,0.5369797691300433,6,1.0185680131974548,29,1.0999166613656923,-0.0813486481682375,-0.08566834383340825,1.028168578503773,1.1155334984439529,1.014248317532284,0.004319695665170764,0.061588712475979496,0.16724445169952895,0.1455207776353503,0.088679927661505,0.04871108692892966,-0.37532480023388387,0.04871108692892966,sudden,up,False,False,
Crestline Beverages,ooh,2025-06,29,124228.15827959824,181654.5293279399,1.4622653337506066,0.8801840485533133,117576.35289723871,0.9346248900966565,0.0027490681702044334,,0.039177206184736066,0.39667567112917806,6,0.379986831694364,29,0.5892471095211207,-0.2092602778267567,-0.15141553286692475,0.5588645845359693,1.1155334984439529,0.4378315766541959,-0.05784474495983194,0.176875514234401,0.21384609967766685,0.1455207776353503,0.18635515152754611,-0.31040056840758495,0.2961515585045629,0.2961515585045629,gradual,up,False,False,
Aster Wellness,audio,2025-06,29,43947.36648568429,96926.75933486491,2.2055191718129112,1.3394089451657953,63458.60768438685,1.35964470465318,0.005121406979630804,0.8618690510800274,0.0545894023774488,0.46934823864971087,6,0.7909629332536685,29,0.6049134209453318,0.18604951230833666,0.05955453182196163,0.69925277210062,1.1155334984439529,0.6644679527672934,0.12649498048637509,0.15159229990068512,0.1376178371434395,0.1455207776353503,0.1480091043219042,0.8546432401297547,0.2878286510182994,0.8546432401297547,sudden,up,False,True,sudden
Aster Wellness,digital_video,2025-06,29,46621.412991324534,113104.71998684548,2.4260251401623623,1.5917803233025631,70528.04712292996,1.5915608827286833,0.008690125639081512,1.1055040631876498,0.05020332720599255,0.6077482965266012,6,0.8862541732721064,29,0.983365932513878,-0.09711175924177162,-0.08566834383340825,1.028168578503773,1.1155334984439529,0.8976975886804698,-0.011443415408363355,0.2705414265380743,0.16724445169952895,0.1455207776353503,0.24405502273331908,-0.04688866994090783,-0.35714342294784024,-0.04688866994090783,sudden,up,False,False,
Crestline Beverages,audio,2025-06,29,127679.53160718908,286106.8761776395,2.2408202205648604,2.545534736431412,347146.29077180906,2.4918839190840076,0.008498411497534974,0.6713239635790199,0.08076287024901992,0.45418037937796635,6,0.8068419687381404,29,0.5924274805976563,0.21441448814048414,0.05955453182196163,0.69925277210062,1.1155334984439529,0.6519820124196178,0.15485995631852256,0.1415264710368765,0.1376178371434395,0.1455207776353503,0.14052425721804648,1.1020158325991496,1.0479587509965562,1.1020158325991496,sudden,up,True,True,sudden
Aster Wellness,retail_media,2025-06,29,33909.64530333506,131579.41072832266,3.88029451653927,2.5776530713034456,85873.91695182005,2.631608361720791,0.023084557723830893,1.2419379580023708,0.10939519108175365,0.6438350394400589,6,1.355911057078997,29,1.2854734842581772,0.07043757282081975,-0.018991812674556664,1.4586480730240492,1.1155334984439529,1.2664816715836205,0.08942938549537649,0.09551499875547809,0.11180066969664382,0.1455207776353503,0.09969081181731546,0.8970674815975704,-0.12125767595359777,0.8970674815975704,sudden,up,False,True,sudden
Ridgeway Grocery,social,2025-06,29,65065.964718939176,293076.7932847291,4.504302588161293,1.970400410676692,131849.90075131776,1.9511909227272897,0.011404244191140334,0.8742126564427776,0.08778115951138159,0.5796939380825931,6,1.5050330706769752,29,1.3302431438944116,0.17478992678256366,-0.11166029400617644,1.0553972855776586,1.1155334984439529,1.2185828498882352,0.28645022078874005,0.0394545663836275,0.15110626270226507,0.1455207776353503,0.08,3.5806277598592504,0.23829313125111298,3.5806277598592504,sudden,up,False,True,sudden
Solstice Foods,digital_video,2025-06,29,119830.8154882792,234840.51650067008,1.9597673231527004,1.7762409222584652,205663.04469529106,1.779332849766949,0.008019689887796796,1.2252588042447266,0.07181910849377326,0.4943088789571708,6,0.6728257535183246,29,0.8607466663774218,-0.18792091285909718,-0.08566834383340825,1.028168578503773,1.1155334984439529,0.7750783225440135,-0.10225256902568891,0.13207959545689943,0.16724445169952895,0.1455207776353503,0.14109622526270188,-0.7247009538016245,-0.5310727485175665,-0.5310727485175665,gradual,up,False,False,
Ridgeway Grocery,tv,2025-06,29,60131.81904312557,119947.79494081791,1.9947474872628297,1.3788481902905216,78999.06937735667,1.3701109675201817,0.003917040621346027,,0.06402978810627209,0.535478503972554,6,0.6905174695302272,29,0.7179305551344474,-0.027413085604220178,-0.08153051994170041,0.6051941214006873,1.1155334984439529,0.636400035192747,0.054117434337480175,0.25668159099547505,0.13955945133100267,0.1455207776353503,0.22665027313278982,0.2387706557307957,0.2343228222626748,0.2387706557307957,sudden,up,False,False,
Crestline Beverages,affiliate,2025-06,29,126499.7148444473,330163.72330342565,2.609995790974055,1.997549264596504,249029.65997360245,2.0685824220973874,0.02438995334891654,1.4225223416930473,0.11271057797138083,0.56059192754712,6,0.959348608679683,29,1.2775023858004617,-0.31815377712077875,-0.048799242057888256,1.3708419087748842,1.1155334984439529,1.2287031437425735,-0.26935453506289053,0.31457065839702975,0.15174718393364559,0.1455207776353503,0.27282104956026454,-0.9872938158438971,-1.4040596872994417,-0.9872938158438971,sudden,up,False,False,
Solstice Foods,display,2025-06,29,142816.3446060485,334812.27174819156,2.344355421445311,1.740562633012432,221571.1341187256,1.6113517693788613,0.005869584011163266,0.6136264399822805,0.049872923758570956,0.48572052962341,6,0.8520104905294857,29,0.9102957168415519,-0.05828522631206612,-0.005930278807892103,0.988356187089213,1.1155334984439529,0.9043654380336598,-0.05235494750417402,0.2178816141170077,0.15130805154499524,0.1455207776353503,0.20081146986777373,-0.2607169179063708,-0.6505986983519423,-0.2607169179063708,sudden,up,False,False,
Crestline Beverages,tv,2025-06,29,96155.025653912,119738.62248072942,1.2452663983648777,1.3330776798037813,132513.32569446383,1.2831034159906147,0.0034016785916906977,,0.04963869447738206,0.5789374717662887,6,0.21934948161763662,29,0.3799214092522726,-0.16057192763463596,-0.08153051994170041,0.6051941214006873,1.1155334984439529,0.29839088931057217,-0.07904140769293555,0.13523153563913293,0.13955945133100267,0.1455207776353503,0.13634125761140722,-0.5797321300806486,0.12385791650551804,0.12385791650551804,gradual,up,False,False,
Nimbus Home,paid_search,2025-06,29,47142.08109883383,177555.56639293602,3.766392196829178,3.5364254967249855,178134.88998571128,3.5048417076756797,0.048463230448016106,1.9868645046842153,0.13921313795700058,0.674442713949924,6,1.326117566296728,29,1.300185454904648,0.02593211139207985,-0.0032472236477435155,1.4811110011373796,1.1155334984439529,1.2969382312569047,0.029179335039823284,0.12062203435293448,0.1405690611504611,0.1455207776353503,0.12573665660871053,0.23206705050722543,-0.005016826483752614,0.23206705050722543,sudden,up,False,False,
Verdant Snacks,affiliate,2025-06,29,27857.520085732274,107325.19214394412,3.852647034396742,3.105100175713451,90269.23128387764,3.1647852005472954,0.030091007449879057,1.1509738625563788,,0.5635920245588428,6,1.3487604534531352,29,1.3715540287920693,-0.022793575338934113,-0.048799242057888256,1.3708419087748842,1.1155334984439529,1.3227547867341811,0.0260056667189541,0.06747492149472574,0.15174718393364559,0.1455207776353503,0.08908319391496158,0.2919256211646272,-0.6477964737994695,0.2919256211646272,sudden,up,False,False,
Nimbus Home,display,2025-06,29,35027.19138878151,100861.71069551232,2.8795260680768213,2.554173290918257,85318.34505236855,2.2680802559553417,0.007034757978575603,0.6851985122353084,0.057942366568927095,0.5095920620350266,6,1.0576257209108741,29,0.941563554626974,0.11606216628390009,-0.005930278807892103,0.988356187089213,1.1155334984439529,0.935633275819082,0.12199244509179219,0.09759187331284033,0.15130805154499524,0.1455207776353503,0.1113652523467262,1.095426468500059,0.581242470696638,1.095426468500059,sudden,up,True,True,sudden
Verdant Snacks,paid_search,2025-06,29,19364.628029829393,103623.76150929727,5.351187812627982,3.8702191166491815,72742.43857226953,3.4450512158510027,0.03973281147717469,1.69900078905195,0.12221116953975876,0.7133497794333549,6,1.677318557316848,29,1.4955474769301738,0.18177108038667433,-0.0032472236477435155,1.4811110011373796,1.1155334984439529,1.4923002532824303,0.18501830403441777,0.2660431289899339,0.1405690611504611,0.1455207776353503,0.23387029108237675,0.7911150372205603,0.08430907150021807,0.7911150372205603,sudden,up,False,True,sudden
Halcyon Personal Care,social,2025-06,29,25491.231651708025,82322.84733495484,3.229457425194237,2.032758374970088,50224.38434299954,2.0072858994500953,0.011395389048127365,1.0622693991994712,0.08728451356166897,0.6138606893994658,6,1.1723141433083502,29,1.097640458403617,0.07467368490473314,-0.11166029400617644,1.0553972855776586,1.1155334984439529,0.9859801643974406,0.18633397891090953,0.22069716054439176,0.15110626270226507,0.1455207776353503,0.2028533405848721,0.9185650005746343,-0.07694937947182044,0.9185650005746343,sudden,up,False,True,sudden
Halcyon Personal Care,display,2025-06,29,24420.7461973822,58111.46066746633,2.3795939811902893,1.2744376665495158,34603.10545862534,1.3722218303201936,0.005068959717055968,0.8114263290052659,0.050723661733358565,0.47659919495754194,6,0.866929876991673,29,0.884263420841502,-0.017333543849828992,-0.005930278807892103,0.988356187089213,1.1155334984439529,0.8783331420336099,-0.011403265041936894,0.12685216270211666,0.15130805154499524,0.1455207776353503,0.13312290343105987,-0.08565967799704942,0.11096339527299601,0.11096339527299601,gradual,up,False,False,
Pinebrook Pet Co.,display,2025-06,29,16120.814277431815,38295.00033322803,2.3755003732558824,2.044740518949898,32402.31872216034,1.9216769359657362,0.005585784756941591,0.7195215106060144,0.03567611869019354,0.5507621762022505,6,0.8652080987721187,9,1.2890641318073945,-0.42385603303527586,-0.005930278807892103,0.988356187089213,1.1155334984439529,1.2831338529995024,-0.41792575422738376,0.24908783681314034,0.15130805154499524,0.1455207776353503,0.19762479193516924,-2.114743550821722,0.16841314016589343,0.16841314016589343,gradual,up,False,False,
Ridgeway Grocery,affiliate,2025-06,29,76840.3392447887,304616.1947745009,3.964274465318162,3.1048510415326294,268836.4662764235,3.3114882255600873,0.02896641247337078,1.2745144049670822,0.09656778999241535,0.530567633587827,6,1.3773228535557036,29,1.450077831636508,-0.07275497808080433,-0.048799242057888256,1.3708419087748842,1.1155334984439529,1.4012785895786197,-0.02395573602291612,0.23765118948728994,0.15174718393364559,0.1455207776353503,0.2156245213966119,-0.11109931221065905,-1.0765081206320355,-0.11109931221065905,sudden,up,False,False,
Ridgeway Grocery,display,2025-06,29,59650.19212629568,192284.1629286256,3.2235296496867556,1.5882181559671555,95988.89603838383,1.5749426842865146,0.005380877955270685,0.6459648221637161,0.046543078154838116,0.5384555757402953,6,1.1704769237056862,29,1.0865474674385818,0.08392945626710446,-0.005930278807892103,0.988356187089213,1.1155334984439529,1.0806171886306897,0.08985973507499656,0.18877691355665652,0.15130805154499524,0.1455207776353503,0.17916951304084594,0.5015347396435179,0.057701581454378245,0.5015347396435179,sudden,up,False,False,
Ridgeway Grocery,paid_search,2025-06,29,49966.34835465593,237943.7693413222,4.762080423656781,3.8963983919724083,216397.38807513186,4.509613276903523,0.049358273267413516,1.9208249397999542,0.1731591502102977,0.6776715317355159,6,1.5606846365522111,29,1.6563452117321131,-0.09566057517990201,-0.0032472236477435155,1.4811110011373796,1.1155334984439529,1.6530979880843697,-0.09241335153215857,0.11722818415074837,0.1405690611504611,0.1455207776353503,0.12321302440708498,-0.7500290815590485,-0.24294796403616428,-0.24294796403616428,gradual,up,False,False,
Nimbus Home,digital_video,2025-06,29,41562.094690144644,198620.62686936616,4.778888753084521,2.9108732074128487,126236.55536375521,2.5184410201610277,0.014602094967989676,0.7967578002299432,0.15372853332070202,0.5415386439281051,6,1.564208041041864,29,1.2869334196576232,0.27727462138424075,-0.08566834383340825,1.028168578503773,1.1155334984439529,1.201265075824215,0.362942965217649,0.17700309176196097,0.16724445169952895,0.1455207776353503,0.17450087636133738,2.079891933987233,0.08939573082517839,2.079891933987233,sudden,up,True,True,sudden
Verdant Snacks,digital_video,2025-06,29,23197.311802068645,58644.241075553786,2.528061939932373,1.9185771996930987,44984.415433179514,1.895229653580504,0.0078733076799261,1.1528805108542743,0.06317758200487537,0.5615624001852583,6,0.92745297753998,29,0.9636883069265445,-0.036235329386564485,-0.08566834383340825,1.028168578503773,1.1155334984439529,0.8780199630931362,0.04943301444684378,0.22967748027417617,0.16724445169952895,0.1455207776353503,0.21366901140888203,0.23135322301018002,-0.02628925164155327,0.23135322301018002,sudden,up,False,False,
Pinebrook Pet Co.,social,2025-06,29,17072.435117680187,45922.51665988415,2.68986329971914,2.338834463830542,46999.657075790245,2.5333688446124194,0.011117664284500551,0.9444178029797458,0.07823818168390094,0.5681762298141101,6,0.989490374374197,9,1.1158316540719047,-0.1263412796977077,-0.11166029400617644,1.0553972855776586,1.1155334984439529,1.0041713600657283,-0.014680985691531312,0.2248605931649843,0.15110626270226507,0.1455207776353503,0.18604252450039524,-0.07891198923985857,0.48759767389631037,0.48759767389631037,gradual,up,False,False,
Halcyon Personal Care,affiliate,2025-06,29,26931.977763198985,103858.03113897871,3.8563091077883924,2.0204951682347367,50785.83810648368,1.992592685514455,0.03571292676178134,1.0061138752809886,0.11593796763487343,0.6109092513404631,6,1.349710536343626,29,1.3542547090595498,-0.004544172715923889,-0.048799242057888256,1.3708419087748842,1.1155334984439529,1.3054554670016616,0.044255069341964326,0.1112254188487559,0.15174718393364559,0.1455207776353503,0.12161561502436864,0.3638929863825196,-0.5645271051411196,0.3638929863825196,sudden,up,False,False,
Pinebrook Pet Co.,paid_search,2025-06,29,19511.025488518575,114903.99194031997,5.8891826064158534,3.1779684222495996,53110.373744920485,3.0474436408092442,0.03916675073834021,1.9035828676798847,0.14012316399215224,0.7036616552473344,6,1.7731172115332907,9,1.814986239484451,-0.04186902795116021,-0.0032472236477435155,1.4811110011373796,1.1155334984439529,1.8117390158367075,-0.038621804303416774,0.18706746007890174,0.1405690611504611,0.1455207776353503,0.1625946185376172,-0.2375343332441313,0.793584914099744,0.793584914099744,gradual,up,False,True,gradual
Pinebrook Pet Co.,retail_media,2025-07,30,12850.987240964449,63584.82956984402,4.947855629889496,3.1528428425386297,40273.783923255265,3.1810555999148424,0.02292437635823769,1.6377163481039407,0.18603737660358616,0.6515184383976255,7,1.5989542766368052,10,1.7317203970600081,-0.1327661204232029,-0.060652909725076753,1.4550895860916062,1.1149773844346351,1.6710674873349314,-0.07211321069812615,0.2557715324128979,0.11365497607029987,0.14468433896534816,0.1847132542415989,-0.39040625966019976,-0.685248871397144,-0.39040625966019976,sudden,up,False,False,
Ridgeway Grocery,tv,2025-07,30,62822.53628095218,130936.43043729049,2.08422706545502,1.580585998165675,105716.58792059372,1.5880370151713068,0.00475587881788278,,0.05869184042829873,,7,0.7343980745080992,30,0.7179305551344474,0.016467519373651873,0.002440574046691244,0.6256281437864051,1.1149773844346351,0.7203711291811387,0.014026945326960583,0.25668159099547505,0.1369006843002007,0.14468433896534816,0.22673636432165645,0.06186455961277322,-0.00014224685199682358,0.06186455961277322,sudden,up,False,False,
Solstice Foods,social,2025-07,30,135880.06315028304,443471.86118594883,3.263700729189903,2.447134600539906,355402.5038207002,2.5931330673470185,0.011869089029462888,0.9453006236384538,0.09391332209044227,0.5975415283885406,7,1.1828617445372893,30,1.169653314137558,0.013208430399731297,-0.0542503935086704,1.0530412849520985,1.1149773844346351,1.1154029206288876,0.06745882390840174,0.14291417271645127,0.15501650484546484,0.14468433896534816,0.14593975574870466,0.46223747300605234,0.493075558536908,0.493075558536908,gradual,up,False,False,
Halcyon Personal Care,retail_media,2025-07,30,31663.73475273655,132067.66241599966,4.17094393467232,2.5649998498474584,77029.94885116683,2.423213202944197,0.019931427241409935,1.6137617411189413,0.1735947427824803,0.7228274182822677,7,1.428142373425192,30,1.3812028036635007,0.046939569761691224,-0.060652909725076753,1.4550895860916062,1.1149773844346351,1.320549893938424,0.10759247948676798,0.15171805978501113,0.11365497607029987,0.14468433896534816,0.14220228885633332,0.7566156659789663,0.5127345477748099,0.7566156659789663,sudden,up,False,True,sudden
Aster Wellness,digital_video,2025-07,30,50304.72307893192,233357.15251351873,4.6388716253812525,2.644282807285454,145006.6283250631,2.38931495659556,0.014300461154139363,0.774614273941075,0.15592210666866516,0.5316843008184583,7,1.5344711524790204,30,0.9322601042349369,0.6022110482440836,-0.04389965542466231,1.0266897644815576,1.1149773844346351,0.8883604488102745,0.6461107036687459,0.2705414265380743,0.1630612432358036,0.14468433896534816,0.2436713807125066,2.6515658169600704,0.23457208000807966,2.6515658169600704,sudden,up,True,True,sudden
Nimbus Home,paid_search,2025-07,30,48914.342622866476,170318.0313794265,3.4819650484233686,3.56635287485833,197670.6029936104,3.8367671862465937,0.051751037280116416,1.8785731283501919,0.12756195932230413,0.7259127765701642,7,1.2475968035079585,30,1.300185454904648,-0.052588651396689556,-0.01619350273670117,1.4744212235424499,1.1149773844346351,1.283991952167947,-0.0363951486599885,0.11978813199291369,0.1399044628081636,0.14468433896534816,0.12481721469672616,-0.29158757266310886,0.02616553109654607,0.02616553109654607,gradual,up,False,False,
Verdant Snacks,display,2025-07,30,26565.724227793955,73359.34683992462,2.76142845611465,1.6498324828056015,42678.58005665886,1.5416767655107695,0.006008212433230675,0.6359813429718144,0.05142886184531803,0.48926034270832724,7,1.0157481024061332,30,0.9581603141747093,0.057587788231423964,-0.03156192576756966,0.9929837115452043,1.1149773844346351,0.9265983884071396,0.08914971399899363,0.2134413358653648,0.15077186723592925,0.14468433896534816,0.1977739687080059,0.450765662343635,-0.24545135081782735,0.450765662343635,sudden,up,False,False,
Nimbus Home,retail_media,2025-07,30,30126.96313806179,174828.1352560495,5.803045413335246,3.605488894863556,105723.0658652719,4.304780006263237,0.01693181184624284,1.3066807345463907,0.151200438815137,0.5881923038509297,7,1.7583828510153898,30,1.5072561208909754,0.25112673012441444,-0.060652909725076753,1.4550895860916062,1.1149773844346351,1.4466032111658986,0.3117796398494912,0.14697189757401452,0.11365497607029987,0.14468433896534816,0.13864266719808585,2.248800071077944,2.0711082732862103,2.248800071077944,sudden,up,False,True,sudden
Verdant Snacks,digital_video,2025-07,30,,,,,,,0.008731869629077911,1.0713355302539602,,0.5287393560623488,7,,30,0.9553962620759897,,-0.04389965542466231,1.0266897644815576,1.1149773844346351,0.9114966066513274,,0.26007345358638284,0.1630612432358036,0.14468433896534816,0.23582040099873802,,,,sudden,up,False,False,
Aster Wellness,social,2025-07,30,58887.03114727288,164530.03146706783,2.7939943356218495,2.7172957495386076,161823.07599233088,2.275711689520535,0.02079157081806499,0.6056632487838087,0.1665420547431827,0.5831862545320298,7,1.0274722334962259,30,0.7519591319505647,0.2755131015456611,-0.0542503935086704,1.0530412849520985,1.1149773844346351,0.6977087384418943,0.32976349505433156,0.13136987764067137,0.15501650484546484,0.14468433896534816,0.13728153444186975,2.402096512069262,0.07000456854381805,2.402096512069262,sudden,up,True,True,sudden
Verdant Snacks,social,2025-07,30,31806.609521391576,96365.26341776505,3.029724477642122,2.4251050536750913,79340.571065148,2.5053839436489924,0.012323422390813524,0.9837051802628873,0.10229508393595767,0.604157843240189,7,1.108471683915514,30,1.1533519141162547,-0.04488023020074072,-0.0542503935086704,1.0530412849520985,1.1149773844346351,1.0991015206075843,0.009370163307929724,0.13687174580389946,0.15501650484546484,0.14468433896534816,0.1414079355642908,0.06626334845026856,,0.06626334845026856,sudden,up,False,False,
Halcyon Personal Care,display,2025-07,30,30482.879278822482,56536.94458132967,1.8547114288054756,1.097777697766793,29920.792256173434,1.13310911348771,0.006505987441519321,0.6865144315822371,0.05722368329960114,0.5035157509519403,7,0.6177291199718,30,0.8641397447980449,-0.24641062482624487,-0.03156192576756966,0.9929837115452043,1.1149773844346351,0.8325778190304752,-0.2148486990586752,0.10075059227720391,0.15077186723592925,0.14468433896534816,0.11325591101688526,-1.897019741659608,-0.6976257082408176,-0.6976257082408176,gradual,up,False,False,
Pinebrook Pet Co.,paid_search,2025-07,30,16930.993560017185,111149.74043130723,6.564868153620302,3.12946220261065,52993.59300392103,3.1355782915705706,0.043552182582538915,2.088672295374887,0.1531813754148226,0.7352993799574434,7,1.8817324243269353,10,1.8225791814971224,0.059153242829812935,-0.01619350273670117,1.4744212235424499,1.1149773844346351,1.8063856787604213,0.075346745566514,0.20936262652789386,0.1399044628081636,0.14468433896534816,0.17463354466802872,0.4314563144769529,0.6097899327619194,0.6097899327619194,gradual,up,False,True,gradual
Halcyon Personal Care,affiliate,2025-07,30,36288.014443123146,155125.1724031915,4.274832194148581,2.2534621991044173,87334.54774506966,2.276862363277115,0.0322045012599216,1.166606847268088,0.11785408628767874,0.6001523914749342,7,1.4527448487875696,30,1.3469796952949813,0.1057651534925883,-0.0568394972674553,1.3621648753960756,1.1149773844346351,1.290140198027526,0.1626046507600436,0.16180309141360238,0.1510435803879909,0.14468433896534816,0.15911321365719952,1.0219430996495753,0.03624435888160847,1.0219430996495753,sudden,up,False,True,sudden
Solstice Foods,tv,2025-07,30,96939.21021435014,197394.35269145577,2.0362694543826088,1.3040517187081628,124933.28022352206,1.3136182363274465,0.0031924634510296763,,0.06796291296810573,0.5672926579650959,7,0.7111194349130868,30,0.7141798515514117,-0.003060416638324903,0.002440574046691244,0.6256281437864051,1.1149773844346351,0.716620425598103,-0.005500990685016194,0.15705142061497482,0.1369006843002007,0.14468433896534816,0.1520137365362813,-0.03618745785979194,0.22939376293736238,0.22939376293736238,gradual,up,False,False,
Ridgeway Grocery,paid_search,2025-07,30,42087.96702026663,253059.44029405585,6.012631595443897,4.196064968197849,162857.50459668043,4.1259403643784625,0.04398040927543411,1.8268954950209044,0.13391565888412038,0.7074197998232234,7,1.793862522168479,30,1.6563452117321131,0.13751731043636584,-0.01619350273670117,1.4744212235424499,1.1149773844346351,1.640151708995412,0.1537108131730669,0.12427405141083492,0.1399044628081636,0.14468433896534816,0.1281816542601671,1.1991639057886077,-0.1972359033485255,1.1991639057886077,sudden,up,False,True,sudden
Ridgeway Grocery,affiliate,2025-07,30,73387.83060216822,306485.6136763639,4.17624572305192,2.661923255173265,195806.02760521317,2.834833038277048,0.0325912537380084,1.2146379998809647,0.125344556295084,0.6624351593746459,7,1.4294126905762234,30,1.4616392941689327,-0.032226603592709235,-0.0568394972674553,1.3621648753960756,1.1149773844346351,1.4047997969014774,0.02461289367474606,0.23765118948728994,0.1510435803879909,0.14468433896534816,0.2159992872124652,0.11394895785251306,-0.43980913280055695,0.11394895785251306,sudden,up,False,False,
Ridgeway Grocery,audio,2025-07,30,54013.724741188555,113396.25425603404,2.099397047683381,1.6063148981031625,78025.72459053203,1.51248946921391,0.005280499007638459,1.02018287640894,0.04750826008406128,0.4797845837333149,7,0.7416501833517243,30,0.6774598269706444,0.06419035638107984,-0.02652729471193111,0.7159486462995549,1.1149773844346351,0.6509325322587133,0.090717651093011,0.11514620733647722,0.13966024461181514,0.14468433896534816,0.1212747166553117,0.7480343273103633,-0.006687248005985413,0.7480343273103633,sudden,up,False,True,sudden
Pinebrook Pet Co.,affiliate,2025-07,30,12580.810520171535,43460.31597433948,3.4544925308792354,2.2631742719359647,26225.553672189366,2.097265926083348,0.028413728976868214,1.1295555660702572,0.12664237852158883,0.596641864663322,7,1.2396755668020203,10,1.4272096957112483,-0.18753412890922805,-0.0568394972674553,1.3621648753960756,1.1149773844346351,1.370370198443793,-0.13069463164177275,0.1507771640572211,0.1510435803879909,0.14468433896534816,0.150910372222606,-0.8660414106525874,-0.32074040081548094,-0.32074040081548094,gradual,up,False,False,
Pinebrook Pet Co.,display,2025-07,30,14971.471255193612,47258.91681991466,3.156598039990259,1.9671245058351667,30461.92643109771,1.9999733762610101,0.005737658193608013,0.6832173054565855,0.06539987425602073,0.48218799141459195,7,1.1494948780581564,10,1.2890641318073945,-0.13956925374923812,-0.03156192576756966,0.9929837115452043,1.1149773844346351,1.2575022060398249,-0.10800732798166846,0.2872658146056553,0.15077186723592925,0.14468433896534816,0.21901884092079227,-0.4931417202629115,-0.42025352242611663,-0.42025352242611663,gradual,up,False,False,
Crestline Beverages,retail_media,2025-07,30,149226.6342902484,354635.6510981047,2.376490314780753,3.2022689327176246,490006.46971968544,3.2425828630506692,0.021511048232232835,1.2714886130621172,0.2076349451976225,0.626575616262599,7,0.8656247416505163,30,1.0837471940661874,-0.21812245241567108,-0.060652909725076753,1.4550895860916062,1.1149773844346351,1.0230942843411106,-0.15746954269059432,0.14489768018087335,0.11365497607029987,0.14468433896534816,0.13708700415322997,-1.1486832297726897,-0.9347443181432036,-0.9347443181432036,gradual,up,False,False,
Nimbus Home,digital_video,2025-07,30,38389.74077373106,114723.88475164426,2.988399568203033,2.025859637907383,89332.22733294069,2.3701971479076196,0.007188460223947165,1.1143526948942226,0.061253845295802044,0.5376043552442792,7,1.0947379826284778,30,1.4529630196125822,-0.35822503698410446,-0.04389965542466231,1.0266897644815576,1.1149773844346351,1.40906336418792,-0.31432538155944223,0.17700309176196097,0.1630612432358036,0.14468433896534816,0.17351762963042164,-1.8114896003877508,-0.2064874278475396,-0.2064874278475396,gradual,up,False,False,
Crestline Beverages,digital_video,2025-07,30,88695.81176945254,212672.01635331026,2.397768418943046,1.803104386305299,157288.2531246281,1.7721249787081228,0.008040907908761491,0.9557134785307306,0.07483558326629114,0.5757013772065542,7,0.8745384793576726,30,1.0487655961424829,-0.1742271167848103,-0.04389965542466231,1.0266897644815576,1.1149773844346351,1.0048659407178206,-0.13032746136014806,0.061588712475979496,0.1630612432358036,0.14468433896534816,0.08695684516593552,-1.4987602311405215,-0.3719497105065375,-0.3719497105065375,gradual,up,False,False,
Verdant Snacks,affiliate,2025-07,30,29600.66212977829,117152.0404776423,3.9577506734144046,3.144259263281979,92713.74036994399,3.0929898931259228,0.03490683634176883,1.1531920604675094,0.13121544280126685,0.6342392608834093,7,1.3756758521225545,30,1.3534116869063504,0.022264165216204113,-0.0568394972674553,1.3621648753960756,1.1149773844346351,1.296572189638895,0.07910366248365941,0.06747492149472574,0.1510435803879909,0.14468433896534816,0.08836708621804204,0.8951711080353433,-0.17653657931995295,0.8951711080353433,sudden,up,False,True,sudden
Halcyon Personal Care,paid_search,2025-07,30,43487.51159530521,145021.9345791334,3.3347949620274333,2.493906885101764,108648.11788614723,2.4484520922476882,0.04424196749969892,1.6186396873477507,0.14431435430986012,0.6824368046788326,7,1.20441119682613,30,1.3024183215761722,-0.09800712475004225,-0.01619350273670117,1.4744212235424499,1.1149773844346351,1.2862248188394712,-0.08181362201334119,0.06547701331842108,0.1399044628081636,0.14468433896534816,0.08408387569085671,-0.9730001304190313,-0.37353403091337484,-0.37353403091337484,gradual,up,False,False,
Crestline Beverages,tv,2025-07,30,99214.531590725,110715.2526168312,1.1159177072321262,1.2543656394011224,132698.22379161147,1.3350816019084193,0.0032036740452664053,,0.0625123132154364,0.5575111555932121,7,0.10967712220094918,30,0.37147004900295977,-0.2617929268020106,0.002440574046691244,0.6256281437864051,1.1149773844346351,0.373910623049651,-0.26423350084870184,0.13523153563913293,0.1369006843002007,0.14468433896534816,0.13564882280439988,-1.9479232873971628,-0.37273005367747714,-0.37273005367747714,gradual,up,False,False,
Crestline Beverages,audio,2025-07,30,,,,,,,0.005039345280459276,0.8253224950935734,0.045965499781339014,0.3978568943897349,7,,30,0.5924274805976563,,-0.02652729471193111,0.7159486462995549,1.1149773844346351,0.5659001858857251,,0.13503481098846612,0.13966024461181514,0.14468433896534816,0.13619116939430337,,,,sudden,up,False,False,
Solstice Foods,affiliate,2025-07,30,131387.62211463717,575934.4692143934,4.383475855220853,3.857116584970268,488819.7838077615,3.689106772379215,0.034768709271506104,1.0797879492455023,0.16401787962808706,0.5826507385762709,7,1.477841983926133,30,1.4036454863227235,0.07419649760340952,-0.0568394972674553,1.3621648753960756,1.1149773844346351,1.3468059890552682,0.1310359948708648,0.1653441613095605,0.1510435803879909,0.14468433896534816,0.1617690160791681,0.8100191127251286,1.2756623414710566,1.2756623414710566,gradual,up,True,True,gradual
Aster Wellness,display,2025-07,30,48334.92971032941,98722.71820125473,2.042471537517457,1.5107458462050594,77867.98732819602,1.446420163813562,0.006464633311127849,0.6464373712213918,0.04444176118367553,0.5057986483939277,7,0.7141606125349542,30,0.6805219694593285,0.033638643075625696,-0.03156192576756966,0.9929837115452043,1.1149773844346351,0.6489600436917589,0.06520056884319536,0.10342332911356474,0.15077186723592925,0.14468433896534816,0.11526046364415587,0.5656802582756335,,0.5656802582756335,sudden,up,False,True,sudden
Crestline Beverages,paid_search,2025-07,30,153328.49803541022,511884.8944930904,3.338485024322575,3.4979317234751344,493937.40416209993,3.5010621045080295,0.042665407698043334,1.8864860892670499,0.12257257728745183,0.6758189353835852,7,1.205517118555411,30,1.2749351842370713,-0.06941806568166031,-0.01619350273670117,1.4744212235424499,1.1149773844346351,1.25874168150037,-0.05322456294495903,0.10738478030214292,0.1399044628081636,0.14468433896534816,0.11551470092864809,-0.46076008089944454,-1.2580691966155932,-0.46076008089944454,sudden,up,False,False,
Ridgeway Grocery,display,2025-07,30,54360.99351068807,149165.4530618719,2.743979523342303,1.5499375671453564,92515.91747641272,1.6463308665156409,0.0073429355429195965,0.6580830709041823,0.037301352526549286,0.4837010668764072,7,1.0094092474969847,30,1.0955912449452603,-0.0861819974482756,-0.03156192576756966,0.9929837115452043,1.1149773844346351,1.0640293191776906,-0.05462007168070593,0.1683924986679948,0.15077186723592925,0.14468433896534816,0.16398734080997843,-0.3330749276799198,-0.2150402610682539,-0.2150402610682539,gradual,up,False,False,
Ridgeway Grocery,retail_media,2025-07,30,62905.90189037805,337448.11205620324,5.364331516051574,2.6307975666870127,161003.09534775215,2.5106320899606933,,1.3478226070441932,0.18943836838929823,0.6248678215638451,7,1.6797717673969685,30,1.6183236564618328,0.06144811093513569,-0.060652909725076753,1.4550895860916062,1.1149773844346351,1.557670746736756,0.12210102066021244,0.12120947235316394,0.11365497607029987,0.14468433896534816,0.11932084828244793,1.023299971612534,0.5702637548804388,1.023299971612534,sudden,up,False,True,sudden
Crestline Beverages,affiliate,2025-07,30,140563.72541501917,342529.34967637726,2.4368260635170826,2.3760075868537185,359152.44479709084,2.35211697757177,0.03350603735305019,1.1432167363465988,0.10829945136424102,,7,0.890696398898131,30,1.191838398726392,-0.30114199982826106,-0.0568394972674553,1.3621648753960756,1.1149773844346351,1.1349989014589368,-0.24430250256080577,0.31457065839702975,0.1510435803879909,0.14468433896534816,0.27368888889477,-0.8926285007307588,-1.1433847979705103,-0.8926285007307588,sudden,up,False,False,
Nimbus Home,audio,2025-07,30,44360.732822893646,132805.6602476047,2.99376614849488,1.901023918716249,82264.70015649503,1.8304232043742208,0.005071072408935521,0.8917272961566158,0.061488780853930315,0.4657647879647628,7,1.0965321762318112,30,0.929966552416887,0.16656562381492424,-0.02652729471193111,0.7159486462995549,1.1149773844346351,0.9034392577049558,0.1930929185268554,0.11256270931351688,0.13966024461181514,0.14468433896534816,0.11933709313809145,1.6180461032632751,1.0449823995468475,1.6180461032632751,sudden,up,False,True,sudden
Solstice Foods,digital_video,2025-07,30,115530.36773107994,242809.9625259934,2.1016981707457405,2.041497238517377,238091.50543026972,1.9064731842038398,0.006735370279008503,0.8770840866852948,0.08327794431398908,0.5637922026232888,7,0.7427456706819782,30,0.8607466663774218,-0.11800099569544364,-0.04389965542466231,1.0266897644815576,1.1149773844346351,0.8168470109527595,-0.0741013402707813,0.12013020982185399,0.1630612432358036,0.14468433896534816,0.1308629681753414,-0.5662514101888166,-0.45385462697166606,-0.45385462697166606,gradual,up,False,False,
Aster Wellness,retail_media,2025-07,30,38078.120218465054,136653.88941087213,3.5887771934866985,2.6717441605124335,90738.07455870134,2.4701570636661,0.01855225980930045,1.3514777262995443,0.17123096610675523,0.7000884499791045,7,1.2778115298501889,30,1.329447765645022,-0.05163623579483323,-0.060652909725076753,1.4550895860916062,1.1149773844346351,1.2687948559199453,0.009016673930243524,0.13997223006758772,0.11365497607029987,0.14468433896534816,0.13339291656826574,0.0675948480789766,0.3456956628450947,0.3456956628450947,gradual,up,False,False,
Solstice Foods,retail_media,2025-07,30,106878.55448780455,297707.56519829086,2.785475221151695,2.4233804597473694,215515.26395117413,2.312399978309498,0.01920821740024289,1.3573547352838482,0.1666892854320816,0.6674206154192275,7,1.024418494783699,30,1.3447403855678273,-0.3203218907841283,-0.060652909725076753,1.4550895860916062,1.1149773844346351,1.2840874758427505,-0.25966898105905156,0.21316261394753397,0.11365497607029987,0.14468433896534816,0.18828570447822543,-1.3791221260192983,,-1.3791221260192983,sudden,up,False,False,
Halcyon Personal Care,social,2025-07,30,25861.394866134382,67738.98866614031,2.6193091678455764,2.356819096169111,58684.96321738297,2.1215119367435618,0.012385363821929118,0.9938361002533507,0.12136585570244728,0.5968470565787131,7,0.9629106066094548,30,1.097640458403617,-0.1347298517941622,-0.0542503935086704,1.0530412849520985,1.1149773844346351,1.0433900648949466,-0.08047945828549175,0.22069716054439176,0.15501650484546484,0.14468433896534816,0.20427699661966003,-0.39397220253504667,-0.06904300736414065,-0.06904300736414065,gradual,up,False,False,
Ridgeway Grocery,social,2025-07,30,79789.53606046471,299935.58248204563,3.7590841768368435,1.7976196418590733,153586.59888233655,1.9296567540828966,0.011077361411957039,0.9898446505543249,0.10668172724611764,0.6072156614352957,7,1.3241753577436144,30,1.3422428229268877,-0.01806746518327329,-0.0542503935086704,1.0530412849520985,1.1149773844346351,1.2879924294182172,0.03618292832539716,0.0394545663836275,0.15501650484546484,0.14468433896534816,0.08,0.45228660406746446,0.7424090396898346,0.7424090396898346,gradual,up,False,True,gradual
Aster Wellness,audio,2025-07,30,51909.432836544445,136826.92541265872,2.6358778729774914,1.8992306601052875,98896.46401158639,1.6788762692283097,0.008067885490753988,0.6107917146725348,0.09176902425113705,0.4480781525036998,7,0.969216285133548,30,0.6049134209453318,0.3643028641882161,-0.02652729471193111,0.7159486462995549,1.1149773844346351,0.5783861262334007,0.3908301589001473,0.15159229990068512,0.13966024461181514,0.14468433896534816,0.14860928607846763,2.6299174783316293,1.4038002484635854,2.6299174783316293,sudden,up,True,True,sudden
Crestline Beverages,social,2025-07,30,166066.8741978556,314525.90028357675,1.8939713401773548,2.465108343910331,390821.5983711182,2.4115037805876014,0.011798734505477403,0.8180630016338334,0.09131964430096502,0.5465003511053917,7,0.6386758627472623,30,0.8194977631498686,-0.18082190040260626,-0.0542503935086704,1.0530412849520985,1.1149773844346351,0.7652473696411981,-0.12657150689393581,0.15117182506899157,0.15501650484546484,0.14468433896534816,0.1521329950131099,-0.8319793275812959,0.04156133298217263,0.04156133298217263,gradual,up,False,False,
Solstice Foods,display,2025-07,30,135520.4300520849,330417.6372037292,2.4381389365185675,1.6631502041901935,255996.3411719734,1.799912074731657,0.0051031321467804956,0.7238974706802296,0.04328159817124075,0.4899923149795849,7,0.8912350173428645,30,0.9102957168415519,-0.019060699498687383,-0.03156192576756966,0.9929837115452043,1.1149773844346351,0.8787337910739822,0.012501226268882282,0.16381527193532833,0.15077186723592925,0.14468433896534816,0.16055442076047857,0.07786285927020412,-0.21491588331358064,0.07786285927020412,sudden,up,False,False,
Verdant Snacks,paid_search,2025-07,30,23484.717809256013,100922.82225917374,4.2973827950105115,3.7190119677883113,83869.0157231336,3.5060458601005204,0.04839934389467479,1.9087625093639846,0.1429298963318216,0.7306481556659676,7,1.4580061850723602,30,1.4955474769301738,-0.03754129185781352,-0.01619350273670117,1.4744212235424499,1.1149773844346351,1.4793539741934727,-0.02134778912111246,0.2660431289899339,0.1399044628081636,0.14468433896534816,0.2345084624444913,-0.09103206297369985,-0.006499754076107426,-0.006499754076107426,gradual,up,False,False,
Nimbus Home,social,2025-07,30,29773.428378006083,71022.71750143143,2.385439681306456,1.9993932681091549,53347.77416723063,2.0376111311500797,0.011702262617630136,0.9860681951256156,0.08495375771619147,0.5739270853571198,7,0.8693834600984628,30,1.093253671968046,-0.2238702118695831,-0.0542503935086704,1.0530412849520985,1.1149773844346351,1.0390032784593755,-0.16961981836091267,0.16411645149992382,0.15501650484546484,0.14468433896534816,0.16184146483630907,-1.0480615615563715,-0.009188086840997551,-0.009188086840997551,gradual,up,False,False,
Verdant Snacks,retail_media,2025-07,30,36871.47168753906,195907.57311341184,5.313256133999664,2.9827562302801947,98515.95250425785,2.876598574082705,0.02115995119740122,1.3273576844015904,0.15575006942493996,0.6959271597222092,7,1.6702048552282434,30,1.5401877610519463,0.13001709417629703,-0.060652909725076753,1.4550895860916062,1.1149773844346351,1.4795348513268696,0.19067000390137379,0.17206158968886756,0.11365497607029987,0.14468433896534816,0.15745993628422564,1.2109112222502223,0.018731781164687628,1.2109112222502223,sudden,up,False,True,sudden
Nimbus Home,display,2025-07,30,34787.246114761394,131885.49113117871,3.791202404930101,2.5430212526584635,97082.96274522375,2.537113394752847,0.007612375360371297,0.4919255174792387,0.07185185292177382,0.4553673345865488,7,1.332683226016393,30,0.9720611229500041,0.36062210306638887,-0.03156192576756966,0.9929837115452043,1.1149773844346351,0.9404991971824345,0.39218402883395853,0.12416720264541653,0.15077186723592925,0.14468433896534816,0.1308183687930447,2.9979278327067016,1.513684546028827,2.9979278327067016,sudden,up,True,True,sudden
Aster Wellness,paid_search,2025-07,30,36402.445838050226,136541.68259949968,3.750893091276228,2.423525882219968,90252.76032859391,2.409423117531584,0.03962778334257873,2.0739396535729444,0.13910730516530184,0.6866201952139364,7,1.3219939693009433,30,1.3464458845611098,-0.024451915260166546,-0.01619350273670117,1.4744212235424499,1.1149773844346351,1.3302523818244087,-0.008258412523465486,0.16034846375358813,0.1399044628081636,0.14468433896534816,0.155237463517232,-0.05319857936579058,-0.17907707057751276,-0.05319857936579058,sudden,up,False,False,
Crestline Beverages,ooh,2025-07,30,128397.05447243818,206431.7857307703,1.607761070368504,0.8586806087104969,110554.13853751692,0.9056378422509217,0.0028875722194129333,,0.03886626482919477,0.41402040255514594,7,0.4748425716371837,30,0.5232681609462242,-0.048425589309040507,-0.06975092705615527,0.5186010618885468,1.1149773844346351,0.4535172338900689,0.02132533774711476,0.18154957160175295,0.21352110155560516,0.14468433896534816,0.18954245409021597,0.11250955808013649,0.25240831844800027,0.25240831844800027,gradual,up,False,False,
Halcyon Personal Care,digital_video,2025-07,30,42126.62824432437,78490.84167718902,1.863212057275529,1.4076008761671275,63731.390058488614,1.4523595365568571,0.008363636654826716,1.1193831115986224,0.07871315970252303,0.5983106953816124,7,0.6223019108398814,30,0.6387017005059716,-0.016399789666090236,-0.04389965542466231,1.0266897644815576,1.1149773844346351,0.5948020450813093,0.027499865758572106,0.12885957482995214,0.1630612432358036,0.14468433896534816,0.137409991931415,0.2001300296436814,0.18222678707384465,0.2001300296436814,sudden,up,False,False,
Pinebrook Pet Co.,digital_video,2025-07,30,10497.814046544705,36127.308740547924,3.4414125245854414,2.434648176354458,24985.79000757307,2.4688480404323685,0.009180777946280635,1.1556420763310682,0.06448539417112618,0.6090010791970295,7,1.2358820047170127,10,1.358415893488806,-0.12253388877179328,-0.04389965542466231,1.0266897644815576,1.1149773844346351,1.3145162380641437,-0.07863423334713104,0.19323767207221237,0.1630612432358036,0.14468433896534816,0.17814945765400797,-0.4413947389042862,,-0.4413947389042862,sudden,up,False,False,
Solstice Foods,paid_search,2025-07,30,104706.46194750498,442254.9084128367,4.223759452731418,3.5319047716389433,351104.8475269908,3.443566119653398,0.056782221632042336,1.6006797521367009,0.1869917731841372,0.6625149741246208,7,1.440725597038867,30,1.5042073707427335,-0.06348177370386643,-0.01619350273670117,1.4744212235424499,1.1149773844346351,1.4880138680060324,-0.04728827096716537,0.17088275532565214,0.1399044628081636,0.14468433896534816,0.16313818219628,-0.2898663594906948,0.22564053277960683,0.22564053277960683,gradual,up,True,False,
Pinebrook Pet Co.,social,2025-07,30,14711.876901074196,51505.2482133333,3.500929797038515,2.0420731483213195,25583.220759895637,2.0252419522497376,0.012742054486632197,0.9968054709135956,0.09842159973837296,0.6038861064375278,7,1.2530285895117008,10,1.1158316540719047,0.13719693543979616,-0.0542503935086704,1.0530412849520985,1.1149773844346351,1.0615812605632342,0.1914473289484666,0.19987636961876107,0.15501650484546484,0.14468433896534816,0.17744643723211295,1.0789020728437588,0.326129157836095,1.0789020728437588,sudden,up,False,True,sudden
Ridgeway Grocery,display,2025-08,31,64445.63477061465,185755.31752368325,2.88235686070676,1.4819720118111561,88069.73167096142,1.482159888121869,0.006739021748684294,0.830084560808965,0.04383343700516661,0.50956905479385,8,1.0586083138905251,31,1.0865474674385818,-0.02793915354805665,-0.08272597639735636,0.9731110201538647,1.1156315054780754,1.0038214910412253,0.05478682284929981,0.17240233861920284,0.15091173482138215,0.14419369731956153,0.16716072793680756,0.3277493674830795,0.11026870654370614,0.3277493674830795,sudden,up,False,False,
Ridgeway Grocery,paid_search,2025-08,31,54957.052692320896,231926.44191657784,4.220139737387786,3.8206205165963985,203072.99045316107,3.8571365011530876,0.042167281453880795,1.6678926771976261,0.11238024393843901,0.7115878951944242,8,1.4398682406247607,31,1.6671859661446111,-0.2273177255198504,-0.010442825412994385,1.4800807168051324,1.1156315054780754,1.6567431407316167,-0.21687490010685595,0.13604425116487173,0.13560277930139975,0.14419369731956153,0.13593657510061027,-1.595412418963337,-0.25472835438528385,-0.25472835438528385,gradual,up,False,False,
Pinebrook Pet Co.,social,2025-08,31,14062.33178622597,40959.27453714617,2.9126943639081047,2.439672919662078,31386.267721930562,2.237544608844766,0.012292029409807021,0.8857699470198342,0.09287397227869729,0.5428018862722102,8,1.0690785510542276,11,1.1802999491260815,-0.11122139807185394,-0.04827364348456785,1.0522518608586482,1.1156315054780754,1.1320263056415136,-0.06294775458728608,0.2371399606208193,0.15559472476745337,0.14419369731956153,0.1983088959287403,-0.31742274743895266,0.07584081512943863,0.07584081512943863,gradual,up,True,False,
Solstice Foods,digital_video,2025-08,31,122414.87974274223,319355.1528294986,2.608793583759025,1.5506134408489218,183007.31455711124,1.6524126164737467,0.006997809840542608,1.0102451907915535,0.07236339488125369,0.5123219567964262,8,0.9588878860292859,31,0.8135644701124438,0.14532341591684206,-0.03353114209650192,1.0197990930762313,1.1156315054780754,0.7800333280159419,0.17885455801334393,0.08129908739109822,0.1642420605838323,0.14419369731956153,0.10152908085274068,1.7616091518917354,0.05229519865569938,1.7616091518917354,sudden,up,False,True,sudden
Aster Wellness,audio,2025-08,31,66577.85159016163,104654.8494488633,1.571916890516311,1.3260598381103508,88868.24356931118,1.4707094777861076,0.0046970987642072255,0.9092061472602149,0.057540647895721775,0.459989194786914,8,0.4522958239811187,31,0.723012833799078,-0.27071700981795926,0.0025352110830039604,0.7550593317087414,1.1156315054780754,0.7255480448820819,-0.2732522209009632,0.17934955979337067,0.1417804705001669,0.14419369731956153,0.17018636728283315,-1.6056058147527448,0.4175455341574753,0.4175455341574753,gradual,up,False,False,
Aster Wellness,display,2025-08,31,64859.31191336588,117923.93501898284,1.8181496463683833,1.387439878463302,95302.01312898459,1.4313484490475603,0.005600371680410949,0.7506026533955745,0.045757359511616275,0.5063308567509351,8,0.5978193061016818,31,0.6805219694593285,-0.08270266335764676,-0.08272597639735636,0.9731110201538647,1.1156315054780754,0.5977959930619722,2.3313039709593752e-05,0.13796479782936827,0.15091173482138215,0.14419369731956153,0.14112258733961555,0.00016519708254420147,0.12088473057684264,0.12088473057684264,gradual,up,False,False,
Verdant Snacks,social,2025-08,31,29308.984158224117,91654.48587902453,3.127180573172688,2.386806915163799,66434.01081771821,2.3944653000319307,,1.0117401009370002,0.08650157151155508,0.5989308124811676,8,1.1401318232659692,31,1.108471683915514,0.031660139350455196,-0.04827364348456785,1.0522518608586482,1.1156315054780754,1.0601980404309461,0.07993378283502306,0.1761562712143039,0.15559472476745337,0.14419369731956153,0.17114125988580378,0.4670631903046636,-0.04855707705813634,0.4670631903046636,sudden,up,False,False,
Solstice Foods,tv,2025-08,31,100110.12117275735,180302.83406449563,1.8010450087594227,1.3720732536032165,112167.37099503666,1.240430404819062,0.0038682685851234907,,0.06366410941533414,0.5408668543463443,8,0.5883670568640165,31,0.6731083677104088,-0.08474131084639236,0.04680554638521303,0.5961424907660308,1.1156315054780754,0.7199139140956219,-0.13154685723160542,0.1595481162161324,0.13636820935096913,0.14419369731956153,0.15389448039536088,-0.8547860644102143,-0.19337868045529083,-0.19337868045529083,gradual,up,False,False,
Solstice Foods,paid_search,2025-08,31,103083.63158473288,598350.3079957749,5.8045132752617645,4.129658042558782,438543.76024089794,3.7648523982124997,0.057632735314360826,1.8798254095248006,0.17970227784393747,0.7455210924657693,8,1.7586357658571272,31,1.5042073707427335,0.25442839511439375,-0.010442825412994385,1.4800807168051324,1.1156315054780754,1.493764545329739,0.2648712205273882,0.17088275532565214,0.13560277930139975,0.14419369731956153,0.16227788312461497,1.6322077625574565,0.08022903123261664,1.6322077625574565,sudden,up,True,True,sudden
Pinebrook Pet Co.,paid_search,2025-08,31,17890.69282835948,118160.80998299361,6.604596653500791,3.312375406593997,54862.27858320937,3.0103247707938863,0.045318376996403086,1.8203125215750022,0.14223140064817866,0.7034622354378414,8,1.8877658692664523,11,1.8768867878939448,0.010879081372507482,-0.010442825412994385,1.4800807168051324,1.1156315054780754,1.8664439624809503,0.021321906785501943,0.24145068813036244,0.13560277930139975,0.14419369731956153,0.1910469220213326,0.11160560222541091,0.06789501854627389,0.11160560222541091,sudden,up,True,False,
Aster Wellness,social,2025-08,31,65357.420669209336,109898.97341907276,1.6815071998526325,1.6812505815052112,120497.625426702,1.9717652072996636,0.012355486474745441,1.059085289442534,0.08881794831330099,0.551877018274738,8,0.5196905339925485,31,0.7519591319505647,-0.23226859795801624,-0.04827364348456785,1.0522518608586482,1.1156315054780754,0.7036854884659969,-0.18399495447344838,0.13136987764067137,0.15559472476745337,0.14419369731956153,0.1372783769398865,-1.340305433200298,0.08977498663804485,0.08977498663804485,gradual,up,False,False,
Verdant Snacks,affiliate,2025-08,31,24810.49334564201,103385.62701736868,4.167012141881833,2.6203989213430217,63060.236963527925,2.7995138274080755,0.03101623387228111,1.2762041659453438,0.11760164126579549,0.5304288653125135,8,1.4271992662546058,31,1.3534116869063504,0.07378757934825542,-0.0030062038764888284,1.3416446237004847,1.1156315054780754,1.3504054830298615,0.07679378322474428,0.06983787204698311,0.15174718393364559,0.14419369731956153,0.08981575299494957,0.8550146345604036,0.6807037879201246,0.8550146345604036,sudden,up,False,True,sudden
Ridgeway Grocery,audio,2025-08,31,54838.30006749183,113429.34141735671,2.0684328521809463,1.7098864718800524,104210.62291121227,1.7402098585562882,0.004820519108846204,0.7875745388168772,0.047424507910794875,0.4369742349051507,8,0.7267912443092464,31,0.6774598269706444,0.04933141733860191,0.0025352110830039604,0.7550593317087414,1.1156315054780754,0.6799950380536484,0.046796206255597994,0.05464068737189874,0.1417804705001669,0.14419369731956153,0.08,0.5849525781949749,0.020540804403138112,0.5849525781949749,sudden,up,False,True,sudden
Verdant Snacks,digital_video,2025-08,31,21581.87971625781,47621.0483188369,2.2065292247441994,1.8558434866404707,37504.03438215449,1.8399497598114252,0.007680981837281871,1.2026303685427144,,0.5387232203733036,8,0.7914207944819006,31,0.9797740417306803,-0.18835324724877966,-0.03353114209650192,1.0197990930762313,1.1156315054780754,0.9462428996341784,-0.1548221051522778,0.21111230570078734,0.1642420605838323,0.14419369731956153,0.19968053859909102,-0.7753489961438964,,-0.7753489961438964,sudden,up,False,False,
Halcyon Personal Care,social,2025-08,31,34372.971656234266,85804.58959608043,2.4962808119768125,2.1307232878550217,76618.01892183244,2.1853060588811877,0.009731444088051414,1.0139310120159157,0.0735904414932112,0.5074780228290027,8,0.9148019489773935,31,1.086226727325697,-0.17142477834830339,-0.04827364348456785,1.0522518608586482,1.1156315054780754,1.037953083841129,-0.12315113486373552,0.14875634327825946,0.15559472476745337,0.14419369731956153,0.1504242412024531,-0.8186920796760994,-0.06535539591922482,-0.06535539591922482,gradual,up,False,False,
Aster Wellness,digital_video,2025-08,31,67584.77220447427,162731.59983062014,2.407814578974743,1.609605298527721,118073.87386942544,1.927298522570723,0.007613139968462676,1.0878588032623406,0.07447086254290936,0.550762394221995,8,0.878719522394861,31,0.9322601042349369,-0.05354058184007593,-0.03353114209650192,1.0197990930762313,1.1156315054780754,0.898728962138435,-0.020009439743574053,0.2063333559921484,0.1642420605838323,0.14419369731956153,0.19606718638036397,-0.10205399543377132,0.27806923906504344,0.27806923906504344,gradual,up,False,False,
Pinebrook Pet Co.,affiliate,2025-08,31,11488.488045432474,47018.80794735825,4.092688938824436,2.3935459272999866,27130.538246919346,2.2286985226970764,0.02900349339626283,1.2136671960634107,0.12806864281737906,0.5754569460476612,8,1.4092021962895895,11,1.4010291684864713,0.008173027803118238,-0.0030062038764888284,1.3416446237004847,1.1156315054780754,1.3980229646099824,0.011179231679607105,0.1242691530924618,0.15174718393364559,0.14419369731956153,0.13735392968350169,0.08138996609246558,-0.33533844898726245,0.08138996609246558,sudden,up,True,False,
Nimbus Home,paid_search,2025-08,31,44587.89955839813,166999.90328943884,3.7454086185583595,3.0315929178152157,123270.94395877575,3.2227714383973085,0.04593867570793507,1.7662651256647592,0.12937762667611413,0.697603713546363,8,1.3205307214465414,31,1.262168683500137,0.05836203794640449,-0.010442825412994385,1.4800807168051324,1.1156315054780754,1.2517258580871424,0.06880486335939895,0.1111575398837743,0.13560277930139975,0.14419369731956153,0.11711979340026832,0.5874742548789479,0.11732305171623654,0.5874742548789479,sudden,up,False,True,sudden
Verdant Snacks,paid_search,2025-08,31,22270.2647196195,95489.22158516278,4.287745241799455,3.7601058732938135,88689.41215644509,3.854983559867289,0.04042144634746092,1.6317612942659772,0.11849980777777919,0.6590384994002281,8,1.4557610101097607,31,1.4723825938943857,-0.016621583784625082,-0.010442825412994385,1.4800807168051324,1.1156315054780754,1.4619397684813913,-0.006178758371630622,0.20840086834276303,0.13560277930139975,0.14419369731956153,0.19064523686925977,-0.03240971803490625,0.07418591735688378,0.07418591735688378,gradual,up,False,False,
Solstice Foods,display,2025-08,31,146609.37892381405,437302.9526354463,2.9827761078143022,2.075317680485946,284317.9963173101,1.8516591835142528,0.0065541050276892955,0.7216963592533601,0.04894736164789485,0.4587685428436342,8,1.0928544466696046,31,0.9007653670922082,0.1920890795773964,-0.08272597639735636,0.9731110201538647,1.1156315054780754,0.8180393906948519,0.27481505597475275,0.1608295626235558,0.15091173482138215,0.14419369731956153,0.15841058023278173,1.7348276584235507,0.3448830221749742,1.7348276584235507,sudden,up,False,True,sudden
Ridgeway Grocery,tv,2025-08,31,60244.485497081805,134749.43098444882,2.236709797961109,1.7042776918247913,92514.96273981954,1.5207043876934008,0.003803237518357496,,0.058966039107315425,0.5894898429858749,8,0.8050059458677526,31,0.7353540469671376,0.06965189890061507,0.04680554638521303,0.5961424907660308,1.1156315054780754,0.7821595933523506,0.022846352515402013,0.2620266695166574,0.13636820935096913,0.14419369731956153,0.23137826459819683,0.09874027085074809,0.13312516206477235,0.13312516206477235,gradual,up,False,False,
Ridgeway Grocery,affiliate,2025-08,31,70509.63115355301,310177.39161220967,4.399078346286027,2.892263107034278,192076.96784039622,2.8678216238846748,0.027559956960166287,1.0826172874257651,0.15225939496587712,0.5603412789312984,8,1.4813950522298154,31,1.4033677720659634,0.07802728016385196,-0.0030062038764888284,1.3416446237004847,1.1156315054780754,1.4003615681894745,0.08103348404034083,0.23765118948728994,0.15174718393364559,0.14419369731956153,0.21669899301079132,0.37394490354786963,0.0837321220421609,0.37394490354786963,sudden,up,False,False,
Halcyon Personal Care,display,2025-08,31,41535.20989663003,95463.0495166182,2.2983644419806724,1.0925759205858538,42359.12168478143,1.0916050506293193,0.006687811339115483,0.6663884810106592,0.04963523987176663,0.513306247493722,8,0.8321977577925905,31,0.850346430156657,-0.018148672364066476,-0.08272597639735636,0.9731110201538647,1.1156315054780754,0.7676204537593007,0.06457730403328987,0.15258512782350866,0.15091173482138215,0.14419369731956153,0.15217698318884365,0.42435657929394505,-0.3462939645250471,0.42435657929394505,sudden,up,False,False,
Crestline Beverages,tv,2025-08,31,86350.98813740425,102507.5477446043,1.1871033552214973,1.2130621164104083,121538.70096817236,1.3876197052032153,0.003666317391078845,,0.04937344668558618,0.4917723152343615,8,0.17151618447509007,31,0.3409539182137932,-0.1694377337387031,0.04680554638521303,0.5961424907660308,1.1156315054780754,0.38775946459900623,-0.21624328012391617,0.1423953802944046,0.13636820935096913,0.14419369731956153,0.14092533860088374,-1.5344527979907234,-1.354036071822845,-1.354036071822845,gradual,up,False,False,
Nimbus Home,display,2025-08,31,40266.24023119869,154372.82239099767,3.833802746534752,2.730121439593501,107338.55707064457,2.6447400747577587,0.009788417443590844,0.4352498378455972,0.09426980067854175,0.4808921269299111,8,1.343857194821779,31,0.9720611229500041,0.3717960718717749,-0.08272597639735636,0.9731110201538647,1.1156315054780754,0.8893351465526478,0.45452204826913123,0.1473897424816099,0.15091173482138215,0.14419369731956153,0.14824876500350556,3.065941549384127,2.386431950196963,3.065941549384127,sudden,up,True,True,sudden
Halcyon Personal Care,affiliate,2025-08,31,48511.46369863186,163063.72263038458,3.3613441071039745,2.430412580828145,119854.90852041345,2.3408733038287206,0.026741678160097246,1.2698081884483274,0.14102453287804412,0.5894922649735764,8,1.2123409258598767,31,1.3569855501081944,-0.1446446242483177,-0.0030062038764888284,1.3416446237004847,1.1156315054780754,1.3539793462317056,-0.14163842037182883,0.20298201301943983,0.15174718393364559,0.14419369731956153,0.19048571324241687,-0.743564532798196,0.14272701182975528,0.14272701182975528,gradual,up,False,False,
Crestline Beverages,audio,2025-08,31,119581.13013194843,183336.01840339604,1.5331517456065105,1.5897763177162796,185112.13949319036,1.7809386008019312,0.0050464582010895575,0.7678657443889157,0.04175389805985954,0.4403608924465326,8,0.4273255810355723,31,0.575070789120163,-0.14774520808459068,0.0025352110830039604,0.7550593317087414,1.1156315054780754,0.5776060002031669,-0.1502804191675946,0.14090677950376376,0.1417804705001669,0.14419369731956153,0.14111987486874014,-1.064913211603787,,-1.064913211603787,sudden,up,False,False,
Pinebrook Pet Co.,display,2025-08,31,14681.376960129088,52496.143001438715,3.575696145123511,2.0088055164728336,31780.867000416423,2.1077502355490947,0.006164921623056239,0.7345095655273073,0.049461612043254374,0.4932494786576022,8,1.2741598830980165,11,1.2160718019325802,0.05808808116543629,-0.08272597639735636,0.9731110201538647,1.1156315054780754,1.1333458255352238,0.14081405756279275,0.1936034118495842,0.15091173482138215,0.14419369731956153,0.17327404183615464,0.8126667795741986,-0.39893744255787433,0.8126667795741986,sudden,up,True,True,sudden
Pinebrook Pet Co.,digital_video,2025-08,31,8739.285531641533,35215.21849467486,4.029530602607539,2.1070339225596384,20607.490051441466,2.43512305511027,0.006640511706481878,0.9922251775429284,0.09523346510416421,0.5930099504889074,8,1.3936498933949943,11,1.2358820047170127,0.15776788867798164,-0.03353114209650192,1.0197990930762313,1.1156315054780754,1.2023508626205108,0.19129903077448351,0.19916372190872908,0.1642420605838323,0.14419369731956153,0.18253435937306395,1.0480165566171917,0.028981134420771673,1.0480165566171917,sudden,up,True,True,sudden
Crestline Beverages,affiliate,2025-08,31,113621.91339299302,344215.7136661489,3.0294835158741167,2.3417970384343367,234615.8022681766,2.1436699048342303,0.028187287954632198,1.3171231229058071,0.11960344574351263,0.6166540557667409,8,1.1083921481846428,31,1.0651701020637492,0.04322204612089364,-0.0030062038764888284,1.3416446237004847,1.1156315054780754,1.0621638981872603,0.04622824999738251,0.31457065839702975,0.15174718393364559,0.14419369731956153,0.2748576158449848,0.16818980931368657,-0.3803850016135486,0.16818980931368657,sudden,up,False,False,
Nimbus Home,digital_video,2025-08,31,34219.74476675632,112670.6474891016,3.2925624740064836,1.6512371841239637,49007.243453210474,1.9321364916257022,0.007918792596366636,1.227285097977955,0.06273491937098366,0.5592595130241921,8,1.1916661290965838,31,1.398178441086905,-0.20651231199032116,-0.03353114209650192,1.0197990930762313,1.1156315054780754,1.364647298990403,-0.1729811698938193,0.1914654838643833,0.1642420605838323,0.14419369731956153,0.18482562452766355,-0.9359155167790522,-0.14833626292879334,-0.14833626292879334,gradual,up,False,False,
Nimbus Home,social,2025-08,31,29078.02522460445,82074.96182671432,2.8225768838410104,2.5390424673969743,87749.22615774965,2.652722075791317,0.01290109688552624,1.2169433096999338,0.11403622673861964,0.6324856804642971,8,1.0376502562954926,31,1.093253671968046,-0.055603415672553336,-0.04827364348456785,1.0522518608586482,1.1156315054780754,1.044980028483478,-0.007329772187985473,0.1606271535369321,0.15559472476745337,0.14419369731956153,0.15939973188583972,-0.04598359169910632,-0.041927091885948814,-0.041927091885948814,gradual,up,False,False,
Crestline Beverages,ooh,2025-08,31,117913.46895803476,196824.14295025438,1.6692252775660752,0.8391459033612306,93595.65311902863,0.8377569927562343,0.002672484187029269,,0.045663735518348764,0.35955048615168955,8,0.512359613142091,31,0.5320448405791522,-0.019685227437061248,0.16147245005017855,0.5284551938958585,1.1156315054780754,0.6935172906293308,-0.18115767748723977,0.1772304204816198,0.1994621615541528,0.14419369731956153,0.18265279635296933,-0.9918144211554237,-0.26437898477397165,-0.26437898477397165,gradual,up,False,False,
Ridgeway Grocery,social,2025-08,31,69906.17088178695,254983.5760236464,3.6475116975700166,1.9877560817336928,113008.89233149074,1.760207789013593,0.013144851094248683,1.0232035472712757,0.07821908349803594,0.5895059293426019,8,1.2940452084199467,31,1.327209250819013,-0.03316404239906623,-0.04827364348456785,1.0522518608586482,1.1156315054780754,1.2789356073344451,0.015109601085501634,0.0394545663836275,0.15559472476745337,0.14419369731956153,0.08,0.18887001356877042,1.4072614591651618,1.4072614591651618,gradual,up,False,True,gradual
Pinebrook Pet Co.,retail_media,2025-08,31,14001.33190162905,83787.13573881524,5.984226095594994,3.295410925211876,49320.060163701884,3.4103320155014805,0.01927060198701191,1.1776147206065977,0.15837017332357992,0.677661038575496,8,1.7891270233131815,11,1.6700062827280435,0.119120740585138,-0.07741928132931311,1.4476335764436212,1.1156315054780754,1.5925870013987304,0.19654002191445108,0.18368212808900802,0.11661746671747165,0.14419369731956153,0.1517465750549431,1.2951858837228423,0.04900992684892477,1.2951858837228423,sudden,up,True,True,sudden
Halcyon Personal Care,digital_video,2025-08,31,59020.398923351684,97774.69984286114,1.6566255333149933,1.3448218440701036,80554.62313584778,1.386827499427194,0.008867375443589206,1.173810969579577,0.0612922280921715,0.5064595989895037,8,0.5047827221472698,31,0.6238279600355524,-0.11904523788828258,-0.03353114209650192,1.0197990930762313,1.1156315054780754,0.5902968179390505,-0.08551409579178071,0.10247871269161474,0.1642420605838323,0.14419369731956153,0.11754294388483853,-0.7275136470595993,-0.1734271973302105,-0.1734271973302105,gradual,up,False,False,
Verdant Snacks,display,2025-08,31,20955.48490215622,59811.123833903155,2.854198989580474,1.4540646245939928,29933.130776297523,1.4870296082998093,0.005859584243614003,0.7757253167619708,0.0441950134221898,0.49051464306515224,8,1.048791239672625,31,0.9581603141747093,0.09063092549791585,-0.08272597639735636,0.9731110201538647,1.1156315054780754,0.8754343377773529,0.1733569018952722,0.16093581960059594,0.15091173482138215,0.14419369731956153,0.15849092087395844,1.0937970512086057,0.23122358413338853,1.0937970512086057,sudden,up,False,True,sudden
Crestline Beverages,retail_media,2025-08,31,127016.39015658031,423042.855572984,3.330616269691455,3.2361422540262588,420520.1764861734,3.3123899661336074,0.019755800453582665,1.432919174385358,0.18198566547349454,0.7018006386445917,8,1.2031573528431676,31,1.0798770147734933,0.12328033806967431,-0.07741928132931311,1.4476335764436212,1.1156315054780754,1.0024577334441802,0.2006996193989874,0.14489768018087335,0.11661746671747165,0.14419369731956153,0.13800006714101928,1.4543443605277149,-0.22086758536126377,1.4543443605277149,sudden,up,False,True,sudden
Solstice Foods,retail_media,2025-08,31,116712.46336600556,385993.38505729195,3.307216503920685,2.680075996308977,332198.3854024015,2.635913523351369,0.01946086874578096,1.2321376162239346,,0.7011836707867667,8,1.196106900233074,31,1.246367485042984,-0.050260584809910025,-0.07741928132931311,1.4476335764436212,1.1156315054780754,1.168948203713671,0.02715869651940306,0.22329592317944746,0.11661746671747165,0.14419369731956153,0.19727678745701432,0.1376679784250887,,0.1376679784250887,sudden,up,False,False,
Aster Wellness,paid_search,2025-08,31,48692.080336266925,213942.00562917502,4.393774185692911,2.3810932564076235,130007.93849901445,2.5525299234504293,0.05226444790248781,1.9382519700688785,0.13115706679987343,0.681432260940197,8,1.4801885811290647,31,1.3464458845611098,0.1337426965679549,-0.010442825412994385,1.4800807168051324,1.1156315054780754,1.3360030591481153,0.14418552198094936,0.09678430656168137,0.13560277930139975,0.14419369731956153,0.10625222674210047,1.3570117672067434,0.10567405086432716,1.3570117672067434,sudden,up,False,True,sudden
Verdant Snacks,retail_media,2025-08,31,34871.28914111376,154289.70901952972,4.424548470094267,3.0749330450152983,112722.22172359677,3.1708017301936176,0.02436605608205164,1.1479067361859128,0.15859953808778665,0.5968002263862355,8,1.4871682325967281,31,1.5853536092154379,-0.09818537661870974,-0.07741928132931311,1.4476335764436212,1.1156315054780754,1.5079343278861248,-0.020766095289396658,0.1651950289315521,0.11661746671747165,0.14419369731956153,0.15334684302567883,-0.13541912490444458,-0.013687310106751513,-0.013687310106751513,gradual,up,False,False,
Crestline Beverages,social,2025-08,31,153288.7305497794,325741.79667736735,2.125021164367886,2.5721046978288484,394720.4674543726,2.51144640426275,0.011511325044532356,0.873517464739835,0.09885406750722868,0.622452920858605,8,0.7537817620293171,31,0.7860806811999527,-0.03229891917063554,-0.04827364348456785,1.0522518608586482,1.1156315054780754,0.7378070377153848,0.01597472431393232,0.11271203554826212,0.15559472476745337,0.14419369731956153,0.12317122804074779,0.12969525893374648,0.18603637383078525,0.18603637383078525,gradual,up,False,False,
Crestline Beverages,paid_search,2025-08,31,136522.6471820083,448072.55459948373,3.282038283378182,4.095397748909583,532122.535917399,3.817850428896724,0.04081347256850119,1.942217690252889,0.13162705541088282,0.6716016088286924,8,1.1884646572489175,31,1.24868759786526,-0.06022294061634259,-0.010442825412994385,1.4800807168051324,1.1156315054780754,1.2382447724522656,-0.04978011520334813,0.11489071336175251,0.13560277930139975,0.14419369731956153,0.11994243676166647,-0.4150333822403867,-0.9588020853732574,-0.4150333822403867,sudden,up,False,False,
Crestline Beverages,digital_video,2025-08,31,95050.94236618154,275937.7338408405,2.903051005825874,1.882296692896589,193661.61054277234,1.9230718332037005,0.007048068364700992,1.2181598709920276,0.08374194345003856,,8,1.0657622549280568,31,0.9998700179408768,0.06589223698717994,-0.03353114209650192,1.0197990930762313,1.1156315054780754,0.966338875844375,0.09942337908368182,0.1094904094262542,0.1642420605838323,0.14419369731956153,0.12284447068420007,0.809343542529256,-0.07118951129803733,0.809343542529256,sudden,up,False,True,sudden
Halcyon Personal Care,retail_media,2025-08,31,47944.57982452377,159729.77082181483,3.3315501232135665,3.1291330873023493,151605.1260264254,2.8812267518695585,0.01689078924395751,1.402982550360231,0.18368053956731348,0.6036931336780819,8,1.2034376981462276,31,1.4166278918332333,-0.21319019368700576,-0.07741928132931311,1.4476335764436212,1.1156315054780754,1.3392086105039203,-0.13577091235769267,0.12940080552651934,0.11661746671747165,0.14419369731956153,0.12628291801211747,-1.075132840568863,-0.03450848708147733,-0.03450848708147733,gradual,up,False,False,
Aster Wellness,retail_media,2025-08,31,53306.48699896659,184342.69174493832,3.4581662030835387,2.431750676191961,123282.28500090101,2.3706999086929064,0.01745392521519496,1.5129348238441085,0.1807960148192805,0.7111481129383483,8,1.2407384494616562,31,1.293386466002819,-0.05264801654116269,-0.07741928132931311,1.4476335764436212,1.1156315054780754,1.2159671846735058,0.024771264788150393,0.08389717628415691,0.11661746671747165,0.14419369731956153,0.09187773492642881,0.2696111828179701,0.411424504164839,0.411424504164839,gradual,up,False,False,
Nimbus Home,audio,2025-08,31,47794.99700801986,132875.95821055898,2.780122743563783,1.8778494296103232,80291.93497933524,1.7320165853873062,0.004333069123518185,0.7948671133755909,,0.46780389366186925,8,1.022495079088932,31,0.9511978186039532,0.07129726048497875,0.0025352110830039604,0.7550593317087414,1.1156315054780754,0.9537330296869572,0.06876204940197483,0.09729808955615185,0.1417804705001669,0.14419369731956153,0.10814745076200918,0.6358175705250194,0.8430207377175788,0.8430207377175788,gradual,up,False,True,gradual
Nimbus Home,retail_media,2025-08,31,27810.171194969287,115992.60629423859,4.170869912344195,3.6182906314754155,86738.00738860386,3.930228516088964,0.017435331571132515,1.3800658161769466,0.15595795258701406,0.6139306722265708,8,1.4281246261271856,31,1.5748705199927202,-0.1467458938655346,-0.07741928132931311,1.4476335764436212,1.1156315054780754,1.4974512386634071,-0.06932661253622152,0.24574823560847986,0.11661746671747165,0.14419369731956153,0.2142529261228681,-0.3235737023095061,1.2012765007651933,1.2012765007651933,gradual,up,False,True,gradual
Solstice Foods,affiliate,2025-08,31,118651.84557695672,547037.6351898722,4.6104435420270615,4.066633891963948,551435.4183994397,4.126908434805076,0.04588976823321421,0.8128938171924431,0.18738403669113116,0.6221069106760255,8,1.5283240654014358,31,1.4866012218766,0.041722843524835795,-0.0030062038764888284,1.3416446237004847,1.1156315054780754,1.4835950180001112,0.04472904740132466,0.20262963551409013,0.15174718393364559,0.14419369731956153,0.19021928147007927,0.23514465545050628,0.40462312976769077,0.40462312976769077,gradual,up,True,False,
Ridgeway Grocery,retail_media,2025-08,31,63387.879844315954,263660.07873824163,4.159471485492258,2.5943007783893144,158181.03263708696,2.5388253928982953,0.019628999683452945,1.2174182811182883,0.17740014258959957,0.6822185664179059,8,1.4253880194453803,31,1.6177757854858843,-0.192387766040504,-0.07741928132931311,1.4476335764436212,1.1156315054780754,1.5403565041565712,-0.11496848471119092,0.10908405545222631,0.11661746671747165,0.14419369731956153,0.11092147283399348,-1.036485378112985,-0.06889794120563329,-0.06889794120563329,gradual,up,False,False,
Solstice Foods,social,2025-08,31,138123.0015533391,456943.9265871789,3.308239188609874,2.700211266010747,371659.4969625261,2.676219281240649,0.010224270093032636,0.8687451527114237,0.09691741704990518,0.5462321394184971,8,1.1964160806568778,31,1.1856627325208033,0.010753348136074425,-0.04827364348456785,1.0522518608586482,1.1156315054780754,1.1373890890362355,0.05902699162064229,0.13817010524420292,0.15559472476745337,0.14419369731956153,0.14242001244499572,0.4144571441000204,0.548404984277566,0.548404984277566,gradual,up,False,False,
Halcyon Personal Care,paid_search,2025-08,31,60717.85781230842,195540.90597460058,3.220484269702965,2.4737716155278906,132145.06264082124,2.3250095038209357,0.03945499224046476,1.8751123402694012,0.12727938568751362,0.718783351644911,8,1.1695317425659164,31,1.3024183215761722,-0.1328865790102558,-0.010442825412994385,1.4800807168051324,1.1156315054780754,1.2919754961631778,-0.12244375359726134,0.06547701331842108,0.13560277930139975,0.14419369731956153,0.08258085868012319,-1.4827134950430463,-0.5391844943666627,-0.5391844943666627,gradual,up,False,False,
Crestline Beverages,tv,2025-09,32,69724.23785868888,91787.05151227121,1.3164296137348586,1.3768704599024935,98316.2689952994,1.3950406594138554,0.00374012659049618,,0.07645113618899954,0.566633172287448,9,0.27492323383436496,32,0.26493757267990525,0.009985661154459702,0.15142021184014587,0.5693272187689583,1.1153267820993196,0.4163577845200511,-0.14143455068568617,0.10014451440572206,0.13967758615305265,0.14351515739968582,0.10955715053603887,-1.290965947851676,-1.5911140110798538,-1.290965947851676,sudden,up,False,False,
Halcyon Personal Care,display,2025-09,32,38004.924749759295,126532.2923971232,3.3293656869541515,1.5273143731705834,56084.20561831852,1.2857047453192187,0.006624305945917758,0.5938665271132026,0.0832425621430471,0.5043890974767883,9,1.2027818014497427,32,0.850346430156657,0.35243537129308566,-0.025384443788296206,0.9799717377282965,1.1153267820993196,0.8249619863683608,0.37781981508138185,0.15258512782350866,0.15304446212719594,0.14351515739968582,0.1526944931339104,2.4743512835793005,0.22259736026969726,2.4743512835793005,sudden,up,True,True,sudden
Solstice Foods,retail_media,2025-09,32,129510.03939709275,448851.2549075791,3.4657641754810165,2.8750830239411718,338756.0057332044,2.5419537209748,0.02062398386986725,1.3035144250379989,0.15063426362036386,0.5901850651498666,9,1.2429331495905795,32,1.2187365232125573,0.024196626378022223,0.0007141871058332309,1.4219216306437252,1.1153267820993196,1.2194507103183905,0.02348243927218907,0.2159925819917498,0.11661746671747165,0.14351515739968582,0.1923318402597788,0.12209335303229982,-0.12437342161798999,0.12209335303229982,sudden,up,False,False,
Ridgeway Grocery,tv,2025-09,32,67824.14464782595,133499.84049471264,1.9683232451792059,1.6101034781256482,110341.05390528636,1.619809868510398,0.004020167497625091,,0.053983066833220364,0.4988926445217617,9,0.6771820357415989,32,0.7353540469671376,-0.05817201122553872,0.15142021184014587,0.5693272187689583,1.1153267820993196,0.8867742588072834,-0.2095922230656846,0.21769839582950556,0.13967758615305265,0.14351515739968582,0.19912201257320725,-1.0525818836258898,-0.09910856146248538,-0.09910856146248538,gradual,up,False,False,
Nimbus Home,social,2025-09,32,28099.04317185666,76315.90312924606,2.7159609194693957,2.8026851454761594,76446.6540100943,2.5942699977198975,0.009308444586713203,0.8808126575850621,0.08691431918670381,0.6190103090996809,9,0.9991458205904954,32,1.0629559464331715,-0.06381012584267609,-0.017320168771357086,1.0455852144821132,1.1153267820993196,1.0456357776618144,-0.04648995707131898,0.15788891593488058,0.1538429134880264,0.14351515739968582,0.15692558201896292,-0.29625480099032625,-0.46343331808193483,-0.29625480099032625,sudden,up,False,False,
Verdant Snacks,paid_search,2025-09,32,17216.237650434807,64947.48078732714,3.7724549408556087,3.559625316059644,50419.697135445036,3.267893908335507,0.03915554809228722,2.149031030770302,0.12712167617702888,0.6718307574573001,9,1.327725967481341,32,1.4568835975910606,-0.12915763010971948,0.009651797862479796,1.4803453645485833,1.1153267820993196,1.4665353954535403,-0.1388094279721992,0.2234303423241401,0.13659421902330232,0.14351515739968582,0.2027550748715597,-0.6846162941180709,-0.26935269170889237,-0.26935269170889237,gradual,up,False,False,
Verdant Snacks,retail_media,2025-09,32,30291.02928974097,138624.3472852141,4.576415874126922,3.162503429274123,106059.6569077445,3.2816926110214086,0.018103474002391363,1.7602652847945786,0.18609125546171643,0.6562259786425595,9,1.5209161315316964,32,1.5228571317429311,-0.001941000211234778,0.0007141871058332309,1.4219216306437252,1.1153267820993196,1.5235713188487643,-0.0026551873170679308,0.17206158968886756,0.11661746671747165,0.14351515739968582,0.1588606080290114,-0.016713944067134855,0.1176420170309603,0.1176420170309603,gradual,up,False,False,
Solstice Foods,social,2025-09,32,169357.38583791265,497522.91489455465,2.937710170908757,2.5499779617557707,496391.2191745674,2.8198860781988926,0.013901269191623605,0.9329829886488384,0.08362026129790943,0.5955941470726345,9,1.0776304244542805,32,1.1924399005805975,-0.11480947612631698,-0.017320168771357086,1.0455852144821132,1.1153267820993196,1.1751197318092403,-0.09748930735495986,0.09531855149203046,0.1538429134880264,0.14351515739968582,0.10925292339583902,-0.8923267618363137,-0.001736904970026777,-0.001736904970026777,gradual,up,False,False,
Aster Wellness,digital_video,2025-09,32,57945.77887762353,140006.55056768493,2.4161647885235373,1.5143299931844327,84346.1485240881,1.7992854986582585,0.007305721587642314,1.233793921984876,0.05827911640972888,0.516596048556336,9,0.8821814849169035,32,0.8992136815777203,-0.01703219666081679,0.06258166449917774,1.0087123182496436,1.1153267820993196,0.961795346076898,-0.07961386115999447,0.19787076013657162,0.16366776181600437,0.14351515739968582,0.18972718910786512,-0.41962283600128497,0.23665433172500155,0.23665433172500155,gradual,up,False,False,
Verdant Snacks,digital_video,2025-09,32,16971.030138087015,42103.70576781181,2.4809163277202075,1.605452075566327,31429.558847691795,1.8681779642025185,0.010712795195845264,1.1489379601625833,0.054695661555866866,0.5355884525118455,9,0.9086279789173394,32,0.92745297753998,-0.018824998622640643,0.06258166449917774,1.0087123182496436,1.1153267820993196,0.9900346420391577,-0.08140666312181832,0.21111230570078734,0.16366776181600437,0.14351515739968582,0.19981598572821996,-0.40740816018866344,,-0.40740816018866344,sudden,up,False,False,
Aster Wellness,audio,2025-09,32,56656.33538453176,101535.91244638589,1.7921369562159697,1.3072523554704396,82481.85937910117,1.5214916243911323,0.004320552926950748,0.8467269293957007,0.05274738837014248,0.4252648018972674,9,0.5834087380921902,32,0.6049134209453318,-0.021504682853141666,0.008194970531481077,0.756793473339676,1.1153267820993196,0.613108391476813,-0.02969965338462277,0.17934955979337067,0.1417804705001669,0.14351515739968582,0.17040453853308404,-0.17428909840248522,0.09444695168626656,0.09444695168626656,gradual,up,False,False,
Nimbus Home,retail_media,2025-09,32,31572.374648603574,157816.5927672707,4.998565819763285,3.5152497121793167,112429.2420844819,3.462236656010326,0.022397416435721684,1.6822075303458814,0.14479827277271332,0.6808090027291199,9,1.6091510352414302,32,1.5072561208909754,0.10189491435045483,0.0007141871058332309,1.4219216306437252,1.1153267820993196,1.5079703079968085,0.10118072724462168,0.14697189757401452,0.11661746671747165,0.14351515739968582,0.1397446521319805,0.7240400666571662,0.5887258745390231,0.7240400666571662,sudden,up,False,True,sudden
Halcyon Personal Care,social,2025-09,32,39821.577231094,116753.09120448981,2.931905246418144,2.174846238502104,96169.07384021413,2.3486455516361144,0.009017704696793069,0.8808148552625762,0.09621124694354183,0.5841689906939317,9,1.0756524664551803,32,1.0289912967164616,0.0466611697387187,-0.017320168771357086,1.0455852144821132,1.1153267820993196,1.0116711279451045,0.06398133851007581,0.14875634327825946,0.1538429134880264,0.14351515739968582,0.14996743142344204,0.4266348893408774,-0.17467319841561524,0.4266348893408774,sudden,up,False,False,
Crestline Beverages,retail_media,2025-09,32,111572.89807019688,335131.3725374553,3.003698732703035,2.869208083131944,316946.15236266993,3.02330443173196,0.018898288450454923,1.3431109203965146,0.17393081125563187,0.6815119990862095,9,1.0998444401586027,32,1.0798770147734933,0.019967425385109427,0.0007141871058332309,1.4219216306437252,1.1153267820993196,1.0805912018793264,0.019253238279276275,0.2147658006331945,0.11661746671747165,0.14351515739968582,0.19139714970087954,0.10059312957045462,0.0902787245167733,0.10059312957045462,sudden,up,False,False,
Solstice Foods,display,2025-09,32,162745.59249145119,426939.6685332275,2.6233562580544483,1.74464513126785,313339.32109538134,1.9208545593388697,0.007861578409962983,0.610275258002328,0.03838591946596733,0.48907440059109547,9,0.9644545124985396,32,0.9007653670922082,0.06368914540633142,-0.025384443788296206,0.9799717377282965,1.1153267820993196,0.875380923303912,0.0890735891946276,0.1608295626235558,0.15304446212719594,0.14351515739968582,0.15897596726727964,0.5602959411146208,0.7909954862694586,0.7909954862694586,gradual,up,False,True,gradual
Verdant Snacks,display,2025-09,32,20528.960632213963,50974.018324354845,2.4830296690406537,1.7756744409454714,34674.23924808489,1.6204127237995876,0.005785376850369354,0.7010773831367764,0.0561803786711905,0.4850448649557803,9,0.9094794553232102,32,1.000429881296784,-0.09095042597357383,-0.025384443788296206,0.9799717377282965,1.1153267820993196,0.9750454375084878,-0.06556598218527765,0.18004988036538083,0.15304446212719594,0.14351515739968582,0.1736200188800987,-0.3776406811161405,0.2593160072080223,0.2593160072080223,gradual,up,False,False,
Pinebrook Pet Co.,display,2025-09,32,14509.441225549817,48447.01693956729,3.3389994960148064,1.9135559886730558,23653.374642968578,1.8179976568849763,0.0068605255916874795,0.7058520393774019,0.05033138002569905,0.48017859674885865,9,1.2056712100225442,12,1.2784043044525104,-0.07273309442996623,-0.025384443788296206,0.9799717377282965,1.1153267820993196,1.2530198606642142,-0.04734865064167004,0.2213456243313623,0.15304446212719594,0.14351515739968582,0.19029964151128667,-0.24881103435427016,0.007857113884113,0.007857113884113,gradual,up,True,False,
Aster Wellness,retail_media,2025-09,32,54223.49585649676,184176.9617421474,3.3966264777463686,2.7236357446140165,147374.9049222629,2.5698800190386466,0.01812205258866087,1.3576489364590303,0.1845916221888792,0.6116456750415801,9,1.2227827266259776,32,1.2698985481055471,-0.0471158214795695,0.0007141871058332309,1.4219216306437252,1.1153267820993196,1.2706127352113803,-0.04783000858540265,0.039439944972047274,0.11661746671747165,0.14351515739968582,0.08,-0.5978751073175331,-0.028963230713398493,-0.028963230713398493,gradual,up,False,False,
Pinebrook Pet Co.,affiliate,2025-09,32,12068.34736157375,58470.069766010936,4.844911073092137,2.728564440518697,31173.48949092382,2.4390689697836923,0.02813482506390753,1.3231483664790058,0.10740385685604174,0.5229957047070971,9,1.5779288908073381,12,1.4092021962895895,0.16872669451774858,-0.022577389530806836,1.3304958208028765,1.1153267820993196,1.3866248067587827,0.19130408404855537,0.12345814781581184,0.14439366717285806,0.14351515739968582,0.1329742929781056,1.4386546434208443,0.14533404419127166,1.4386546434208443,sudden,up,True,True,sudden
Nimbus Home,audio,2025-09,32,48272.766537352334,122359.41468307999,2.5347504081499275,1.559642727150631,71896.41280964765,1.6005014133451767,0.005273161607704416,0.8947634088473728,0.04859390587829063,0.42981540530054,9,0.9300951738723076,32,1.003859331132832,-0.07376415726052454,0.008194970531481077,0.756793473339676,1.1153267820993196,1.012054301664313,-0.08195912779200554,0.09729808955615185,0.1417804705001669,0.14351515739968582,0.1078891326380602,-0.759660642253534,0.3320451181188357,0.3320451181188357,gradual,up,False,False,
Crestline Beverages,paid_search,2025-09,32,106257.31607065372,358927.30055827135,3.37790670639196,4.240233108017345,467139.23149465723,4.061604969184856,0.04453330134857061,1.5920037643374148,0.15466248897488347,0.7347019191247174,9,1.2172562000030283,32,1.2236163689805606,-0.006360168977532332,0.009651797862479796,1.4803453645485833,1.1153267820993196,1.2332681668430403,-0.01601196684001205,0.08315614340167372,0.13659421902330232,0.14351515739968582,0.09587949474015672,-0.1670009513859676,-0.34759813817526614,-0.1670009513859676,sudden,up,False,False,
Pinebrook Pet Co.,retail_media,2025-09,32,13296.398480381995,78705.15199584473,5.919283489583233,3.466907530937907,44578.508675338904,3.3428916979648813,0.018603359845533855,1.235584947428946,0.1689179349443281,,9,1.7782154094059364,12,1.6700062827280435,0.10820912667789284,0.0007141871058332309,1.4219216306437252,1.1153267820993196,1.6707204698338767,0.10749493957205969,0.21576280406241663,0.11661746671747165,0.14351515739968582,0.1706967416328962,0.6297421880684778,0.341004847140249,0.6297421880684778,sudden,up,True,True,sudden
Nimbus Home,paid_search,2025-09,32,49923.447684031125,220657.14748389748,4.419910036671575,3.697838031409823,149969.75578634397,3.1635628064389243,0.0485655883396349,1.8323287658873997,0.14129526773526424,0.7005397872774612,9,1.4861193421882537,32,1.28406376247725,0.20205557971100374,0.009651797862479796,1.4803453645485833,1.1153267820993196,1.2937155603397297,0.19240378184852402,0.10570016217580482,0.13659421902330232,0.14351515739968582,0.11305588999663756,1.701846598653519,0.4439407290820795,1.701846598653519,sudden,up,False,True,sudden
Verdant Snacks,affiliate,2025-09,32,23617.613999821813,88414.32233252906,3.7435755505698465,2.7857291637439556,61143.781944269365,2.6881089744362168,0.02699040184888901,1.1175555273881108,0.10164889858405186,0.5646710980607722,9,1.320041184285366,32,1.3668693862410601,-0.04682820195569404,-0.022577389530806836,1.3304958208028765,1.1153267820993196,1.3442919967102533,-0.024250812424887247,0.10538167009167945,0.14439366717285806,0.14351515739968582,0.11467024082529342,-0.21148305131611894,0.34193393139547285,0.34193393139547285,gradual,up,False,False,
Solstice Foods,affiliate,2025-09,32,134860.489901954,699802.9831209566,5.189088246896671,4.761970012486541,687921.1263431014,4.734179724192651,0.048462356240412216,0.9364231102219223,0.2520859052450923,0.5604728525162022,9,1.6465580067734022,32,1.4953604598270673,0.15119754694633492,-0.022577389530806836,1.3304958208028765,1.1153267820993196,1.4727830702962605,0.1737749364771417,0.15917326219825362,0.14439366717285806,0.14351515739968582,0.15565431100173088,1.1164158278610692,0.7205265320122346,1.1164158278610692,sudden,up,True,True,sudden
Crestline Beverages,ooh,2025-09,32,96485.11305053333,152243.82429846536,1.57789963119729,0.9369982133672979,86941.73473767313,0.8716135520291757,0.0033583962188083447,,0.04391292114190582,0.3918805414326098,9,0.4560946153293683,32,0.49360109238963734,-0.03750647706026905,0.3865672766638082,0.5156406111660202,1.1153267820993196,0.8801683690534455,-0.42407375372407724,0.1772304204816198,0.2099878934687088,0.14351515739968582,0.1850298188118791,-2.291921142479394,-0.7047168901232626,-0.7047168901232626,gradual,up,False,False,
Pinebrook Pet Co.,digital_video,2025-09,32,7017.142501655827,36420.97010499097,5.190285090604439,2.80017192514167,19570.10257688318,2.620964215053872,0.007887104733153221,1.1265224850122122,0.08156190868614763,0.5519645335758373,9,1.646788626421459,12,1.3936498933949943,0.2531387330264647,0.06258166449917774,1.0087123182496436,1.1153267820993196,1.456231557894172,0.19055706852728704,0.19323767207221237,0.16366776181600437,0.14351515739968582,0.179796803773936,1.0598468077712897,0.3703263612187101,1.0598468077712897,sudden,up,True,True,sudden
Solstice Foods,paid_search,2025-09,32,119580.98451571175,683870.5374728217,5.718890342326692,4.463597866762746,547251.7606096567,4.267343163266949,0.0700230228743225,1.4441608349805752,0.24241803752314364,0.6966170476627196,9,1.7437747904752976,32,1.7586357658571272,-0.014860975381829622,0.009651797862479796,1.4803453645485833,1.1153267820993196,1.768287563719607,-0.024512773244309338,0.24813468619486392,0.13659421902330232,0.14351515739968582,0.22157743210639685,-0.11062847425968371,0.1368569920896753,0.1368569920896753,gradual,up,True,False,
Solstice Foods,tv,2025-09,32,,,,,,,0.004375517462404896,,0.06365805457958147,0.5638871051288934,9,,32,0.6731083677104088,,0.15142021184014587,0.5693272187689583,1.1153267820993196,0.8245285795505547,,0.17905475990559921,0.13967758615305265,0.14351515739968582,0.16967924234546908,,,,sudden,up,False,False,
Verdant Snacks,social,2025-09,32,25319.42229774823,77477.53734196363,3.0600041513922713,2.492656497708547,64224.1850919312,2.4741639260340778,0.012936463802043977,0.8916897696115054,0.0855379730514002,0.6244565622262646,9,1.1184162726275102,32,1.108471683915514,0.009944588711996216,-0.017320168771357086,1.0455852144821132,1.1153267820993196,1.0911515151441569,0.02726475748335333,0.13777216516433372,0.1538429134880264,0.14351515739968582,0.141598533812832,0.1925497160824594,0.24195875161246386,0.24195875161246386,gradual,up,False,False,
Ridgeway Grocery,social,2025-09,32,82174.0828964081,279773.65633755625,3.404645923341183,2.0731678577382384,165540.77423934606,1.9170031445006284,0.010711802724960749,0.9614050802356969,0.08310207516989218,0.575698863289561,9,1.2251409469231127,32,1.327209250819013,-0.10206830389590027,-0.017320168771357086,1.0455852144821132,1.1153267820993196,1.3098890820476559,-0.08474813512454316,0.04368423339872191,0.1538429134880264,0.14351515739968582,0.08,-1.0593516890567893,-0.04646611904672827,-0.04646611904672827,gradual,up,False,False,
Crestline Beverages,digital_video,2025-09,32,74669.96105692144,185829.2410103954,2.4886746742607304,1.7773237992133188,115759.4977408653,1.692328304752584,0.007346031475099578,1.0613325440180723,0.054469509567116214,0.5579905375217913,9,0.9117503094432944,32,1.0421651340627558,-0.1304148246194614,0.06258166449917774,1.0087123182496436,1.1153267820993196,1.1047467985619335,-0.1929964891186391,0.15689587550350215,0.16366776181600437,0.14351515739968582,0.15850822938743125,-1.2175802471864754,-0.4237770968439424,-0.4237770968439424,gradual,up,False,False,
Aster Wellness,display,2025-09,32,60311.76381598649,100898.45856405722,1.67294823066197,1.240953187393584,73409.81242962484,1.3463781724916393,0.006207646825952053,0.69174162163798,0.051579582502411174,0.558464405290205,9,0.5145874775103522,32,0.6466365365562414,-0.13204905904588926,-0.025384443788296206,0.9799717377282965,1.1153267820993196,0.6212520927679452,-0.10666461525759308,0.14209355196669438,0.15304446212719594,0.14351515739968582,0.14470091152871856,-0.7371385164800673,-0.01903256234687662,-0.01903256234687662,gradual,up,False,False,
Ridgeway Grocery,display,2025-09,32,70305.77919066178,188652.5490911027,2.6833149602040125,1.799546117267823,138703.3176903348,1.7974057078977397,0.006523367835836227,0.6385962781157003,0.05834595260157913,0.48452435917795444,9,0.9870529556099812,32,1.0745743467229882,-0.08752139111300705,-0.025384443788296206,0.9799717377282965,1.1153267820993196,1.049189902934692,-0.06213694732471087,0.17638210033092183,0.15304446212719594,0.14351515739968582,0.17082551980622518,-0.36374510901647195,-0.08201570426962493,-0.08201570426962493,gradual,up,False,False,
Nimbus Home,display,2025-09,32,41625.57968864332,102473.53508713351,2.461792384721823,1.992533237948961,80914.21817151486,2.257611624398919,0.00576213980404661,0.716936382444248,0.0560867380003299,0.5190737516138665,9,0.9008896963111858,32,1.024976736358291,-0.12408704004710513,-0.025384443788296206,0.9799717377282965,1.1153267820993196,0.9995922925699947,-0.09870259625880895,0.1515955947571234,0.15304446212719594,0.14351515739968582,0.15194056317856924,-0.6496132052821735,1.2031680392908126,1.2031680392908126,gradual,up,False,True,gradual
Aster Wellness,social,2025-09,32,59177.41922497174,114525.57473240043,1.9352918094825067,1.698122961037196,91006.71162098984,1.841056753369219,0.010691626461303309,0.8981655589570963,0.07861557985794887,0.6475665383716239,9,0.6602581210457853,32,0.6779041277342381,-0.017646006688452842,-0.017320168771357086,1.0455852144821132,1.1153267820993196,0.660583958962881,-0.0003258379170957282,0.1484762527091927,0.1538429134880264,0.14351515739968582,0.1497540290851055,-0.0021758207047007324,0.11773502868491811,0.11773502868491811,gradual,up,False,False,
Ridgeway Grocery,retail_media,2025-09,32,75329.85612133662,367281.68566091533,4.875645654616955,2.6615027167251473,213967.93225173122,2.7152227410059306,0.017965281420114658,1.545761514803813,0.15446356555970778,0.6653182755440403,9,1.5842525376528553,32,1.6177757854858843,-0.03352324783302896,0.0007141871058332309,1.4219216306437252,1.1153267820993196,1.6184899725917175,-0.03423743493886211,0.1555451816262612,0.11661746671747165,0.14351515739968582,0.1462766780765494,-0.23405942347791767,-0.054943295550748714,-0.054943295550748714,gradual,up,False,False,
Pinebrook Pet Co.,paid_search,2025-09,32,18151.69824160087,125717.21609027105,6.925920341830427,3.476084161209069,58163.168315039664,3.161869795924539,0.04759823559387783,1.801842189860981,0.1449968906175764,0.7585296453459826,9,1.9352709445901546,12,1.8847491467966937,0.05052179779346089,0.009651797862479796,1.4803453645485833,1.1153267820993196,1.8944009446591734,0.04086999993098117,0.17625010240567793,0.13659421902330232,0.14351515739968582,0.15822470086823445,0.2583035373536062,0.2671218180186567,0.2671218180186567,gradual,up,True,False,
Halcyon Personal Care,digital_video,2025-09,32,56856.1907668797,95806.7582418089,1.6850717037065202,1.64026523814161,86133.30446140592,1.484502352420383,0.009743188007704032,1.1141488784076705,,0.5283527285420547,9,0.5218081170274224,32,0.6238279600355524,-0.10201984300813005,0.06258166449917774,1.0087123182496436,1.1153267820993196,0.6864096245347302,-0.16460150750730784,0.10247871269161474,0.16366776181600437,0.14351515739968582,0.11704753391170751,-1.4062791586149241,-0.4297028391179649,-0.4297028391179649,gradual,up,False,False,
Pinebrook Pet Co.,social,2025-09,32,9767.76360531182,38455.812139738126,3.9370129841006207,2.8628439138312682,29062.552845418635,2.579390144333514,0.013083258215845049,0.7724872031842901,0.08423070333192274,0.5756834589113762,9,1.3704223099243158,12,1.1802999491260815,0.1901223607982343,-0.017320168771357086,1.0455852144821132,1.1153267820993196,1.1629797803547244,0.20744252956959142,0.19987636961876107,0.1538429134880264,0.14351515739968582,0.17895207137751803,1.1592071998539195,0.4268192278352724,1.1592071998539195,sudden,up,True,True,sudden
Ridgeway Grocery,paid_search,2025-09,32,60916.98355280067,382429.44689158344,6.277878919597311,4.136517024325476,232394.64771179046,3.8018794641597093,0.06643467620902213,1.6899234814532786,0.10630076637193868,0.7024138856737456,9,1.837032171772691,32,1.633944311513491,0.2030878602591999,0.009651797862479796,1.4803453645485833,1.1153267820993196,1.6435961093759708,0.19343606239672018,0.1760890262106756,0.13659421902330232,0.14351515739968582,0.16668550068987242,1.1604852347452743,0.16983038257123229,1.1604852347452743,sudden,up,False,True,sudden
Crestline Beverages,audio,2025-09,32,88801.54314722048,152821.37778593524,1.7209315555764484,1.4137120388052125,117336.96932345946,1.4107628310386389,0.005704928637987754,0.8128639867360141,0.04290017474022298,0.42740866964527774,9,0.542865746291221,32,0.575070789120163,-0.03220504282894199,0.008194970531481077,0.756793473339676,1.1153267820993196,0.5832657596516441,-0.04040001336042309,0.14090677950376376,0.1417804705001669,0.14351515739968582,0.14111480116957403,-0.2862918207415779,,-0.2862918207415779,sudden,up,False,False,
Crestline Beverages,affiliate,2025-09,32,102501.90899299324,387587.07193513523,3.7812668636408486,2.2922199903035563,184114.07866184856,2.001714457289311,,1.2571976437536387,0.10949202936715358,0.5661245520474377,9,1.3300591025929138,32,1.0651701020637492,0.26488900052916464,-0.022577389530806836,1.3304958208028765,1.1153267820993196,1.0425927125329424,0.28746639005997143,0.3136373445892859,0.14439366717285806,0.14351515739968582,0.2733412309187078,1.0516759183888524,0.07271938377150682,1.0516759183888524,sudden,up,False,True,sudden
Nimbus Home,digital_video,2025-09,32,37231.34543007477,103707.43998695303,2.785487303480044,1.9054067461554207,70837.39068527825,1.8933997048115974,0.00831530699548252,1.0981323762139674,0.06918617801794642,0.5280976896421944,9,1.0244228323926114,32,1.2119074851142648,-0.18748465272165338,0.06258166449917774,1.0087123182496436,1.1153267820993196,1.2744891496134425,-0.25006631722083106,0.1914654838643833,0.16366776181600437,0.14351515739968582,0.1848469786147693,-1.3528288051815132,-1.3667446407827721,-1.3528288051815132,sudden,up,False,False,
Halcyon Personal Care,paid_search,2025-09,32,50495.4893912077,149078.19484936816,2.952307159445527,2.5732530542996153,139134.60805521527,2.588182918791037,0.041166285266423824,1.98088817637187,0.13602567911189237,0.6970912150948253,9,1.08258695262795,32,1.301297554922872,-0.21871060229492212,0.009651797862479796,1.4803453645485833,1.1153267820993196,1.3109493527853517,-0.22836240015740183,0.06547701331842108,0.13659421902330232,0.14351515739968582,0.0824096813433928,-2.771062773630186,-1.742258799697421,-1.742258799697421,gradual,up,False,False,
Ridgeway Grocery,audio,2025-09,32,67258.18527885711,123983.85456461957,1.8434017220442969,1.587076795894836,104418.94320747792,1.6004812924231664,0.005310871254901105,0.7531293844429068,0.042777501310128245,0.4523601237826525,9,0.611612626744451,32,0.7035495583263183,-0.09193693158186722,0.008194970531481077,0.756793473339676,1.1153267820993196,0.7117445288577994,-0.10013190211334833,0.07728805706477714,0.1417804705001669,0.14351515739968582,0.09264339359701279,-1.080831543681459,0.05603452484975098,0.05603452484975098,gradual,up,False,False,
Ridgeway Grocery,affiliate,2025-09,32,81562.84425300358,321794.7557507419,3.9453596634339014,2.6493353118921577,226203.60683998483,2.7424641617946572,0.028761750872570352,1.1471445004193095,0.13254666024120207,0.5826025169350536,9,1.3725401195804081,32,1.4033677720659634,-0.0308276524855553,-0.022577389530806836,1.3304958208028765,1.1153267820993196,1.3807903825351566,-0.00825026295474851,0.19520728123934636,0.14439366717285806,0.14351515739968582,0.1831088016997063,-0.045056615947270125,0.09840827676735844,0.09840827676735844,gradual,up,False,False,
Halcyon Personal Care,retail_media,2025-09,32,39173.779152954245,210514.73945612818,5.373868541867563,3.80243183114261,155020.2191522223,3.4933148500340083,0.03294688525658203,0.9483838460815404,0.29854942987381466,0.7111241583558668,9,1.6815480480160907,32,1.4166278918332333,0.26492015618285736,0.0007141871058332309,1.4219216306437252,1.1153267820993196,1.4173420789390665,0.2642059690770242,0.16071468941337813,0.11661746671747165,0.14351515739968582,0.15021535067625755,1.7588479998055457,0.32007351671458867,1.7588479998055457,sudden,up,True,True,sudden
Halcyon Personal Care,affiliate,2025-09,32,38408.025133622126,134234.55509168608,3.4949611344161005,2.0600491837998964,84749.31951692647,2.299402692968306,0.028883663546668943,1.068350918326307,0.11052885244148122,0.5210759269881856,9,1.2513222552852012,32,1.3469796952949813,-0.09565744000978005,-0.022577389530806836,1.3304958208028765,1.1153267820993196,1.3244023057641745,-0.07308005047897326,0.19959457941425185,0.14439366717285806,0.14351515739968582,0.18645150507106287,-0.3919520545094019,-0.025238552812893923,-0.025238552812893923,gradual,up,False,False,
Solstice Foods,digital_video,2025-09,32,127829.81614165375,268553.09187998483,2.1008642583228747,1.8342521671311645,266259.1749646097,1.9609180092475045,0.00868486192176289,0.9918522103708833,0.07527627573351556,0.5321235759379916,9,0.7423488116475745,32,0.8135644701124438,-0.07121565846486932,0.06258166449917774,1.0087123182496436,1.1153267820993196,0.8761461346116215,-0.133797322964047,0.13706485200135415,0.16366776181600437,0.14351515739968582,0.14339887814769944,-0.9330430244108121,0.029146079699122994,0.029146079699122994,gradual,up,False,False,
Crestline Beverages,social,2025-09,32,142878.51533000247,298819.88669532136,2.091426314202282,2.129735510617196,295032.5742903071,2.2246338265558663,0.015344737358277532,0.9349750718542352,0.08778121042517899,0.6307382626772039,9,0.7378462802024047,32,0.7544240901497861,-0.01657780994738134,-0.017320168771357086,1.0455852144821132,1.1153267820993196,0.737103921378429,0.000742358823975775,0.14790150797167506,0.1538429134880264,0.14351515739968582,0.1493161283327111,0.004971725641865202,-0.07747914922285379,0.004971725641865202,sudden,up,False,False,
Aster Wellness,paid_search,2025-09,32,44343.75152947277,180831.60856593217,4.0779501582256446,2.6644146630379284,106582.27886436926,2.471989350362011,0.04236212885710297,2.0553893842969377,0.14626622384574584,0.7177412567155734,9,1.4055944499651758,32,1.3614265242141141,0.044167925751061654,0.009651797862479796,1.4803453645485833,1.1153267820993196,1.3710783220765939,0.03451612788858194,0.09678430656168137,0.13659421902330232,0.14351515739968582,0.1062628571477816,0.32481836847827045,0.36191812362649417,0.36191812362649417,gradual,up,False,False,
Ridgeway Grocery,display,2025-10,33,74892.9581964375,189245.42767956393,2.5268787912368236,1.5373594069394259,118869.15370528674,1.62019879791202,0.006857089491719715,0.6436070556276662,0.05986663732039319,0.5160362524335613,10,0.9269848617775698,33,1.034008780693755,-0.10702391891618523,0.05072674274889964,0.9643494112336772,1.1159538338231505,1.0847355234426546,-0.15775066166508478,0.1683924986679948,0.15121616759824633,0.14295366990414252,0.16439800307037888,-0.9595655586981287,-0.22123584449589354,-0.22123584449589354,gradual,up,False,False,
Crestline Beverages,tv,2025-10,33,73951.77052243089,104346.81525339282,1.4110117244825473,1.1604882883656724,87948.42857344588,1.2770743111493805,0.0034229042775523444,,0.07318097516688431,0.5501392334374431,10,0.34430698217885286,33,0.2471363577260008,0.09717062445285207,0.06315529077233173,0.5414751480921954,1.1159538338231505,0.3102916484983325,0.03401533368052034,0.0996463344879565,0.14141503064177732,0.14295366990414252,0.10935998475628693,0.3110400367769332,-0.5587508242367701,0.3110400367769332,sudden,up,False,False,
Aster Wellness,digital_video,2025-10,33,51276.20596379224,130206.24305749607,2.539311179720255,1.782183703748014,107400.57488844208,1.8972606114117125,0.008599734942694887,1.164098013822539,0.06752251820647251,0.5745787679768498,10,0.9318928551655218,33,0.8859359889414598,0.04595686622406203,0.07369677499345287,0.9718808269232316,1.1159538338231505,0.9596327639349126,-0.02773990876939081,0.17181590514748493,0.1662007648771893,0.14295366990414252,0.17051005857299756,-0.16268781444066535,-0.22812154862524056,-0.16268781444066535,sudden,up,False,False,
Verdant Snacks,display,2025-10,33,16208.032291108073,47074.658914971704,2.9044030804897547,1.4185043558748263,20461.352685321664,1.3809433690622612,0.0059800265368378045,0.7126230064707483,0.05097207745487044,0.5087962910807035,10,1.066227889152009,33,0.9472955577553226,0.11893233139668635,0.05072674274889964,0.9643494112336772,1.1159538338231505,0.9980223005042222,0.0682055886477867,0.1892140447887137,0.15121616759824633,0.14295366990414252,0.18037732916302363,0.37812727887850595,0.24317414421577135,0.37812727887850595,sudden,up,False,False,
Verdant Snacks,social,2025-10,33,19911.225342675287,65973.54898519033,3.3133846787314836,2.366193347709868,44181.718128018256,2.2920081870524944,0.013434348552569584,0.9622240078336098,0.1169037081878811,0.5454921650431893,10,1.1979702284793412,33,1.108471683915514,0.08949854456382722,0.007241894626665569,1.0350434871820573,1.1159538338231505,1.1157135785421795,0.08225664993716175,0.13081591681970825,0.14575477863881484,0.14295366990414252,0.13429007073112836,0.612529649357722,0.424047518581615,0.612529649357722,sudden,up,False,True,sudden
Pinebrook Pet Co.,affiliate,2025-10,33,12327.047967771661,59243.478801616344,4.805974549341004,2.3926090542591156,31900.09750635216,2.54161188459669,0.027755543674198295,1.1312348538722519,0.1479276746491031,0.5889251581986313,10,1.5698598416991325,13,1.4182059460004188,0.15165389569871368,0.07594440749962154,1.3300987120570813,1.1159538338231505,1.4941503535000404,0.07570948819909207,0.22121928994351434,0.14354488457802253,0.14295366990414252,0.18744780934982225,0.4038963616683305,0.6413136570605468,0.6413136570605468,gradual,up,True,True,gradual
Nimbus Home,retail_media,2025-10,33,31491.4693587624,161083.5140901165,5.115147605689461,3.857797543820471,126837.35507803183,3.7525903886533705,0.019603675715579062,1.24722703975286,0.16388648985455462,0.6162996489028487,10,1.632206256404517,33,1.576950313672747,0.055255942731770036,-0.008472372775633454,1.4203447097780055,1.1159538338231505,1.5684779408971135,0.06372831550740354,0.24574823560847986,0.11476629594491584,0.14295366990414252,0.215287319407651,0.2960151841861743,0.15477367745196322,0.2960151841861743,sudden,up,False,False,
Pinebrook Pet Co.,digital_video,2025-10,33,4778.437887730193,27074.991517338676,5.666075850197893,2.9920780574341244,14562.100972164797,2.857861987579261,0.008403929270192937,1.0332265681262132,0.06701805241210472,0.5733133809955995,10,1.7344967882226907,13,1.3936498933949943,0.34084689482769637,0.07369677499345287,0.9718808269232316,1.1159538338231505,1.4673466683884473,0.2671501198342434,0.19323767207221237,0.1662007648771893,0.14295366990414252,0.18148249503089797,1.472043459556583,1.1933022746483548,1.472043459556583,sudden,up,True,True,sudden
Verdant Snacks,paid_search,2025-10,33,14743.448956142714,77255.1592199337,5.239965183841607,3.6324944171822424,48708.37166494803,3.364443260156472,0.04410688017911563,2.0547750858962375,0.1191335930855724,0.7269906463828867,10,1.6563148540058403,33,1.4568835975910606,0.19943125641477977,0.05633138661149931,1.4872253263023432,1.1159538338231505,1.51321498420256,0.14309986980328038,0.15924587054908243,0.13659421902330232,0.14295366990414252,0.1539780446128545,0.9293524291925839,0.023591824115511837,0.9293524291925839,sudden,up,False,True,sudden
Crestline Beverages,audio,2025-10,33,82048.2858860811,140572.1561303123,1.7132857147739555,1.6113454845308355,132669.2443204451,1.5440480569309591,0.004742206675421019,0.7138780962346791,0.04473507164220781,0.4519897402255629,10,0.5384129974792443,33,0.575070789120163,-0.03665779164091865,-0.013481367026929918,0.7504635982865911,1.1159538338231505,0.561589422093233,-0.023176424613988722,0.15023641080221753,0.13863299346509947,0.14295366990414252,0.14753794165405054,-0.15708789450467728,-0.5027643089500137,-0.15708789450467728,sudden,up,False,False,
Halcyon Personal Care,digital_video,2025-10,33,40280.166550626,72287.34953617926,1.7946139682745632,1.3211060337510219,47772.479807732554,1.2875617001568471,0.008298018496696325,1.197358471887049,0.07763540170710548,0.5687715168723488,10,0.5847899393545732,33,0.6063723617234151,-0.02158242236884189,0.07369677499345287,0.9718808269232316,1.1159538338231505,0.680069136716868,-0.09527919736229473,0.10247871269161474,0.1662007648771893,0.14295366990414252,0.11729779459523673,-0.8122846443198504,-0.9820258166647912,-0.8122846443198504,sudden,up,False,False,
Aster Wellness,audio,2025-10,33,46650.53751298421,84805.25587296906,1.8178837885708237,1.088758693390135,55221.98172279634,1.2683682967194456,0.004618290682079299,0.7849590506106086,0.055820894779642555,0.45080224986524126,10,0.5976730710338308,33,0.5941610795187611,0.0035119915150697567,-0.013481367026929918,0.7504635982865911,1.1159538338231505,0.5806797124918311,0.01699335854199968,0.17467780194241,0.13863299346509947,0.14295366990414252,0.16629528834303545,0.10218785337408734,-0.3728237910624762,0.10218785337408734,sudden,up,False,False,
Halcyon Personal Care,affiliate,2025-10,33,28858.248684668797,114459.08768345068,3.966252038858411,2.4356815860596996,76056.35093638166,2.516749803650827,0.030929753900009724,1.1366321637235983,0.14053934519612057,0.5887602735106754,10,1.377821577967052,33,1.3005163958144137,0.07730518215263826,0.07594440749962154,1.3300987120570813,1.1159538338231505,1.3764608033140353,0.0013607746530166498,0.1925753943796045,0.14354488457802253,0.14295366990414252,0.1811729502397017,0.00751091512952828,-0.25066792715068215,0.00751091512952828,sudden,up,False,False,
Verdant Snacks,digital_video,2025-10,33,13458.971650012048,34534.78040282284,2.5659300948740706,1.855846621643152,26468.539615896854,1.8979074568336571,0.007808487779233644,1.111626522921016,0.05261126271835609,0.5704644061889654,10,0.9423210229829405,33,0.9086279789173394,0.03369304406560114,0.07369677499345287,0.9718808269232316,1.1159538338231505,0.9823247539107922,-0.0400037309278517,0.2064122425705947,0.1662007648771893,0.14295366990414252,0.19706073613026787,-0.20300203740945663,-0.4619197312473389,-0.20300203740945663,sudden,up,False,False,
Solstice Foods,social,2025-10,33,175155.74473846544,563416.3251454044,3.2166591280615546,2.2763783919916527,340232.08352056524,2.289835624584361,0.009434472519599384,1.0543118306659256,0.07926235769049324,0.5748872994910685,10,1.1683432830722318,33,1.1856627325208033,-0.017319449448571556,0.007241894626665569,1.0350434871820573,1.1159538338231505,1.1929046271474688,-0.024561344075237024,0.09531855149203046,0.14575477863881484,0.14295366990414252,0.10704790664244543,-0.22944254442336043,-0.15718048047992306,-0.15718048047992306,gradual,up,False,False,
Crestline Beverages,affiliate,2025-10,33,78777.39836069505,294388.5792624873,3.7369675235348803,2.177291947682916,166959.55793323717,2.0438470212721103,0.027617887730110608,1.282426411713396,0.14079074939359326,0.5762838592597385,10,1.318274459947757,33,1.0651701020637492,0.25310435788400776,0.07594440749962154,1.3300987120570813,1.1159538338231505,1.1411145095633708,0.17715995038438614,0.4307408937427699,0.14354488457802253,0.14295366990414252,0.36395112416957287,0.48676852087931294,0.5688780828606175,0.5688780828606175,gradual,up,False,True,gradual
Nimbus Home,audio,2025-10,33,46524.38694005734,130342.18564389423,2.801588461806684,1.6273930397201568,84925.1853665548,1.7290947996491253,0.004847880400220661,0.7921479552404262,0.04697167731493168,0.4346270463820093,10,1.030186564111031,33,1.003859331132832,0.026327232978198944,-0.013481367026929918,0.7504635982865911,1.1159538338231505,0.9903779641059022,0.03980860000512887,0.09468630230796811,0.13863299346509947,0.14295366990414252,0.1049064630421847,0.37946756425408357,0.056805442783459816,0.37946756425408357,sudden,up,False,False,
Crestline Beverages,ooh,2025-10,33,81407.58380458468,133774.35703721314,1.643266521192087,0.8706226817901578,65024.577335903516,0.8182230302078732,0.0030660199353963725,,0.03530570908202592,0.36799506240774593,10,0.49668604208458866,33,0.49360109238963734,0.003084949694951322,0.2747375171623826,0.5154415116590269,1.1159538338231505,0.7683386095520199,-0.27165256746743127,0.17797146037095823,0.21740034672227493,0.14295366990414252,0.1871409688247528,-1.451593251725756,-1.5784429384535246,-1.451593251725756,sudden,up,False,False,
Pinebrook Pet Co.,retail_media,2025-10,33,13297.632470308721,103600.92359600888,7.790929989028616,3.9018287833640235,54449.59106340305,3.831850218396071,0.01803014109423275,,0.19716791822746385,0.6478782826228217,10,2.052960235174167,13,1.6700062827280435,0.3829539524461234,-0.008472372775633454,1.4203447097780055,1.1159538338231505,1.66153390995241,0.3914263252217569,0.1813542283095459,0.11476629594491584,0.14295366990414252,0.1524029533684024,2.568364435009112,1.4977641689334773,2.568364435009112,sudden,up,True,True,sudden
Solstice Foods,digital_video,2025-10,33,144953.96600641866,335686.4202232098,2.315813975095689,1.902472067267636,255960.34312948544,1.7750616541302253,0.007615340214208608,0.9839982422094193,0.058865974974564854,0.5387629913014758,10,0.8397612348508079,33,0.7604267480710338,0.07933448677977406,0.07369677499345287,0.9718808269232316,1.1159538338231505,0.8341235230644867,0.00563771178632122,0.10468321348560307,0.1662007648771893,0.14295366990414252,0.11898962078597196,0.04737986178190986,0.19465466428062964,0.19465466428062964,gradual,up,False,False,
Solstice Foods,retail_media,2025-10,33,151907.27581228162,449120.7259455326,2.956545192085009,2.6222227969016796,365763.78189125075,2.5370799305546514,0.01768877098997201,1.3562851313496007,0.15899935498294357,0.6462419615165131,10,1.0840214218324824,33,1.2187365232125573,-0.13471510138007492,-0.008472372775633454,1.4203447097780055,1.1159538338231505,1.2102641504369238,-0.1262427286044414,0.2154994810382342,0.11476629594491584,0.14295366990414252,0.192073158923509,-0.6572637702840936,-0.04416693764741168,-0.04416693764741168,gradual,up,False,False,
Ridgeway Grocery,retail_media,2025-10,33,83521.19927527562,415342.3404925919,4.972897229644351,2.879885332878233,218887.22203206123,2.6396149797891018,0.022421333863601737,1.4241062846992694,0.13933681743543438,0.6579357084507769,10,1.604002613853339,33,1.6320121525249118,-0.028009538671572853,-0.008472372775633454,1.4203447097780055,1.1159538338231505,1.6235397797492783,-0.019537165895939346,0.13662943729530802,0.11476629594491584,0.14295366990414252,0.13154498581847263,-0.14852079518180902,-0.47302186559090403,-0.14852079518180902,sudden,up,False,False,
Halcyon Personal Care,retail_media,2025-10,33,29802.691995033663,127673.1372179936,4.283946471656625,2.774277747602929,81548.70977306135,3.065639112770592,0.01942376238515225,1.3046041887431763,0.16601025600096728,0.6264524202927539,10,1.4548746575626745,33,1.4166278918332333,0.03824676572944119,-0.008472372775633454,1.4203447097780055,1.1159538338231505,1.4081555190575998,0.0467191385050747,0.21577058065773796,0.11476629594491584,0.14295366990414252,0.19228121211987237,0.2429729768707145,0.20593069691275492,0.2429729768707145,sudden,up,False,False,
Crestline Beverages,social,2025-10,33,112829.44484732907,242805.58530210066,2.1519700431978896,2.410238016407509,280004.1970156005,2.4169817556409847,0.014015167720570902,1.0283955453754745,0.08654162842727196,0.63567455532315,10,0.7663837217555703,33,0.7538020668336312,0.01258165492193919,0.007241894626665569,1.0350434871820573,1.1159538338231505,0.7610439614602967,0.00533976029527361,0.12480283965654282,0.14575477863881484,0.14295366990414252,0.1296753836059084,0.04117790244215876,0.05861496233925686,0.05861496233925686,gradual,up,False,False,
Nimbus Home,social,2025-10,33,26542.165510253508,70543.21115517576,2.657779039465495,2.390653581028906,74934.99663077667,2.8416121641927115,0.012168001618124478,0.9370237677935402,0.08783453085489576,0.6121083280596377,10,0.9774908264613772,33,1.0350119654483327,-0.057521138986955545,0.007241894626665569,1.0350434871820573,1.1159538338231505,1.0422538600749982,-0.06476303361362101,0.12885947088086547,0.14575477863881484,0.14295366990414252,0.13278861221992344,-0.4877152681312837,-0.27665122027357214,-0.27665122027357214,gradual,up,False,False,
Aster Wellness,paid_search,2025-10,33,37523.05250695951,136000.23792529918,3.624444943547032,2.826190236157529,99017.00906112202,2.598008528599607,0.05057565755503014,1.9175706885888562,0.14886260709268698,0.6724290989613714,10,1.2877011575612156,33,1.3614265242141141,-0.07372536665289853,0.05633138661149931,1.4872253263023432,1.1159538338231505,1.4177579108256135,-0.13005675326439792,0.09678430656168137,0.13659421902330232,0.14295366990414252,0.10604242573880251,-1.2264596208384189,0.10119344774368785,0.10119344774368785,gradual,up,False,False,
Aster Wellness,retail_media,2025-10,33,37083.81761587032,118562.07713738171,3.1971378558026915,2.276720666886084,83043.45750986243,2.3497315246020873,0.02281086454977891,1.3206853611318963,0.16682034943940618,0.6309986704640737,10,1.1622559895117304,33,1.2513620079112808,-0.08910601839955046,-0.008472372775633454,1.4203447097780055,1.1159538338231505,1.2428896351356473,-0.08063364562391695,0.039439944972047274,0.11476629594491584,0.14295366990414252,0.08,-1.0079205702989618,-0.2969298877330055,-0.2969298877330055,gradual,up,False,False,
Crestline Beverages,paid_search,2025-10,33,93370.82694755447,361388.326560448,3.8704629526676086,3.2066314860324283,257138.41176813838,3.3111666085023783,0.039371341322608285,1.7049716862025397,0.1543883022076719,0.7209017493853446,10,1.3533741258993717,33,1.2113866592792197,0.14198746662015194,0.05633138661149931,1.4872253263023432,1.1159538338231505,1.2677180458907191,0.08565608000865255,0.07533158431174446,0.13659421902330232,0.14295366990414252,0.08957870866326953,0.9562102567322964,0.04157510256732694,0.9562102567322964,sudden,up,False,True,sudden
Halcyon Personal Care,social,2025-10,33,25200.867171518632,57175.336701812426,2.2687844950998555,2.113294250531409,52362.48591238103,2.1754866479903896,0.012786860886399833,0.9088960331510829,0.0957082330926957,0.5770185452924249,10,0.8192442233671643,33,1.0247728929505608,-0.20552866958339655,0.007241894626665569,1.0350434871820573,1.1159538338231505,1.0320147875772263,-0.21277056421006202,0.20319375912020562,0.14575477863881484,0.14295366990414252,0.1898358566826729,-1.1208133591206981,-0.3361934554346489,-0.3361934554346489,gradual,up,False,False,
Solstice Foods,paid_search,2025-10,33,137401.68031388824,528711.2265690404,3.8479240236452883,3.0498436303204017,475777.7747968835,3.843739470798067,0.049627564095662165,1.759568487720215,,0.6559395378758295,10,1.3475337882336123,33,1.7512052781662124,-0.40367148993260016,0.05633138661149931,1.4872253263023432,1.1159538338231505,1.8075366647777118,-0.46000287654409955,0.17020264911015826,0.13659421902330232,0.14295366990414252,0.1623867351364708,-2.8327614084827206,-0.29137380448554395,-0.29137380448554395,gradual,up,False,False,
Solstice Foods,display,2025-10,33,179358.08812332028,390514.4301879438,2.177289211063846,1.651764746182961,310469.9484329663,1.811527957458102,0.006446070863288062,0.6343118492348692,0.040763273581119724,0.46567662893394485,10,0.7780806218734151,33,0.9007653670922082,-0.12268474521879313,0.05072674274889964,0.9643494112336772,1.1159538338231505,0.9514921098411079,-0.1734114879676928,0.1608295626235558,0.15121616759824633,0.14295366990414252,0.15859388936185592,-1.0934310815218629,0.26704278178140195,0.26704278178140195,gradual,up,False,False,
Nimbus Home,display,2025-10,33,38572.89155702894,96176.20090587699,2.493362489137823,1.913343204915622,74537.76452704509,2.081348145363035,0.005127973235799363,0.732596877256877,0.053890502500824444,0.5018897873252635,10,0.9136321967543821,33,1.024976736358291,-0.11134453960390878,0.05072674274889964,0.9643494112336772,1.1159538338231505,1.0757034791071904,-0.16207128235280832,0.17967465942063868,0.15121616759824633,0.14295366990414252,0.17305640550845441,-0.9365228745889477,0.16442282994588964,0.16442282994588964,gradual,up,False,False,
Pinebrook Pet Co.,social,2025-10,33,7829.763584149541,33957.612073702134,4.336990728870209,2.2035541260667477,17478.777813827834,2.3808689687670888,0.011213804106348294,0.9908995261246878,0.08737986996581315,0.6029457279606718,10,1.4671807271682624,13,1.1926953917693854,0.274485335398877,0.007241894626665569,1.0350434871820573,1.1159538338231505,1.199937286396051,0.2672434407722115,0.23876912162231462,0.14575477863881484,0.14295366990414252,0.19832810293383646,1.347481455320357,0.4865035350522942,1.347481455320357,sudden,up,True,True,sudden
Ridgeway Grocery,social,2025-10,33,93939.65684456279,335449.0838540066,3.570899608554641,1.949644166531182,188204.99445863604,1.9282987150196615,0.011551195671652878,0.9312815630870566,,0.5856592843793612,10,1.2728175552388763,33,1.3091820943531887,-0.036364539114312366,0.007241894626665569,1.0350434871820573,1.1159538338231505,1.3164239889798541,-0.043606433740977835,0.03859469780602629,0.14575477863881484,0.14295366990414252,0.08,-0.5450804217622229,-0.31456935494449817,-0.31456935494449817,gradual,up,False,False,
Crestline Beverages,retail_media,2025-10,33,89874.05587683235,314028.58360278606,3.4940960496224367,3.4591861909645045,315092.51241322886,3.3338533014847336,0.018450455746469967,1.52030878846153,0.1439700204404962,0.6092351617828192,10,1.2510747012087924,33,1.0837471940661874,0.16732750714260503,-0.008472372775633454,1.4203447097780055,1.1159538338231505,1.0752748212905539,0.17579987991823853,0.2072213844846238,0.11476629594491584,0.14295366990414252,0.18572020110329635,0.9465845873193934,0.8338406924725209,0.9465845873193934,sudden,up,False,True,sudden
Ridgeway Grocery,affiliate,2025-10,33,108459.7274315206,415554.828729231,3.831420551850496,2.989582080325067,317668.72771936323,2.85684364907035,0.027262861681597778,1.0670383786435869,0.1378350184074059,0.5661377332990841,10,1.3432356356921313,33,1.3749314865680557,-0.031695850875924414,0.07594440749962154,1.3300987120570813,1.1159538338231505,1.4508758940676774,-0.10764025837554603,0.10454240006689144,0.14354488457802253,0.14295366990414252,0.1136127453020382,-0.9474311890746554,-0.13745397810534565,-0.13745397810534565,gradual,up,False,False,
Halcyon Personal Care,paid_search,2025-10,33,39577.61864973265,137195.54760301815,3.466493242486809,2.5301565915751985,95236.02562302,2.43013923827055,0.04149853189108444,1.798387724248536,0.13793693510028385,0.6620076129657045,10,1.2431434900221368,33,1.2526392565796103,-0.009495766557473528,0.05633138661149931,1.4872253263023432,1.1159538338231505,1.3089706431911097,-0.06582715316897292,0.09921080912002106,0.13659421902330232,0.14295366990414252,0.10790462537659809,-0.6100494111279241,-1.6212752266003854,-0.6100494111279241,sudden,up,False,False,
Nimbus Home,paid_search,2025-10,33,46120.32256632129,174633.51556132463,3.7864764564515054,3.2375491873661137,132959.55624324008,2.8834640042640913,0.043202150563705535,1.8385553527341374,0.12857077257704463,0.6436192633844635,10,1.3314358917923428,33,1.3233241438716346,0.008111747920708234,0.05633138661149931,1.4872253263023432,1.1159538338231505,1.379655530483134,-0.048219638690791156,0.12151023159180183,0.13659421902330232,0.14295366990414252,0.12501813564563916,-0.3857011500112955,0.42302660078248255,0.42302660078248255,gradual,up,False,False,
Pinebrook Pet Co.,display,2025-10,33,14815.87745844678,67704.65472501902,4.569736413851039,2.297296581251443,34941.6041696231,2.174015852539861,0.005888857238127007,0.6798678475783223,0.04219334150821802,0.5087151760129655,10,1.5194555257484004,13,1.2399155465602805,0.2795399791881199,0.05072674274889964,0.9643494112336772,1.1159538338231505,1.29064228930918,0.22881323643922036,0.2213456243313623,0.15121616759824633,0.14295366990414252,0.19085455618652927,1.1988879962372638,0.39172083143493164,1.1988879962372638,sudden,up,True,True,sudden
Ridgeway Grocery,tv,2025-10,33,73079.64613837333,144209.1514852895,1.973314857220783,1.3409856754736231,95481.83700498246,1.4164326093240505,0.004097251679402003,,0.06271300071235011,0.5505704379153745,10,0.679714797289099,33,0.7124577720191632,-0.032742974730064156,0.06315529077233173,0.5414751480921954,1.1159538338231505,0.7756130627914949,-0.09589826550239589,0.21769839582950556,0.14141503064177732,0.14295366990414252,0.19995807834398738,-0.47959185393561515,-0.31854077038016815,-0.31854077038016815,gradual,up,False,False,
Halcyon Personal Care,display,2025-10,33,28547.71000960583,65888.38011866914,2.308009297295608,1.218949948886522,32046.83528312184,1.1726517550068605,0.005121841744641647,0.6671224824241708,0.04144389967225451,0.5040568267115765,10,0.8363853769287308,33,0.8641397447980449,-0.027754367869314067,0.05072674274889964,0.9643494112336772,1.1159538338231505,0.9148664875469446,-0.07848111061821372,0.15258512782350866,0.15121616759824633,0.14295366990414252,0.1522667649804244,-0.5154185197820637,0.5296198540202627,0.5296198540202627,gradual,up,False,False,
Aster Wellness,social,2025-10,33,53361.482021818054,110183.78610439738,2.0648561833298826,1.6949204487668084,100146.14139570083,1.802356535616046,0.009641647297691808,1.003384588430393,0.07858855683461541,0.5724379035391605,10,0.7250605791111089,33,0.63496578159446,0.09009479751664884,0.007241894626665569,1.0350434871820573,1.1159538338231505,0.6422076762211256,0.08285290288998326,0.1484762527091927,0.14575477863881484,0.14295366990414252,0.1478433517625932,0.560410068509732,-0.17379359675450373,0.560410068509732,sudden,up,False,True,sudden
Verdant Snacks,affiliate,2025-10,33,19132.46444430189,77970.10588196712,4.07527770972487,2.8222728310985024,55115.6358701607,2.754559786989775,0.028149098687613266,1.3567078579129508,0.12008042958477813,0.5884105406583068,10,1.4049388939964806,33,1.3534116869063504,0.051527207090130256,0.07594440749962154,1.3300987120570813,1.1159538338231505,1.429356094405972,-0.024417200409491358,0.07421796503283722,0.14354488457802253,0.14295366990414252,0.09034050446195008,-0.2702796553430303,0.041472436433472704,0.041472436433472704,gradual,up,False,False,
Ridgeway Grocery,audio,2025-10,33,74277.18740256187,123962.93884098141,1.668923436332295,1.3293662070436778,96920.09194334003,1.4734729192850462,0.004854371962466053,0.6946134127728536,0.05103553161987959,0.4220450106074447,10,0.5121787696503998,33,0.7035495583263183,-0.1913707886759185,-0.013481367026929918,0.7504635982865911,1.1159538338231505,0.6900681912993883,-0.17788942164898858,0.07728805706477714,0.13863299346509947,0.14295366990414252,0.09155432134392186,-1.942993176485365,-0.5419715871048553,-0.5419715871048553,gradual,up,False,False,
Pinebrook Pet Co.,paid_search,2025-10,33,17194.077172824225,123446.96451884929,7.179621405559414,3.600921862252134,60400.84101137438,3.3618936155972152,0.049600914087391056,2.069286036561827,0.13942077991010535,0.6911559156060959,10,1.9712466526391863,13,1.9115184069283035,0.059728245710882755,0.05633138661149931,1.4872253263023432,1.1159538338231505,1.967849793539803,0.0033968590993833647,0.17836437669836686,0.13659421902330232,0.14295366990414252,0.1602034385787736,0.021203409424405684,0.13037084966780763,0.13037084966780763,gradual,up,True,False,
Ridgeway Grocery,paid_search,2025-10,33,60538.07834271733,309001.78058868216,5.1042548598811734,5.549829371214557,337621.89598335867,4.848222585875266,0.0490546945881629,1.718403712985887,0.09953269609769747,0.7264590247386148,10,1.6300744781581589,33,1.6702114035658515,-0.04013692540769265,0.05633138661149931,1.4872253263023432,1.1159538338231505,1.726542790177351,-0.09646831201919204,0.1760890262106756,0.13659421902330232,0.14295366990414252,0.1669041873298911,-0.5779861701643204,-0.22509185652941838,-0.22509185652941838,gradual,up,False,False,
Nimbus Home,digital_video,2025-10,33,36406.604104551014,120917.24246705465,3.321299677382966,1.739010901838016,63521.71245289315,1.7138235108767375,0.010171668676408308,1.2184959598723362,0.06650904744325364,0.5420921813603854,10,1.2003561754156187,33,1.1432020558625307,0.05715411955308802,0.07369677499345287,0.9718808269232316,1.1159538338231505,1.2168988308559836,-0.01654265544036493,0.18320351706003413,0.1662007648771893,0.14295366990414252,0.17924938864541906,-0.09228849016098274,-0.793677604040516,-0.09228849016098274,sudden,up,False,False,
Verdant Snacks,retail_media,2025-10,33,25898.296873550426,127668.83975325721,4.929622993226387,2.725215549135639,65992.7391048963,2.8756653967991523,0.021411253468198527,1.6290669876864146,0.19447642725516662,0.6474561557807632,10,1.5952625131682758,33,1.5040421820642123,0.09122033110406358,-0.008472372775633454,1.4203447097780055,1.1159538338231505,1.4955698092885787,0.09969270387969709,0.1618486807145768,0.11476629594491584,0.14295366990414252,0.1508992889076789,0.6606572144994646,0.05650268283643168,0.6606572144994646,sudden,up,False,True,sudden
Solstice Foods,tv,2025-10,33,128623.72057971662,271863.68039516057,2.11363564333119,1.2388793537926306,141418.66251680587,1.1730448890083063,0.004155339498139393,,0.05667261289105383,0.5260599941854641,10,0.7484095184453922,33,0.6350973005077308,0.11331221793766133,0.06315529077233173,0.5414751480921954,1.1159538338231505,0.6982525912800626,0.0501569271653296,0.18687560174197318,0.14141503064177732,0.14295366990414252,0.17630337590471834,0.2844921539814217,,0.2844921539814217,sudden,up,False,False,
Crestline Beverages,digital_video,2025-10,33,60557.94626425242,196521.44029770882,3.2451800700136384,1.8902605073323668,125549.85662444457,1.9614776671439447,0.009077211304721694,1.0662801972283427,0.07144173189468478,0.48152670172757966,10,1.1771708401460819,33,0.9998700179408768,0.17730082220520504,0.07369677499345287,0.9718808269232316,1.1159538338231505,1.0735667929343298,0.10360404721175209,0.17031429802101108,0.1662007648771893,0.14295366990414252,0.16935766240616879,0.6117470313405693,0.0452245170407444,0.6117470313405693,sudden,up,False,True,sudden
Solstice Foods,affiliate,2025-10,33,157627.37609989994,485719.51481007517,3.0814413512931877,2.8870505948840472,485265.1098115961,3.796833460344148,0.03664193968030869,1.2185226495739514,0.09553714970910226,0.5701960999026354,10,1.1253974587201978,33,1.5283240654014358,-0.40292660668123803,0.07594440749962154,1.3300987120570813,1.1159538338231505,1.6042684729010575,-0.47887101418085964,0.19085563961098667,0.14354488457802253,0.14295366990414252,0.1798531384405299,-2.6625669050484917,-0.14566738019299075,-0.14566738019299075,gradual,up,False,False,
Aster Wellness,display,2025-10,33,45444.41932978944,76971.44724725555,1.6937491639770983,1.2912563253886773,56590.35785688807,1.2844666773595739,0.006740519148960651,0.6664643208392654,0.055739938048882165,0.5153263530445823,10,0.526944512052895,33,0.6466365365562414,-0.11969202450334637,0.05072674274889964,0.9643494112336772,1.1159538338231505,0.6973632793051411,-0.17041876725224603,0.15817552249358094,0.15121616759824633,0.14295366990414252,0.15655706786675894,-1.0885408725033376,-0.40566982042241345,-0.40566982042241345,gradual,up,False,False,
Verdant Snacks,paid_search,2025-11,34,12700.428510240374,57981.57683996429,4.56532445288863,3.9245937910022297,42888.774037279516,3.2726414849823477,0.042677951493294244,1.7394420672003086,0.11868672786039414,0.6848895701400335,11,1.518489585538518,34,1.4568835975910606,0.06160598794745753,-0.020193600999209773,1.4775430869231976,1.1165692020717923,1.4366899965918507,0.08179958894666739,0.15924587054908243,0.13560277930139975,0.1423147479475789,0.15387244072006362,0.5316064953793993,0.17252058454531377,0.5316064953793993,sudden,up,False,False,
Solstice Foods,display,2025-11,34,235151.2144245718,574039.7510365507,2.44115154770201,1.8308662430314941,493853.7964081944,1.9913601375210108,0.006808213977252441,0.7384486737100228,0.05055468689478605,0.496396021439312,11,0.8924698737532403,34,0.9007653670922082,-0.008295493338967952,0.09026691433742655,0.9591633413243724,1.1165692020717923,0.9910322814296347,-0.09856240767639446,0.1794784268912129,0.15095165937690974,0.1423147479475789,0.1729950706379622,-0.5697411337382108,-0.24508361647676727,-0.24508361647676727,gradual,up,False,False,
Halcyon Personal Care,affiliate,2025-11,34,30394.18478103243,117023.10364774601,3.8501807003810344,2.6061591049027184,88198.63990722998,2.7095091867239516,0.027917458650017223,1.061011861911449,0.10155408474223282,0.5674205615169369,11,1.3481200823621775,34,1.3569855501081944,-0.00886546774601693,0.007654142844557375,1.34597385590665,1.1165692020717923,1.3646396929527518,-0.016519610590574274,0.1835533785657219,0.14354488457802253,0.1423147479475789,0.17446053902306294,-0.09468966840914353,-0.10647351284200379,-0.09468966840914353,sudden,up,False,False,
Crestline Beverages,retail_media,2025-11,34,85042.99113256844,275111.01922378986,3.23496405241598,3.1949379864366114,269842.3754976591,3.1731354449396196,0.01983924699621661,1.353617220338488,0.16866136457846026,0.6746168015495605,11,1.1740178158095107,34,1.0912074931445446,0.08281032266496613,0.013499261138465647,1.4378316754401939,1.1165692020717923,1.1047067542830102,0.06931106152650046,0.21471413289294233,0.11494405797271032,0.1423147479475789,0.19203911586561687,0.36092158211664666,0.46936643300216496,0.46936643300216496,gradual,up,False,False,
Solstice Foods,affiliate,2025-11,34,199291.14328081076,731741.3152937241,3.6717201941215496,3.4216758974687176,711377.0387327771,3.7776303895755046,0.028337412745610257,1.1511531039284837,0.13995833512088302,0.5570811430118228,11,1.3006602699969216,34,1.5030830246637845,-0.20242275466686288,0.007654142844557375,1.34597385590665,1.1165692020717923,1.5107371675083419,-0.21007689751142022,0.27321479962881545,0.14354488457802253,0.1423147479475789,0.24374436438999886,-0.8618738654211114,-0.5351166539130077,-0.5351166539130077,gradual,up,False,False,
Nimbus Home,audio,2025-11,34,47342.860060943225,123436.34771045666,2.6072853974508567,1.5562691572233978,75634.41696061846,1.6215070203269524,0.004858976874342546,0.9351195753390125,0.048261698384522586,0.4647245706577613,11,0.9583096024735227,34,1.0191701232834047,-0.060860520809882024,0.03959806495096386,0.7519673514224166,1.1165692020717923,1.0587681882343687,-0.10045858576084599,0.11172960865389764,0.1353652493217159,0.1423147479475789,0.11710134516931088,-0.8578772994929992,-0.2751267505538776,-0.2751267505538776,gradual,up,False,False,
Ridgeway Grocery,tv,2025-11,34,95443.72307038546,163712.24171810853,1.7152751008819942,1.468327721904496,137752.38866241238,1.4526532771323017,0.0032897676593844224,,0.053526554264858694,0.546464681076432,11,0.5395734764313547,34,0.6851161334096632,-0.14554265697830848,0.0025263688421583337,0.5420110707150524,1.1165692020717923,0.6876425022518214,-0.14806902582046677,0.17605077067318717,0.1386641612272935,0.1423147479475789,0.1675538139809386,-0.8837102677788733,-0.8052946684467926,-0.8052946684467926,gradual,up,False,False,
Halcyon Personal Care,social,2025-11,34,23605.642002009223,97975.77453968156,4.150523613437086,1.9778898082418261,43488.575064425844,2.003938286935088,0.01201088392895302,0.8327280637161831,0.09259244079612292,0.3238640423507237,11,1.4232344981961513,34,0.9684019630276981,0.45483253516845323,-0.038438614730612344,1.0311842238020172,1.1165692020717923,0.9299633482970857,0.4932711498990656,0.20319375912020562,0.14448677570611215,0.1423147479475789,0.18985126288972984,2.5981978860239097,0.4231154258320198,2.5981978860239097,sudden,up,True,True,sudden
Aster Wellness,social,2025-11,34,47047.999589550585,123220.6292313132,2.6190407733866894,1.9535998876646787,94147.69079986068,1.8835815696687952,0.009853228408769862,0.8509935912890023,0.08395662378840626,0.551152149233865,11,0.9628081337078225,34,0.63496578159446,0.32784235211336243,-0.038438614730612344,1.0311842238020172,1.1165692020717923,0.5965271668638477,0.3662809668439748,0.12070745569352703,0.14448677570611215,0.1423147479475789,0.1261118466054782,2.904413635221989,0.7694773073393377,2.904413635221989,sudden,up,False,True,sudden
Verdant Snacks,social,2025-11,34,19083.70184851772,71420.70811644883,3.7424975868608144,2.503110808008125,42484.0615066195,2.2868162731561843,0.012658139972777949,0.8405033488073553,0.08098661291744728,0.6093158702057008,11,1.319753192518069,34,1.1184162726275102,0.2013369198905588,-0.038438614730612344,1.0311842238020172,1.1165692020717923,1.0799776578968978,0.23977553462117118,0.13081591681970825,0.14448677570611215,0.1423147479475789,0.13392293020298185,1.7903994055219117,0.8651595903206978,1.7903994055219117,sudden,up,False,True,sudden
Aster Wellness,retail_media,2025-11,34,35728.89997269858,105302.00676462318,2.9472501768900607,2.5600101421863455,87949.47089432861,2.46839891617571,0.02244523442729353,1.5094658098982257,0.1724225326287786,0.6981636064380576,11,1.08087259220878,34,1.2513620079112808,-0.17048941570250076,0.013499261138465647,1.4378316754401939,1.1165692020717923,1.2648612690497465,-0.18398867684096643,0.06517333200454546,0.11494405797271032,0.1423147479475789,0.08,-2.2998584605120804,-1.3018847127095252,-1.3018847127095252,gradual,up,False,False,
Verdant Snacks,retail_media,2025-11,34,23113.45180332672,113624.4410184854,4.915944272855491,3.2694567704331736,76962.59303397869,3.2077659949304675,0.018208924082679875,1.584510801666932,0.16828302667747477,0.5913224459532631,11,1.5924838557679932,34,1.5397310812104152,0.052752774557577986,0.013499261138465647,1.4378316754401939,1.1165692020717923,1.553230342348881,0.03925351341911232,0.1456434650682102,0.11494405797271032,0.1423147479475789,0.13866632709196022,0.2830789149919599,0.20600493009428658,0.2830789149919599,sudden,up,False,False,
Ridgeway Grocery,social,2025-11,34,132767.2719351185,480965.12172957393,3.622618094952006,1.8802912076991347,260332.05890353848,1.980085024459713,0.012886315449471024,0.8593885146400784,0.0958982907215014,0.5937360915867861,11,1.2871969950821487,34,1.2941170196913547,-0.0069200246092060436,-0.038438614730612344,1.0311842238020172,1.1165692020717923,1.2556784049607423,0.03151859012140634,0.05821710958244572,0.14448677570611215,0.1423147479475789,0.08,0.3939823765175793,-0.2689888298447629,0.3939823765175793,sudden,up,False,False,
Crestline Beverages,digital_video,2025-11,34,56432.518370039244,171510.88053696862,3.039220745250773,1.8864668261635233,104774.97439662514,1.8386852104272373,0.007545059408207281,1.0554763645918106,0.07191086591702346,0.5209066440233773,11,1.1116011487599189,34,1.0421651340627558,0.0694360146971631,-0.025079256701390808,0.9777470757847796,1.1165692020717923,1.017085877361365,0.09451527139855398,0.16573618905558313,0.16465874651024784,0.1423147479475789,0.1654913157498251,0.5711192213942735,-0.0038571104946258554,0.5711192213942735,sudden,up,False,True,sudden
Nimbus Home,digital_video,2025-11,34,39037.32895393812,133403.8405611621,3.4173403799878628,1.9933601489128654,77294.7088919584,1.917494893163542,0.007316717684282314,1.0030796390011933,0.08852083325725915,0.546052204301701,11,1.2288625818647132,34,1.1432020558625307,0.08566052600218255,-0.025079256701390808,0.9777470757847796,1.1165692020717923,1.1181227991611398,0.11073978270357343,0.2931983889124685,0.16465874651024784,0.1423147479475789,0.26398483382105475,0.41949297276160835,-0.2279165161290861,0.41949297276160835,sudden,up,False,False,
Aster Wellness,audio,2025-11,34,44718.22711659162,78666.03678427788,1.7591492743926502,1.1237706379217012,47234.29703107953,1.1616719757306506,0.005629920202199312,1.0047451600939896,0.052326531576269465,0.4535214332218347,11,0.5648303253683012,34,0.6012932459895813,-0.03646292062128009,0.03959806495096386,0.7519673514224166,1.1165692020717923,0.6408913109405452,-0.07606098557224394,0.16234710469473096,0.1353652493217159,0.1423147479475789,0.15621486483722755,-0.4868997944049551,-0.12422245320741182,-0.12422245320741182,gradual,up,False,False,
Nimbus Home,social,2025-11,34,32840.830715300785,87841.93180682897,2.6747780093730325,2.383542052076385,81705.4970884283,2.601526042443283,0.011594530106926956,1.0376968888023712,0.08746303167167549,,11,0.9838663897540776,34,1.018398038442994,-0.03453164868891645,-0.038438614730612344,1.0311842238020172,1.1165692020717923,0.9799594237123816,0.003906966041695936,0.11766869960317368,0.14448677570611215,0.1423147479475789,0.12376371689929606,0.03156794365569153,-0.16720047232575966,0.03156794365569153,sudden,up,False,False,
Solstice Foods,digital_video,2025-11,34,214320.70523054193,421752.4640815164,1.9678568322544612,1.7398118299598255,400616.6484215566,1.891288181385021,0.008314408179519783,1.007560267864403,0.06894079606745687,0.5191058157986069,11,0.6769450481456291,34,0.791253452766393,-0.11430840462076397,-0.025079256701390808,0.9777470757847796,1.1165692020717923,0.7661741960650023,-0.0892291479193732,0.13706485200135415,0.16465874651024784,0.1423147479475789,0.14333619166246636,-0.6225165248529378,-0.3351510416626311,-0.3351510416626311,gradual,up,False,False,
Pinebrook Pet Co.,affiliate,2025-11,34,12843.796202453796,47437.127253746934,3.693388349208166,2.3209973608248853,31376.11762277454,2.499918723813441,0.03300985696558556,1.155966042974169,0.10779765712603596,0.5761653870712371,11,1.3065442885350746,14,1.4890451935706372,-0.1825009050355626,0.007654142844557375,1.34597385590665,1.1165692020717923,1.4966993364151946,-0.19015504788011994,0.23973408988079342,0.14354488457802253,0.1423147479475789,0.1996552543379722,-0.9524169474559857,0.1978075683629309,0.1978075683629309,gradual,up,False,False,
Crestline Beverages,affiliate,2025-11,34,75700.76853623721,249932.85890137372,3.3015894519186197,2.276341754257265,178757.4729576727,2.1999386899131337,0.033152499571265426,1.0509826045275477,0.1049966902481536,0.60014294808708,11,1.1944040046118474,34,1.1072832799184824,0.08712072469336496,0.007654142844557375,1.34597385590665,1.1165692020717923,1.1149374227630398,0.07946658184880762,0.4307408937427699,0.14354488457802253,0.1423147479475789,0.3654690734780546,0.21743722688365688,0.5852938887172742,0.5852938887172742,gradual,up,False,True,gradual
Nimbus Home,paid_search,2025-11,34,46820.25833878914,172759.3891787476,3.6898427157037226,3.1547426835736654,136213.93731368202,2.9229526654139564,0.043359568131990364,1.8856970952552967,0.15717876953115306,0.6969463831565369,11,1.3055838326734515,34,1.3287767290445354,-0.023192896371083904,-0.020193600999209773,1.4775430869231976,1.1165692020717923,1.3085831280453255,-0.0029992953718740445,0.10570016217580482,0.13560277930139975,0.1423147479475789,0.11249621152253093,-0.026661301134335003,0.14327601638976536,0.14327601638976536,gradual,up,False,False,
Pinebrook Pet Co.,display,2025-11,34,14848.187105553536,41441.408492645816,2.7910079660260916,1.9762705988720506,31131.284371609123,2.055702222055512,0.005418538906516899,0.7351909321106112,0.04959221876933263,0.46923587139043554,11,1.0264028087335915,14,1.2399155465602805,-0.213512737826689,0.09026691433742655,0.9591633413243724,1.1165692020717923,1.330182460897707,-0.3037796521641156,0.2690748507846513,0.15095165937690974,0.1423147479475789,0.219856854364759,-1.3817156305717102,-0.09591970415304812,-0.09591970415304812,gradual,up,False,False,
Aster Wellness,digital_video,2025-11,34,49942.772286892716,121230.12327539748,2.4273807344734415,1.7134431776929027,85339.37874137887,1.7352769270823165,0.008666320338905933,1.0887096144430115,0.07631284262335829,0.5493905823468065,11,0.8868127889664645,34,0.8859359889414598,0.0008768000250047869,-0.025079256701390808,0.9777470757847796,1.1165692020717923,0.860856732240069,0.02595605672639556,0.15437977618620577,0.16465874651024784,0.1423147479475789,0.15671590580530625,0.16562490318399264,-0.09259683272399057,0.16562490318399264,sudden,up,False,False,
Halcyon Personal Care,display,2025-11,34,27142.956606917716,60299.061493847206,2.221536230083323,1.2155809935397983,29727.72825218187,1.1767928550235438,0.006147412662981025,0.8079845017137051,0.04539060174214908,0.495660534912803,11,0.7981989520987062,34,0.8488674947665737,-0.05066854266786758,0.09026691433742655,0.9591633413243724,1.1165692020717923,0.9391344091040003,-0.14093545700529408,0.17556705156803262,0.15095165937690974,0.1423147479475789,0.1699726442518683,-0.8291655261681613,0.1255296930698973,0.1255296930698973,gradual,up,False,False,
Verdant Snacks,affiliate,2025-11,34,17933.774412904313,90163.38130467077,5.027574186491014,2.6568952355199515,46517.48800497739,2.6502378921488283,0.02573424934555144,1.1423227016965476,,0.5969338314483732,11,1.6149375986952352,34,1.362218152787845,0.25271944590739026,0.007654142844557375,1.34597385590665,1.1165692020717923,1.3698722956324023,0.24506530306283292,0.06747492149472574,0.14354488457802253,0.1423147479475789,0.08476354946820228,2.8911637679208484,0.2677112290290777,2.8911637679208484,sudden,up,False,True,sudden
Ridgeway Grocery,paid_search,2025-11,34,85749.81530167305,454763.99751395424,5.303381656439339,4.32651172065484,373938.91792308254,4.4948793075740765,0.049556879645983605,1.7996399282987428,0.13035810435009765,0.6923642957322584,11,1.6683446654765295,34,1.595379557355185,0.07296510812134449,-0.020193600999209773,1.4775430869231976,1.1165692020717923,1.5751859563559751,0.09315870912055435,0.15539707150781862,0.13560277930139975,0.1423147479475789,0.1508983687336325,0.6173606110016945,0.26663548346281074,0.6173606110016945,sudden,up,False,True,sudden
Crestline Beverages,tv,2025-11,34,60338.669331298064,91274.5540952605,1.5127041266704864,1.3222397190596784,79149.74158249471,1.306922980529729,0.0033465762774591385,,0.06814994094130658,0.5243542620519986,11,0.4138988615987471,34,0.2471363577260008,0.16676250387274633,0.0025263688421583337,0.5420110707150524,1.1165692020717923,0.24966272656815913,0.16423613503058798,0.09544418992932155,0.1386641612272935,0.1423147479475789,0.10526691067886063,1.5601876598395261,0.12894705528106307,1.5601876598395261,sudden,up,False,True,sudden
Solstice Foods,tv,2025-11,34,145840.4538459422,278606.5355931811,1.9103515399608237,1.441784921540793,189555.12337559584,1.2890124717637157,0.003766701557850037,,0.06788514116224788,0.5401422749269643,11,0.6472872774584952,34,0.7111194349130868,-0.06383215745459159,0.0025263688421583337,0.5420110707150524,1.1165692020717923,0.7136458037552451,-0.06635852629674988,0.2010580991962236,0.1386641612272935,0.1423147479475789,0.1868776587487395,-0.3550907408679074,,-0.3550907408679074,sudden,up,False,False,
Halcyon Personal Care,digital_video,2025-11,34,38824.28121611882,71053.55195881907,1.8301318075483004,1.5568878492885447,56344.9130948488,1.410955709370567,0.008783846279857104,1.123826708918301,0.06452270433068732,0.5350696157148649,11,0.6043879902422609,34,0.5876163759807611,0.016771614261499757,-0.025079256701390808,0.9777470757847796,1.1165692020717923,0.5625371192793703,0.04185087096289053,0.1032710336777008,0.16465874651024784,0.1423147479475789,0.11722278659418878,0.357019929135222,-0.4136764163999005,0.357019929135222,sudden,up,False,False,
Pinebrook Pet Co.,paid_search,2025-11,34,18581.375891417047,108958.57984548269,5.8638596238619725,2.897828236841415,51038.5994315812,2.991490411653306,0.05030084527407953,1.7846470981965499,0.13878854668804633,0.6733080091029365,11,1.7688080256658203,14,1.9115184069283035,-0.14271038126248325,-0.020193600999209773,1.4775430869231976,1.1165692020717923,1.8913248059290937,-0.1225167802632734,0.09850704202060202,0.13560277930139975,0.1423147479475789,0.11396359922093441,-1.0750518683229497,-0.08839388017165975,-0.08839388017165975,gradual,up,False,False,
Aster Wellness,display,2025-11,34,40509.72036002164,63145.92219897146,1.55878445068925,1.5212983093636938,76650.9792134293,1.6277851119685587,0.006113876435218163,0.6582293964090327,0.043695290824942674,,11,0.44390631925255825,34,0.5978193061016818,-0.15391298684912352,0.09026691433742655,0.9591633413243724,1.1165692020717923,0.6880862204391083,-0.24417990118655003,0.23233236618858077,0.15095165937690974,0.1423147479475789,0.2138367510041101,-1.1418986682128214,-0.9891926857320753,-0.9891926857320753,gradual,up,False,False,
Halcyon Personal Care,paid_search,2025-11,34,35327.735622442146,175304.5956114244,4.962236965452751,2.3809497805476965,85066.31572419617,2.4770906314872185,0.049811401099372536,2.0073593289211353,0.1061066812743804,0.38620816551622617,11,1.6018566401657532,34,1.2237773434241332,0.37807929674162,-0.020193600999209773,1.4775430869231976,1.1165692020717923,1.2035837424249234,0.39827289774082986,0.0991347602557416,0.13560277930139975,0.1423147479475789,0.1074229464024821,3.7075216336798174,0.036267716546856364,3.7075216336798174,sudden,up,True,True,sudden
Crestline Beverages,audio,2025-11,34,73155.93911199394,127320.79941205976,1.7404027746420587,1.787803428291186,134698.05073006637,1.6924083107728274,0.004973402439283948,0.9689184235361576,0.05378845916190104,0.45211037456952585,11,0.5541165661184945,34,0.542865746291221,0.011250819827273495,0.03959806495096386,0.7519673514224166,1.1165692020717923,0.5824638112421848,-0.028347245123690357,0.15023641080221753,0.1353652493217159,0.1423147479475789,0.1468566013748308,-0.19302669991209997,-0.21213547171945143,-0.19302669991209997,sudden,up,False,False,
Crestline Beverages,social,2025-11,34,97725.0663493038,241940.62861557506,2.475727442852728,2.299285223757575,228672.90361822754,2.313292566591339,0.012634018921844807,0.9923772238085542,0.10724326686204987,0.6353933963686151,11,0.9065342691398508,34,0.7600827418924437,0.14645152724740707,-0.038438614730612344,1.0311842238020172,1.1165692020717923,0.7216441271618314,0.18489014197801945,0.10786576549517278,0.14448677570611215,0.1423147479475789,0.11618872236129536,1.5912916350271342,0.5458137543703862,1.5912916350271342,sudden,up,False,True,sudden
Ridgeway Grocery,audio,2025-11,34,92526.56417077698,167062.68292074744,1.805564536173618,1.4647230806871965,121643.97535343804,1.3602859500229956,0.0063515644070339895,0.8172449713281282,0.054643202816230176,0.4316558157627102,11,0.5908733053079304,34,0.6609585347770768,-0.07008522946914642,0.03959806495096386,0.7519673514224166,1.1165692020717923,0.7005565997280406,-0.10968329442011027,0.07728805706477714,0.1353652493217159,0.1423147479475789,0.09048741894135412,-1.2121386122329028,-1.4119877774665754,-1.2121386122329028,sudden,up,False,False,
Solstice Foods,social,2025-11,34,245160.06533937145,537549.783725583,2.1926482316011002,2.3214498246569164,555781.533256693,2.3349054671419873,0.010742694135345454,0.9854067235212829,0.0905682364347006,0.5837908945747832,11,0.7851100514628186,34,1.1756025138047606,-0.3904924623419419,-0.038438614730612344,1.0311842238020172,1.1165692020717923,1.1371638990741482,-0.3520538476113295,0.08539040896029351,0.14448677570611215,0.1423147479475789,0.09882140140252503,-3.5625263618487204,-1.5614318893694648,-1.5614318893694648,gradual,up,False,False,
Crestline Beverages,ooh,2025-11,34,84041.0008559506,170125.11669758506,2.0243109311511636,0.9617466946968634,74641.07601868881,0.8728590248758441,0.002853244829453985,,0.03851956074797292,0.4028598137518121,11,0.7052293617368097,34,0.4857643068608862,0.21946505487592355,0.13956111512636904,0.49748508312853956,1.1165692020717923,0.6253254219872553,0.07990393974955445,0.17529636354248238,0.24023118444248204,0.1423147479475789,0.1900542773833914,0.42042694776275086,-0.7384638769871998,0.42042694776275086,sudden,up,False,False,
Nimbus Home,display,2025-11,34,41932.611484502,106453.99078559777,2.5386921304661034,1.7692543225813422,69854.27680453216,1.7747710251194393,0.005369012187216832,0.8652882724508624,0.04117828168712444,0.4878753104736148,11,0.931649039153832,34,1.024976736358291,-0.09332769720445888,0.09026691433742655,0.9591633413243724,1.1165692020717923,1.1152436506957175,-0.1835946115418855,0.19113291052226225,0.15095165937690974,0.1423147479475789,0.18200080798922758,-1.0087571234999806,-0.8649644011237002,-0.8649644011237002,gradual,up,False,False,
Solstice Foods,paid_search,2025-11,34,192624.2188376438,675883.0668500533,3.5088166531111615,2.8434927406621484,539046.583695938,3.286879554881568,0.058196742248634185,1.834374837021727,0.16042043422072394,0.6875562759311592,11,1.2552788447689363,34,1.5922501937570823,-0.33697134898814607,-0.020193600999209773,1.4775430869231976,1.1165692020717923,1.5720565927578725,-0.3167777479889362,0.24813468619486392,0.13560277930139975,0.1423147479475789,0.2225592528099857,-1.4233411731454337,-1.4555770186292794,-1.4233411731454337,sudden,up,False,False,
Crestline Beverages,paid_search,2025-11,34,84740.53324703668,308931.4998565803,3.6456166608720673,3.4975324940400814,253802.5466816166,3.2270829048837517,0.03977957261942905,1.910486058691624,0.13002543748915477,0.6414403768205056,11,1.2935255310887768,34,1.2113866592792197,0.08213887180955703,-0.020193600999209773,1.4775430869231976,1.1165692020717923,1.1911930582800099,0.1023324728087669,0.07533158431174446,0.13560277930139975,0.1423147479475789,0.08902958317302975,1.1494210032398204,0.43080673524136653,1.1494210032398204,sudden,up,False,True,sudden
Pinebrook Pet Co.,digital_video,2025-11,34,11747.70823501283,73513.73081412347,6.257708256238727,3.3255783331565083,39933.67843734315,3.206836298556181,0.012648210501274347,0.9238322485878565,0.14703899594128766,0.5594412975394427,11,1.8338140248309132,14,1.3936498933949943,0.4401641314359188,-0.025079256701390808,0.9777470757847796,1.1165692020717923,1.3685706366936035,0.4652433881373097,0.19323767207221237,0.16465874651024784,0.1423147479475789,0.1813297864213938,2.5657306354297837,1.6992069675858854,2.5657306354297837,sudden,up,True,True,sudden
Verdant Snacks,digital_video,2025-11,34,14529.063158586396,38334.8520630386,2.63849441939988,1.9372214125656768,30941.815819964962,2.041502428061663,0.0075443776648955055,1.1336142461352543,0.08419794763016952,0.5306361761333706,11,0.9702084587959251,34,0.9086279789173394,0.061580479878585725,-0.025079256701390808,0.9777470757847796,1.1165692020717923,0.8835487222159486,0.0866597365799765,0.1514143201588288,0.16465874651024784,0.1423147479475789,0.1544244170568786,0.5611789782444665,-0.010940270967478676,0.5611789782444665,sudden,up,False,True,sudden
Ridgeway Grocery,retail_media,2025-11,34,93856.23412958006,432029.45089457947,4.603098077620606,2.7949328273151735,270954.1501494614,2.824374135470367,0.020349326338857065,1.3207368774891861,0.16058065007631683,0.6662843539460054,11,1.5267295719338954,34,1.594127575753097,-0.06739800381920169,0.013499261138465647,1.4378316754401939,1.1165692020717923,1.6076268368915627,-0.08089726495766736,0.1491852417701586,0.11494405797271032,0.1423147479475789,0.1414031545434658,-0.5721036791495371,-0.3182279659364214,-0.3182279659364214,gradual,up,False,False,
Pinebrook Pet Co.,social,2025-11,34,16004.971351065473,41727.07720435786,2.6071322646622566,2.476542029715111,43699.50051438737,2.679763153677274,0.0134945154224354,0.9311635320284162,0.09369532904393663,0.6121140701868963,11,0.9582508680956623,14,1.1926953917693854,-0.23444452367372315,-0.038438614730612344,1.0311842238020172,1.1165692020717923,1.154256777038773,-0.19600590894311076,0.22451427584908784,0.14448677570611215,0.1423147479475789,0.19116948412284795,-1.025299146683656,0.32919766855347116,0.32919766855347116,gradual,up,False,False,
Aster Wellness,paid_search,2025-11,34,35616.76737039697,129648.06065024952,3.640084999909539,2.4419176269116214,80194.39751216503,2.359430303193969,0.04293300164653378,2.355802254366932,0.15391031877694003,0.7637712103888094,11,1.2920070329995041,34,1.3571429210915413,-0.06513588809203719,-0.020193600999209773,1.4775430869231976,1.1165692020717923,1.3369493200923315,-0.04494228709282733,0.15259186283314427,0.13560277930139975,0.1423147479475789,0.1487307074850205,-0.3021722134775276,-0.26751410351948346,-0.26751410351948346,gradual,up,False,False,
Halcyon Personal Care,retail_media,2025-11,34,28870.42067982134,100357.35932949407,3.4761308275510414,3.29350111960064,94982.21699578862,3.3126757364514936,0.024144707938384854,1.2254016221562707,0.15789134991478146,0.6666653576968452,11,1.2459198440801018,34,1.441508515493933,-0.1955886714138313,0.013499261138465647,1.4378316754401939,1.1165692020717923,1.4550077766323988,-0.20908793255229696,0.20631414363630557,0.11494405797271032,0.1423147479475789,0.18554821507639754,-1.1268657716066262,0.19443449001547422,0.19443449001547422,gradual,up,False,False,
Solstice Foods,retail_media,2025-11,34,190835.5297789938,582074.587925143,3.05013740679863,2.3274960306111967,468920.57866300124,2.4790151176488924,0.021212354722814172,1.7367080949895455,0.1494963559726551,0.6365505122175562,11,1.1151866410139228,34,1.196106900233074,-0.08092025921915114,0.013499261138465647,1.4378316754401939,1.1165692020717923,1.2096061613715396,-0.0944195203576168,0.19995878474563414,0.11494405797271032,0.1423147479475789,0.180637255933606,-0.5227023620881459,-0.23508283985331996,-0.23508283985331996,gradual,up,False,False,
Nimbus Home,retail_media,2025-11,34,29932.30138922936,118411.29390002873,3.9559702530135907,3.5686115503882547,106130.7653591602,3.645150868977864,0.02044197327096358,1.649044649029619,0.18365780567259965,0.6352356964285716,11,1.3752258942715248,34,1.6206786458229736,-0.24545275155144886,0.013499261138465647,1.4378316754401939,1.1165692020717923,1.6341779069614393,-0.2589520126899145,0.23246998369406346,0.11494405797271032,0.1423147479475789,0.20575954603011956,-1.2585176128450852,-0.026495818000193863,-0.026495818000193863,gradual,up,False,False,
Verdant Snacks,display,2025-11,34,14552.657306729092,37897.63667871086,2.6041729616753324,1.55555498875084,22078.4055368366,1.500575605800073,0.006148329001094513,0.7323762479270409,0.04429606559633994,0.5261021465035207,11,0.9571151436748162,34,0.9626137788646717,-0.005498635189855494,0.09026691433742655,0.9591633413243724,1.1165692020717923,1.0528806932020982,-0.095765549527282,0.17591016870805048,0.15095165937690974,0.1423147479475789,0.17023778022370034,-0.5625399332712259,-0.1249007412241912,-0.1249007412241912,gradual,up,False,False,
Pinebrook Pet Co.,retail_media,2025-11,34,12981.48956986112,66586.66385381632,5.129354647282491,2.9385273832269148,39775.91938425535,3.3279010758095393,0.023758647255498998,1.336437152218777,0.18672888440721494,0.6834884227188027,11,1.6349798515192242,14,1.6982119902740602,-0.06323213875483602,0.013499261138465647,1.4378316754401939,1.1165692020717923,1.711711251412526,-0.07673139989330169,0.1813542283095459,0.11494405797271032,0.1423147479475789,0.15368332400253107,-0.4992825369396485,0.5997386858084314,0.5997386858084314,gradual,up,False,True,gradual
Ridgeway Grocery,display,2025-11,34,97382.28258323028,195796.47057677526,2.0105964389305906,1.5348530817085573,141459.6439243232,1.5835822474109367,0.005187957797928694,0.5578563740589048,0.054767722893548525,0.4933335261245456,11,0.6984314138399919,34,0.9982311015534829,-0.2997996877134911,0.09026691433742655,0.9591633413243724,1.1165692020717923,1.0884980158909094,-0.3900666020509176,0.20601994356142037,0.15095165937690974,0.1423147479475789,0.19350442442857707,-2.0158019807701715,-1.1130375494949238,-1.1130375494949238,gradual,up,False,False,
Ridgeway Grocery,affiliate,2025-11,34,118504.07640434481,453930.18838684796,3.830502731720418,2.97143539808668,352887.5076304445,2.9271658006146852,0.034313226413104504,1.1701284608666582,0.1071896034979045,0.5657394347392628,11,1.3429960561243128,34,1.3749314865680557,-0.03193543044374292,0.007654142844557375,1.34597385590665,1.1165692020717923,1.382585629412613,-0.03958957328830026,0.11247771660111504,0.14354488457802253,0.1423147479475789,0.11953843659586674,-0.3311869756348239,-0.441224926885583,-0.3311869756348239,sudden,up,False,False,
Verdant Snacks,retail_media,2025-12,35,24316.573510962713,119852.43596557892,4.9288373590771535,3.170897142538915,70662.8802130498,2.919158236973244,0.02122891856978803,1.4442439919761747,0.14618068262581255,0.6714042548636651,12,1.5951031304405838,35,1.5566999936498447,0.038403136790739145,0.0508858320253968,1.423785150500664,1.1161060442608788,1.6075858256752416,-0.012482695234657726,0.11954008190114133,0.11469111054093131,0.14306640809394744,0.11846253270998355,-0.10537251693932198,0.18630302501157836,0.18630302501157836,gradual,up,False,False,
Crestline Beverages,audio,2025-12,35,77345.04852133393,133146.2839626663,1.7214584062991547,1.692240541566326,133236.01988986702,1.7252133765740525,0.0051299909949736825,0.8543602146391729,0.04718248101118137,0.42430345345634296,12,0.5431718421912526,35,0.542865746291221,0.000306095900031611,-0.021723044873088612,0.7331749273573881,1.1161060442608788,0.5211427014181323,0.022029140773120237,0.13925602024378728,0.1305178529195484,0.14306640809394744,0.1373142052828453,0.1604287096716886,-0.042152418832241724,0.1604287096716886,sudden,up,False,False,
Aster Wellness,audio,2025-12,35,49899.10560464452,104779.1014066123,2.0998192279594616,1.2699977711788362,64315.90363027194,1.2213518366184908,0.00483399320000987,0.8548460450482427,0.05021694257159476,0.4818604994540734,12,0.74185125910005,35,0.5905409045630106,0.15131035453703945,-0.021723044873088612,0.7331749273573881,1.1161060442608788,0.5688178596899219,0.17303339941012807,0.15610528614457073,0.1305178529195484,0.14306640809394744,0.15041918987234354,1.1503412533798152,0.17013984718865494,1.1503412533798152,sudden,up,False,True,sudden
Pinebrook Pet Co.,paid_search,2025-12,35,19472.893881528085,109243.96468437578,5.610052894500915,3.1433193651833147,64671.74637370946,3.2445993158218958,0.05206437031858462,1.9746613231416643,0.1293521793330939,0.6962570850510856,12,1.7245601480999446,15,1.8847491467966937,-0.16018899869674907,-0.04387147190395552,1.4627277125282652,1.1161060442608788,1.8408776748927382,-0.11631752679279361,0.08649482638699253,0.13728145499642153,0.14306640809394744,0.10680947783076414,-1.0890187758158938,-0.4761927188254307,-0.4761927188254307,gradual,up,False,False,
Pinebrook Pet Co.,display,2025-12,35,15330.479840951706,39329.305626501104,2.5654321348404427,1.8860049063748614,26265.875295176193,1.9189919982543722,0.00652544599913296,0.7606228806014762,,0.5110960345802166,12,0.9421269380546509,15,1.1775830440403503,-0.23545610598569944,0.038139362247544564,0.9365737130177506,1.1161060442608788,1.2157224062878949,-0.273595468233244,0.2690748507846513,0.15014253941898423,0.14306640809394744,0.2215019262383845,-1.2351832459406942,-0.3151135289500312,-0.3151135289500312,gradual,up,False,False,
Pinebrook Pet Co.,digital_video,2025-12,35,12288.011812623465,44645.83091321933,3.6332835282071185,2.6392734963453472,29153.6291247047,2.712862577089714,0.008323913691437802,1.132814433520045,,0.5361455893615951,12,1.290136792640132,15,1.5202192599082267,-0.23008246726809478,0.06790914101356034,1.0034398850080863,1.1161060442608788,1.588128400921787,-0.29799160828165516,0.19323767207221237,0.16238247474771567,0.14306640809394744,0.18089559314241369,-1.647312701791775,0.5312136429321315,0.5312136429321315,gradual,up,False,False,
Pinebrook Pet Co.,affiliate,2025-12,35,12867.123541630663,41361.83847961196,3.21453651593448,2.154878692057024,27481.87724155444,2.287635576830872,0.03735810717707007,1.2455148353406431,0.13414021750213467,0.6193454534743841,12,1.1676831842907152,15,1.357873242412332,-0.19019005812161693,0.08489041484715835,1.3434998057306713,1.1161060442608788,1.4427636572594904,-0.27508047296877525,0.2485383061849236,0.1448372217491042,0.14306640809394744,0.20705787241059584,-1.3285197503782449,-0.41712007470353335,-0.41712007470353335,gradual,up,False,False,
Nimbus Home,social,2025-12,35,30556.282140405787,86519.7670122277,2.831488680941952,2.51120277069073,77201.84949211501,2.578161083008114,0.01284750450843561,0.9269990231947168,0.08266667381599364,0.599354212274904,12,1.0408026090154194,35,0.9915061051722864,0.049296503843133,0.06742534576324159,1.0415282078502384,1.1161060442608788,1.058931450935528,-0.018128841920108663,0.12366593828685363,0.14773900645927227,0.14306640809394744,0.12901550899183556,-0.14051676470350477,-0.13259201981757712,-0.13259201981757712,gradual,up,False,False,
Crestline Beverages,ooh,2025-12,35,76275.28522268377,134735.1446157316,1.7664325242754026,0.9038379888058417,65649.82973710205,0.8537983833924413,0.002534079248917884,,0.040934264718057424,0.3996306790312114,12,0.5689619896776181,35,0.4857643068608862,0.08319768281673195,-0.04277995555982683,0.5041998392707342,1.1161060442608788,0.44298435130105934,0.1259776383765588,0.11737756462131917,0.21740034672227493,0.14306640809394744,0.13960484953264266,0.9023872651866759,-0.014308782086258853,0.9023872651866759,sudden,up,False,True,sudden
Nimbus Home,retail_media,2025-12,35,,,,,,,0.022455680914559434,1.2657027205734102,0.1344998383243229,0.6572024182983135,12,,35,1.6206786458229736,,0.0508858320253968,1.423785150500664,1.1161060442608788,1.6715644778483705,,0.22702226957845975,0.11469111054093131,0.14306640809394744,0.20205978979234232,,,,sudden,up,False,False,
Nimbus Home,paid_search,2025-12,35,50400.000693324226,218108.98475187665,4.327559161735616,3.1599234536905882,157515.65603866873,3.0336221996934123,0.04211341042571999,1.925767822382254,0.12864843835443693,0.6501893837378135,12,1.4650036790864172,35,1.3233241438716346,0.1416795352147826,-0.04387147190395552,1.4627277125282652,1.1161060442608788,1.279452671967679,0.18555100711873806,0.07632575803250338,0.13728145499642153,0.14306640809394744,0.08987146846892964,2.0646264079115024,0.18358488408509688,2.0646264079115024,sudden,up,False,True,sudden
Crestline Beverages,paid_search,2025-12,35,91641.77367738173,360407.6179108066,3.9327874554195743,3.2807856316781696,294927.2659007787,3.0807579781228744,0.049345181058907985,1.9504451546024149,0.14823005054567967,0.7215086859049189,12,1.3693484506518772,35,1.2113866592792197,0.15796179137265742,-0.04387147190395552,1.4627277125282652,1.1161060442608788,1.1675151873752643,0.20183326327661288,0.07533158431174446,0.13728145499642153,0.14306640809394744,0.0890982222416727,2.26528945470039,1.4569735715575025,2.26528945470039,sudden,up,False,True,sudden
Nimbus Home,display,2025-12,35,39765.00017787123,107245.12109849082,2.6969727302597,1.9381720284348591,74395.9285265806,1.8421852497691118,0.007161192209960952,0.7445213901943313,0.053102852085365915,0.5243424898404462,12,0.992129932968062,35,0.9946373800323531,-0.0025074470642911795,0.038139362247544564,0.9365737130177506,1.1161060442608788,1.0327767422798977,-0.04064680931183573,0.20544882532156633,0.15014253941898423,0.14306640809394744,0.19315853956543697,-0.21043237023474012,-0.7185707894412224,-0.21043237023474012,sudden,up,False,False,
Nimbus Home,digital_video,2025-12,35,,,,,,,0.007961961418379388,1.1691238843040792,0.05269641416595851,0.5871059652446387,12,,35,1.1960111522561012,,0.06790914101356034,1.0034398850080863,1.1161060442608788,1.2639202932696616,,0.29627089449258825,0.16238247474771567,0.14306640809394744,0.266517912327061,,,,sudden,up,False,False,
Nimbus Home,audio,2025-12,35,53621.85004816403,146990.36676232802,2.7412401218961833,1.8780421187975693,106786.99306738708,1.8794855747442663,0.004310900726810928,0.9516534716835894,0.04525490844618178,0.48587948700835887,12,1.008410417240024,35,1.0071842869383596,0.0012261303016642966,-0.021723044873088612,0.7331749273573881,1.1161060442608788,0.985461242065271,0.022949175174752923,0.11172960865389764,0.1305178529195484,0.14306640809394744,0.11590477404626447,0.19800025808766553,-0.031156608572361095,0.19800025808766553,sudden,up,False,False,
Crestline Beverages,retail_media,2025-12,35,82117.28540605961,268143.711792734,3.265374768135566,3.1924320927287297,266768.879210477,3.2849685562077973,0.018682298753171376,1.2820587613877046,0.1528497434398933,0.6565434496293434,12,1.1833745396437425,35,1.1369311279840568,0.046443411659685685,0.0508858320253968,1.423785150500664,1.1161060442608788,1.1878169600094537,-0.004442420365711186,0.2072213844846238,0.11469111054093131,0.14306640809394744,0.18665910138602546,-0.02379964508949348,0.28526811652145484,0.28526811652145484,gradual,up,False,False,
Halcyon Personal Care,social,2025-12,35,26787.438256436075,61730.97402047503,2.3044747104790155,2.0960594906530736,65474.03059425899,2.2505440419972467,0.011267700185825912,0.9198972194857351,0.07843245187024449,0.5633034025055035,12,0.834852759145122,35,1.0192815365323176,-0.18442877738719554,0.06742534576324159,1.0415282078502384,1.1161060442608788,1.0867068822955592,-0.2518541231504372,0.2512817363948163,0.14773900645927227,0.14306640809394744,0.22827224085358433,-1.1033059569953514,0.04156428554531779,0.04156428554531779,gradual,up,False,False,
Halcyon Personal Care,retail_media,2025-12,35,31241.678858511183,125296.13863335658,4.010544350090908,2.7891229718557833,86715.62183572358,2.8706305691067544,0.01809936872742404,1.425317166858298,0.13249729008357508,0.6442751715169814,12,1.3889269802578772,35,1.4166278918332333,-0.027700911575356146,0.0508858320253968,1.423785150500664,1.1161060442608788,1.4675137238586302,-0.07858674360075302,0.18040528237429868,0.11469111054093131,0.14306640809394744,0.16580213307799482,-0.4739790866489341,-0.30174930697441016,-0.30174930697441016,gradual,up,False,False,
Crestline Beverages,social,2025-12,35,105856.54764885719,260217.40318643814,2.4582079140689546,2.297185870025035,227507.05632673754,2.253845034115033,0.012818234899930916,0.908778662688352,0.08289311500113407,0.598249930435398,12,0.8994325942504621,35,0.7600827418924437,0.13934985235801833,0.06742534576324159,1.0415282078502384,1.1161060442608788,0.8275080876556853,0.07192450659477678,0.14790150797167506,0.14773900645927227,0.14306640809394744,0.14786539652447445,0.4864187854990938,0.706296107656129,0.706296107656129,gradual,up,False,True,gradual
Halcyon Personal Care,paid_search,2025-12,35,47377.138511095145,159791.73050601254,3.372760270622745,2.8523964102526085,111424.74506098527,2.3739661817813396,0.046868782087939376,1.8828529743833355,0.14323057735114944,0.6564178037244272,12,1.2157314805097512,35,1.2237773434241332,-0.00804586291438203,-0.04387147190395552,1.4627277125282652,1.1161060442608788,1.1799058715201778,0.03582560898957343,0.10057926307522129,0.13728145499642153,0.14306640809394744,0.1087353057243769,0.3294754059034373,0.7615439174345179,0.7615439174345179,gradual,up,False,True,gradual
Halcyon Personal Care,display,2025-12,35,29194.648678914426,59133.64121575317,2.0254959005025435,1.2995686536268845,36304.27519077179,1.1896748370841954,0.006110628567891296,0.7149395145261574,0.04643983422166206,0.49637603695328664,12,0.7058145597151108,35,0.8342915673606607,-0.12847700764554992,0.038139362247544564,0.9365737130177506,1.1161060442608788,0.8724309296082052,-0.16661636989309447,0.17556705156803262,0.15014253941898423,0.14306640809394744,0.1699171599793552,-0.9805741216092491,-0.7750527225198246,-0.7750527225198246,gradual,up,False,False,
Crestline Beverages,tv,2025-12,35,60553.74161768936,99829.31273151767,1.6486068418661493,1.2097036070951386,74009.56085304558,1.233532814966791,0.00421489552300816,,0.05821883859167011,0.5879409106065839,12,0.4999305929952262,35,0.2471363577260008,0.2527942352692254,-0.09005291563636227,0.5259109382361375,1.1161060442608788,0.15708344208963854,0.34284715090558765,0.1263943338918668,0.14032822903419837,0.14306640809394744,0.12949075503460714,2.6476573622106057,1.5062950196090217,2.6476573622106057,sudden,up,False,True,sudden
Halcyon Personal Care,digital_video,2025-12,35,41918.259580564634,88042.63534093923,2.100340906848149,1.3491406047519152,63033.33748006951,1.4296892315591774,0.0071692932927618185,0.9830147444293394,0.06675645489896295,0.5402914167370974,12,0.742099668148575,35,0.5876163759807611,0.15448329216781387,0.06790914101356034,1.0034398850080863,1.1161060442608788,0.6555255169943215,0.08657415115425349,0.10287487318465777,0.16238247474771567,0.14306640809394744,0.11609878464311507,0.7456938625187196,0.06453981051868693,0.7456938625187196,sudden,up,False,True,sudden
Halcyon Personal Care,affiliate,2025-12,35,34756.06944353556,111668.10081811428,3.212909359602052,2.3113105237799507,85125.16673077099,2.5769986362912367,0.02950275087562194,1.2302220643528379,0.1189643112184318,0.6178988039245057,12,1.1671768692166724,35,1.3489153093529018,-0.18173844013622942,0.08489041484715835,1.3434998057306713,1.1161060442608788,1.4338057242000601,-0.26662885498338773,0.13780284392483486,0.1448372217491042,0.14306640809394744,0.1393660389968947,-1.9131551481442954,-0.444518644760869,-0.444518644760869,gradual,up,False,False,
Pinebrook Pet Co.,retail_media,2025-12,35,14135.143823416453,76478.49567064116,5.410521224690049,3.5297980659453962,47755.7522321955,3.458853576367799,,1.5476835007375205,0.15160217058852915,0.6593492532743946,12,1.6883454328922256,15,1.7065976304625803,-0.018252197570354678,0.0508858320253968,1.423785150500664,1.1161060442608788,1.7574834624879772,-0.06913802959575155,0.1532461721299252,0.11469111054093131,0.14306640809394744,0.13782414749432764,-0.5016394503626226,0.17416027196742678,0.17416027196742678,gradual,up,False,False,
Pinebrook Pet Co.,social,2025-12,35,17131.782805949926,43737.69669885334,2.553014896013221,2.254591429432328,42859.90907060861,2.4936107266537038,0.012462009524790698,1.031387224032904,0.09105050952926498,0.5536970303846336,12,0.9372749729517731,15,1.1610535702829643,-0.2237785973311912,0.06742534576324159,1.0415282078502384,1.1161060442608788,1.228478916046206,-0.29120394309443287,0.22451427584908784,0.14773900645927227,0.14306640809394744,0.19380416809316162,-1.5025680095510185,-0.26230793353651505,-0.26230793353651505,gradual,up,False,False,
Ridgeway Grocery,affiliate,2025-12,35,143907.22878759494,451589.02069411677,3.138056541695038,2.671309646089779,357323.32998693746,2.6711591539292368,0.028706185028760742,1.21191895860468,0.12340069475844778,0.5914778901429231,12,1.1436036725344383,35,1.3749314865680557,-0.23132781403361746,0.08489041484715835,1.3434998057306713,1.1161060442608788,1.459821901415214,-0.3162182288807758,0.07480383819055482,0.1448372217491042,0.14306640809394744,0.09036681231467691,-3.499273912414162,-1.592630692374547,-1.592630692374547,gradual,up,False,False,
Crestline Beverages,digital_video,2025-12,35,54739.9561964204,152550.98094111754,2.786830526384186,1.617244066332111,96543.36534093841,1.8441756827529612,0.007480223003711392,1.0234816798954396,0.0711678565570026,0.567425620755835,12,1.024904938033808,35,1.0421651340627558,-0.017260196028947794,0.06790914101356034,1.0034398850080863,1.1161060442608788,1.1100742750763162,-0.08516933704250818,0.15899867954525937,0.16238247474771567,0.14306640809394744,0.1597506340346941,-0.5331392739512469,0.14438377306302125,0.14438377306302125,gradual,up,False,False,
Verdant Snacks,display,2025-12,35,17053.795443194012,39497.16548805638,2.3160337310026358,1.6531187586834448,29522.750013801706,1.5946044616864805,0.005358298023084799,0.698496139566945,0.045625755716209464,0.549619681307996,12,0.8398561239408884,35,0.9864316230404747,-0.14657549909958634,0.038139362247544564,0.9365737130177506,1.1161060442608788,1.0245709852880194,-0.184714861347131,0.14857864839856497,0.15014253941898423,0.14306640809394744,0.1489261797364359,-1.2403115535094809,-0.31660537953382234,-0.31660537953382234,gradual,up,False,False,
Verdant Snacks,digital_video,2025-12,35,12946.251250361778,38463.67752869125,2.971028198422798,1.9515707786452188,25338.09911732212,1.9935577420885862,0.008974002766597893,1.128197984199949,0.06926854118998008,0.5622828371858524,12,1.0889080876581818,35,0.92745297753998,0.1614551101182018,0.06790914101356034,1.0034398850080863,1.1161060442608788,0.9953621185535404,0.09354596910464141,0.1702297216251341,0.16238247474771567,0.14306640809394744,0.1684858889857078,0.5552154525687114,0.20297608742304907,0.5552154525687114,sudden,up,False,True,sudden
Aster Wellness,digital_video,2025-12,35,50135.00498712575,127523.25773961388,2.543597188678066,1.4185183833909156,72549.92097320249,1.628913333282074,0.008327021771809849,1.1177669177518887,0.06134094773166683,0.5085270887548268,12,0.9335792951573464,35,0.8865334811192855,0.04704581403806085,0.06790914101356034,1.0034398850080863,1.1161060442608788,0.9544426221328459,-0.02086332697549953,0.11436858344902187,0.16238247474771567,0.14306640809394744,0.12503833707095383,-0.1668554418127018,-0.03642630068208322,-0.03642630068208322,gradual,up,False,False,
Verdant Snacks,affiliate,2025-12,35,16399.355051237264,61729.33256741664,3.764131721921553,2.668788972802806,42921.63314692421,2.665282836346229,0.02521631240568838,1.0996292830505736,0.12844342016737298,0.6292981939273233,12,1.3255172163078275,35,1.3903073730595175,-0.06479015675168998,0.08489041484715835,1.3434998057306713,1.1161060442608788,1.4751977879066758,-0.1496805715988483,0.07227064883938884,0.1448372217491042,0.14306640809394744,0.0883965539304367,-1.6932851445389918,0.103066552004314,0.103066552004314,gradual,up,False,False,
Solstice Foods,tv,2025-12,35,,,,,,,0.0039940540350367,,0.05829692588091444,0.5225378904603338,12,,35,0.6472872774584952,,-0.09005291563636227,0.5259109382361375,1.1161060442608788,0.5572343618221329,,0.2010580991962236,0.14032822903419837,0.14306640809394744,0.18756257249355132,,,,sudden,up,False,False,
Aster Wellness,display,2025-12,35,47293.72448040756,72345.51156250389,1.5297063692345603,1.3338953907278153,60734.06680377305,1.3979988073811804,0.006060548502206192,0.7095419972402595,0.0415663751736907,0.49624585485527806,12,0.42507580145323454,35,0.5623819090772884,-0.13730610762405382,0.038139362247544564,0.9365737130177506,1.1161060442608788,0.6005212713248329,-0.17544546987159837,0.13796479782936827,0.15014253941898423,0.14306640809394744,0.1406709626270607,-1.2472045871807247,-1.159214709298961,-1.159214709298961,gradual,up,False,False,
Solstice Foods,social,2025-12,35,292820.2654498518,795425.2040028473,2.7164281228311067,2.4583051196181294,772436.3882891168,2.424645816666572,0.011680842812334802,0.9991795718263774,0.08033009419573374,0.6068480276380557,12,0.9993178271825214,35,1.1595930954215152,-0.16027526823899385,0.06742534576324159,1.0415282078502384,1.1161060442608788,1.227018441184757,-0.2277006140022355,0.09531855149203046,0.14773900645927227,0.14306640809394744,0.10696754148475086,-2.1286888605801617,-1.9735525889507475,-1.9735525889507475,gradual,up,False,False,
Solstice Foods,retail_media,2025-12,35,212025.79818939444,507086.2972485365,2.3916254605752076,2.601175303835606,548233.1348650751,2.5244158126120393,0.01964291811380107,1.4292471396161102,0.15774135166590017,0.6662005772993034,12,0.871973243801366,35,1.1151866410139228,-0.24321339721255686,0.0508858320253968,1.423785150500664,1.1161060442608788,1.1660724730393197,-0.29409922923795373,0.1970393550923121,0.11469111054093131,0.14306640809394744,0.17873974519200525,-1.645404769498957,-0.9417903006237323,-0.9417903006237323,gradual,up,False,False,
Aster Wellness,paid_search,2025-12,35,37364.6649203102,139740.5800461335,3.739912570985619,2.7375453702191037,110009.90258915369,2.744618253199461,0.04934145551965673,2.1253873534118752,0.15488114254559993,0.721584772358739,12,1.3190622344113871,35,1.3150895762836066,0.003972658127780582,-0.04387147190395552,1.4627277125282652,1.1161060442608788,1.271218104379651,0.04784413003173604,0.09678430656168137,0.13728145499642153,0.14306640809394744,0.10578367288051252,0.45228274580499933,-0.2391886863357659,0.45228274580499933,sudden,up,False,False,
Solstice Foods,paid_search,2025-12,35,206603.21858668106,731964.0521986498,3.5428492218360668,2.988580761716742,546171.0588274685,2.8383677054763004,0.04068657439181262,1.9113465261387885,0.18478278284328617,0.7333572447234274,12,1.2649312683410459,35,1.4194663629194502,-0.1545350945784043,-0.04387147190395552,1.4627277125282652,1.1161060442608788,1.3755948910154947,-0.11066362267444885,0.24813468619486392,0.13728145499642153,0.14306640809394744,0.2235006348174323,-0.49513784497679403,-1.583746808868316,-0.49513784497679403,sudden,up,False,False,
Verdant Snacks,paid_search,2025-12,35,11871.204561926685,55939.914759630316,4.712235769151915,4.182020082851426,55048.74474640958,4.118436463805185,0.04011918857446771,1.7417040528082295,0.12818599024930982,0.6797108692472874,12,1.5501624809956462,35,1.488247885305439,0.061914595690207186,-0.04387147190395552,1.4627277125282652,1.1161060442608788,1.4443764134014836,0.10578606759416265,0.19484505585621728,0.13728145499642153,0.14306640809394744,0.18205314455404045,0.5810724547125921,0.6806771264281917,0.6806771264281917,gradual,up,False,True,gradual
Solstice Foods,display,2025-12,35,269290.4031899515,666605.6245237443,2.4754154497423193,1.855120372780951,541307.4698556107,1.9723072708385767,0.006334229614717468,0.7415977737529746,0.04439181872618699,0.4766233474368213,12,0.9064082404157402,35,0.8918524455480523,0.014555794867687877,0.038139362247544564,0.9365737130177506,1.1161060442608788,0.9299918077955969,-0.023583567379856674,0.1794784268912129,0.15014253941898423,0.14306640809394744,0.1729593407862732,-0.13635324506121363,-0.5998418201070957,-0.13635324506121363,sudden,up,False,False,
Solstice Foods,digital_video,2025-12,35,228271.08310014932,403982.6775834249,1.7697496857549218,1.7822255703714982,367036.7882294708,1.691747942533465,0.009067538109077927,1.0091973873148052,0.06942322829529077,0.5135607328874932,12,0.5708381161074738,35,0.7425472411647763,-0.17170912505730251,0.06790914101356034,1.0034398850080863,1.1161060442608788,0.8104563821783367,-0.2396182660708629,0.08867346770573666,0.16238247474771567,0.14306640809394744,0.10505324704839866,-2.280922035284348,-0.6346797107456389,-0.6346797107456389,gradual,up,False,False,
Solstice Foods,affiliate,2025-12,35,246764.10220425122,779805.5232705899,3.160125465190761,3.3719274683318536,864934.2420860132,3.432682416633236,0.03167179390131538,1.347802918173325,0.11629941737881716,,12,1.1506117309849222,35,1.3948862483722564,-0.2442745173873342,0.08489041484715835,1.3434998057306713,1.1161060442608788,1.4797766632194147,-0.3291649322344925,0.27321479962881545,0.1448372217491042,0.14306640809394744,0.24468644898887962,-1.345251989207838,-1.6232309198924806,-1.345251989207838,sudden,up,False,False,
Aster Wellness,social,2025-12,35,51839.54835143518,110082.85122462132,2.1235302915515017,1.7536939596313301,106848.01282577733,2.0122472545013617,0.012758415118323365,0.9122529992631455,0.0868449453619495,0.5757563853856186,12,0.7530799355865646,35,0.692659350078447,0.060420585508117575,0.06742534576324159,1.0415282078502384,1.1161060442608788,0.7600846958416886,-0.007004760255123976,0.1301070031840793,0.14773900645927227,0.14306640809394744,0.13402522613412218,-0.052264491224317346,0.7583464916683119,0.7583464916683119,gradual,up,False,True,gradual
Ridgeway Grocery,tv,2025-12,35,100811.47116886835,165782.87727750128,1.6444842571516483,1.3457858248411436,142390.86745668584,1.3974339985119142,0.0042139170345433736,,0.07425889608762967,0.5788543626401518,12,0.4974268135708386,35,0.6851161334096632,-0.18768931983882453,-0.09005291563636227,0.5259109382361375,1.1161060442608788,0.5950632177733008,-0.09763640420246222,0.19687458325134635,0.14032822903419837,0.14306640809394744,0.1843087267586468,-0.5297437941195133,-0.6310153052780006,-0.5297437941195133,sudden,up,False,False,
Ridgeway Grocery,social,2025-12,35,,,,,,,0.011911792240801994,,0.08868506171335468,0.5845008885542964,12,,35,1.2906211017510478,,0.06742534576324159,1.0415282078502384,1.1161060442608788,1.3580464475142895,,0.08705239323373845,0.14773900645927227,0.14306640809394744,0.10053830728385708,,,,sudden,up,False,False,
Crestline Beverages,affiliate,2025-12,35,85579.8074830433,264398.2259829819,3.089493114779085,2.133111782158235,177352.31128936537,2.1395676581382825,0.027406127495626473,1.2773129575510398,0.11945898035214216,0.602482681866227,12,1.1280070369289676,35,1.151398076398245,-0.02339103946927734,0.08489041484715835,1.3434998057306713,1.1161060442608788,1.2362884912454033,-0.10828145431643565,0.3576596664567943,0.1448372217491042,0.14306640809394744,0.31036578985508545,-0.34888334299664253,0.07896053439251727,0.07896053439251727,gradual,up,False,False,
Ridgeway Grocery,retail_media,2025-12,35,119520.40249208089,412201.6188914365,3.4487971115956366,2.8605859155480555,384522.5238745924,3.0318564061829187,0.01837724612227009,,0.16046229793067482,0.6348576560142736,12,1.2380255069404733,35,1.5700161706138278,-0.3319906636733545,0.0508858320253968,1.423785150500664,1.1161060442608788,1.6209020026392247,-0.3828764956987514,0.10768913057004173,0.11469111054093131,0.14306640809394744,0.1092451261191283,-3.5047467040427676,-1.4084570594580381,-1.4084570594580381,gradual,up,False,False,
Ridgeway Grocery,paid_search,2025-12,35,98144.04738810465,561989.4184167497,5.726169170447973,4.201711153437127,405758.7897829897,4.46815737145715,0.05410769878532501,1.805015861052355,0.1662049399514815,0.7463755273907283,12,1.745046750502157,35,1.649209571817344,0.0958371786848129,-0.04387147190395552,1.4627277125282652,1.1161060442608788,1.6053380999133886,0.13970865058876836,0.1654892118519176,0.13728145499642153,0.14306640809394744,0.15922082143958513,0.8774521405278612,0.20373924030338567,0.8774521405278612,sudden,up,False,True,sudden
Ridgeway Grocery,display,2025-12,35,103252.80790115887,281281.95092543575,2.7242063111223027,1.679075449062694,195333.53539198032,1.7430411241707655,0.005792005014898849,0.6290655745595494,0.05186528825723344,0.4838239578582263,12,1.0021771237167338,35,0.9982311015534829,0.003946022163250906,0.038139362247544564,0.9365737130177506,1.1161060442608788,1.0363704638010276,-0.034193340084293755,0.20601994356142037,0.15014253941898423,0.14306640809394744,0.193602742640879,-0.17661599013460394,-1.0506611765343012,-0.17661599013460394,sudden,up,False,False,
Ridgeway Grocery,audio,2025-12,35,,,,,,,0.004804661822649157,0.8264107843244299,,0.45401481845636493,12,,35,0.6157315393141314,,-0.021723044873088612,0.7331749273573881,1.1161060442608788,0.5940084944410428,,0.07728805706477714,0.1305178529195484,0.14306640809394744,0.08911690058805964,,,,sudden,up,False,False,
Aster Wellness,retail_media,2025-12,35,,,,,,,0.01927616361837274,1.4278806077663775,0.1516937803732145,0.6805034591071454,12,,35,1.231760588043817,,0.0508858320253968,1.423785150500664,1.1161060442608788,1.2826464200692138,,0.05628455541618711,0.11469111054093131,0.14306640809394744,0.08,,,,sudden,up,False,False,
Verdant Snacks,social,2025-12,35,21088.13563180251,74130.3925717243,3.515265354227428,2.6323837540063306,49427.31009120715,2.2953329238384286,0.011390843647290151,0.8203768558550903,0.08427813360516205,0.570971013562571,12,1.257115014369848,35,1.1292740479467396,0.12784096642310838,0.06742534576324159,1.0415282078502384,1.1161060442608788,1.1966993937099812,0.06041562065986672,0.13081591681970825,0.14773900645927227,0.14306640809394744,0.13457660340627803,0.44893108557269706,0.9506200468174436,0.9506200468174436,gradual,up,False,True,gradual
